run,profile,profile_label,seed,initialStateHash,status,completed,failed_stage,failure_reason,maxBattles,maxTurnsPerBattle,maxBossLosses,totalBattles,normalBattles,bossBattles,totalTurns,wins,losses,kos,guardTurns,maxGuardStreak,maxBattleTurns,guardLoopBattles,battles50Plus,battles100Plus,stalledBattles,timerOrTurnCaps,scoutAttempts,scoutSuccesses,scoutCharmPurchases,scoutCharmGold,scoutCharmConsumed,scoutCharmWasted,zeroRewardScoutWins,scoutEncountersByStage,scoutSuccessesByStage,fusions,fusionLevelDebt,levelRecoveryBattles,equips,trainingBooks,trainingGold,freeHeals,freeHealPoints,questClaims,questGold,rankClaims,rankGold,battleGold,defeatGoldLost,firstBRankBattle,firstARankBattle,firstSRankBattle,minGold,actions,finalGold,finalHighestLevel,finalPlayerRank,finalOwned,finalDexDiscovered,finalDexScouted,finalParty,finalPartyData,bossesCleared,goldInflow,goldSink,goldSinkRate,charmWasteRate,sourceRandomCalls,scenario
1,rush,速攻,3847549528,ad1b7a174daff2a4fae71b2a61304c958c897c0ef882cb7fdeb900ab15ab3f48,stuck,0,tower,boss_retry_cap,400,200,40,174,94,80,522,96,78,210,0,0,11,0,0,0,0,0,2,2,0,0,1,1,2,[object Object],[object Object],0,0,0,3,215,12900,174,4706,23,6400,5,1100,9126,3477,,,,80,[object Object],329,27,6,3,23,3,グルーモス Lv25 / プフバット Lv27 / ぷるミン Lv27,"[object Object],[object Object],[object Object]",4,16706,16377,0.9803064767149527,1,3728,control
2,balanced,バランス,1169961639,8f06c41c7f1aacda3ca2d05f58d3f13ab7a643269432684a0d9ba5e3cca8924c,completed,1,,,400,200,40,94,58,36,400,63,31,103,18,1,17,0,0,0,0,0,13,6,0,0,1,1,6,[object Object],[object Object],0,0,0,6,136,8160,94,3047,26,6980,4,750,5696,3928,,,,80,[object Object],1418,23,5,7,23,7,ルーメンオウル Lv20 / シンドレイク Lv21 / ドリモール Lv23,"[object Object],[object Object],[object Object]",5,13506,12088,0.8950096253516956,1,2447,control
3,collector,収集・配合,2091651124,a7e03769d517735b1f6b8c946ca2ffc4c631909f58fadfed43cc2c1f9844a06f,completed,1,,,400,200,40,96,60,36,528,68,28,89,13,1,41,0,0,0,0,0,40,14,48,2400,49,35,11,[object Object],[object Object],1,6,0,12,85,5100,96,5172,31,11980,5,1100,5311,8425,54,,,80,[object Object],2546,21,6,14,24,16,ルーメンオウル Lv21 / シンダーホーン Lv19 / ルミネル Lv21,"[object Object],[object Object],[object Object]",5,18471,15925,0.8621623084835688,0.7142857142857143,2909,control
4,rush,速攻,3958302082,cc4019787e71e222f6131a16ddb82502f35db28a2abc90a1ac0980f1b82d6206,stuck,0,tower,boss_retry_cap,400,200,40,164,88,76,574,92,72,214,0,0,9,0,0,0,0,0,3,2,0,0,1,1,2,[object Object],[object Object],0,0,0,3,222,13320,164,7737,23,6400,5,1100,9386,3336,,,,80,[object Object],310,28,6,3,23,3,リーファウル Lv26 / リーフリン Lv28 / ぷるミン Lv27,"[object Object],[object Object],[object Object]",4,16966,16656,0.9817281622067665,1,3799,control
5,balanced,バランス,877175930,e1fbbcfd26dcabaebc440c3a20413908c8564f21e4b7d1f88fcf6f8ddd1e698e,completed,1,,,400,200,40,110,70,40,472,74,36,113,12,1,25,0,0,0,0,0,10,6,0,0,1,1,5,[object Object],[object Object],0,0,0,7,159,9540,110,4407,26,6980,5,1100,7894,4819,,,,80,[object Object],1695,24,6,7,23,7,ルミネル Lv24 / ギアビット Lv24 / リーファウル Lv24,"[object Object],[object Object],[object Object]",5,16054,14359,0.8944188364270587,1,2887,control
6,collector,収集・配合,3759887535,cf774de5640c9fa8d2c13c1255de7f3f49479804b5394599bc6aaff1f2da735c,completed,1,,,400,200,40,103,66,37,523,68,35,110,12,1,32,0,0,0,0,0,32,13,51,2550,52,38,11,[object Object],[object Object],0,0,0,10,56,3360,103,4807,28,8780,4,750,5546,7428,,,,80,[object Object],1818,22,5,14,23,14,ルーメンオウル Lv21 / シンダーホーン Lv18 / クリスタゴン Lv22,"[object Object],[object Object],[object Object]",5,15156,13338,0.8800475059382423,0.7307692307692307,2976,control
7,rush,速攻,4155763943,2deb90b0b988669d7746da9501db93df93573af9c8fd11b3736c74d80a241db9,completed,1,,,400,200,40,137,75,62,438,78,59,172,0,0,9,0,0,0,0,0,4,2,0,0,1,1,2,[object Object],[object Object],0,0,0,3,201,12060,137,4831,24,7200,5,1100,7932,2718,,,,80,[object Object],1534,26,6,3,24,3,グルーモス Lv24 / つぼみラビ Lv26 / ぷるミン Lv26,"[object Object],[object Object],[object Object]",5,16312,14778,0.9059588033349681,1,3026,control
8,balanced,バランス,1749096897,f1f67243f218d311f8dc25a64c5ddfb03b36688c22234e631037c684d6dc1483,completed,1,,,400,200,40,102,64,38,423,71,31,106,14,1,20,0,0,0,0,0,11,6,0,0,1,1,5,[object Object],[object Object],0,0,0,7,150,9000,102,3923,28,9080,5,1100,7148,5029,,,,80,[object Object],3379,25,6,7,23,7,グルーモス Lv23 / ルミネル Lv22 / アッシュインプ Lv25,"[object Object],[object Object],[object Object]",5,17408,14029,0.8058938419117647,1,2628,control
9,collector,収集・配合,3475527868,7618a7fcfdb656b8166b7e4e8751cfd6d013b5ae6c9a0d9f799424978eed697a,completed,1,,,400,200,40,133,85,48,929,91,42,126,20,1,79,0,2,0,0,0,50,9,65,3250,66,55,8,[object Object],[object Object],0,0,0,9,96,5760,133,7401,27,8180,5,1100,9217,8364,,,,80,[object Object],1203,24,6,10,24,10,ルーメンオウル Lv22 / グルーモス Lv24 / ルミネル Lv22,"[object Object],[object Object],[object Object]",5,18577,17374,0.9352425041718254,0.8333333333333334,4491,control
10,rush,速攻,1982969760,7672f890431f6af2394869f6bdbc53c1fa2ce247ed7de3ea7b05d360b6513770,completed,1,,,400,200,40,181,99,82,593,98,83,197,0,0,8,0,0,0,0,0,3,2,0,0,1,1,2,[object Object],[object Object],0,0,0,3,195,11700,181,6241,24,7200,5,1100,8226,3375,,,,80,[object Object],1531,26,6,3,25,3,グルーモス Lv23 / プフバット Lv26 / ぷるミン Lv26,"[object Object],[object Object],[object Object]",5,16606,15075,0.9078044080452848,1,4028,control
11,balanced,バランス,2664149452,f34e06c0d9677ddd1c97579c425162bf28e50cac3e6e8ce8d1fa515a854a84e5,completed,1,,,400,200,40,106,66,40,494,73,33,106,12,1,20,0,0,0,0,0,15,6,0,0,1,1,5,[object Object],[object Object],0,0,0,7,157,9420,106,4817,27,8180,5,1100,7111,4424,,,,80,[object Object],2627,24,6,7,23,7,ルミネル Lv22 / ドリモール Lv24 / アクアン Lv24,"[object Object],[object Object],[object Object]",5,16471,13844,0.8405075587396029,1,2953,control
12,collector,収集・配合,1618572275,df73dae460ccef5cbdce3cf2778d9234ea0b01b242bfde6f0d9ba2ec2ecad762,completed,1,,,400,200,40,91,58,33,413,66,25,70,18,1,20,0,0,0,0,0,25,13,40,2000,41,33,10,[object Object],[object Object],0,0,0,10,55,3300,91,3291,28,8780,4,750,4399,6299,72,,,80,[object Object],2410,17,5,14,23,14,クラッグベア Lv16 / シンダーホーン Lv17 / クリスタゴン Lv17,"[object Object],[object Object],[object Object]",5,14009,11599,0.8279677350274823,0.8048780487804879,2491,control
13,rush,速攻,3344903446,0a519af1b74e05650d46cd11e88c0e2d14e5b2405bf145a628b2c0ebdea4e3d3,stuck,0,tower,boss_retry_cap,400,200,40,143,78,65,510,81,62,193,0,0,10,0,0,0,0,0,2,2,0,0,1,1,2,[object Object],[object Object],0,0,0,3,219,13140,143,5281,23,6400,5,1100,9089,3253,,,,80,[object Object],276,28,6,3,23,3,トゲホッグ Lv26 / つぼみラビ Lv28 / ぷるミン Lv27,"[object Object],[object Object],[object Object]",4,16669,16393,0.9834423180754694,1,3365,control
14,balanced,バランス,2906828525,3c78a8a21cd37c61d72ecffdc4d54e0e8f63bcb215b9d1671ddbc438a53fdd0a,completed,1,,,400,200,40,109,68,41,505,73,36,126,22,1,22,0,0,0,0,0,17,6,0,0,1,1,6,[object Object],[object Object],0,0,0,7,148,8880,109,5589,26,6980,5,1100,7215,4778,,,,80,[object Object],1717,23,6,7,24,7,クリスタゴン Lv22 / ギアビット Lv22 / アクアン Lv23,"[object Object],[object Object],[object Object]",5,15375,13658,0.8883252032520326,1,2987,control
15,collector,収集・配合,335841158,c312a28ce3c5e778cb9031cdb8010bb04b86287638ba1f22cc6e553f13ac6276,completed,1,,,400,200,40,177,121,56,1212,123,54,180,25,1,86,0,1,0,0,0,28,12,92,4600,93,77,10,[object Object],[object Object],0,0,0,10,111,6660,177,9377,28,8780,6,1550,11416,9344,,,,80,[object Object],1222,24,7,13,24,13,グルーモス Lv24 / ルーメンオウル Lv23 / ルミネル Lv24,"[object Object],[object Object],[object Object]",5,21826,20604,0.944011729130395,0.8279569892473119,6164,control
16,rush,速攻,2582694838,ceb9eb5732322d4210706fc6dcd4aa0023db3c278e04fde49e9912d21b1a89f3,stuck,0,tower,boss_retry_cap,400,200,40,181,97,84,642,100,81,242,0,0,10,0,0,0,0,0,4,2,0,0,1,1,2,[object Object],[object Object],0,0,0,3,232,13920,181,7159,23,6400,5,1100,10202,3573,,,,80,[object Object],289,28,6,3,24,3,アワマリン Lv27 / リーフリン Lv28 / ぷるミン Lv28,"[object Object],[object Object],[object Object]",4,17782,17493,0.9837476099426387,1,4231,control
17,balanced,バランス,1645903997,b2adbf7809fa77e142a32b5d5b46d87a1e88b369c4ca7ee57a74f296f13023b7,completed,1,,,400,200,40,60,37,23,275,41,19,55,19,1,23,0,0,0,0,0,19,5,0,0,1,1,4,[object Object],[object Object],0,0,0,6,94,5640,60,2430,26,7940,4,750,3336,3170,,,,80,[object Object],3296,20,5,6,24,6,クラッグベア Lv17 / シンダーホーン Lv17 / ドリモール Lv20,"[object Object],[object Object],[object Object]",5,12106,8810,0.7277383115810342,1,1595,control
18,collector,収集・配合,456352518,bc238c276b17abc8f3bd78831b5dec9b20314a6c1d95d7108a53e0b7c5270834,completed,1,,,400,200,40,133,89,44,716,89,44,122,19,1,57,0,1,0,0,0,28,7,73,3650,74,60,5,[object Object],[object Object],0,0,0,8,79,4740,133,5019,27,8180,5,1100,9431,8580,,,,80,[object Object],1821,24,6,8,21,8,ルーメンオウル Lv23 / グルーモス Lv24 / アッシュインプ Lv23,"[object Object],[object Object],[object Object]",5,18791,16970,0.903091905699537,0.8108108108108109,3869,control
19,rush,速攻,3652542402,313f4bb2b232191fdef2780cd0d5a5a8664b84b3351552fa12e9f034d9e8b6a7,stuck,0,tower,boss_retry_cap,400,200,40,180,97,83,669,99,81,271,0,0,13,0,0,0,0,0,2,2,0,0,1,1,2,[object Object],[object Object],0,0,0,3,231,13860,180,10652,23,6400,5,1100,10315,3737,,,,80,[object Object],298,28,6,3,24,3,プフバット Lv27 / リーフリン Lv28 / ぷるミン Lv28,"[object Object],[object Object],[object Object]",4,17895,17597,0.9833473037161218,1,4298,control
20,balanced,バランス,1582503644,b27e46d707e7f1c3c33507315bab9a778bdc0d9bf55db7703318fc9085e59e40,completed,1,,,400,200,40,105,66,39,434,69,36,113,18,1,23,0,0,0,0,0,8,5,0,0,1,1,5,[object Object],[object Object],0,0,0,6,149,8940,105,5026,26,6980,5,1100,6843,4353,,,,80,[object Object],1710,23,6,6,24,6,グルーモス Lv22 / クリスタゴン Lv20 / ギアビット Lv23,"[object Object],[object Object],[object Object]",5,15003,13293,0.8860227954409118,1,2669,control
21,collector,収集・配合,3491240213,015fae6ff45311195c4b9ff995b8f789e0f395e826ff76cd5235534f5b3cd032,completed,1,,,400,200,40,152,101,51,799,108,44,131,19,1,24,0,0,0,0,0,39,10,80,4000,81,72,8,[object Object],[object Object],0,0,0,9,126,7560,152,5719,29,9680,5,1100,9882,7974,,,,80,[object Object],1208,26,6,11,23,11,グルーモス Lv26 / クリスタゴン Lv23 / ルミネル Lv24,"[object Object],[object Object],[object Object]",5,20742,19534,0.9417606788159291,0.8888888888888888,4500,control
22,rush,速攻,3179506433,27e0d20068de3149ca904937467bff4084395a75bce80229d245d8817ed9651d,stuck,0,tower,boss_retry_cap,400,200,40,165,91,74,611,90,75,197,0,0,9,0,0,0,0,0,3,2,0,0,1,1,2,[object Object],[object Object],0,0,0,3,204,12240,165,6159,23,6400,5,1100,8579,3644,,,,80,[object Object],275,27,6,3,21,3,ドリモール Lv26 / アワマリン Lv26 / ぷるミン Lv27,"[object Object],[object Object],[object Object]",4,16159,15884,0.9829816201497618,1,3929,control
23,balanced,バランス,1683384677,ec576e379ba335a2a13058bf4a7824855fc900d6966d317ef6cacfc297a94bae,completed,1,,,400,200,40,77,47,30,361,52,25,93,14,1,17,0,0,0,0,0,15,6,0,0,1,1,6,[object Object],[object Object],0,0,0,7,121,7260,77,4409,26,6980,4,750,5187,4285,,,,80,[object Object],1452,22,5,7,21,7,グルーモス Lv21 / ルミネル Lv22 / ドリモール Lv22,"[object Object],[object Object],[object Object]",5,12997,11545,0.8882819112102793,1,2124,control
24,collector,収集・配合,4273375322,ab58bc2946b5f23cf6ccd315a4ccf9727a54f836bbb6117c3c73580cf828329d,completed,1,,,400,200,40,119,74,45,659,79,40,140,16,1,59,0,1,0,0,0,25,11,55,2750,56,45,10,[object Object],[object Object],0,0,0,10,78,4680,119,6394,27,7580,5,1100,6987,7135,,,,80,[object Object],1182,21,6,12,24,12,ルーメンオウル Lv21 / グルーモス Lv21 / クリスタゴン Lv20,"[object Object],[object Object],[object Object]",5,15747,14565,0.9249380834444656,0.8035714285714286,3595,control
25,rush,速攻,3208915154,fe5cec08e0067b978d07831ab46ac3fc9b71e24bd0e037f755cac676330ad80b,stuck,0,tower,boss_retry_cap,400,200,40,184,102,82,649,98,86,208,0,0,9,0,0,0,0,0,3,2,0,0,1,1,2,[object Object],[object Object],0,0,0,3,220,13200,184,6525,23,6400,5,1100,9388,3458,,,,80,[object Object],310,28,6,3,23,3,ペブロン Lv27 / アッシュインプ Lv24 / ぷるミン Lv28,"[object Object],[object Object],[object Object]",4,16968,16658,0.9817303158887317,1,4269,control
26,balanced,バランス,754191235,bc932915ab3811d76b2614c3dd5f149b321f03e50f5df2ef92ad611f52fa5c43,completed,1,,,400,200,40,69,43,26,269,49,20,51,19,1,16,0,0,0,0,0,13,6,0,0,1,1,4,[object Object],[object Object],0,0,0,7,125,7500,69,2606,27,8180,4,750,4475,3648,,,,80,[object Object],2337,22,5,7,22,7,クラッグベア Lv19 / ドリモール Lv22 / アッシュインプ Lv19,"[object Object],[object Object],[object Object]",5,13485,11148,0.8266963292547275,1,1706,control
27,collector,収集・配合,579711204,126ea2b8361ee3ff4eef81ad0d2ff07743299610d045d158c70bcb6f1400c1f2,completed,1,,,400,200,40,133,86,47,672,92,41,132,17,1,25,0,0,0,0,0,21,10,64,3200,65,56,8,[object Object],[object Object],0,0,0,10,108,6480,133,5633,28,8780,5,1100,8616,7085,,,,80,[object Object],1811,24,6,11,25,11,ルミネル Lv23 / グルーモス Lv22 / シンドレイク Lv24,"[object Object],[object Object],[object Object]",5,18576,16765,0.9025086132644272,0.8615384615384616,3841,control
28,rush,速攻,2854032737,40fb83e53fe7ed6b65b6a52739678fb95a486b85b445b56ed241a7db23628cd6,stuck,0,tower,boss_retry_cap,400,200,40,157,87,70,625,86,71,223,0,0,10,0,0,0,0,0,2,2,0,0,1,1,2,[object Object],[object Object],0,0,0,3,214,12840,157,10071,23,6400,5,1100,9210,3649,,,,80,[object Object],301,27,6,3,25,3,トゲホッグ Lv26 / プフバット Lv27 / ぷるミン Lv27,"[object Object],[object Object],[object Object]",4,16790,16489,0.9820726622989875,1,3898,control
29,balanced,バランス,2984241125,d88535771312673b7830acf3a650820d9eaf77d83973b1651e86975b6d73502c,completed,1,,,400,200,40,79,49,30,359,51,28,75,15,1,20,0,0,0,0,0,7,5,0,0,1,1,5,[object Object],[object Object],0,0,0,6,114,6840,79,3278,26,6980,4,750,4267,3789,,,,80,[object Object],1448,21,5,6,22,6,シンダーホーン Lv18 / クリスタゴン Lv18 / ドリモール Lv21,"[object Object],[object Object],[object Object]",5,12077,10629,0.8801026745052579,1,2135,control
30,collector,収集・配合,3642788030,1c94c14e7b258144c648e978f3d6bf575292fdfd0a58d6026507e8cda15bfdbf,completed,1,,,400,200,40,108,68,40,628,71,37,123,21,1,43,0,0,0,0,0,38,11,51,2550,52,41,9,[object Object],[object Object],0,0,0,11,58,3480,108,5804,28,8780,5,1100,5876,7795,,,,80,[object Object],2011,20,6,12,24,12,ルーメンオウル Lv18 / グルーモス Lv20 / シンダーホーン Lv19,"[object Object],[object Object],[object Object]",5,15836,13825,0.8730108613286184,0.7884615384615384,3290,control
31,rush,速攻,318829685,57c87047ccaddfcf4168851460c4c26239cdaee9b11f479f070871b237b5b8f0,completed,1,,,400,200,40,125,69,56,461,72,53,169,0,0,10,0,0,0,0,0,2,2,0,0,1,1,2,[object Object],[object Object],0,0,0,3,200,12000,125,5605,24,7200,5,1100,8538,3011,,,,80,[object Object],1907,27,6,3,21,3,ドリモール Lv26 / ぷるミン Lv27 / つぼみラビ Lv26,"[object Object],[object Object],[object Object]",5,16918,15011,0.8872798203097293,1,2992,control
32,balanced,バランス,1139593752,457444f6f6d516905dbf95d62584b1be801d0397ace178aedda7fa97d611344b,completed,1,,,400,200,40,98,62,36,419,67,31,98,17,1,16,0,0,0,0,0,12,7,0,0,1,1,5,[object Object],[object Object],0,0,0,8,147,8820,98,4255,27,8180,5,1100,6684,4622,,,,80,[object Object],2602,23,6,8,25,8,ルーメンオウル Lv21 / ギアビット Lv23 / リーファウル Lv23,"[object Object],[object Object],[object Object]",5,16044,13442,0.8378209922712541,1,2576,control
33,collector,収集・配合,1509874162,46a97b742564512f125cfe993e46215b48c120f296f8a7ba4cef8a6258ba66a9,completed,1,,,400,200,40,84,51,33,432,56,28,83,21,1,22,0,0,0,0,0,19,10,42,2100,43,33,8,[object Object],[object Object],0,0,0,10,63,3780,84,3352,28,8780,4,750,4781,6675,,,,80,[object Object],1836,21,5,11,24,11,ルーメンオウル Lv21 / ルミネル Lv20 / シンダーホーン Lv20,"[object Object],[object Object],[object Object]",5,14391,12555,0.8724202626641651,0.7674418604651163,2434,control
34,rush,速攻,2882651352,ae545c82db8fdf83392587ee9384dafc50c3b4a7c05bdbc9e3accaa37bfcd8f7,stuck,0,tower,boss_retry_cap,400,200,40,145,79,66,523,82,63,190,0,0,12,0,0,0,0,0,2,2,0,0,1,1,2,[object Object],[object Object],0,0,0,3,218,13080,145,4694,23,6400,5,1100,8913,3145,,,,80,[object Object],268,27,6,3,23,3,ドリモール Lv27 / つぼみラビ Lv27 / ぷるミン Lv27,"[object Object],[object Object],[object Object]",4,16493,16225,0.9837506821075608,1,3433,control
35,balanced,バランス,2278153047,1c5a5a8ce6160057d7a69a2c29a1d1950194bec2e0f236aef88c8e4eff165d19,completed,1,,,400,200,40,103,66,37,443,67,36,89,7,1,22,0,0,0,0,0,23,5,0,0,1,1,4,[object Object],[object Object],1,3,0,5,127,7620,103,2728,28,8330,5,1100,6824,6068,,,,80,[object Object],2646,23,6,5,23,7,ルーメンオウル Lv22 / トゲホッグ Lv23 / つぼみラビ Lv21,"[object Object],[object Object],[object Object]",5,16334,13688,0.8380066119750215,1,2691,control
36,collector,収集・配合,2204992606,b070800bdffb75f27ab3289664dccfff50ccaa3505be687d943dd408122597e0,completed,1,,,400,200,40,107,65,42,518,71,36,110,20,1,19,0,0,0,0,0,36,10,50,2500,51,40,8,[object Object],[object Object],0,0,0,10,68,4080,107,4177,28,8780,5,1100,5853,7223,,,,80,[object Object],2010,21,6,11,24,11,クラッグベア Lv20 / クリスタゴン Lv21 / ルミネル Lv19,"[object Object],[object Object],[object Object]",5,15813,13803,0.8728893948017454,0.7843137254901961,2994,control
37,rush,速攻,1101767566,9c7931a29dbd2aed09a05b2aa7455ef45ab82498fcb05afdfaffbdc666d37ac5,stuck,0,volcano,boss_retry_cap,400,200,40,130,71,59,501,70,60,181,0,0,9,0,0,0,0,0,3,2,0,0,1,1,2,[object Object],[object Object],0,0,0,3,140,8400,130,4613,21,5020,4,750,5114,2330,,,,80,[object Object],234,23,5,3,19,3,ぷるミン Lv22 / つぼみラビ Lv22 / プフバット Lv23,"[object Object],[object Object],[object Object]",3,10964,10730,0.9786574242977015,1,3167,control
38,balanced,バランス,675778625,d6943fc01d0bb2c7afac03657d15be7f235c751530232f4bfb9015de1e66e528,completed,1,,,400,200,40,99,63,36,428,69,30,89,13,1,27,0,0,0,0,0,13,7,0,0,1,1,5,[object Object],[object Object],0,0,0,7,148,8880,99,5457,27,8180,5,1100,6441,4313,,,,80,[object Object],2608,23,6,8,24,8,クラッグベア Lv18 / シンドレイク Lv22 / アクアン Lv23,"[object Object],[object Object],[object Object]",5,15801,13193,0.8349471552433391,1,2607,control
39,collector,収集・配合,2958862769,6cbb0b1f15526f0b7df1c119574b414d6ee17245a531eec5dfa4fe85e6f7b9c4,completed,1,,,400,200,40,77,45,32,371,52,25,91,14,1,21,0,0,0,0,0,39,15,38,1900,39,28,12,[object Object],[object Object],0,0,0,12,67,4020,77,5407,29,9630,4,750,4532,7392,50,,,80,[object Object],1680,21,5,16,23,16,シンダーホーン Lv20 / クラッグベア Lv18 / ルミネル Lv21,"[object Object],[object Object],[object Object]",5,14992,13312,0.887940234791889,0.717948717948718,2192,control
40,rush,速攻,247603818,7c7a1155f1d21e2d31a8c58fea5b5d8e7bddcc308f355d7089dbfaf77f787406,stuck,0,tower,boss_retry_cap,400,200,40,139,79,60,508,76,63,181,0,0,10,0,0,0,0,0,3,2,0,0,1,1,2,[object Object],[object Object],0,0,0,3,212,12720,139,4552,23,6400,5,1100,8454,3011,,,,80,[object Object],303,27,6,3,23,3,ドリモール Lv26 / プフバット Lv27 / ぷるミン Lv26,"[object Object],[object Object],[object Object]",4,16034,15731,0.9811026568541849,1,3296,control
41,balanced,バランス,2259194182,01edbc7829d38029c59d66b44be14cbc152d417e3f36a537803cda252975b8f1,completed,1,,,400,200,40,137,87,50,616,92,45,140,11,1,22,0,0,0,0,0,11,5,0,0,1,1,5,[object Object],[object Object],0,0,0,6,189,11340,137,4476,27,7880,5,1100,8630,4943,,,,80,[object Object],1407,26,6,6,23,6,ルーメンオウル Lv24 / アクアン Lv26 / アッシュインプ Lv25,"[object Object],[object Object],[object Object]",5,17690,16283,0.920463538722442,1,3674,control
42,collector,収集・配合,4056034609,f497749af197e5c702bca348ad9e4160953f34433bacabedd76e5e6d77692d5e,completed,1,,,400,200,40,114,75,39,705,74,40,138,23,1,34,0,0,0,0,0,37,10,55,2750,56,40,8,[object Object],[object Object],0,0,0,11,68,4080,114,7209,28,8780,5,1100,6581,7726,,,,80,[object Object],1985,21,6,11,24,11,ルーメンオウル Lv17 / シンダーホーン Lv20 / シンドレイク Lv21,"[object Object],[object Object],[object Object]",5,16541,14556,0.8799951635330391,0.7142857142857143,3634,control
43,rush,速攻,3383715102,632d4a543f185e0f903d4066d70784b17044169a8b730e9c9dd6dfcc26131abb,stuck,0,volcano,boss_retry_cap,400,200,40,117,64,53,461,64,53,171,0,0,9,0,0,0,0,0,4,2,0,0,1,1,2,[object Object],[object Object],0,0,0,3,122,7320,117,5064,20,4320,4,750,4637,2201,,,,80,[object Object],266,22,5,3,16,3,つぼみラビ Lv21 / ぷるミン Lv21 / プフバット Lv22,"[object Object],[object Object],[object Object]",3,9787,9521,0.9728210891999591,1,2883,control
44,balanced,バランス,3674139432,d2b52e09742eea5fd4fddea5dc718bd20e22ef4294ef67da2454c02eca10e87a,completed,1,,,400,200,40,136,88,48,579,87,49,144,7,1,26,0,0,0,0,0,10,5,0,0,1,1,5,[object Object],[object Object],0,0,0,6,171,10260,136,4600,27,7880,5,1100,8549,5207,,,,80,[object Object],2142,25,6,6,25,6,ルーメンオウル Lv22 / アクアン Lv25 / アッシュインプ Lv25,"[object Object],[object Object],[object Object]",5,17609,15467,0.8783576580157874,1,3542,control
45,collector,収集・配合,3082657022,fa14a7f85341f6c9be8d1cefbc38d7b1eb5aeb297f00691423f801f9b044c40e,completed,1,,,400,200,40,84,51,33,391,56,28,96,19,1,21,0,0,0,0,0,26,11,39,1950,40,30,9,[object Object],[object Object],0,0,0,9,59,3540,84,4303,28,8780,4,750,4225,6499,,,,80,[object Object],1846,20,5,12,24,12,クリスタゴン Lv20 / クラッグベア Lv17 / シンドレイク Lv20,"[object Object],[object Object],[object Object]",5,13835,11989,0.866570292735815,0.75,2298,control
46,rush,速攻,1058439054,a223fcba32def16d0427d535b9889737b3383419f4742bdca1796a03f8d3bad0,stuck,0,tower,boss_retry_cap,400,200,40,146,80,66,547,82,64,188,0,0,9,0,0,0,0,0,2,2,0,0,1,1,2,[object Object],[object Object],0,0,0,3,213,12780,146,6991,23,6400,5,1100,8602,3072,,,,80,[object Object],330,27,6,3,24,3,ペブロン Lv26 / プフバット Lv27 / ぷるミン Lv27,"[object Object],[object Object],[object Object]",4,16182,15852,0.9796069707081942,1,3515,control
47,balanced,バランス,442031748,98755284990a3491c73188ed3c57dbc196261a4d6238c6864ca8bd44b9c02645,completed,1,,,400,200,40,116,73,43,475,77,39,111,24,1,16,0,0,0,0,0,14,4,0,0,1,1,4,[object Object],[object Object],0,0,0,5,150,9000,116,4919,25,6720,5,1100,7194,4352,,,,80,[object Object],1742,24,6,5,25,5,ルーメンオウル Lv20 / ギアビット Lv22 / ペブロン Lv24,"[object Object],[object Object],[object Object]",5,15094,13352,0.8845899032728236,1,2938,control
48,collector,収集・配合,3931418186,27d9d600d37a418214578b915ed78adcdd67097cd14c63888e28a6222ea4629e,completed,1,,,400,200,40,122,79,43,599,84,38,126,25,1,23,0,0,0,0,0,42,10,60,3000,61,50,8,[object Object],[object Object],0,0,0,10,99,5940,122,6881,28,8780,5,1100,7474,7326,,,,80,[object Object],1168,22,6,11,23,11,クラッグベア Lv19 / グルーモス Lv20 / シンドレイク Lv22,"[object Object],[object Object],[object Object]",5,17434,16266,0.93300447401629,0.819672131147541,3450,control
49,rush,速攻,2837356501,581a1981c15747bb02200a6d1d010d0f08d9997eed0e440e0ec24c120f8a8a11,stuck,0,tower,boss_retry_cap,400,200,40,174,93,81,658,97,77,237,0,0,8,0,0,0,0,0,5,2,0,0,1,1,2,[object Object],[object Object],0,0,0,3,231,13860,174,10279,23,6400,5,1100,9827,3315,,,,80,[object Object],232,28,6,3,24,3,ヒノコぐま Lv26 / リーフリン Lv28 / ぷるミン Lv28,"[object Object],[object Object],[object Object]",4,17407,17175,0.9866720284942839,1,4216,control
50,balanced,バランス,1676961687,83ef251c830c8d88689183ee4f8c8c269263f24e5f53429693db36d6f6fd1bf7,completed,1,,,400,200,40,86,54,32,411,59,27,69,13,1,26,0,0,0,0,0,23,6,0,0,1,1,5,[object Object],[object Object],0,0,0,5,145,8700,86,4170,27,8180,4,750,5623,4490,,,,80,[object Object],1443,22,5,7,22,7,クラッグベア Lv21 / ヒノコぐま Lv22 / リーフリン Lv19,"[object Object],[object Object],[object Object]",5,14633,13190,0.901387275336568,1,2380,control
51,collector,収集・配合,905685952,b9cd1bd0d9a86e619ebc12ff9f32bf63968aa8199d3255e3ea2212e2e1d02987,completed,1,,,400,200,40,124,75,49,686,78,46,146,22,1,41,0,0,0,0,0,30,9,51,2550,52,43,9,[object Object],[object Object],0,0,0,8,50,3000,124,6270,26,6980,5,1100,6499,7734,,,,80,[object Object],1375,21,6,10,22,10,ルーメンオウル Lv21 / シンダーホーン Lv20 / ルミネル Lv21,"[object Object],[object Object],[object Object]",5,14659,13284,0.9062009686881779,0.8269230769230769,3729,control
52,rush,速攻,1311450064,2ce797df5a7a7d16e594f037469aac59fc3a7239bffe70b14c2ff6844145e4fb,stuck,0,tower,boss_retry_cap,400,200,40,194,106,88,709,104,90,220,0,0,9,0,0,0,0,0,5,2,0,0,1,1,2,[object Object],[object Object],0,0,0,3,222,13320,194,7646,23,6400,5,1100,9641,3667,,,,80,[object Object],234,28,6,3,22,3,ギアビット Lv24 / ペブロン Lv27 / ぷるミン Lv28,"[object Object],[object Object],[object Object]",4,17221,16987,0.9864119389117938,1,4559,control
53,balanced,バランス,1763675962,306a3d025c1296aa94b053dcebf1ad8f388a98ac13cf44da7a1ff891857cd6a9,completed,1,,,400,200,40,93,58,35,399,64,29,87,26,1,15,0,0,0,0,0,18,8,0,0,1,1,6,[object Object],[object Object],0,0,0,8,161,9660,93,5907,28,9080,5,1100,7081,5273,,,,80,[object Object],2408,26,6,9,22,9,クリスタゴン Lv22 / ドリモール Lv26 / ヒノコぐま Lv23,"[object Object],[object Object],[object Object]",5,17341,14933,0.8611383426561329,1,2447,control
54,collector,収集・配合,3858418567,057e61361c42df37cc17330baf1beecd0607a32607231da0035bc8c03e48d2e5,completed,1,,,400,200,40,117,77,40,684,84,33,106,21,1,37,0,0,0,0,0,29,12,63,3150,64,51,9,[object Object],[object Object],0,0,0,12,113,6780,117,7134,28,8780,5,1100,8152,6994,58,,,80,[object Object],1188,23,6,13,23,13,ルーメンオウル Lv22 / ルミネル Lv23 / クリスタゴン Lv23,"[object Object],[object Object],[object Object]",5,18112,16924,0.9344081272084805,0.796875,3640,control
55,rush,速攻,518982581,b1cef775b8306eb8f4dd52fb0147a00eb6b4f1a94adc079d3b754b9bd26505e7,stuck,0,tower,boss_retry_cap,400,200,40,136,75,61,491,77,59,180,0,0,10,0,0,0,0,0,3,2,0,0,1,1,2,[object Object],[object Object],0,0,0,3,210,12600,136,5878,23,6400,5,1100,8380,3076,,,,80,[object Object],284,27,6,3,22,3,ドリモール Lv26 / リーフリン Lv27 / ぷるミン Lv27,"[object Object],[object Object],[object Object]",4,15960,15676,0.9822055137844612,1,3211,control
56,balanced,バランス,1808941713,87f4f9e91ea6478a9abf54cfcda8a0e87cb4baa19d654e2481536db166f73841,completed,1,,,400,200,40,56,34,22,270,42,14,32,8,1,14,0,0,0,0,0,22,8,0,0,1,1,5,[object Object],[object Object],0,0,0,7,92,5520,56,2317,27,8180,4,750,3810,4494,32,,,80,[object Object],2806,19,5,9,22,9,タイダルセラフ Lv19 / グルーモス Lv18,"[object Object],[object Object]",5,12820,10014,0.7811232449297972,1,1576,control
57,collector,収集・配合,3870860371,916902d40c0dbe66dc35b2ee6c4218364a0481ffcbbcb72ca5abd157248c6fb2,completed,1,,,400,200,40,94,58,36,468,65,29,92,17,1,25,0,0,0,0,0,34,12,49,2450,50,38,10,[object Object],[object Object],0,0,0,10,77,4620,94,5080,28,8780,4,750,5916,6665,,,,80,[object Object],1791,22,5,13,22,13,シンダーホーン Lv21 / ルミネル Lv22 / クリスタゴン Lv22,"[object Object],[object Object],[object Object]",5,15526,13735,0.8846451114259951,0.76,2706,control
58,rush,速攻,3332124033,da9ec2b97839a96430738afe92d9dde567d4fc404385ded17819476446688f2f,stuck,0,tower,boss_retry_cap,400,200,40,149,81,68,576,84,65,198,0,0,12,0,0,0,0,0,2,2,0,0,1,1,2,[object Object],[object Object],0,0,0,3,215,12900,149,5931,23,6400,5,1100,8756,3155,,,,80,[object Object],281,27,6,3,25,3,ペブロン Lv27 / リーフリン Lv27 / ぷるミン Lv27,"[object Object],[object Object],[object Object]",4,16336,16055,0.9827987267384917,1,3655,control
59,balanced,バランス,4210056690,3a287bb9bc69bd2b4846a3a58a9254b51fb98557f9bce1634c10bcec496b10d3,completed,1,,,400,200,40,94,60,34,383,65,29,62,17,1,23,0,0,0,0,0,13,7,0,0,1,1,5,[object Object],[object Object],0,0,0,7,149,8940,94,3085,26,7940,4,750,6734,4187,,,,80,[object Object],2377,23,5,8,23,8,オアロード Lv23 / ルミネル Lv22,"[object Object],[object Object]",5,15504,13127,0.8466847265221878,1,2394,control
60,collector,収集・配合,1131692003,4271f6e92129c96e3be8bbbbf880eb51c4481a49c6720cd6ecbb429da9b09dab,completed,1,,,400,200,40,114,72,42,518,77,37,109,15,1,20,0,0,0,0,0,29,12,56,2800,57,49,10,[object Object],[object Object],0,0,0,11,87,5220,114,4871,28,8780,5,1100,7315,7417,,,,80,[object Object],1838,23,6,13,24,13,ルーメンオウル Lv23 / グルーモス Lv23 / ギアビット Lv21,"[object Object],[object Object],[object Object]",5,17275,15437,0.8936034732272069,0.8596491228070176,3135,control
61,rush,速攻,2920474642,b68c477eb9f9bd52ea260ce36a61d64eb89075fb235f9b02b09a203e67f1b18b,stuck,0,tower,boss_retry_cap,400,200,40,209,111,98,716,114,95,270,0,0,7,0,0,0,0,0,2,2,0,0,1,1,2,[object Object],[object Object],0,0,0,3,230,13800,209,9462,23,6400,5,1100,10399,3886,,,,80,[object Object],293,28,6,3,25,3,プフバット Lv27 / アワマリン Lv27 / ぷるミン Lv28,"[object Object],[object Object],[object Object]",4,17979,17686,0.9837032092997385,1,4762,control
62,balanced,バランス,2736602671,9e655b8285ed3bb2a03ae0bb84a7f67785cf7be46ea186fae04cfdc2d5a2e326,completed,1,,,400,200,40,90,56,34,425,63,27,93,13,1,17,0,0,0,0,0,16,6,0,0,1,1,5,[object Object],[object Object],0,0,0,7,136,8160,90,4850,26,7940,4,750,6246,4509,,,,80,[object Object],2347,23,5,7,23,7,ルミネル Lv22 / グルーモス Lv22 / シンドレイク Lv23,"[object Object],[object Object],[object Object]",5,15016,12669,0.8437000532765051,1,2487,control
63,collector,収集・配合,1920901432,3c590a0dc1c3e2da40be68020a998a230d8033af65b23d94eb5bd5239b6d9d41,completed,1,,,400,200,40,135,88,47,647,92,43,140,15,1,24,0,0,0,0,0,54,11,68,3400,69,54,9,[object Object],[object Object],0,0,0,9,100,6000,135,7906,30,11880,5,1100,9811,10615,,,,80,[object Object],2856,25,6,12,24,12,クリスタゴン Lv24 / リーファウル Lv25 / ギアビット Lv25,"[object Object],[object Object],[object Object]",5,22871,20015,0.8751257050413187,0.782608695652174,3813,control
64,rush,速攻,3221806404,acc659df1d70629639154d8375bb0ff00db1dfff760f7c09d1e85bd3be064b67,stuck,0,tower,boss_retry_cap,400,200,40,146,80,66,539,82,64,196,0,0,11,0,0,0,0,0,2,2,0,0,1,1,2,[object Object],[object Object],0,0,0,3,218,13080,146,7132,23,6400,5,1100,8945,3127,,,,80,[object Object],318,28,6,3,23,3,トゲホッグ Lv27 / リーフリン Lv27 / ぷるミン Lv28,"[object Object],[object Object],[object Object]",4,16525,16207,0.9807564296520423,1,3501,control
65,balanced,バランス,3451418017,aea7e2be46af9bad58870e573de1ae71af1d240afc9fd2fd812c3ef743522a11,completed,1,,,400,200,40,92,58,34,369,64,28,88,16,1,19,0,0,0,0,0,14,6,0,0,1,1,5,[object Object],[object Object],0,0,0,7,163,9780,92,3751,28,9080,5,1100,6644,4698,,,,80,[object Object],2426,25,6,7,24,7,クリスタゴン Lv22 / リーファウル Lv23 / ドリモール Lv25,"[object Object],[object Object],[object Object]",5,16904,14478,0.8564836725035495,1,2298,control
66,collector,収集・配合,1779158152,d7992d178ce9259a736c9be2b2b24c3ea875bd58367c054fc5c5852bc8994381,completed,1,,,400,200,40,109,66,43,634,71,38,124,18,1,40,0,0,0,0,0,26,7,45,2250,46,37,6,[object Object],[object Object],0,0,0,8,63,3780,109,4258,27,8180,5,1100,5820,7123,,,,80,[object Object],2027,21,6,8,25,8,ルーメンオウル Lv21 / シンダーホーン Lv19 / シンドレイク Lv19,"[object Object],[object Object],[object Object]",5,15180,13153,0.8664690382081687,0.8043478260869565,3386,control
67,rush,速攻,3158968418,7b672db78f9dadc9174d4d178fdd90eee230d0fe1d0d5f6cb3b41abcf619163c,stuck,0,tower,boss_retry_cap,400,200,40,130,73,57,445,73,57,168,0,0,8,0,0,0,0,0,3,2,0,0,1,1,2,[object Object],[object Object],0,0,0,3,199,11940,130,4244,23,6400,5,1100,8077,3067,,,,80,[object Object],650,27,6,3,24,3,ドリモール Lv26 / つぼみラビ Lv27 / ぷるミン Lv27,"[object Object],[object Object],[object Object]",4,15657,15007,0.9584850226735645,1,2987,control
68,balanced,バランス,3337549637,b64a969f3ff3db724558941d24bab75d064bc8d77412bfef9597414f2af61d0b,completed,1,,,400,200,40,92,58,34,440,61,31,103,9,1,29,0,0,0,0,0,16,6,0,0,1,1,6,[object Object],[object Object],0,0,0,6,127,7620,92,3557,27,8180,4,750,5670,4731,,,,80,[object Object],2329,22,5,7,21,7,グルーモス Lv22 / ルーメンオウル Lv18 / シンドレイク Lv22,"[object Object],[object Object],[object Object]",5,14680,12351,0.8413487738419618,1,2534,control
69,collector,収集・配合,134606351,9e51612d226d17e0cea13a3a6cbec35ab8c9395332845fbd2f97113d57341fa3,completed,1,,,400,200,40,136,87,49,687,89,47,149,18,1,24,0,0,0,0,0,31,11,62,3100,63,50,10,[object Object],[object Object],0,0,0,9,73,4380,136,6016,28,8780,5,1100,7642,8330,,,,80,[object Object],1792,21,6,12,25,12,グルーモス Lv21 / クリスタゴン Lv20 / ギアビット Lv21,"[object Object],[object Object],[object Object]",5,17602,15810,0.8981933871151005,0.7936507936507936,3932,control
70,rush,速攻,2178539322,249db9587cdd19dd71af0170d60281df2ae044106297e57835806f5d98f5d82c,stuck,0,tower,boss_retry_cap,400,200,40,172,93,79,636,95,77,255,0,0,10,0,0,0,0,0,2,2,0,0,1,1,2,[object Object],[object Object],0,0,0,3,232,13920,172,9716,23,6400,5,1100,10085,3467,,,,80,[object Object],278,28,6,3,23,3,プフバット Lv27 / つぼみラビ Lv28 / ぷるミン Lv28,"[object Object],[object Object],[object Object]",4,17665,17387,0.9842626662892726,1,4097,control
71,balanced,バランス,92299607,dd6fc433ea47abe080fbd9b55c522f90ac5ec368b222d78b2417da3f52720753,completed,1,,,400,200,40,74,46,28,346,49,25,93,7,1,24,0,0,0,0,0,20,5,0,0,1,1,5,[object Object],[object Object],0,0,0,6,114,6840,74,3426,27,8180,4,750,4767,4563,,,,80,[object Object],2374,21,5,6,23,6,ルーメンオウル Lv19 / シンダーホーン Lv19 / リーファウル Lv21,"[object Object],[object Object],[object Object]",5,13777,11403,0.827683820860855,1,2031,control
72,collector,収集・配合,2724232775,ef7817f52be0762cb97b03cdfbbbf12a9575ec6361a6afbaf0dd8d972b6cb504,completed,1,,,400,200,40,137,88,49,599,91,46,144,28,1,20,0,0,0,0,0,21,9,58,2900,59,53,8,[object Object],[object Object],0,0,0,9,81,4860,137,6464,26,6980,5,1100,7657,6852,,,,80,[object Object],1205,22,6,10,24,10,クラッグベア Lv20 / クリスタゴン Lv22 / ギアビット Lv21,"[object Object],[object Object],[object Object]",5,15817,14612,0.9238161471834102,0.8983050847457628,3622,control
73,rush,速攻,2405307231,f5fcbe2afa172b10580bee6eb6ccb0ef17aca708af12a072bdf29416289b3585,stuck,0,tower,boss_retry_cap,400,200,40,136,76,60,466,76,60,186,0,0,9,0,0,0,0,0,3,2,0,0,1,1,2,[object Object],[object Object],0,0,0,3,211,12660,136,6454,23,6400,5,1100,8398,3031,,,,80,[object Object],287,27,6,3,24,3,トゲホッグ Lv26 / つぼみラビ Lv27 / ぷるミン Lv27,"[object Object],[object Object],[object Object]",4,15978,15691,0.9820378019777194,1,3150,control
74,balanced,バランス,3288605387,bff88fe5b407d9f67854b5ed0f9b86f4a602fe638a79b1b1de20b6fdb6dbea92,completed,1,,,400,200,40,119,75,44,476,82,37,93,5,1,19,0,0,0,0,0,18,6,0,0,1,1,5,[object Object],[object Object],0,0,0,5,186,11160,119,4603,28,9080,5,1100,8593,5539,,,,80,[object Object],2154,25,6,7,22,7,ルーメンオウル Lv21 / アッシュインプ Lv25 / リーフリン Lv23,"[object Object],[object Object],[object Object]",5,18853,16699,0.8857476263724606,1,2999,control
75,collector,収集・配合,2331784688,9e5ac6d65d3bd9a17660e495660590705d031afb06d023720e93949ac4646647,completed,1,,,400,200,40,102,61,41,596,67,35,121,18,1,33,0,0,0,0,0,29,11,43,2150,44,33,10,[object Object],[object Object],0,0,0,9,58,3480,102,4629,27,7580,4,750,4922,6492,,,,80,[object Object],1210,20,5,12,24,12,ルーメンオウル Lv20 / シンダーホーン Lv17 / グルーモス Lv18,"[object Object],[object Object],[object Object]",5,13332,12122,0.9092409240924092,0.75,3120,control
76,rush,速攻,2542353470,bcca67bc97f87f3588f56f2c5716607f88b2932757732be3108236c68c50989a,stuck,0,tower,boss_retry_cap,400,200,40,185,100,85,661,101,84,218,0,0,9,0,0,0,0,0,2,2,0,0,1,1,2,[object Object],[object Object],0,0,0,3,219,13140,185,5821,23,6400,5,1100,9481,3644,,,,80,[object Object],277,28,6,3,25,3,ペブロン Lv27 / リーフリン Lv27 / ぷるミン Lv28,"[object Object],[object Object],[object Object]",4,17061,16784,0.9837641404372546,1,4321,control
77,balanced,バランス,847673953,264ce1025e3900854ce59be2bb3e8b334c922d314c86ba2061c2018e2fadc2d4,completed,1,,,400,200,40,110,70,40,500,74,36,116,16,1,24,0,0,0,0,0,15,5,0,0,1,1,4,[object Object],[object Object],0,0,0,5,150,9000,110,3636,27,7880,5,1100,7056,4697,,,,80,[object Object],2419,25,6,6,25,6,ルーメンオウル Lv19 / ドリモール Lv24 / リーフリン Lv25,"[object Object],[object Object],[object Object]",5,16116,13697,0.8499007197815835,1,2974,control
78,collector,収集・配合,3017046950,9f42a0ae4496d5be541db7fcf81d9a47544fb5484c63b25e9cba5cbdd3fc9628,completed,1,,,400,200,40,117,72,45,571,77,40,138,19,1,23,0,0,0,0,0,34,10,53,2650,54,44,9,[object Object],[object Object],1,9,0,7,71,4260,117,5196,29,8930,5,1100,6448,7625,,,,80,[object Object],2023,20,6,10,24,12,シンダーホーン Lv20 / グルーモス Lv20 / クリスタゴン Lv17,"[object Object],[object Object],[object Object]",5,16558,14535,0.87782340862423,0.8148148148148148,3273,control
79,rush,速攻,2636299042,895418592de6ce9a23e4616adf254c2e04127ffffff5afe3129043dfc8532c05,stuck,0,volcano,boss_retry_cap,400,200,40,172,92,80,685,91,81,199,0,0,8,0,0,0,0,0,4,2,0,0,1,1,2,[object Object],[object Object],0,0,0,3,135,8100,172,5900,20,4320,5,1100,5750,2909,,,,80,[object Object],241,22,6,3,16,3,ぷるミン Lv22 / リーフリン Lv19 / プフバット Lv22,"[object Object],[object Object],[object Object]",3,11250,11009,0.9785777777777778,1,4237,control
80,balanced,バランス,1147308128,100399ca5db59b5ebede08a5626f7eb5c0b07ebb7c032c61eabe56ab532b73cb,completed,1,,,400,200,40,110,70,40,401,77,33,91,11,1,27,0,0,0,0,0,10,7,0,0,1,1,5,[object Object],[object Object],0,0,0,7,173,10380,110,3393,28,9080,5,1100,8230,5041,,,,80,[object Object],3069,25,6,8,25,8,グルーモス Lv25 / ルーメンオウル Lv23 / アッシュインプ Lv22,"[object Object],[object Object],[object Object]",5,18490,15421,0.8340183883180098,1,2635,control
81,collector,収集・配合,3957449969,bbdd88b361d1185d279804aea460360546902c875e4e45c6715618bbc1539036,completed,1,,,400,200,40,115,71,44,625,79,36,126,11,1,25,0,0,0,0,0,49,11,53,2650,54,40,9,[object Object],[object Object],0,0,0,8,86,5160,115,6268,28,8780,5,1100,6208,7177,87,,,80,[object Object],1181,19,6,12,24,12,クラッグベア Lv17 / シンダーホーン Lv18 / シンドレイク Lv19,"[object Object],[object Object],[object Object]",5,16168,14987,0.9269544779811975,0.7407407407407407,3460,control
82,rush,速攻,3327731467,90767fcba8308fb50e18c04400b328a589abd0b5361a2affe86b233163843253,stuck,0,tower,boss_retry_cap,400,200,40,173,93,80,647,96,77,257,0,0,9,0,0,0,0,0,2,2,0,0,1,1,2,[object Object],[object Object],0,0,0,3,229,13740,173,11712,23,6400,5,1100,10022,3537,,,,80,[object Object],325,28,6,3,24,3,プフバット Lv27 / つぼみラビ Lv28 / ぷるミン Lv28,"[object Object],[object Object],[object Object]",4,17602,17277,0.981536189069424,1,4144,control
83,balanced,バランス,2288906114,f58c06a1fbaa7e118b64379477dcf1145356eda3ebdb38784a3be787eca179cd,completed,1,,,400,200,40,155,99,56,641,105,50,163,16,1,20,0,0,0,0,0,12,7,0,0,1,1,6,[object Object],[object Object],0,0,0,6,227,13620,155,6484,28,9080,5,1100,11567,5841,,,,80,[object Object],2366,28,6,8,23,8,グルーモス Lv26 / アクアン Lv28 / アッシュインプ Lv28,"[object Object],[object Object],[object Object]",5,21827,19461,0.8916021441334128,1,3985,control
84,collector,収集・配合,394967591,f29d7521c439e813a8d43456a5b9c106628040a70ab18da2adf7a70e76b7c712,completed,1,,,400,200,40,119,76,43,532,81,38,109,24,1,19,0,0,0,0,0,31,12,63,3150,64,51,9,[object Object],[object Object],0,0,0,11,94,5640,119,4229,28,8780,5,1100,7509,7451,56,,,80,[object Object],1228,22,6,13,22,13,クリスタゴン Lv22 / シンダーホーン Lv22 / ルミネル Lv21,"[object Object],[object Object],[object Object]",5,17469,16241,0.9297040471692712,0.796875,3217,control
85,rush,速攻,2499240127,af34220c374c1447fa6496d42fff09fdc53ecff74452112511f5331632586ec5,stuck,0,cave,boss_retry_cap,400,200,40,100,52,48,314,52,48,48,0,0,9,0,0,0,0,0,2,0,0,0,1,1,0,[object Object],[object Object],0,0,0,1,66,3960,100,975,16,3290,3,450,1907,1556,,,,80,[object Object],211,16,4,1,9,1,ぷるミン Lv16,[object Object],1,5727,5516,0.9631569757290029,1,2137,control
86,balanced,バランス,176084772,b9cf4e68bc6d8b6b6f4273448b1d63de2b76346136491cbcc0a54f83be342b83,completed,1,,,400,200,40,102,65,37,486,71,31,101,9,1,22,0,0,0,0,0,14,7,0,0,1,1,5,[object Object],[object Object],0,0,0,6,158,9480,102,5076,26,7940,5,1100,7273,4298,63,,,80,[object Object],2615,24,6,8,23,8,ルミネル Lv20 / シンドレイク Lv23 / アクアン Lv24,"[object Object],[object Object],[object Object]",5,16393,13778,0.8404806929787104,1,2860,control
87,collector,収集・配合,3807615076,e304f4bf595bcfca45ec3aae996417d3be6edb8daff2791500c491c8342e9e92,completed,1,,,400,200,40,130,86,44,714,89,41,146,21,1,25,0,0,0,0,0,22,11,66,3300,67,54,9,[object Object],[object Object],0,0,0,10,89,5340,130,8416,28,8780,5,1100,8637,8106,,,,80,[object Object],1851,23,6,12,21,12,クラッグベア Lv22 / グルーモス Lv23 / ルミネル Lv21,"[object Object],[object Object],[object Object]",5,18597,16746,0.9004678173899016,0.8059701492537313,3945,control
88,rush,速攻,365758423,0f1df9c0e483a3f88adafe99b5d1ccc80d24f92a6a6f81571e143e2b34337a2a,stuck,0,tower,boss_retry_cap,400,200,40,175,95,80,699,96,79,266,0,0,11,0,0,0,0,0,2,2,0,0,1,1,2,[object Object],[object Object],0,0,0,3,233,13980,175,12379,23,6400,5,1100,10325,3653,,,,80,[object Object],272,28,6,3,23,3,リーフリン Lv27 / つぼみラビ Lv28 / ぷるミン Lv28,"[object Object],[object Object],[object Object]",4,17905,17633,0.9848087126500977,1,4340,control
89,balanced,バランス,2975283124,94a5420b5a96dbc13f7ef8ca795e6ac51d90f2a33352e39c69708eaca6c48bf2,completed,1,,,400,200,40,85,53,32,376,57,28,90,13,1,20,0,0,0,0,0,17,6,0,0,1,1,5,[object Object],[object Object],0,0,0,7,129,7740,85,4721,26,7940,4,750,5344,3991,,,,80,[object Object],2383,22,5,7,24,7,グルーモス Lv21 / シンダーホーン Lv20 / ドリモール Lv22,"[object Object],[object Object],[object Object]",5,14114,11731,0.8311605498087006,1,2264,control
90,collector,収集・配合,3738808127,e79154f39c9997be81cd4ff2bda5776f9668a508cba8a7c03b327e45da8f8389,completed,1,,,400,200,40,104,64,40,517,73,31,109,24,1,39,0,0,0,0,0,34,13,49,2450,50,39,11,[object Object],[object Object],0,0,0,11,87,5220,104,5216,28,8780,5,1100,6476,7371,,,,80,[object Object],1395,21,6,14,24,14,ルーメンオウル Lv21 / クラッグベア Lv20 / クリスタゴン Lv19,"[object Object],[object Object],[object Object]",5,16436,15041,0.9151253346312972,0.78,2945,control
91,rush,速攻,3256264815,0d32c60733a71677b6bf85e0c3e63e7cc6a7ab2b09775fd0329f8f73dc0281a5,stuck,0,tower,boss_retry_cap,400,200,40,170,92,78,637,94,76,261,0,0,11,0,0,0,0,0,2,2,0,0,1,1,2,[object Object],[object Object],0,0,0,3,234,14040,170,12329,23,6400,5,1100,10276,3549,,,,80,[object Object],267,28,6,3,22,3,プフバット Lv27 / リーフリン Lv28 / ぷるミン Lv28,"[object Object],[object Object],[object Object]",4,17856,17589,0.9850470430107527,1,4106,control
92,balanced,バランス,2647987281,3056e6e8cdf5138a962bacf358abe5f226f5295c11e6a21fbbe445d6035b5761,completed,1,,,400,200,40,83,52,31,336,58,25,55,17,1,20,0,0,0,0,0,21,6,0,0,1,1,4,[object Object],[object Object],0,0,0,6,147,8820,83,3369,27,8180,4,750,5754,4479,,,,80,[object Object],1465,22,5,7,23,7,クリスタゴン Lv22 / オアロード Lv22,"[object Object],[object Object]",5,14764,13299,0.9007721484692496,1,2094,control
93,collector,収集・配合,3264344503,85849f894582028190551548c9f00c5ca62620a1ec1aeb63fd351ad7669067fb,completed,1,,,400,200,40,103,62,41,522,68,35,118,21,1,27,0,0,0,0,0,38,11,48,2400,49,37,9,[object Object],[object Object],0,0,0,10,78,4680,103,5297,28,8780,5,1100,5971,6821,,,,80,[object Object],2030,20,6,12,24,12,シンダーホーン Lv19 / グルーモス Lv20 / クリスタゴン Lv18,"[object Object],[object Object],[object Object]",5,15931,13901,0.872575481765112,0.7551020408163265,2924,control
94,rush,速攻,3853360298,ce61e964e6ed83a9a8bdf4f253d1d081b23c62f8c8669d9a6d9febda785f4ae8,stuck,0,tower,boss_retry_cap,400,200,40,150,82,68,573,84,66,203,0,0,10,0,0,0,0,0,4,2,0,0,1,1,2,[object Object],[object Object],0,0,0,3,215,12900,150,5901,23,6400,5,1100,8937,3347,,,,80,[object Object],270,28,6,3,23,3,ペブロン Lv27 / プフバット Lv28 / ぷるミン Lv27,"[object Object],[object Object],[object Object]",4,16517,16247,0.983653205787976,1,3633,control
95,balanced,バランス,2914692024,3c919616e07bdc1200b34add46d666af01254d87d1fec640d90a17014e683ee7,completed,1,,,400,200,40,113,71,42,456,77,36,117,9,1,16,0,0,0,0,0,17,5,0,0,1,1,4,[object Object],[object Object],0,0,0,5,181,10860,113,4953,28,9080,5,1100,7599,4635,,,,80,[object Object],2364,26,6,6,25,6,ルミネル Lv21 / トゲホッグ Lv25 / プフバット Lv26,"[object Object],[object Object],[object Object]",5,17859,15495,0.8676297665042836,1,2859,control
96,collector,収集・配合,432364059,51aba81ef97a32007fba15b3e80083b35e5a1f7f62595364f6fac6e4ef2007ed,completed,1,,,400,200,40,157,104,53,1070,104,53,177,22,1,59,0,4,0,0,0,34,10,80,4000,81,67,9,[object Object],[object Object],0,0,0,10,102,6120,157,6939,29,9680,5,1100,11025,9447,,,,80,[object Object],2318,26,6,11,25,11,ルーメンオウル Lv24 / ルミネル Lv25 / ギアビット Lv26,"[object Object],[object Object],[object Object]",5,21885,19567,0.8940827050491204,0.8271604938271605,5305,control
97,rush,速攻,687311646,286884ace411bec0d902bbd54bbd7eb9d95b8324f7b194711ff9fb2a902f4c65,stuck,0,tower,boss_retry_cap,400,200,40,166,90,76,640,92,74,232,0,0,10,0,0,0,0,0,3,2,0,0,1,1,2,[object Object],[object Object],0,0,0,3,223,13380,166,9166,23,6400,5,1100,9488,3406,,,,80,[object Object],282,28,6,3,24,3,トゲホッグ Lv27 / つぼみラビ Lv28 / ぷるミン Lv28,"[object Object],[object Object],[object Object]",4,17068,16786,0.9834778532927115,1,4059,control
98,balanced,バランス,3663533122,c014ebbcbb921a414c41ab9978e05960230a501343f063734b0f402ab2db69fc,completed,1,,,400,200,40,82,50,32,367,59,23,71,9,1,23,0,0,0,0,0,22,7,0,0,1,1,5,[object Object],[object Object],0,0,0,7,153,9180,82,4238,27,8180,4,750,5570,3955,,,,80,[object Object],1445,23,5,8,24,8,ルミネル Lv19 / トゲホッグ Lv23 / アッシュインプ Lv17,"[object Object],[object Object],[object Object]",5,14580,13135,0.9008916323731139,1,2209,control
99,collector,収集・配合,1722764206,79dbc839fe8fff5b44fc7bb51ae862afd3caefefd59320f90b2793c5a991b34b,completed,1,,,400,200,40,144,95,49,665,102,42,145,20,1,21,0,0,0,0,0,29,12,73,3650,74,65,10,[object Object],[object Object],0,0,0,10,121,7260,144,9401,29,9680,5,1100,10218,8466,,,,80,[object Object],1702,26,6,13,25,13,グルーモス Lv24 / クリスタゴン Lv24 / リーファウル Lv26,"[object Object],[object Object],[object Object]",5,21078,19376,0.9192523009773224,0.8783783783783784,3967,control
100,rush,速攻,3744556806,866552153db9df46a8d08f50399fd25e5f094cebcdb8eab183c72cd05102badd,stuck,0,tower,boss_retry_cap,400,200,40,162,89,73,640,89,73,219,0,0,14,0,0,0,0,0,4,2,0,0,1,1,2,[object Object],[object Object],0,0,0,3,220,13200,162,6209,23,6400,5,1100,9150,3273,,,,80,[object Object],257,27,6,3,25,3,ペブロン Lv27 / つぼみラビ Lv27 / ぷるミン Lv27,"[object Object],[object Object],[object Object]",4,16730,16473,0.9846383741781232,1,4027,control
101,balanced,バランス,39943967,17857d3da9f4e8173745ffd24bc6d066e0a0a8de04fa71a02a7942f5cccdbf5d,completed,1,,,400,200,40,62,39,23,308,43,19,50,13,1,24,0,0,0,0,0,15,7,0,0,1,1,5,[object Object],[object Object],0,0,0,7,82,4920,62,1903,27,8180,4,750,3477,3577,,,,80,[object Object],3990,18,5,8,22,8,ルーメンオウル Lv17 / グルーモス Lv18 / シンダーホーン Lv17,"[object Object],[object Object],[object Object]",5,12487,8497,0.6804676863938496,1,1764,control
102,collector,収集・配合,2823463236,3f7b3a2e6b00ae74fe85cb25d52b19b8e79c2a520779dc787a781fbe35772eca,completed,1,,,400,200,40,114,71,43,621,72,42,136,17,1,24,0,0,0,0,0,54,13,51,2550,52,36,11,[object Object],[object Object],0,0,0,12,64,3840,114,5699,28,8780,5,1100,6384,8565,,,,80,[object Object],1389,22,6,14,24,14,クリスタゴン Lv22 / ルーメンオウル Lv20 / ルミネル Lv22,"[object Object],[object Object],[object Object]",5,16344,14955,0.9150146842878121,0.6923076923076923,3440,control
103,rush,速攻,267418807,57eddcdbf9bf256585d0ff270ea5580d5f8e779866872f0538121061b6952e16,stuck,0,volcano,boss_retry_cap,400,200,40,109,59,50,464,61,48,159,0,0,8,0,0,0,0,0,3,2,0,0,1,1,2,[object Object],[object Object],0,0,0,3,134,8040,109,6483,21,5020,4,750,4655,2240,,,,80,[object Object],225,22,5,3,19,3,リーフリン Lv21 / ぷるミン Lv22 / プフバット Lv21,"[object Object],[object Object],[object Object]",3,10505,10280,0.9785816277962874,1,2810,control
104,balanced,バランス,3655178029,90edc0a88a370c4a632024a79708724ae4e031e8a9ef684edb4347056ba616a0,completed,1,,,400,200,40,63,39,24,294,44,19,67,12,1,23,0,0,0,0,0,17,8,0,0,1,1,6,[object Object],[object Object],0,0,0,7,119,7140,63,3204,27,8180,4,750,4070,4444,,,,80,[object Object],1496,21,5,9,22,9,シンダーホーン Lv19 / クリスタゴン Lv19 / トゲホッグ Lv21,"[object Object],[object Object],[object Object]",5,13080,11584,0.8856269113149847,1,1737,control
105,collector,収集・配合,3065326204,80a1c114f56ac7e40cb3bada2d882416c3ee7c539a8a999a19113f9be4bdc792,completed,1,,,400,200,40,108,66,42,524,70,38,117,17,1,25,0,0,0,0,0,50,12,48,2400,49,37,10,[object Object],[object Object],0,0,0,10,77,4620,108,4518,28,8780,5,1100,5542,7068,,,,80,[object Object],1414,19,6,13,24,13,ルーメンオウル Lv19 / シンダーホーン Lv19 / クリスタゴン Lv19,"[object Object],[object Object],[object Object]",5,15502,14088,0.9087859631015353,0.7551020408163265,3044,control
106,rush,速攻,1207172671,45c493f0e0e65fd3d2d05ff1f986a9a507708791f21153d9f6fda4f9c2a496b6,stuck,0,tower,boss_retry_cap,400,200,40,182,98,84,597,100,82,238,0,0,8,0,0,0,0,0,4,2,0,0,1,1,2,[object Object],[object Object],0,0,0,3,223,13380,182,5941,23,6400,5,1100,9740,3620,,,,80,[object Object],320,28,6,3,25,3,プフバット Lv27 / アワマリン Lv26 / ぷるミン Lv28,"[object Object],[object Object],[object Object]",4,17320,17000,0.9815242494226328,1,4064,control
107,balanced,バランス,2417244245,3ab4c7d2fa42779005c5b2312abba7d60c240f04f1b9703e5462988106541fab,completed,1,,,400,200,40,123,82,41,526,78,45,131,22,1,19,0,0,0,0,0,22,8,0,0,1,1,6,[object Object],[object Object],0,0,0,8,189,11340,123,3795,28,9080,5,1100,8589,6046,,,,80,[object Object],1463,26,6,9,22,9,グルーモス Lv25 / ドリモール Lv26 / アクアン Lv26,"[object Object],[object Object],[object Object]",5,18849,17386,0.9223831502997506,1,3227,control
108,collector,収集・配合,274731933,6457bbdd149b2673e1fd1ba453ce61a8e7cf9afe3a084ab93e69626b1e20b029,completed,1,,,400,200,40,164,108,56,1336,110,54,191,39,1,80,0,5,0,0,0,27,12,73,3650,74,65,11,[object Object],[object Object],0,0,0,10,106,6360,164,8961,29,9680,5,1100,11230,9742,,,,80,[object Object],2338,26,6,13,24,13,グルーモス Lv26 / ルーメンオウル Lv25 / ルミネル Lv25,"[object Object],[object Object],[object Object]",5,22090,19752,0.8941602535083748,0.8783783783783784,6095,control
109,rush,速攻,2009033078,4fddb55df8f15f50b1ab0c35421a2ecfda2623d7c8a4c70e248e26e10825bf55,stuck,0,tower,boss_retry_cap,400,200,40,165,91,74,617,90,75,218,0,0,10,0,0,0,0,0,2,2,0,0,1,1,2,[object Object],[object Object],0,0,0,3,214,12840,165,6938,23,6400,5,1100,9135,3597,,,,80,[object Object],278,27,6,3,24,3,ペブロン Lv26 / プフバット Lv27 / ぷるミン Lv27,"[object Object],[object Object],[object Object]",4,16715,16437,0.9833682321268322,1,3972,control
110,balanced,バランス,2889639343,943480fd075ee239e6b9dc85a678cd984d400b6fe50ccc64158f0a2fc8e674d0,completed,1,,,400,200,40,96,60,36,408,66,30,98,21,1,24,0,0,0,0,0,10,5,0,0,1,1,4,[object Object],[object Object],0,0,0,6,141,8460,96,4189,26,6980,4,750,5897,3826,,,,80,[object Object],1421,23,5,6,22,6,ルーメンオウル Lv18 / ギアビット Lv22 / トゲホッグ Lv23,"[object Object],[object Object],[object Object]",5,13707,12286,0.8963303421609397,1,2475,control
111,collector,収集・配合,897762917,a85c29e1ad8106188a507956bfba63c7a33134567a4ef3facab54c98b5bf3a6e,completed,1,,,400,200,40,177,118,59,1192,122,55,173,11,1,43,0,0,0,0,0,36,9,84,4200,85,76,8,[object Object],[object Object],0,0,0,8,120,7200,177,9014,28,9080,6,1550,12075,9269,,,,80,[object Object],2116,27,7,10,25,10,グルーモス Lv26 / ルミネル Lv25 / リーファウル Lv27,"[object Object],[object Object],[object Object]",5,22785,20669,0.9071318850120693,0.8941176470588236,6152,control
112,rush,速攻,3965766203,707e8a06860f71b27dc168ca802c936d440fc8394a9750682b88389e89e77836,stuck,0,tower,boss_retry_cap,400,200,40,200,106,94,704,110,90,252,0,0,9,0,0,0,0,0,4,2,0,0,1,1,2,[object Object],[object Object],0,0,0,3,231,13860,200,8089,23,6400,5,1100,10209,3672,,,,80,[object Object],257,28,6,3,23,3,アクアン Lv26 / プフバット Lv28 / ぷるミン Lv28,"[object Object],[object Object],[object Object]",4,17789,17532,0.9855528697509697,1,4665,control
113,balanced,バランス,3544075935,62051b0c4b13baeddd9b8e52b6920f89f7e7d5e36828003453553045cd6931c8,completed,1,,,400,200,40,76,46,30,335,53,23,84,13,1,16,0,0,0,0,0,16,8,0,0,1,1,6,[object Object],[object Object],0,0,0,8,122,7320,76,3702,27,8180,4,750,4600,3942,62,,,80,[object Object],2348,22,5,9,24,9,クラッグベア Lv18 / シンドレイク Lv19 / トゲホッグ Lv22,"[object Object],[object Object],[object Object]",5,13610,11262,0.8274797942689199,1,2037,control
114,collector,収集・配合,3949298550,2fe9b71d234952650db4e3fbf522f9e0565d6575feac7a148cb26ef0715b1b6b,completed,1,,,400,200,40,112,70,42,579,77,35,120,17,1,60,0,1,0,0,0,22,12,54,2700,55,45,10,[object Object],[object Object],0,0,0,11,74,4440,112,4231,28,8780,5,1100,6929,7731,,,,80,[object Object],2018,23,6,13,24,13,ルーメンオウル Lv22 / ルミネル Lv23 / シンドレイク Lv23,"[object Object],[object Object],[object Object]",5,16889,14871,0.8805139439872106,0.8181818181818182,3262,control
115,rush,速攻,1924310227,4ab45364253412f6cd651859ccd246976a8222e162b2bca4b2dd13d39e25530c,stuck,0,tower,boss_retry_cap,400,200,40,189,101,88,693,104,85,287,0,0,9,0,0,0,0,0,2,2,0,0,1,1,2,[object Object],[object Object],0,0,0,3,239,14340,189,11666,23,6400,5,1100,11014,3939,,,,80,[object Object],315,29,6,3,21,3,プフバット Lv28 / リーフリン Lv29 / ぷるミン Lv28,"[object Object],[object Object],[object Object]",4,18594,18279,0.9830590513068732,1,4503,control
116,balanced,バランス,973693517,e94cc0c9a3816e46e8866c99d34765b6b9df9acef2257dd3931cbbdcec0e6877,completed,1,,,400,200,40,116,74,42,479,78,38,133,16,1,26,0,0,0,0,0,17,5,0,0,1,1,4,[object Object],[object Object],0,0,0,6,182,10920,116,8299,27,7880,5,1100,8262,5022,,,,80,[object Object],1380,26,6,6,22,6,リーファウル Lv25 / シンドレイク Lv24 / トゲホッグ Lv26,"[object Object],[object Object],[object Object]",5,17322,15942,0.9203325251125736,1,2956,control
117,collector,収集・配合,2790992628,dc514ce9ad90ec184f42d8129b0847edbdf98edfdda8f649a5ff03d36a010eb6,completed,1,,,400,200,40,83,50,33,460,56,27,95,17,1,31,0,0,0,0,0,23,12,42,2100,43,33,10,[object Object],[object Object],0,0,0,11,67,4020,83,3252,28,8780,4,750,4782,6431,,,,80,[object Object],1841,20,5,13,23,13,ルーメンオウル Lv20 / グルーモス Lv19 / シンダーホーン Lv19,"[object Object],[object Object],[object Object]",5,14392,12551,0.8720817120622568,0.7674418604651163,2534,control
118,rush,速攻,574710991,43062f6b063acc33f0122ff30a4fe95299806da1a1820d5143381724a08c63d6,stuck,0,tower,boss_retry_cap,400,200,40,186,99,87,721,103,83,280,0,0,11,0,0,0,0,0,2,2,0,0,1,1,2,[object Object],[object Object],0,0,0,3,241,14460,186,12403,23,6400,5,1100,10799,3628,,,,80,[object Object],291,28,6,3,23,3,プフバット Lv28 / リーフリン Lv28 / ぷるミン Lv28,"[object Object],[object Object],[object Object]",4,18379,18088,0.9841667120082703,1,4559,control
119,balanced,バランス,1865173948,d9facd74d80b4f224d4a9b699b49d9630347caec798b8151317cb839c182c882,completed,1,,,400,200,40,108,69,39,436,72,36,113,21,1,17,0,0,0,0,0,12,6,0,0,1,1,5,[object Object],[object Object],0,0,0,6,149,8940,108,3758,26,6980,5,1100,6794,4289,,,,80,[object Object],1725,24,6,7,24,7,クラッグベア Lv19 / トゲホッグ Lv24 / アッシュインプ Lv23,"[object Object],[object Object],[object Object]",5,14954,13229,0.8846462484953859,1,2721,control
120,collector,収集・配合,3695872377,7854e53fc65425420a222622f37d62969be12369f02762ea3c0fa25fbfc8a6f3,completed,1,,,400,200,40,108,66,42,491,71,37,106,14,1,15,0,0,0,0,0,27,9,53,2650,54,45,7,[object Object],[object Object],0,0,0,9,50,3000,108,3773,27,8180,5,1100,6398,8106,,,,80,[object Object],2002,20,6,10,24,10,シンダーホーン Lv20 / ルミネル Lv20 / クリスタゴン Lv20,"[object Object],[object Object],[object Object]",5,15758,13756,0.8729534204848332,0.8333333333333334,2928,control
121,rush,速攻,343349514,a43a6445679abcca61ec27fc2a3ea79a7a00ba79bb2278e69a41f7e515d7b669,stuck,0,tower,boss_retry_cap,400,200,40,146,79,67,546,83,63,198,0,0,9,0,0,0,0,0,2,2,0,0,1,1,2,[object Object],[object Object],0,0,0,3,222,13320,146,6731,23,6400,5,1100,9275,3232,,,,80,[object Object],303,28,6,3,20,3,トゲホッグ Lv27 / つぼみラビ Lv27 / ぷるミン Lv28,"[object Object],[object Object],[object Object]",4,16855,16552,0.9820231385345595,1,3506,control
122,balanced,バランス,2073397285,acc36a663a77f9034cc7f7711f2aa1d7ce5ac2ec0b8828ee86a8a6159be152c3,completed,1,,,400,200,40,124,80,44,541,79,45,135,18,1,24,0,0,0,0,0,8,5,0,0,1,1,5,[object Object],[object Object],0,0,0,6,159,9540,124,6173,25,6740,5,1100,7338,4266,,,,80,[object Object],1452,23,6,6,23,6,クリスタゴン Lv21 / ギアビット Lv23 / リーファウル Lv23,"[object Object],[object Object],[object Object]",5,15258,13806,0.9048368069209595,1,3268,control
123,collector,収集・配合,1956437486,02704034880f464353eb3f315fdcec1406a587733af28d427e2d18151c6ec7b0,completed,1,,,400,200,40,79,50,29,359,58,21,67,17,1,17,0,0,0,0,0,30,14,40,2000,41,31,10,[object Object],[object Object],0,0,0,12,58,3480,79,3537,29,9630,4,750,4470,6979,49,,,80,[object Object],2471,19,5,15,24,15,クリスタゴン Lv19 / シンダーホーン Lv18 / グルーモス Lv16,"[object Object],[object Object],[object Object]",5,14930,12459,0.8344943067649029,0.7560975609756098,2166,control
124,rush,速攻,2307327258,44b1b80466ff6853c9f8e4b0c94f6830b0d75a4e0da83a3c4259144c32579052,stuck,0,tower,boss_retry_cap,400,200,40,185,100,85,689,101,84,284,0,0,11,0,0,0,0,0,2,2,0,0,1,1,2,[object Object],[object Object],0,0,0,3,236,14160,185,12735,23,6400,5,1100,10675,3813,,,,80,[object Object],282,28,6,3,24,3,プフバット Lv27 / リーフリン Lv28 / ぷるミン Lv28,"[object Object],[object Object],[object Object]",4,18255,17973,0.9845521774856204,1,4449,control
125,balanced,バランス,2701175719,26bf8ddbea3e6073d06b9586f42ce3d24ad62921999d3a85516b699976c9fc8c,completed,1,,,400,200,40,132,85,47,585,87,45,150,18,1,23,0,0,0,0,0,20,5,0,0,1,1,5,[object Object],[object Object],0,0,0,5,181,10860,132,5457,28,9080,5,1100,9606,6637,,,,80,[object Object],2369,28,6,6,20,6,グルーモス Lv26 / シンドレイク Lv27 / つぼみラビ Lv28,"[object Object],[object Object],[object Object]",5,19866,17497,0.8807510319138226,1,3493,control
126,collector,収集・配合,2119351069,88b167baa52e86d5e63b1ea21593062a71ec251695cc650b7c99388ba5959e63,completed,1,,,400,200,40,119,74,45,628,77,42,148,20,1,37,0,0,0,0,0,31,10,53,2650,54,43,9,[object Object],[object Object],0,0,0,9,74,4440,119,7300,28,8780,5,1100,6944,7800,,,,80,[object Object],2014,21,6,11,25,11,ルーメンオウル Lv21 / クリスタゴン Lv21 / グルーモス Lv21,"[object Object],[object Object],[object Object]",5,16904,14890,0.8808566019876952,0.7962962962962963,3523,control
127,rush,速攻,3341132861,5d184550c136834f08259201cb8ecd5625695347331b4e71b6f92b8768175be9,stuck,0,tower,boss_retry_cap,400,200,40,141,77,64,560,80,61,192,0,0,11,0,0,0,0,0,3,2,0,0,1,1,2,[object Object],[object Object],0,0,0,3,214,12840,141,7420,23,6400,5,1100,8769,3172,,,,80,[object Object],337,27,6,3,24,3,ペブロン Lv26 / つぼみラビ Lv27 / ぷるミン Lv27,"[object Object],[object Object],[object Object]",4,16349,16012,0.9793871184781944,1,3516,control
128,balanced,バランス,2656630708,12d23bfbcefa10f158494504fd05e8ecf7e94f3f0bb4b75d26ed44f1f487940e,completed,1,,,400,200,40,158,102,56,598,109,49,163,27,1,18,0,0,0,0,0,19,6,0,0,1,1,4,[object Object],[object Object],0,0,0,7,235,14100,158,7330,28,9080,5,1100,12712,6460,,,,80,[object Object],2412,29,6,7,23,7,ドリモール Lv29 / アクアン Lv29 / ヒノコぐま Lv29,"[object Object],[object Object],[object Object]",5,22972,20560,0.8950026118753265,1,3880,control
129,collector,収集・配合,1587952755,b35179bec969b2c5193dfdc7bc0a2d5f9ec5e39c5bc68aeeb35804fb45a913db,completed,1,,,400,200,40,151,100,51,804,104,47,156,24,1,23,0,0,0,0,0,38,12,77,3850,78,67,10,[object Object],[object Object],0,0,0,11,113,6780,151,10244,28,8780,5,1100,10530,8019,,,,80,[object Object],1841,23,6,13,24,13,グルーモス Lv23 / ルミネル Lv23 / クリスタゴン Lv23,"[object Object],[object Object],[object Object]",5,20490,18649,0.9101512933138116,0.8589743589743589,4526,control
130,rush,速攻,34187029,7e887fb4ec278ffd5248046c1049bf8a84a48edb38a712f36a15bf9c619a3ae0,completed,1,,,400,200,40,88,51,37,257,53,35,62,0,0,6,0,0,0,0,0,3,2,0,0,1,1,2,[object Object],[object Object],0,0,0,3,125,7500,88,1810,23,6300,4,750,4049,2129,,,,80,[object Object],1550,22,5,3,23,3,シンダーホーン Lv19 / ドリモール Lv20 / ぷるミン Lv22,"[object Object],[object Object],[object Object]",5,11179,9629,0.8613471687986403,1,1859,control
131,balanced,バランス,4171365909,a2a847fc7cc4f20f65a811be74b059ba2264414be1c2e443bc44531dab1be17b,completed,1,,,400,200,40,111,70,41,457,73,38,118,15,1,20,0,0,0,0,0,10,5,0,0,1,1,5,[object Object],[object Object],0,0,0,6,150,9000,111,4635,26,6980,5,1100,7111,4551,,,,80,[object Object],1720,23,6,6,22,6,クリスタゴン Lv23 / グルーモス Lv23 / シンドレイク Lv23,"[object Object],[object Object],[object Object]",5,15271,13551,0.8873682142623273,1,2822,control
132,collector,収集・配合,963077279,a574ab5e752630a1ac350f23f0fb29cffce5b52b8fc9123ec81510a4b874710c,completed,1,,,400,200,40,134,87,47,758,92,42,137,17,1,21,0,0,0,0,0,29,12,64,3200,65,55,10,[object Object],[object Object],1,6,0,11,98,5880,134,6802,29,8930,5,1100,8394,7593,,,,80,[object Object],1831,24,6,12,24,13,グルーモス Lv24 / ルミネル Lv22 / クリスタゴン Lv22,"[object Object],[object Object],[object Object]",5,18504,16673,0.9010484219628189,0.8461538461538461,4211,control
133,rush,速攻,1104860489,d79dad0958287847f8a63ad01182c04b59985c70a0757d0391312f894f6fb124,stuck,0,tower,boss_retry_cap,400,200,40,207,110,97,827,113,94,307,0,0,15,0,0,0,0,0,2,2,0,0,1,1,2,[object Object],[object Object],0,0,0,3,241,14460,207,12519,23,6400,5,1100,11101,3900,,,,80,[object Object],321,29,6,3,25,3,プフバット Lv29 / リーフリン Lv29 / ぷるミン Lv29,"[object Object],[object Object],[object Object]",4,18681,18360,0.9828167656977678,1,5148,control
134,balanced,バランス,2148391637,73888a47bd86c5e5ce40943d7d612e4616bb6180c00a5681e900cbb5d0c90a57,completed,1,,,400,200,40,72,45,27,307,50,22,59,18,1,20,0,0,0,0,0,22,7,0,0,1,1,5,[object Object],[object Object],0,0,0,7,136,8160,72,3622,27,8180,4,750,4607,4011,,,,80,[object Object],1446,21,5,8,22,8,クリスタゴン Lv19 / シンダーホーン Lv20 / リーフリン Lv21,"[object Object],[object Object],[object Object]",5,13617,12171,0.8938092090768892,1,1880,control
135,collector,収集・配合,2667022363,1d04ec1f72857f4f72d62cb05af2f90aa28ede058b3486f4fe8ef746c5f6e4ce,completed,1,,,400,200,40,95,55,40,512,63,32,106,21,1,27,0,0,0,0,0,35,11,40,2000,41,32,9,[object Object],[object Object],0,0,0,10,64,3840,95,4205,28,8780,4,750,4358,6902,,,,80,[object Object],1226,19,5,12,24,12,クラッグベア Lv17 / クリスタゴン Lv19 / シンダーホーン Lv18,"[object Object],[object Object],[object Object]",5,13968,12742,0.9122279495990836,0.7804878048780488,2817,control
136,rush,速攻,2043589621,c216ebecb1b82000ed1f60f6cbaf6a7dc1f14e5e967ed6907701e10e8823feab,stuck,0,tower,boss_retry_cap,400,200,40,144,79,65,507,81,63,196,0,0,10,0,0,0,0,0,2,2,0,0,1,1,2,[object Object],[object Object],0,0,0,3,220,13200,144,6412,23,6400,5,1100,9046,3103,,,,80,[object Object],323,28,6,3,23,3,トゲホッグ Lv26 / リーフリン Lv27 / ぷるミン Lv28,"[object Object],[object Object],[object Object]",4,16626,16303,0.9805725971370143,1,3375,control
137,balanced,バランス,2208425659,d92846d04863b404f118e3cfbdbae0dd1e4b8c9a3f362df18e328345b6ebbdf5,completed,1,,,400,200,40,150,96,54,682,100,50,161,18,1,20,0,0,0,0,0,17,5,0,0,1,1,5,[object Object],[object Object],0,0,0,6,204,12240,150,7211,27,7880,5,1100,9609,5008,,,,80,[object Object],1421,26,6,6,22,6,ルミネル Lv24 / リーファウル Lv26 / ギアビット Lv26,"[object Object],[object Object],[object Object]",5,18669,17248,0.9238845144356955,1,4073,control
138,collector,収集・配合,1624905205,ad21e82f633bc1873e596fb5ed76b1d88842242163bb580d3abb658b27bd686d,completed,1,,,400,200,40,132,85,47,562,92,40,121,24,1,18,0,0,0,0,0,24,11,66,3300,67,60,9,[object Object],[object Object],0,0,0,11,99,5940,132,6079,28,8780,5,1100,9033,7912,,,,80,[object Object],1841,23,6,12,25,12,クラッグベア Lv22 / クリスタゴン Lv23 / ルミネル Lv22,"[object Object],[object Object],[object Object]",5,18993,17152,0.9030695519401885,0.8955223880597015,3478,control
139,rush,速攻,1327552686,ffd4976db15999d4111a746ef2a34b6b25d9ce7b772e441a82c928f4385c64b5,stuck,0,tower,boss_retry_cap,400,200,40,214,115,99,779,115,99,276,0,0,8,0,0,0,0,0,4,2,0,0,1,1,2,[object Object],[object Object],0,0,0,3,229,13740,214,9170,23,6400,5,1100,10919,4480,,,,80,[object Object],279,29,6,3,25,3,ヒノコぐま Lv26 / つぼみラビ Lv29 / ぷるミン Lv29,"[object Object],[object Object],[object Object]",4,18499,18220,0.9849181036812801,1,5067,control
140,balanced,バランス,3848226984,f792faadcf2dc6aa56bed85fb13678ca449640cad792e6d06560b4dcec9a5508,completed,1,,,400,200,40,130,86,44,512,79,51,143,10,1,16,0,0,0,0,0,15,5,0,0,1,1,5,[object Object],[object Object],0,0,0,6,164,9840,130,5294,26,6980,5,1100,8070,4989,,,,80,[object Object],1401,24,6,6,24,6,ルーメンオウル Lv21 / リーファウル Lv24 / アッシュインプ Lv24,"[object Object],[object Object],[object Object]",5,16230,14829,0.9136783733826248,1,3216,control
141,collector,収集・配合,836564670,55484b8c41bad81d0c47bc4f08c1337f631fadd10cc83cab8d723a9b03e0c3c6,completed,1,,,400,200,40,136,85,51,653,91,45,132,23,1,20,0,0,0,0,0,30,11,61,3050,62,54,10,[object Object],[object Object],0,0,0,9,77,4620,136,5673,27,7580,5,1100,7338,7226,,,,80,[object Object],1202,23,6,12,25,12,クラッグベア Lv18 / クリスタゴン Lv19 / リーファウル Lv23,"[object Object],[object Object],[object Object]",5,16098,14896,0.9253323394210461,0.8709677419354839,3835,control
142,rush,速攻,516932417,7a167e432d13343ea1cfb82c745d85852f19f2f43759bbf1b3ff10204a15130a,stuck,0,tower,boss_retry_cap,400,200,40,204,109,95,773,111,93,306,0,0,10,0,0,0,0,0,2,2,0,0,1,1,2,[object Object],[object Object],0,0,0,3,244,14640,204,12983,23,6400,5,1100,11378,3987,,,,80,[object Object],331,29,6,3,24,3,プフバット Lv28 / つぼみラビ Lv29 / ぷるミン Lv29,"[object Object],[object Object],[object Object]",4,18958,18627,0.9825403523578436,1,4944,control
143,balanced,バランス,2561102609,c294a841490cc23b85737fa56919cd5aaada60b4f9ae4b031b1739d663c17374,completed,1,,,400,200,40,112,71,41,450,74,38,95,23,1,15,0,0,0,0,0,10,5,0,0,1,1,4,[object Object],[object Object],0,0,0,6,150,9000,112,5452,26,6980,5,1100,6832,4276,,,,80,[object Object],1716,23,6,6,22,6,クラッグベア Lv19 / ドリモール Lv23 / アッシュインプ Lv23,"[object Object],[object Object],[object Object]",5,14992,13276,0.8855389541088581,1,2809,control
144,collector,収集・配合,3326885937,05dd4c363458661b3737c82523c4fea8dcea94b7c5d67308b0a6f05446aba083,completed,1,,,400,200,40,193,129,64,1144,134,59,205,32,1,26,0,0,0,0,0,19,10,96,4800,97,84,9,[object Object],[object Object],1,5,0,8,146,8760,193,15290,30,9830,6,1550,13595,9660,,,,80,[object Object],1835,29,7,10,24,12,グルーモス Lv25 / ギアビット Lv27 / リーファウル Lv29,"[object Object],[object Object],[object Object]",5,25055,23220,0.9267611255238475,0.865979381443299,6115,control
145,rush,速攻,2533169067,1fb6414260edd7b8fd01094c1440a6340a07f6b5889c66fe20a8652f3b0cad2c,stuck,0,tower,boss_retry_cap,400,200,40,162,89,73,612,89,73,218,0,0,11,0,0,0,0,0,3,2,0,0,1,1,2,[object Object],[object Object],0,0,0,3,220,13200,162,6615,23,6400,5,1100,9331,3388,,,,80,[object Object],323,28,6,3,23,3,トゲホッグ Lv27 / リーフリン Lv28 / ぷるミン Lv28,"[object Object],[object Object],[object Object]",4,16911,16588,0.9809000059133108,1,3936,control
146,balanced,バランス,3834287517,3948f0e0dc0ca7a7ea4739124c8c187ccdf3ac3f914416bf0ffc7bd7e4eb4992,completed,1,,,400,200,40,74,45,29,331,51,23,83,13,1,13,0,0,0,0,0,14,6,0,0,1,1,5,[object Object],[object Object],0,0,0,7,118,7080,74,3466,27,8180,4,750,4442,4015,,,,80,[object Object],2357,21,5,7,22,7,グルーモス Lv21 / シンダーホーン Lv19 / リーファウル Lv20,"[object Object],[object Object],[object Object]",5,13452,11095,0.8247844186738031,1,2008,control
147,collector,収集・配合,2109199084,3a8ebaefffa35e48cf536268b1857e6ccc662e0b2a97d1119d76243410cc68fe,completed,1,,,400,200,40,82,46,36,384,52,30,101,15,1,14,0,0,0,0,0,19,11,34,1700,35,27,10,[object Object],[object Object],0,0,0,9,41,2460,82,4598,27,7580,4,750,3600,6490,,,,80,[object Object],1360,18,5,12,23,12,クラッグベア Lv18 / クリスタゴン Lv16 / シンダーホーン Lv16,"[object Object],[object Object],[object Object]",5,12010,10650,0.8867610324729392,0.7714285714285715,2265,control
148,rush,速攻,3540742161,60ed8059df3089fc91392566fe9d6d08fb15a4d16c1e53067443711859937195,stuck,0,tower,boss_retry_cap,400,200,40,148,81,67,540,83,65,198,0,0,11,0,0,0,0,0,3,2,0,0,1,1,2,[object Object],[object Object],0,0,0,3,215,12900,148,5579,23,6400,5,1100,8871,3236,,,,80,[object Object],315,27,6,3,22,3,ドリモール Lv27 / プフバット Lv27 / ぷるミン Lv27,"[object Object],[object Object],[object Object]",4,16451,16136,0.9808522278280956,1,3513,control
149,balanced,バランス,4066140267,4008c84ebc306a3f6873e154911480214e1a7dbb100870e62f7a1f104c34efcf,completed,1,,,400,200,40,109,68,41,478,76,33,121,20,1,18,0,0,0,0,0,21,6,0,0,1,1,4,[object Object],[object Object],0,0,0,7,195,11700,109,5701,28,9080,5,1100,7918,5055,,,,80,[object Object],1423,26,6,7,21,7,グルーモス Lv24 / ギアビット Lv25 / トゲホッグ Lv26,"[object Object],[object Object],[object Object]",5,18178,16755,0.9217185608977886,1,2901,control
150,collector,収集・配合,2089171027,2234e4c34d0b2b906958cfd9e5d1002e6ab3572af8d2b8cce8d252592dc3c4bc,completed,1,,,400,200,40,97,58,39,494,61,36,114,17,1,25,0,0,0,0,0,33,8,37,1850,38,28,7,[object Object],[object Object],0,0,0,9,50,3000,97,2854,26,6980,4,750,4120,5781,,,,80,[object Object],1299,17,5,9,22,9,ルーメンオウル Lv16 / シンダーホーン Lv17 / クリスタゴン Lv16,"[object Object],[object Object],[object Object]",5,11930,10631,0.8911148365465213,0.7368421052631579,2780,control
151,rush,速攻,493040609,6cb6959cdffa6a4cc75a817f45aae67b11b03f974827c1e42f3be2cc020a1374,stuck,0,tower,boss_retry_cap,400,200,40,159,91,68,582,84,75,221,0,0,10,0,0,0,0,0,3,2,0,0,1,1,2,[object Object],[object Object],0,0,0,3,221,13260,159,8317,23,6400,5,1100,9339,3361,,,,80,[object Object],298,27,6,3,24,3,トゲホッグ Lv26 / プフバット Lv27 / ぷるミン Lv27,"[object Object],[object Object],[object Object]",4,16919,16621,0.982386665878598,1,3766,control
152,balanced,バランス,3540056161,4badb6742d592b24728a9395fd0f99bb89977ae99a40069e8e2937d27a560c8e,completed,1,,,400,200,40,149,96,53,588,100,49,164,26,1,22,0,0,0,0,0,15,7,0,0,1,1,6,[object Object],[object Object],0,0,0,5,212,12720,149,7471,27,7880,5,1100,10534,5442,,,,80,[object Object],1432,28,6,8,24,8,グルーモス Lv25 / アッシュインプ Lv25 / プフバット Lv28,"[object Object],[object Object],[object Object]",5,19594,18162,0.9269164029805043,1,3716,control
153,collector,収集・配合,1227145058,9b6236a33de1bbd0d7d42fb87df6ea892ef45fa9eb1103e0774e3fc3c7d78f38,completed,1,,,400,200,40,119,75,44,652,76,43,126,25,1,41,0,0,0,0,0,52,10,58,2900,59,47,9,[object Object],[object Object],0,0,0,9,66,3960,119,4756,27,7580,5,1100,7625,8119,,,,80,[object Object],1406,22,6,11,22,11,ルーメンオウル Lv21 / シンダーホーン Lv22 / グルーモス Lv22,"[object Object],[object Object],[object Object]",5,16385,14979,0.9141898077509918,0.7966101694915254,3543,control
154,rush,速攻,1380775007,3f7fe0c06b933a3a101201d63e308d47b4cd5a87e63d20dcce23b7e85f740fd4,stuck,0,tower,boss_retry_cap,400,200,40,127,70,57,470,73,54,170,0,0,10,0,0,0,0,0,2,2,0,0,1,1,2,[object Object],[object Object],0,0,0,3,203,12180,127,5133,23,6400,4,750,8171,2963,,,,80,[object Object],258,27,5,3,23,3,ドリモール Lv26 / つぼみラビ Lv27 / ぷるミン Lv27,"[object Object],[object Object],[object Object]",4,15401,15143,0.9832478410492825,1,3037,control
155,balanced,バランス,787793054,2a1631f35ae89fc7c3612c7aae4533554af910dec2364cca49520a21ea2640c6,completed,1,,,400,200,40,89,55,34,367,61,28,98,14,1,15,0,0,0,0,0,16,6,0,0,1,1,5,[object Object],[object Object],0,0,0,7,133,7980,89,4414,27,8180,4,750,5446,4158,,,,80,[object Object],2318,21,5,7,24,7,クリスタゴン Lv19 / リーファウル Lv21 / ギアビット Lv21,"[object Object],[object Object],[object Object]",5,14456,12138,0.8396513558384062,1,2288,control
156,collector,収集・配合,1956534569,087042c2fb308a93b466c253ad932737fc4cd50b4c674ab6f875d2aa550cf86a,completed,1,,,400,200,40,111,68,43,556,75,36,103,22,1,18,0,0,0,0,0,59,11,51,2550,52,40,10,[object Object],[object Object],0,0,0,9,73,4380,111,4983,28,8780,5,1100,5797,7411,,,,80,[object Object],1416,19,6,12,22,12,ルーメンオウル Lv19 / クリスタゴン Lv19 / シンダーホーン Lv19,"[object Object],[object Object],[object Object]",5,15757,14341,0.9101351780161199,0.7692307692307693,3143,control
157,rush,速攻,4223251649,4d890ce77eda7eda9f1d10536923fbc5ddbef505d82a1ae561c97004805f42af,completed,1,,,400,200,40,117,67,50,415,66,51,153,0,0,10,0,0,0,0,0,2,2,0,0,1,1,2,[object Object],[object Object],0,0,0,3,181,10860,117,4359,24,7200,4,750,7248,2891,,,,80,[object Object],1527,26,5,3,23,3,ドリモール Lv25 / プフバット Lv26 / ぷるミン Lv25,"[object Object],[object Object],[object Object]",5,15278,13751,0.9000523628747218,1,2745,control
158,balanced,バランス,1556533109,a9ea0b49ae9d696963a2f0971c80088efe9f2aa77d274f2a07de3c004082180e,completed,1,,,400,200,40,95,59,36,418,64,31,100,11,1,21,0,0,0,0,0,15,5,0,0,1,1,5,[object Object],[object Object],0,0,0,6,147,8820,95,4565,26,6980,4,750,6409,3943,,,,80,[object Object],1456,23,5,6,24,6,シンダーホーン Lv21 / クリスタゴン Lv21 / アクアン Lv23,"[object Object],[object Object],[object Object]",5,14219,12763,0.8976018004079049,1,2524,control
159,collector,収集・配合,624379431,6605bbb23821ca529ba7d3d207486cf9fadee0f0ce4185388eccbefc5c4f9ac5,completed,1,,,400,200,40,119,76,43,496,83,36,105,19,1,21,0,0,0,0,0,23,9,53,2650,54,46,7,[object Object],[object Object],0,0,0,8,71,4260,119,4655,27,8180,5,1100,6366,6986,,,,80,[object Object],1830,20,6,10,25,10,シンダーホーン Lv20 / クラッグベア Lv18 / グルーモス Lv20,"[object Object],[object Object],[object Object]",5,15726,13896,0.8836322014498283,0.8518518518518519,3074,control
160,rush,速攻,983779669,7d129d49ba144ec534eb9c2ffaeb9bdc4a2ab823ff78801193e58b2cffde16f2,stuck,0,volcano,boss_retry_cap,400,200,40,123,69,54,460,65,58,176,0,0,11,0,0,0,0,0,2,2,0,0,1,1,2,[object Object],[object Object],0,0,0,3,126,7560,123,5545,20,4320,4,750,4828,2222,,,,80,[object Object],196,22,5,3,17,3,ぷるミン Lv21 / つぼみラビ Lv21 / プフバット Lv22,"[object Object],[object Object],[object Object]",3,9978,9782,0.9803567849268391,1,2949,control
161,balanced,バランス,1508746404,059ccd8c7b57645107eaa987f8ee08e877bc7cc16070e0dd2b52bdc74ab67df5,completed,1,,,400,200,40,96,61,35,354,67,29,84,9,1,18,0,0,0,0,0,11,7,0,0,1,1,5,[object Object],[object Object],0,0,0,7,156,9360,96,3578,27,8180,5,1100,7406,4770,,,,80,[object Object],2636,24,6,8,22,8,ルーメンオウル Lv22 / シンドレイク Lv24 / つぼみラビ Lv24,"[object Object],[object Object],[object Object]",5,16766,14130,0.8427770487892162,1,2335,control
162,collector,収集・配合,2833970566,7ccf05e90e3848d5b1483ffde2529fa4c8ebc00f87a5de1e6693d0410d39b4cb,completed,1,,,400,200,40,118,73,45,727,76,42,133,31,1,33,0,0,0,0,0,24,12,50,2500,51,40,11,[object Object],[object Object],0,0,0,11,60,3600,118,5455,27,7580,5,1100,6405,7682,,,,80,[object Object],1383,20,6,13,23,13,ルーメンオウル Lv19 / シンダーホーン Lv20 / ルミネル Lv20,"[object Object],[object Object],[object Object]",5,15165,13782,0.9088031651829871,0.7843137254901961,3702,control
163,rush,速攻,1049804410,ea46b2db4656e991cd0df6c0e0e2c3d25c1f4733f77312fb612332d1973630f4,stuck,0,tower,boss_retry_cap,400,200,40,171,100,71,653,87,84,241,0,0,10,0,0,0,0,0,3,2,0,0,1,1,2,[object Object],[object Object],0,0,0,3,219,13140,171,10782,23,6400,5,1100,9456,3606,,,,46,[object Object],290,28,6,3,23,3,トゲホッグ Lv26 / プフバット Lv27 / ぷるミン Lv28,"[object Object],[object Object],[object Object]",4,17036,16746,0.982977224700634,1,4117,control
164,balanced,バランス,2602278183,b265a119a18f79898adddb037c344115d97b6fac1aac5509e6e80e69f51d673d,completed,1,,,400,200,40,71,43,28,323,50,21,69,18,1,24,0,0,0,0,0,16,8,0,0,1,1,6,[object Object],[object Object],0,0,0,7,105,6300,71,3139,27,8180,4,750,4268,5004,,,,80,[object Object],1974,21,5,9,23,9,ルーメンオウル Lv15 / ギアビット Lv20 / トゲホッグ Lv21,"[object Object],[object Object],[object Object]",5,13278,11304,0.851333032083145,1,1906,control
165,collector,収集・配合,3687461752,63b8f8e16f8db9a37d9e216040387d2edc6ba15408a81e650eecff7e589f0df5,completed,1,,,400,200,40,83,49,34,423,56,27,102,18,1,23,0,0,0,0,0,42,14,40,2000,41,28,12,[object Object],[object Object],0,0,0,11,56,3360,83,5267,29,9630,4,750,4463,7547,,,,80,[object Object],2016,18,5,15,23,15,クラッグベア Lv17 / ルミネル Lv18 / シンダーホーン Lv18,"[object Object],[object Object],[object Object]",5,14923,12907,0.8649065201367018,0.6829268292682927,2406,control
166,rush,速攻,880755237,4a3557e067bca2f4198270d39d00594d5053efe1442355404b360a49fbf87d14,stuck,0,tower,boss_retry_cap,400,200,40,186,102,84,719,100,86,226,0,0,9,0,0,0,0,0,3,2,0,0,1,1,2,[object Object],[object Object],0,0,0,3,221,13260,186,7118,23,6400,5,1100,9605,3616,,,,80,[object Object],309,28,6,3,25,3,ペブロン Lv27 / アワマリン Lv27 / ぷるミン Lv28,"[object Object],[object Object],[object Object]",4,17185,16876,0.9820192027931336,1,4520,control
167,balanced,バランス,2016156708,4fa2582591bdf11e616fb3bcb999217aa8bde108109e4f260e10d63c7e4025d7,completed,1,,,400,200,40,111,70,41,474,75,36,121,15,1,24,0,0,0,0,0,15,7,0,0,1,1,6,[object Object],[object Object],0,0,0,6,154,9240,111,5294,27,8180,5,1100,7708,5408,,,,80,[object Object],2420,24,6,8,22,8,クリスタゴン Lv22 / リーファウル Lv24 / ヒノコぐま Lv24,"[object Object],[object Object],[object Object]",5,17068,14648,0.8582142020154675,1,2895,control
168,collector,収集・配合,3153757766,c6c782484c89808663938396d8c241551ed6e7dcf9b66bd2731455cd7d0cb113,completed,1,,,400,200,40,169,113,56,969,113,56,168,20,1,43,0,0,0,0,0,32,9,77,3850,78,65,8,[object Object],[object Object],0,0,0,8,85,5100,169,8401,28,9080,5,1100,10442,9428,,,,80,[object Object],2324,25,6,10,24,10,ルーメンオウル Lv23 / グルーモス Lv24 / リーファウル Lv25,"[object Object],[object Object],[object Object]",5,20702,18378,0.8877403149454159,0.8333333333333334,5210,control
169,rush,速攻,2772042677,e27ebdf602d034e9c7fbccb128e2a361f362871af75ffd8f3acba3f648fb01c8,completed,1,,,400,200,40,150,83,67,474,83,67,194,0,0,8,0,0,0,0,0,3,2,0,0,1,1,2,[object Object],[object Object],0,0,0,3,209,12540,150,5112,24,7200,5,1100,8867,3205,,,,80,[object Object],1502,27,6,3,23,3,グルーモス Lv25 / プフバット Lv27 / ぷるミン Lv27,"[object Object],[object Object],[object Object]",5,17247,15745,0.9129123905606772,1,3278,control
170,balanced,バランス,2431153396,9f763bab0fa3def7fc64c35f93a1fb2453d6309bca80cb33abf70b9af299fad7,completed,1,,,400,200,40,81,51,30,317,57,24,53,11,1,21,0,0,0,0,0,16,6,0,0,1,1,4,[object Object],[object Object],0,0,0,5,127,7620,81,2164,27,8180,4,750,4832,3806,,,,80,[object Object],2416,21,5,7,23,7,ルーメンオウル Lv20 / ギアビット Lv20 / ぷるミン Lv21,"[object Object],[object Object],[object Object]",5,13842,11426,0.8254587487357319,1,1992,control
171,collector,収集・配合,163029703,0e676ade31bd8c8cf0cce6d3be369fab38c006e11c3e432842fe530af624527b,completed,1,,,400,200,40,123,75,48,638,81,42,141,18,1,18,0,0,0,0,0,40,11,53,2650,54,43,10,[object Object],[object Object],0,0,0,10,82,4920,123,6330,28,8780,5,1100,6345,7519,,,,80,[object Object],1216,21,6,12,24,12,グルーモス Lv21 / ルミネル Lv20 / クリスタゴン Lv21,"[object Object],[object Object],[object Object]",5,16305,15089,0.9254216498006747,0.7962962962962963,3591,control
172,rush,速攻,1397419603,3dcfbbe7704405bb4d302423e1cca630a8a46c6519a2a448e8bfa73ad1a7b90e,stuck,0,tower,boss_retry_cap,400,200,40,196,106,90,766,106,90,257,0,0,11,0,0,0,0,0,5,2,0,0,1,1,2,[object Object],[object Object],0,0,0,3,231,13860,196,8054,23,6400,5,1100,10303,3753,,,,80,[object Object],270,29,6,3,24,3,アワマリン Lv26 / リーフリン Lv28 / ぷるミン Lv29,"[object Object],[object Object],[object Object]",4,17883,17613,0.9849018621036739,1,4782,control
173,balanced,バランス,1814614354,cd3ee39ad8e7fc79d6780090f255b1eb66ab4ba2618f2d0d2c848039a383b5cc,completed,1,,,400,200,40,144,92,52,654,99,45,143,19,1,25,0,0,0,0,0,9,7,0,0,1,1,5,[object Object],[object Object],0,0,0,8,211,12660,144,4636,28,9080,5,1100,10865,6085,,,,80,[object Object],2380,28,6,8,23,8,ルミネル Lv26 / ドリモール Lv28 / アクアン Lv28,"[object Object],[object Object],[object Object]",5,21125,18745,0.8873372781065089,1,3926,control
174,collector,収集・配合,2630351494,0b29c3de04c2bc31388d0368e6b9a4526a2e0966ca74f537cfccd65acb7029ad,completed,1,,,400,200,40,161,109,52,853,107,54,151,23,1,56,0,1,0,0,0,39,10,71,3550,72,59,8,[object Object],[object Object],0,0,0,8,97,5820,161,6654,28,8780,5,1100,9548,8275,,,,80,[object Object],1863,23,6,11,25,11,ルーメンオウル Lv22 / グルーモス Lv23 / シンドレイク Lv23,"[object Object],[object Object],[object Object]",5,19508,17645,0.9045007176542956,0.8194444444444444,4651,control
175,rush,速攻,459469202,80cc6b031c94ee8a8c98db001f155d99d74dc6bb073f85e0078c70a50b13776e,stuck,0,volcano,boss_retry_cap,400,200,40,172,92,80,595,91,81,208,0,0,7,0,0,0,0,0,2,2,0,0,1,1,2,[object Object],[object Object],0,0,0,3,150,9000,172,5867,21,5020,5,1100,5785,2774,,,,80,[object Object],211,23,6,3,20,3,リーフリン Lv21 / プフバット Lv22 / ぷるミン Lv23,"[object Object],[object Object],[object Object]",3,11985,11774,0.9823946599916562,1,3964,control
176,balanced,バランス,3054418861,47488fce55a5e793f9f47f8618ba957dd040635a1ff5d00765ea6aed5ab932e0,completed,1,,,400,200,40,87,55,32,419,56,31,94,19,1,20,0,0,0,0,0,12,5,0,0,1,1,5,[object Object],[object Object],0,0,0,6,123,7380,87,3160,26,6980,4,750,4925,3908,,,,80,[object Object],1447,22,5,6,24,6,クラッグベア Lv19 / シンドレイク Lv20 / ドリモール Lv22,"[object Object],[object Object],[object Object]",5,12735,11288,0.8863761287789557,1,2430,control
177,collector,収集・配合,362762639,b31deb1bc28ff03464b185d89201fcebe41538f85ef719e1484104d1523f5556,completed,1,,,400,200,40,107,68,39,511,74,33,99,18,1,36,0,0,0,0,0,24,11,51,2550,52,45,9,[object Object],[object Object],0,0,0,9,81,4860,107,4076,28,8780,5,1100,6718,7233,,,,80,[object Object],2035,22,6,12,24,12,ルーメンオウル Lv22 / シンダーホーン Lv20 / グルーモス Lv22,"[object Object],[object Object],[object Object]",5,16678,14643,0.877982971579326,0.8653846153846154,2976,control
178,rush,速攻,615435213,13faa8ab90427f68cbb439209926e17e78d75ce5233ab2f1e64f76b6393985bc,stuck,0,tower,boss_retry_cap,400,200,40,156,85,71,580,87,69,193,0,0,7,0,0,0,0,0,4,2,0,0,1,1,2,[object Object],[object Object],0,0,0,3,220,13200,156,6162,23,6400,5,1100,9116,3237,,,,80,[object Object],259,27,6,3,24,3,ペブロン Lv27 / アワマリン Lv26 / ぷるミン Lv27,"[object Object],[object Object],[object Object]",4,16696,16437,0.9844873023478677,1,3729,control
179,balanced,バランス,820743899,ecc9119e2c679075d44b01bd5bfd763b448f2bd75394006779747555626ead12,completed,1,,,400,200,40,104,66,38,393,70,34,83,12,1,19,0,0,0,0,0,10,6,0,0,1,1,5,[object Object],[object Object],0,0,0,5,147,8820,104,3473,26,6980,5,1100,6739,4370,,,,80,[object Object],1709,23,6,7,23,7,クラッグベア Lv20 / アッシュインプ Lv23 / つぼみラビ Lv21,"[object Object],[object Object],[object Object]",5,14899,13190,0.8852943150547017,1,2530,control
180,collector,収集・配合,3466123200,f552fc608fc13b996ea6bd5241f8fb1a796a18187edd8c6cf155a2b0f9ade958,completed,1,,,400,200,40,151,101,50,882,104,47,164,22,1,29,0,0,0,0,0,24,11,78,3900,79,68,9,[object Object],[object Object],0,0,0,12,101,6060,151,8568,27,8540,5,1100,9857,7759,,,,80,[object Object],1858,24,6,12,24,12,グルーモス Lv24 / ルミネル Lv23 / クリスタゴン Lv22,"[object Object],[object Object],[object Object]",5,19577,17719,0.9050927108341421,0.8607594936708861,4802,control
181,rush,速攻,1288435788,90b65619a2d8052aef6e85e5ba90a850f33fbc9db9ba19cdfc1025d058826db3,stuck,0,volcano,boss_retry_cap,400,200,40,108,58,50,468,61,47,162,0,0,10,0,0,0,0,0,2,2,0,0,1,1,2,[object Object],[object Object],0,0,0,3,126,7560,108,7415,20,4320,4,750,4712,2034,,,,80,[object Object],268,22,5,3,17,3,リーフリン Lv21 / つぼみラビ Lv21 / ぷるミン Lv22,"[object Object],[object Object],[object Object]",3,9862,9594,0.9728249847901034,1,2830,control
182,balanced,バランス,2578054574,42a6a2fd34141d4cf479ae6a40df65576e11a98bf186ee0f039e6ea41d5a0c1c,completed,1,,,400,200,40,107,67,40,597,73,34,116,12,1,23,0,0,0,0,0,15,6,0,0,1,1,5,[object Object],[object Object],0,0,0,7,161,9660,107,6390,28,9080,5,1100,7804,5085,,,,80,[object Object],3319,25,6,7,23,7,ルミネル Lv23 / アクアン Lv25 / トゲホッグ Lv25,"[object Object],[object Object],[object Object]",5,18064,14745,0.8162643932683791,1,3310,control
183,collector,収集・配合,3861794691,2232a199f0c581ab7146597341b0ed5c7d5a0283eca0e34d317baed6f9b00ac3,completed,1,,,400,200,40,116,73,43,681,80,36,124,15,1,24,0,0,0,0,0,38,13,55,2750,56,45,11,[object Object],[object Object],0,0,0,10,90,5400,116,5840,29,10980,5,1100,7089,8759,,,,80,[object Object],2340,21,6,14,25,14,クラッグベア Lv19 / グルーモス Lv21 / クリスタゴン Lv20,"[object Object],[object Object],[object Object]",5,19249,16909,0.8784352433892669,0.8035714285714286,3669,control
184,rush,速攻,1275161468,349ba481bdfd195cef3d6f57d542f1d04b0a0262f67d883d397a3e7df2cdb329,completed,1,,,400,200,40,134,74,60,507,76,58,168,0,0,12,0,0,0,0,0,3,2,0,0,1,1,2,[object Object],[object Object],0,0,0,3,198,11880,134,5910,24,7200,5,1100,8247,2846,,,,80,[object Object],1901,27,6,3,22,3,ドリモール Lv25 / ペブロン Lv26 / ぷるミン Lv27,"[object Object],[object Object],[object Object]",5,16627,14726,0.8856678895771937,1,3255,control
185,balanced,バランス,3420245885,ef3b18c97fc58f016b93afe33f5cce7890ad948c1d1dc97401ff2141e81ac404,completed,1,,,400,200,40,98,62,36,404,67,31,83,12,1,17,0,0,0,0,0,13,7,0,0,1,1,5,[object Object],[object Object],0,0,0,6,150,9000,98,3298,27,8180,5,1100,7161,4883,,,,80,[object Object],2638,24,6,8,23,8,ルミネル Lv24 / ギアビット Lv24 / プフバット Lv24,"[object Object],[object Object],[object Object]",5,16521,13883,0.8403244355668543,1,2512,control
186,collector,収集・配合,1923970398,d3044e1953129b88da9bcf6f7308aa7b9090cca8e7dc9597b86cc02971371697,completed,1,,,400,200,40,152,102,50,908,104,48,160,21,1,76,0,2,0,0,0,28,10,75,3750,76,66,8,[object Object],[object Object],0,0,0,10,115,6900,152,7042,29,9680,5,1100,10661,8561,,,,80,[object Object],2310,25,6,11,24,11,ルーメンオウル Lv23 / グルーモス Lv25 / ルミネル Lv24,"[object Object],[object Object],[object Object]",5,21521,19211,0.8926629803447795,0.868421052631579,4719,control
187,rush,速攻,519359325,973cb2d34e0f154889b52a8c85995069739d6c84503c82197f05b50e0d795b78,stuck,0,tower,boss_retry_cap,400,200,40,152,82,70,559,86,66,206,0,0,10,0,0,0,0,0,2,2,0,0,1,1,2,[object Object],[object Object],0,0,0,3,227,13620,152,6873,23,6400,5,1100,9531,3249,,,,80,[object Object],242,28,6,3,23,3,ペブロン Lv27 / リーフリン Lv28 / ぷるミン Lv28,"[object Object],[object Object],[object Object]",4,17111,16869,0.9858570510198118,1,3626,control
188,balanced,バランス,1073587773,29812ee5a06d452cde2d6735d8b5f51789c6602c8a3dca5cab87d6eaa6dc73ce,completed,1,,,400,200,40,167,107,60,719,113,54,186,34,1,19,0,0,0,0,0,22,6,0,0,1,1,5,[object Object],[object Object],0,0,0,6,246,14760,167,11472,28,9080,6,1550,13238,6491,,,,80,[object Object],2697,30,7,7,24,7,ギアビット Lv28 / アクアン Lv30 / トゲホッグ Lv30,"[object Object],[object Object],[object Object]",5,23948,21251,0.8873809921496576,1,4391,control
189,collector,収集・配合,3533231507,41a357df37872dc2649a8fc1f760a6b0574a536514e50f6c4039bb9afc5e6073,completed,1,,,400,200,40,156,102,54,867,107,49,165,21,1,32,0,0,0,0,0,54,11,79,3950,80,64,9,[object Object],[object Object],2,11,0,9,107,6420,156,9409,31,12030,5,1100,10496,10502,,,,80,[object Object],2834,26,6,10,25,14,クリスタゴン Lv23 / シンドレイク Lv24 / リーファウル Lv26,"[object Object],[object Object],[object Object]",5,23706,20872,0.8804522061925251,0.8,4791,control
190,rush,速攻,1712252792,065f41ae00ba94e0c6781ee19eac6fc78fe17c2fd210f6a98b9cd238aa22f967,stuck,0,tower,boss_retry_cap,400,200,40,163,88,75,634,91,72,225,0,0,10,0,0,0,0,0,2,2,0,0,1,1,2,[object Object],[object Object],0,0,0,3,224,13440,163,8144,23,6400,5,1100,9568,3365,,,,80,[object Object],343,28,6,3,23,3,トゲホッグ Lv27 / プフバット Lv28 / ぷるミン Lv28,"[object Object],[object Object],[object Object]",4,17148,16805,0.9799976673664568,1,4012,control
191,balanced,バランス,1032805220,5f2f6382edfd313672b339b295a804e39c3599873a0eb18c340c4d55f0e990c0,completed,1,,,400,200,40,138,88,50,566,93,45,157,39,1,23,0,0,0,0,0,19,4,0,0,1,1,4,[object Object],[object Object],0,0,0,4,204,12240,138,9614,27,8820,5,1100,10531,5944,,,,80,[object Object],2347,29,6,5,24,5,シンドレイク Lv25 / ドリモール Lv28 / リーフリン Lv29,"[object Object],[object Object],[object Object]",5,20531,18184,0.8856850616141445,1,3499,control
192,collector,収集・配合,178567712,ca11a80ad769cfd6209f3757d1b76918644d3db5e2d10a45dd58d92cf6ea9f53,completed,1,,,400,200,40,111,67,44,611,77,34,104,20,1,24,0,0,0,0,0,34,11,50,2500,51,40,9,[object Object],[object Object],0,0,0,11,86,5160,111,4272,29,10980,5,1100,5751,7903,,,,80,[object Object],2348,21,6,12,24,12,クラッグベア Lv18 / ルーメンオウル Lv19 / ルミネル Lv21,"[object Object],[object Object],[object Object]",5,17911,15563,0.8689073753559265,0.7843137254901961,3364,control
193,rush,速攻,3662599102,30ec61b76b483129466c9740f54859fc3eb1939a3613cc49ef3c98b2b531202c,stuck,0,volcano,boss_retry_cap,400,200,40,118,66,52,473,63,55,177,0,0,10,0,0,0,0,0,2,2,0,0,1,1,2,[object Object],[object Object],0,0,0,3,133,7980,118,5522,21,5020,4,750,4774,2394,,,,80,[object Object],250,22,5,3,18,3,ぷるミン Lv21 / つぼみラビ Lv21 / プフバット Lv22,"[object Object],[object Object],[object Object]",3,10624,10374,0.9764683734939759,1,2932,control
194,balanced,バランス,3099134454,a0977a493f21a4cfd4eba00f1c9aa69419ef4775aa245ba1a8042d1255431dd0,completed,1,,,400,200,40,151,97,54,615,102,49,157,19,1,22,0,0,0,0,0,17,5,0,0,1,1,4,[object Object],[object Object],1,5,0,5,219,13140,151,9171,28,8030,5,1100,10970,5614,,,,80,[object Object],1426,29,6,5,25,7,ギアビット Lv27 / トゲホッグ Lv27 / つぼみラビ Lv29,"[object Object],[object Object],[object Object]",5,20180,18754,0.9293359762140734,1,3832,control
195,collector,収集・配合,2631329939,090e44865e6ac81fb6dbade635075a627882654fe5e2f8f027339bf7c6d78824,completed,1,,,400,200,40,98,63,35,406,70,28,76,14,1,26,0,0,0,0,0,28,12,51,2550,52,41,9,[object Object],[object Object],0,0,0,9,88,5280,98,3689,28,8780,5,1100,6037,6740,66,,,80,[object Object],1427,21,6,13,24,13,シンダーホーン Lv19 / グルーモス Lv21 / ルミネル Lv19,"[object Object],[object Object],[object Object]",5,15997,14570,0.9107957742076639,0.7884615384615384,2533,control
196,rush,速攻,1499184989,ee254fef8f04cd07be954678111f183b51dd7ee4bee059fbfd45acd26be05168,stuck,0,tower,boss_retry_cap,400,200,40,158,86,72,579,88,70,216,0,0,10,0,0,0,0,0,3,2,0,0,1,1,2,[object Object],[object Object],0,0,0,3,220,13200,158,8450,23,6400,5,1100,9171,3290,,,,80,[object Object],261,27,6,3,24,3,トゲホッグ Lv27 / プフバット Lv27 / ぷるミン Lv27,"[object Object],[object Object],[object Object]",4,16751,16490,0.9844188406662289,1,3758,control
197,balanced,バランス,2805358320,fd090f978c1716fd8338aee438a844cf0a3a833178e1195e7d1ed0659a485dd7,completed,1,,,400,200,40,91,56,35,338,63,28,95,6,1,11,0,0,0,0,0,19,5,0,0,1,1,5,[object Object],[object Object],0,0,0,5,142,8520,91,4225,26,7940,4,750,6140,4012,,,,80,[object Object],2378,23,5,6,25,6,グルーモス Lv21 / シンドレイク Lv21 / ドリモール Lv23,"[object Object],[object Object],[object Object]",5,14910,12532,0.8405097250167672,1,2205,control
198,collector,収集・配合,605477691,20f91c2f5cd9f1b48d55ec7d42aae0faefa8980113add5d1760c35bb63d93730,completed,1,,,400,200,40,149,97,52,859,100,49,185,32,1,29,0,0,0,0,0,32,10,74,3700,75,61,9,[object Object],[object Object],0,0,0,10,89,5340,149,11118,27,7580,5,1100,10047,8550,,,,80,[object Object],1217,24,6,11,24,11,グルーモス Lv22 / ルミネル Lv23 / シンドレイク Lv24,"[object Object],[object Object],[object Object]",5,18807,17590,0.9352900515765407,0.8133333333333334,4666,control
199,rush,速攻,1066157752,3c448579f2870f0797a86daea79692210d2372dce1b98ee54410394424900b48,stuck,0,tower,boss_retry_cap,400,200,40,165,91,74,630,90,75,225,0,0,10,0,0,0,0,0,2,2,0,0,1,1,2,[object Object],[object Object],0,0,0,3,217,13020,165,6336,23,6400,5,1100,9398,3657,,,,80,[object Object],301,27,6,3,23,3,ペブロン Lv27 / プフバット Lv27 / ぷるミン Lv27,"[object Object],[object Object],[object Object]",4,16978,16677,0.9822711744610673,1,4011,control
200,balanced,バランス,1757109493,4fa6e827fba577fd5cd2e46700d9252ba7a951e92ad6708d786c68ab270d6784,completed,1,,,400,200,40,107,68,39,414,69,38,104,5,1,12,0,0,0,0,0,11,4,0,0,1,1,4,[object Object],[object Object],0,0,0,5,129,7740,107,3622,25,6720,4,750,5375,3735,,,,80,[object Object],1450,21,5,5,24,5,ルーメンオウル Lv16 / シンドレイク Lv20 / リーフリン Lv21,"[object Object],[object Object],[object Object]",5,12925,11475,0.8878143133462283,1,2616,control
201,collector,収集・配合,3882618950,5a701aefa8870826acf9c86194e235487c97b23f750fc209e68e2c7c6cd4e363,completed,1,,,400,200,40,132,86,46,700,90,42,115,26,1,51,0,1,0,0,0,36,10,62,3100,63,51,8,[object Object],[object Object],0,0,0,9,87,5220,132,5642,28,8780,5,1100,7757,8220,,,,80,[object Object],1177,22,6,11,23,11,ルーメンオウル Lv21 / シンダーホーン Lv22 / ルミネル Lv22,"[object Object],[object Object],[object Object]",5,17717,16540,0.9335666309194559,0.8095238095238095,3881,control
202,rush,速攻,3331902860,85a649e3ad83d12367b83186b5acd052ab1b8a454e9a48652fd7fff4ec7e3cc6,stuck,0,volcano,boss_retry_cap,400,200,40,120,65,55,527,66,54,181,0,0,10,0,0,0,0,0,5,2,0,0,1,1,2,[object Object],[object Object],0,0,0,3,125,7500,120,7039,20,4320,4,750,4776,2176,,,,80,[object Object],250,21,5,3,17,3,ぷるミン Lv21 / リーフリン Lv20 / プフバット Lv21,"[object Object],[object Object],[object Object]",3,9926,9676,0.9748136207938747,1,3143,control
203,balanced,バランス,2220623947,a400b3562e0b878a4533fa7e75649e668caabf700f55d114e00c69b5a4fd5d73,completed,1,,,400,200,40,82,52,30,357,54,28,89,14,1,13,0,0,0,0,0,17,7,0,0,1,1,6,[object Object],[object Object],0,0,0,8,122,7320,82,3136,26,6980,4,750,5190,4277,,,,80,[object Object],1403,22,5,8,24,8,ルーメンオウル Lv21 / ドリモール Lv22 / アクアン Lv22,"[object Object],[object Object],[object Object]",5,13000,11597,0.8920769230769231,1,2170,control
204,collector,収集・配合,945273016,4c6b6df889f60adaa0801521dd048ee39962f6710c18eaefa183c670f25646e0,completed,1,,,400,200,40,187,126,61,1226,127,60,235,38,1,47,0,0,0,0,0,34,9,90,4500,91,76,8,[object Object],[object Object],0,0,0,9,140,8400,187,19637,27,7880,6,1550,14336,9748,,,,80,[object Object],1198,29,7,10,24,10,グルーモス Lv24 / シンドレイク Lv29 / リーファウル Lv28,"[object Object],[object Object],[object Object]",5,23846,22648,0.9497609661997819,0.8351648351648352,6249,control
205,rush,速攻,3592172379,96b4c0d4cd3d7345c2c392c44094ecb67b1d2a8ed9a0ef41c986d768a66d2a97,stuck,0,tower,boss_retry_cap,400,200,40,145,80,65,529,81,64,191,0,0,9,0,0,0,0,0,3,2,0,0,1,1,2,[object Object],[object Object],0,0,0,3,211,12660,145,5477,23,6400,5,1100,8538,3149,,,,80,[object Object],309,27,6,3,23,3,ドリモール Lv26 / プフバット Lv27 / ぷるミン Lv27,"[object Object],[object Object],[object Object]",4,16118,15809,0.9808288869586798,1,3434,control
206,balanced,バランス,3544658041,5e1ed4d536224f7667004425e421d44b060b87c575d666619ffffa155fb6c05d,completed,1,,,400,200,40,55,33,22,260,40,15,46,10,1,20,0,0,0,0,0,15,6,0,0,1,1,5,[object Object],[object Object],0,0,0,6,91,5460,55,2443,27,8180,4,750,3657,4739,,,,80,[object Object],2468,20,5,7,21,7,シンダーホーン Lv19 / グルーモス Lv19 / アクアン Lv20,"[object Object],[object Object],[object Object]",5,12667,10199,0.8051630220257362,1,1510,control
207,collector,収集・配合,1411519779,bb00f2289c4530fc4f4418c67bf870a3d26b44e1c39b8a87e4711c1b20b64984,completed,1,,,400,200,40,125,81,44,651,83,42,130,18,1,26,0,0,0,0,0,34,12,63,3150,64,51,10,[object Object],[object Object],0,0,0,10,77,4620,125,8184,28,8780,5,1100,8065,8407,,,,80,[object Object],1848,22,6,13,24,13,グルーモス Lv21 / シンダーホーン Lv21 / ルミネル Lv22,"[object Object],[object Object],[object Object]",5,18025,16177,0.8974757281553398,0.796875,3641,control
208,rush,速攻,1966953029,cce262c5e10ee92c8fd767eb23ba25ca1e63be7161104ff334637ef1c3f32487,stuck,0,volcano,boss_retry_cap,400,200,40,115,63,52,458,63,52,175,0,0,9,0,0,0,0,0,3,2,0,0,1,1,2,[object Object],[object Object],0,0,0,3,120,7200,115,6328,20,4320,4,750,4811,2501,,,,80,[object Object],260,22,5,3,17,3,ぷるミン Lv21 / つぼみラビ Lv21 / プフバット Lv22,"[object Object],[object Object],[object Object]",3,9961,9701,0.9738982029916675,1,2860,control
209,balanced,バランス,2877326820,a6052242ae11af272390287b7efd940f0f197f9c5744537bea56917e2a791cd4,completed,1,,,400,200,40,106,67,39,400,72,34,111,10,1,15,0,0,0,0,0,8,6,0,0,1,1,5,[object Object],[object Object],0,0,0,7,154,9240,106,4352,26,6980,5,1100,7183,4381,,,,80,[object Object],1722,23,6,7,25,7,グルーモス Lv23 / ルミネル Lv22 / シンドレイク Lv23,"[object Object],[object Object],[object Object]",5,15343,13621,0.8877664081340024,1,2621,control
210,collector,収集・配合,2101130489,2fb269582a90ec0f6dfc8fec158dc26b0ae9cc57330ef27d32328074a5704ce8,completed,1,,,400,200,40,102,61,41,475,65,37,133,17,1,21,0,0,0,0,0,43,11,42,2100,43,32,10,[object Object],[object Object],0,0,0,9,53,3180,102,5951,28,8780,4,750,5364,7847,,,,80,[object Object],1847,20,5,12,25,12,シンダーホーン Lv19 / クリスタゴン Lv20 / グルーモス Lv18,"[object Object],[object Object],[object Object]",5,14974,13127,0.876652864965941,0.7441860465116279,2798,control
211,rush,速攻,2324803021,931e44bead65082a1b0f4ba68c9c0e910a9f702e95e75e7cfab0fcb6933b4f8c,stuck,0,tower,boss_retry_cap,400,200,40,130,71,59,462,75,55,174,0,0,9,0,0,0,0,0,2,2,0,0,1,1,2,[object Object],[object Object],0,0,0,3,213,12780,130,5593,23,6400,5,1100,8381,2907,,,,80,[object Object],274,27,6,3,23,3,ドリモール Lv26 / プフバット Lv27 / ぷるミン Lv27,"[object Object],[object Object],[object Object]",4,15961,15687,0.9828331558173047,1,3055,control
212,balanced,バランス,3017987847,12910a09309509a1525bb90f026d10dd79361a2e68ab0b0fafe6dfd365bccca8,completed,1,,,400,200,40,100,62,38,431,69,31,107,15,1,16,0,0,0,0,0,15,6,0,0,1,1,6,[object Object],[object Object],0,0,0,6,147,8820,100,5194,27,8180,5,1100,6824,4697,,,,80,[object Object],2667,24,6,7,24,7,クラッグベア Lv20 / シンドレイク Lv22 / トゲホッグ Lv24,"[object Object],[object Object],[object Object]",5,16184,13517,0.8352076124567474,1,2626,control
213,collector,収集・配合,330740946,c663029663e8ffde2a6fb5c841b2d34bf3033529a3fb04510e2a6ebfa03d47ae,completed,1,,,400,200,40,103,65,38,509,71,32,88,23,1,25,0,0,0,0,0,24,10,48,2400,49,38,8,[object Object],[object Object],0,0,0,10,70,4200,103,3349,28,8780,5,1100,5665,6965,,,,80,[object Object],2060,19,6,11,25,11,シンダーホーン Lv19 / ルーメンオウル Lv19 / クリスタゴン Lv19,"[object Object],[object Object],[object Object]",5,15625,13565,0.86816,0.7755102040816326,2899,control
214,rush,速攻,2929533167,f19716b687b58dc04be271ebf6ca3a1e8bc67da300660855ccae4fa8ca7ae1b1,stuck,0,tower,boss_retry_cap,400,200,40,155,84,71,625,87,68,212,0,0,12,0,0,0,0,0,3,2,0,0,1,1,2,[object Object],[object Object],0,0,0,3,223,13380,155,7954,23,6400,5,1100,9374,3280,,,,80,[object Object],294,28,6,3,23,3,ペブロン Lv27 / リーフリン Lv27 / ぷるミン Lv28,"[object Object],[object Object],[object Object]",4,16954,16660,0.9826589595375722,1,3882,control
215,balanced,バランス,393534731,0811dc862c502140b8eba5c6226aaa45465a54502d639f45eda3f05c868cc076,completed,1,,,400,200,40,83,53,30,388,51,32,89,11,1,21,0,0,0,0,0,10,5,0,0,1,1,5,[object Object],[object Object],0,0,0,6,113,6780,83,3172,26,6980,4,750,4203,3810,,,,80,[object Object],1423,21,5,6,24,6,クリスタゴン Lv19 / シンドレイク Lv18 / ドリモール Lv21,"[object Object],[object Object],[object Object]",5,12013,10590,0.881544992924332,1,2260,control
216,collector,収集・配合,1639382499,b997e48d8d61ee268b5e3eddc973090aecc30ef870750765586a45a2f9c9af74,completed,1,,,400,200,40,139,92,47,801,98,41,117,18,1,58,0,1,0,0,0,31,11,70,3500,71,63,9,[object Object],[object Object],0,0,0,11,102,6120,139,5889,28,8780,5,1100,9268,7767,,,,80,[object Object],1841,24,6,12,23,12,ルーメンオウル Lv23 / グルーモス Lv24 / ルミネル Lv23,"[object Object],[object Object],[object Object]",5,19228,17387,0.9042542126066153,0.8873239436619719,4282,control
217,rush,速攻,4123112161,6d4321b0bdfa83c59c2c29419de1a089309f768c451deafcc9d945088ed14518,stuck,0,tower,boss_retry_cap,400,200,40,132,72,60,508,76,56,172,0,0,10,0,0,0,0,0,3,2,0,0,1,1,2,[object Object],[object Object],0,0,0,3,211,12660,132,5865,23,6400,5,1100,8252,2934,,,,80,[object Object],238,27,6,3,22,3,ドリモール Lv26 / ペブロン Lv26 / ぷるミン Lv27,"[object Object],[object Object],[object Object]",4,15832,15594,0.9849671551288529,1,3239,control
218,balanced,バランス,2938308441,1f3b449afdf9b23eb2fcbbdbec2c5f195a66111a3c9167fd264c9c8bef109b42,completed,1,,,400,200,40,85,53,32,353,55,30,94,17,1,17,0,0,0,0,0,7,5,0,0,1,1,5,[object Object],[object Object],0,0,0,6,123,7380,85,3930,26,6980,4,750,5155,4146,,,,80,[object Object],1439,22,5,6,25,6,ルーメンオウル Lv19 / グルーモス Lv20 / ドリモール Lv22,"[object Object],[object Object],[object Object]",5,12965,11526,0.8890088700347089,1,2163,control
219,collector,収集・配合,951388773,4bbd8e792791b7bbd305dc396cfd265a3ef80e943773e7e3d962a8268fd1534d,completed,1,,,400,200,40,79,44,35,442,49,30,96,17,1,23,0,0,0,0,0,49,12,32,1600,33,22,9,[object Object],[object Object],0,0,0,11,43,2580,79,4848,28,8780,4,750,3697,7456,50,,,80,[object Object],1671,18,5,13,23,13,クラッグベア Lv17 / クリスタゴン Lv18 / シンダーホーン Lv16,"[object Object],[object Object],[object Object]",5,13307,11636,0.8744269933117907,0.6666666666666666,2407,control
220,rush,速攻,3409028924,04f0a057f0251f7e6283c99832fb5a8e52463deae49b4ed042ef05f262ebad21,stuck,0,tower,boss_retry_cap,400,200,40,172,96,76,673,92,80,243,0,0,10,0,0,0,0,0,3,2,0,0,1,1,2,[object Object],[object Object],0,0,0,3,218,13080,172,6421,23,6400,5,1100,9528,3735,,,,80,[object Object],293,28,6,3,24,3,ペブロン Lv27 / プフバット Lv28 / ぷるミン Lv27,"[object Object],[object Object],[object Object]",4,17108,16815,0.9828735094692541,1,4239,control
221,balanced,バランス,916687394,b33a7999ad3ef740715bb3ba9e07408896f40531ecda75a8a1a61afc6978010e,completed,1,,,400,200,40,81,51,30,371,58,23,74,11,1,18,0,0,0,0,0,16,7,0,0,1,1,5,[object Object],[object Object],0,0,0,6,152,9120,81,4122,28,10380,4,750,6052,5002,52,,,80,[object Object],3140,23,5,8,23,8,グルーモス Lv23 / ルミネル Lv19 / シンドレイク Lv23,"[object Object],[object Object],[object Object]",5,17262,14122,0.8180975553238327,1,2190,control
222,collector,収集・配合,1481346721,5a56f4914e883c7b30a607ba0c1f7815e267bb9ffca7553ab1802e6b3ed3d722,completed,1,,,400,200,40,105,62,43,531,72,33,103,12,1,53,0,1,0,0,0,37,9,50,2500,51,42,7,[object Object],[object Object],0,0,0,10,84,5040,105,5025,28,10380,5,1100,6543,9349,,,,80,[object Object],1214,22,6,10,22,10,ルーメンオウル Lv22 / グルーモス Lv22 / クリスタゴン Lv22,"[object Object],[object Object],[object Object]",5,18103,16889,0.9329392918300834,0.8235294117647058,3015,control
223,rush,速攻,1119134275,f549594fbdf844d14c7c97c11135765e071b79faaa955966d00ef243444f2495,stuck,0,tower,boss_retry_cap,400,200,40,149,81,68,597,84,65,213,0,0,9,0,0,0,0,0,3,2,0,0,1,1,2,[object Object],[object Object],0,0,0,3,220,13200,149,10440,23,6400,5,1100,9109,3189,,,,80,[object Object],300,27,6,3,24,3,ペブロン Lv27 / プフバット Lv27 / ぷるミン Lv27,"[object Object],[object Object],[object Object]",4,16689,16389,0.9820240877224519,1,3730,control
224,balanced,バランス,2117093556,bc34dc97002996e2e5f8098a637e84914465358f2ed00286142cb0229ced5bef,completed,1,,,400,200,40,100,62,38,428,69,31,109,13,1,24,0,0,0,0,0,12,7,0,0,1,1,6,[object Object],[object Object],0,0,0,6,149,8940,100,4654,27,8180,5,1100,6496,4311,,,,80,[object Object],2605,23,6,8,23,8,クリスタゴン Lv20 / シンドレイク Lv23 / リーファウル Lv22,"[object Object],[object Object],[object Object]",5,15856,13251,0.8357088799192735,1,2627,control
225,collector,収集・配合,3192641620,5a36c48664a0b33466414689782614932742340cb913f454a7593dbb5ec16805,completed,1,,,400,200,40,111,71,40,577,74,37,121,10,1,34,0,0,0,0,0,29,12,52,2600,53,38,10,[object Object],[object Object],0,0,0,11,58,3480,111,4372,28,8780,5,1100,6008,7877,,,,80,[object Object],2011,22,6,13,23,13,ルーメンオウル Lv22 / シンダーホーン Lv20 / ルミネル Lv22,"[object Object],[object Object],[object Object]",5,15968,13957,0.874060621242485,0.7169811320754716,3233,control
226,rush,速攻,3923422687,fde124f619a310aea484fb3592bee6ad49220cdf56518c7cb203f5c259ae8ab8,stuck,0,tower,boss_retry_cap,400,200,40,149,82,67,552,83,66,201,0,0,12,0,0,0,0,0,4,2,0,0,1,1,2,[object Object],[object Object],0,0,0,3,216,12960,149,7446,23,6400,5,1100,8827,3165,,,,80,[object Object],282,27,6,3,23,3,トゲホッグ Lv26 / ぷるミン Lv27 / つぼみラビ Lv27,"[object Object],[object Object],[object Object]",4,16407,16125,0.982812214298775,1,3563,control
227,balanced,バランス,2142730889,8e33e2ac0d299c256039ff8d55698fc2b3ad8c208be562587698ab3a029ccecf,completed,1,,,400,200,40,108,69,39,431,74,34,102,23,1,15,0,0,0,0,0,19,6,0,0,1,1,5,[object Object],[object Object],0,0,0,7,190,11400,108,5193,27,8840,5,1100,8025,5210,,,,80,[object Object],1435,26,6,7,23,7,グルーモス Lv24 / ドリモール Lv26 / アッシュインプ Lv26,"[object Object],[object Object],[object Object]",5,18045,16610,0.9204765863119978,1,2728,control
228,collector,収集・配合,1694409322,af72e4cb1b159f6575ae4c6db7c284356ecf274323f2ce8a94543f058a372ad8,completed,1,,,400,200,40,140,94,46,715,89,51,134,29,1,20,0,0,0,0,0,39,9,66,3300,67,57,7,[object Object],[object Object],0,0,0,9,87,5220,140,8454,27,8180,5,1100,9032,8040,,,,80,[object Object],1832,24,6,10,24,10,グルーモス Lv22 / クリスタゴン Lv21 / ギアビット Lv24,"[object Object],[object Object],[object Object]",5,18392,16560,0.900391474554154,0.8507462686567164,4034,control
229,rush,速攻,2356305231,6b0b0e3f9664e14bb59534d0219427fda59fb0094ce7c5f8592f492627ba65de,stuck,0,tower,boss_retry_cap,400,200,40,187,102,85,609,101,86,233,0,0,8,0,0,0,0,0,4,2,0,0,1,1,2,[object Object],[object Object],0,0,0,3,212,12720,187,7315,23,6400,5,1100,9293,3863,,,,80,[object Object],290,27,6,3,25,3,リーファウル Lv25 / プフバット Lv27 / ぷるミン Lv27,"[object Object],[object Object],[object Object]",4,16873,16583,0.9828127778107035,1,4181,control
230,balanced,バランス,700088754,3c3284b6753f00d43501263c6b6a3dfcd49940820653ab6ebd3285cedd23ba2c,completed,1,,,400,200,40,88,55,33,352,62,26,71,8,1,21,0,0,0,0,0,15,6,0,0,1,1,5,[object Object],[object Object],0,0,0,5,154,9240,88,3111,27,8180,4,750,6418,4790,,,,80,[object Object],1398,23,5,7,22,7,グルーモス Lv22 / ギアビット Lv23 / プフバット Lv23,"[object Object],[object Object],[object Object]",5,15428,14030,0.909385532797511,1,2209,control
231,collector,収集・配合,1935490678,004dea76e2cb20b1e3e58da18b72b20e4ea243724f9f31a7dd6c154cae0180a2,completed,1,,,400,200,40,115,69,46,651,76,39,131,18,1,34,0,0,0,0,0,55,10,56,2800,57,45,9,[object Object],[object Object],0,0,0,8,87,5220,115,7788,28,8780,5,1100,6739,7500,,,,80,[object Object],1179,20,6,11,24,11,ルーメンオウル Lv19 / クラッグベア Lv18 / シンドレイク Lv20,"[object Object],[object Object],[object Object]",5,16699,15520,0.9293969698784358,0.7894736842105263,3470,control
232,rush,速攻,968062037,2756138bedc6a79549a40bce5aca6bd48b237b54a0697f437c22a22005254773,stuck,0,tower,boss_retry_cap,400,200,40,160,86,74,558,90,70,198,0,0,8,0,0,0,0,0,3,2,0,0,1,1,2,[object Object],[object Object],0,0,0,3,217,13020,160,7625,23,6400,5,1100,8836,3123,,,,80,[object Object],273,27,6,3,25,3,トゲホッグ Lv26 / アワマリン Lv26 / ぷるミン Lv27,"[object Object],[object Object],[object Object]",4,16416,16143,0.9833698830409356,1,3706,control
233,balanced,バランス,139578078,ff95ac7a7d327f61425d4ac72bd27558af4e2427b98dcc37f2c545f2d295df48,completed,1,,,400,200,40,78,50,28,368,52,26,69,12,1,28,0,0,0,0,0,18,7,0,0,1,1,5,[object Object],[object Object],0,0,0,7,130,7800,78,3119,27,8180,4,750,4413,4193,,,,80,[object Object],1430,20,5,8,24,8,ルーメンオウル Lv18 / グルーモス Lv20 / シンドレイク Lv19,"[object Object],[object Object],[object Object]",5,13423,11993,0.8934664382030842,1,2145,control
234,collector,収集・配合,3632040397,b78fb3c2c1c92b97f4edecef018cd532dfeb9351bbbdbc6d92c678ea3929c489,completed,1,,,400,200,40,123,77,46,576,82,41,136,12,1,23,0,0,0,0,0,18,12,57,2850,58,48,11,[object Object],[object Object],0,0,0,9,81,4860,123,5491,27,7580,5,1100,7889,7751,,,,80,[object Object],1188,23,6,13,24,13,グルーモス Lv23 / ルミネル Lv23 / クリスタゴン Lv21,"[object Object],[object Object],[object Object]",5,16649,15461,0.9286443630248062,0.8275862068965517,3425,control
235,rush,速攻,2722826951,fa62f95a69f79d01f767eb20ca9d3308a62a8176c2ab4382191c96cc03d230ed,stuck,0,tower,boss_retry_cap,400,200,40,180,99,81,689,97,83,258,0,0,10,0,0,0,0,0,3,2,0,0,1,1,2,[object Object],[object Object],0,0,0,3,228,13680,180,11292,23,6400,5,1100,10031,3624,,,,80,[object Object],307,28,6,3,24,3,プフバット Lv27 / リーフリン Lv28 / ぷるミン Lv28,"[object Object],[object Object],[object Object]",4,17611,17304,0.9825677133609676,1,4379,control
236,balanced,バランス,2839219216,f101cf84bf021bc927f1304f789825ae679de2a2e6eefbbcb20966ed036048aa,completed,1,,,400,200,40,143,91,52,555,96,47,150,26,1,18,0,0,0,0,0,11,6,0,0,1,1,5,[object Object],[object Object],0,0,0,6,203,12180,143,6362,26,7640,5,1100,10129,5308,,,,80,[object Object],1461,27,6,7,23,7,グルーモス Lv24 / トゲホッグ Lv27 / アッシュインプ Lv26,"[object Object],[object Object],[object Object]",5,18949,17488,0.9228983059792073,1,3559,control
237,collector,収集・配合,3288958058,61be8b191653e95a94225b374f2b86c91008719d173f3b8b284a3840c8cd44df,completed,1,,,400,200,40,151,99,52,927,100,51,180,24,1,30,0,0,0,0,0,28,9,61,3050,62,56,8,[object Object],[object Object],0,0,0,10,81,4860,151,9762,26,6980,5,1100,9353,8409,,,,80,[object Object],1194,23,6,10,24,10,グルーモス Lv22 / クリスタゴン Lv23 / ルミネル Lv21,"[object Object],[object Object],[object Object]",5,17513,16319,0.9318220750299777,0.9032258064516129,4905,control
238,rush,速攻,901722318,8936abcf68251e68ba9a4cc3df592c9f8694de7adad29838b09b7c75457e30e8,stuck,0,tower,boss_retry_cap,400,200,40,190,104,86,695,102,88,243,0,0,9,0,0,0,0,0,3,2,0,0,1,1,2,[object Object],[object Object],0,0,0,3,230,13800,190,7090,23,6400,5,1100,10202,3676,,,,80,[object Object],306,28,6,3,22,3,トゲホッグ Lv27 / プフバット Lv28 / ぷるミン Lv28,"[object Object],[object Object],[object Object]",4,17782,17476,0.982791586998088,1,4509,control
239,balanced,バランス,1546452828,85bed350f43014b8f526919da2c1543ba2997b43651ec2e94f1b790a451bbaf1,completed,1,,,400,200,40,126,81,45,576,86,40,119,10,1,21,0,0,0,0,0,16,6,0,0,1,1,5,[object Object],[object Object],0,0,0,6,209,12540,126,5417,28,9080,5,1100,8700,4960,,,,80,[object Object],1460,26,6,7,24,7,グルーモス Lv25 / ギアビット Lv25 / アクアン Lv26,"[object Object],[object Object],[object Object]",5,18960,17500,0.9229957805907173,1,3416,control
240,collector,収集・配合,904781684,80495d5309087e3d45ea55894ffe51f77cbf5edf710d5c8024da9381b0c08fc5,completed,1,,,400,200,40,112,69,43,595,73,39,132,18,1,38,0,0,0,0,0,24,10,49,2450,50,41,9,[object Object],[object Object],0,0,0,9,68,4080,112,5328,27,7580,5,1100,6971,7800,,,,80,[object Object],1401,22,6,11,24,11,ルーメンオウル Lv21 / ルミネル Lv22 / クリスタゴン Lv22,"[object Object],[object Object],[object Object]",5,15731,14330,0.9109401818066238,0.82,3346,control
241,rush,速攻,21210235,ea46a9e9a9821e7e51f4c08b676a765673e31103854bfd0e32ddc8e356453a10,stuck,0,volcano,boss_retry_cap,400,200,40,114,63,51,457,62,52,161,0,0,11,0,0,0,0,0,2,2,0,0,1,1,2,[object Object],[object Object],0,0,0,3,137,8220,114,5476,21,5020,4,750,4757,2159,,,,80,[object Object],228,22,5,3,19,3,リーフリン Lv22 / ぷるミン Lv21 / プフバット Lv22,"[object Object],[object Object],[object Object]",3,10607,10379,0.9785047610068822,1,2849,control
242,balanced,バランス,2069665155,50012cf8c928d7b5d81429dae2cb911fbeeeeb86a3644324079dd86c8dbc1b12,completed,1,,,400,200,40,205,133,72,782,137,68,217,30,1,26,0,0,0,0,0,16,6,0,0,1,1,6,[object Object],[object Object],0,0,0,5,253,15180,205,7836,28,9080,6,1550,13744,6897,,,,80,[object Object],2377,31,7,7,25,7,グルーモス Lv25 / アッシュインプ Lv30 / つぼみラビ Lv31,"[object Object],[object Object],[object Object]",5,24454,22077,0.9027970884108939,1,5038,control
243,collector,収集・配合,342738304,fe62f7ec01051b6b91936a48b497b8a306eb71664132832427590b41257a1787,completed,1,,,400,200,40,104,66,38,467,71,33,94,18,1,15,0,0,0,0,0,25,11,51,2550,52,40,9,[object Object],[object Object],0,0,0,10,67,4020,104,3532,28,8780,5,1100,6225,7591,,,,80,[object Object],2024,21,6,12,24,12,ルーメンオウル Lv21 / シンダーホーン Lv20 / ギアビット Lv20,"[object Object],[object Object],[object Object]",5,16185,14161,0.87494593759654,0.7692307692307693,2816,control
244,rush,速攻,482989135,33f16cb7b57418870d9076fd2a343bd40bdbb60cdb0e70ed304af266a9d3b247,stuck,0,volcano,boss_retry_cap,400,200,40,112,61,51,482,62,50,171,0,0,12,0,0,0,0,0,2,2,0,0,1,1,2,[object Object],[object Object],0,0,0,3,134,8040,112,6965,21,5020,4,750,4710,2253,,,,80,[object Object],267,22,5,3,18,3,リーフリン Lv21 / ぷるミン Lv21 / プフバット Lv22,"[object Object],[object Object],[object Object]",3,10560,10293,0.9747159090909091,1,2912,control
245,balanced,バランス,2199538979,8e3ffafb2c8263a96b7a23c0d340d2a7d59e67fcb9677a12159f1008aeced283,completed,1,,,400,200,40,126,80,46,501,83,43,137,23,1,18,0,0,0,0,0,16,5,0,0,1,1,5,[object Object],[object Object],0,0,0,6,162,9720,126,5872,27,7880,5,1100,7622,4784,,,,80,[object Object],2178,26,6,6,22,6,グルーモス Lv24 / クリスタゴン Lv21 / トゲホッグ Lv26,"[object Object],[object Object],[object Object]",5,16682,14504,0.8694401150941135,1,3160,control
246,collector,収集・配合,3772222456,f743e94207498700bd94c06c4b040435410085cdda165f055177195ffecd2cfc,completed,1,,,400,200,40,174,116,58,1036,122,52,160,26,1,63,0,2,0,0,0,31,9,85,4250,86,75,7,[object Object],[object Object],0,0,0,8,127,7620,174,8850,28,9080,6,1550,12062,8821,,,,80,[object Object],2081,26,7,10,23,10,グルーモス Lv26 / ルーメンオウル Lv24 / ルミネル Lv25,"[object Object],[object Object],[object Object]",5,22772,20691,0.9086158440189707,0.872093023255814,5503,control
247,rush,速攻,105141097,e445afaaed715c3e724bfd61225a661a672c403b91b871d81897ee652a18efdb,stuck,0,tower,boss_retry_cap,400,200,40,148,80,68,503,84,64,200,0,0,8,0,0,0,0,0,2,2,0,0,1,1,2,[object Object],[object Object],0,0,0,3,223,13380,148,5895,23,6400,5,1100,9210,3146,,,,80,[object Object],264,28,6,3,23,3,トゲホッグ Lv27 / リーフリン Lv28 / ぷるミン Lv28,"[object Object],[object Object],[object Object]",4,16790,16526,0.9842763549731983,1,3382,control
248,balanced,バランス,845359124,2d4b7e454dadb366e9ee472388fb30a9c718d716be33d2e022217a9aa7fdca53,completed,1,,,400,200,40,61,38,23,294,43,18,38,7,1,28,0,0,0,0,0,16,7,0,0,1,1,5,[object Object],[object Object],0,0,0,7,110,6600,61,1773,27,8180,4,750,3766,3778,36,,,80,[object Object],2398,20,5,8,22,8,タイダルセラフ Lv19 / グルーモス Lv20,"[object Object],[object Object]",5,12776,10378,0.8123043206011271,1,1707,control
249,collector,収集・配合,3673255946,8804b03a7e0cb162020e33bac9b708313ad59bee3d0e94954a0db60641966b47,completed,1,,,400,200,40,134,85,49,666,88,46,149,18,1,36,0,0,0,0,0,37,10,60,3000,61,49,9,[object Object],[object Object],0,0,0,7,82,4920,134,5930,27,7580,5,1100,7837,7457,,,,80,[object Object],1220,22,6,11,23,11,クリスタゴン Lv21 / シンダーホーン Lv20 / リーファウル Lv22,"[object Object],[object Object],[object Object]",5,16597,15377,0.9264927396517443,0.8032786885245902,3755,control
250,rush,速攻,2172861223,f54f260db9fbbe3773b58e50585cf839b0db2a63e431646da15131974fee964c,stuck,0,volcano,boss_retry_cap,400,200,40,115,64,51,459,62,53,170,0,0,10,0,0,0,0,0,2,2,0,0,1,1,2,[object Object],[object Object],0,0,0,3,124,7440,115,6250,20,4320,4,750,4721,2205,,,,80,[object Object],226,22,5,3,17,3,つぼみラビ Lv21 / ぷるミン Lv20 / プフバット Lv22,"[object Object],[object Object],[object Object]",3,9871,9645,0.977104649984804,1,2868,control
251,balanced,バランス,3221805769,bdf97ba03129132773bc1ae9482289201184d9002c3b02fa2d100b9a93fb5433,completed,1,,,400,200,40,73,45,28,339,50,23,82,19,1,21,0,0,0,0,0,15,7,0,0,1,1,6,[object Object],[object Object],0,0,0,7,120,7200,73,4346,26,6980,4,750,4906,4076,,,,80,[object Object],1440,21,5,8,22,8,シンダーホーン Lv20 / クリスタゴン Lv21 / リーファウル Lv21,"[object Object],[object Object],[object Object]",5,12716,11276,0.8867568417741428,1,2004,control
252,collector,収集・配合,1768724158,4e0d82d5eceed55eae11eee5d0dd6fb439d05956a64eaa07d82b3985bbe0f18c,completed,1,,,400,200,40,110,68,42,628,76,34,96,14,1,38,0,0,0,0,0,38,11,53,2650,54,44,8,[object Object],[object Object],0,0,0,10,90,5400,110,5441,28,8780,5,1100,7216,7932,53,,,80,[object Object],1194,21,6,12,23,12,シンダーホーン Lv20 / ルーメンオウル Lv20 / ルミネル Lv21,"[object Object],[object Object],[object Object]",5,17176,15982,0.9304843968327899,0.8148148148148148,3419,control
253,rush,速攻,542502078,f9ac4f9add072af11da0593c35183fb05fbdcc1f5635ebf536446f65ad9e8fa0,stuck,0,tower,boss_retry_cap,400,200,40,166,92,74,620,90,76,230,0,0,10,0,0,0,0,0,3,2,0,0,1,1,2,[object Object],[object Object],0,0,0,3,224,13440,166,8268,23,6400,5,1100,9617,3452,,,,80,[object Object],305,28,6,3,25,3,トゲホッグ Lv27 / プフバット Lv28 / ぷるミン Lv28,"[object Object],[object Object],[object Object]",4,17197,16892,0.9822643484328663,1,3979,control
254,balanced,バランス,2211602980,e0cd4f36bd047ac9e2d6c21f81eb71d67d5fcbe6b2d1579a5a60993470e985e9,completed,1,,,400,200,40,102,65,37,391,70,32,77,27,1,18,0,0,0,0,0,26,8,0,0,1,1,6,[object Object],[object Object],0,0,0,6,169,10140,102,4285,27,8180,5,1100,7036,4593,,,,80,[object Object],1663,24,6,9,25,9,クリスタゴン Lv23 / オアロード Lv24,"[object Object],[object Object]",5,16396,14733,0.8985728226396682,1,2514,control
255,collector,収集・配合,3695577433,da04d9d96396ca062fa0ec3707fa4df860d20ea6377151c1666a8c8ff621ea01,completed,1,,,400,200,40,106,65,41,488,71,35,97,10,1,18,0,0,0,0,0,26,10,51,2550,52,42,8,[object Object],[object Object],0,0,0,10,64,3840,106,4038,28,8780,5,1100,6416,7961,,,,80,[object Object],2025,22,6,11,23,11,ルーメンオウル Lv22 / クリスタゴン Lv21 / グルーモス Lv22,"[object Object],[object Object],[object Object]",5,16376,14351,0.8763434294088911,0.8076923076923077,2895,control
256,rush,速攻,4055805676,a48fa30b8555d4195496fcbb1713b5402b038f75d967d4eefa54249e8d1a3d23,completed,1,,,400,200,40,117,67,50,360,66,51,123,0,0,7,0,0,0,0,0,4,2,0,0,1,1,2,[object Object],[object Object],0,0,0,3,155,9300,117,2973,23,6300,4,750,6053,2348,,,,80,[object Object],1535,24,5,3,24,3,グルーモス Lv22 / トゲホッグ Lv23 / ぷるミン Lv24,"[object Object],[object Object],[object Object]",5,13183,11648,0.8835621633922476,1,2539,control
257,balanced,バランス,3653224502,7b5acfc215e94feb350e3c84acc720f07a7b3958cf426758f38fad5000e3f744,completed,1,,,400,200,40,86,54,32,370,59,27,79,17,1,17,0,0,0,0,0,17,6,0,0,1,1,5,[object Object],[object Object],0,0,0,6,128,7680,86,3579,27,8180,4,750,5563,4533,,,,80,[object Object],2360,23,5,7,22,7,クリスタゴン Lv18 / ドリモール Lv23 / ヒノコぐま Lv23,"[object Object],[object Object],[object Object]",5,14573,12213,0.8380566801619433,1,2259,control
258,collector,収集・配合,2488360441,9d245ec28e49f8a5747bd23833451150889a4cf39d3a0a5e6c0050db6f23ce6e,completed,1,,,400,200,40,99,60,39,565,65,34,106,9,1,23,0,0,0,0,0,32,11,49,2450,50,38,9,[object Object],[object Object],0,0,0,10,66,3960,99,6507,28,8780,4,750,5199,6557,,,,80,[object Object],1842,19,5,12,24,12,グルーモス Lv19 / ルーメンオウル Lv18 / クリスタゴン Lv19,"[object Object],[object Object],[object Object]",5,14809,12967,0.875616179350395,0.76,3065,control
259,rush,速攻,2579457131,362491d29548e6a8bc4cd567f2f6dfda76f0ce1384ed8dd0ef6a2464667ce2b4,stuck,0,tower,boss_retry_cap,400,200,40,156,85,71,617,87,69,214,0,0,11,0,0,0,0,0,2,2,0,0,1,1,2,[object Object],[object Object],0,0,0,3,220,13200,156,8619,23,6400,5,1100,9236,3278,,,,80,[object Object],338,28,6,3,25,3,ペブロン Lv26 / リーフリン Lv27 / ぷるミン Lv28,"[object Object],[object Object],[object Object]",4,16816,16478,0.9799000951474786,1,3875,control
260,balanced,バランス,1922849367,505bc78d14f6f81d7c0284d8864b6f2d65b1c2f4c0b5de04e1306a3eb7e26929,completed,1,,,400,200,40,68,42,26,295,49,19,55,10,1,19,0,0,0,0,0,10,6,0,0,1,1,4,[object Object],[object Object],0,0,0,7,125,7500,68,2548,26,7940,4,750,4648,3545,,,,80,[object Object],2373,21,5,7,21,7,シンダーホーン Lv21 / ルーメンオウル Lv19 / アクアン Lv21,"[object Object],[object Object],[object Object]",5,13418,11045,0.8231480101356387,1,1793,control
261,collector,収集・配合,3557275610,fd31f5b75b4e0e2f4bf01e5dd1b9e2922f5bfb7cb5af461dbdf42029525f1c93,completed,1,,,400,200,40,158,105,53,992,110,48,146,19,1,57,0,1,0,0,0,33,10,80,4000,81,69,8,[object Object],[object Object],0,0,0,9,99,5940,158,7625,29,9680,5,1100,10314,8923,,,,80,[object Object],2311,26,6,11,25,11,グルーモス Lv22 / ルミネル Lv23 / リーファウル Lv26,"[object Object],[object Object],[object Object]",5,21174,18863,0.8908567110607348,0.8518518518518519,5157,control
262,rush,速攻,4215839866,0032733fe3c438d40e0ae0981c41e78009285d17cc356bd52cb2e584140895b4,completed,1,,,400,200,40,124,69,55,435,71,53,135,0,0,7,0,0,0,0,0,3,2,0,0,1,1,2,[object Object],[object Object],0,0,0,3,185,11100,124,3488,24,7200,5,1100,7213,2598,,,,80,[object Object],1895,26,6,3,24,3,ドリモール Lv24 / ペブロン Lv25 / ぷるミン Lv26,"[object Object],[object Object],[object Object]",5,15593,13698,0.8784711088308856,1,2861,control
263,balanced,バランス,2146375593,2340e772745b6fd43e818e239623f5c576aaed07cf59779d15536c60fb6e9946,completed,1,,,400,200,40,108,68,40,472,74,34,118,11,1,20,0,0,0,0,0,19,6,0,0,1,1,5,[object Object],[object Object],0,0,0,7,158,9480,108,6275,27,7880,5,1100,7907,5125,,,,80,[object Object],2362,25,6,7,22,7,ルミネル Lv24 / リーファウル Lv24 / ドリモール Lv25,"[object Object],[object Object],[object Object]",5,16967,14605,0.8607885896151353,1,2890,control
264,collector,収集・配合,3359517701,4447da65b1e1332d5bc8b8793d37f48f5449cd258fc3ca6c0db1bd18231b0620,completed,1,,,400,200,40,104,63,41,506,68,36,116,14,1,23,0,0,0,0,0,30,10,50,2500,51,41,8,[object Object],[object Object],0,0,0,9,71,4260,104,4101,28,8780,5,1100,6472,7637,,,,80,[object Object],2035,22,6,11,24,11,ルミネル Lv22 / シンダーホーン Lv21 / グルーモス Lv21,"[object Object],[object Object],[object Object]",5,16432,14397,0.8761562804284323,0.803921568627451,2942,control
265,rush,速攻,845936963,99af4a131696ea63e1a0a418e5faed78af2d7a0f3208a29c7c6ace9ffe28b440,completed,1,,,400,200,40,156,84,72,582,88,68,225,0,0,10,0,0,0,0,0,2,2,0,0,1,1,2,[object Object],[object Object],0,0,0,3,213,12780,156,8190,24,7200,5,1100,9315,3371,,,,80,[object Object],1544,28,6,3,23,3,プフバット Lv26 / ペブロン Lv27 / ぷるミン Lv28,"[object Object],[object Object],[object Object]",5,17695,16151,0.9127437129132523,1,3734,control
266,balanced,バランス,4136446184,3354500785dd2f7e3bb8a452105b4960ebdcc72f2cc2bf6e1fc7091ffc6c399c,completed,1,,,400,200,40,137,88,49,555,91,46,143,30,1,17,0,0,0,0,0,13,7,0,0,1,1,6,[object Object],[object Object],0,0,0,6,195,11700,137,4746,28,9080,5,1100,9333,5554,,,,80,[object Object],2339,27,6,8,24,8,ルーメンオウル Lv23 / トゲホッグ Lv27 / アッシュインプ Lv27,"[object Object],[object Object],[object Object]",5,19593,17254,0.8806206298167712,1,3475,control
267,collector,収集・配合,2988859721,c2ed545ff99c5a040e3ae3b81b9ecae75ed4ec6044dd6b574318ae3749c6b9d1,completed,1,,,400,200,40,120,77,43,637,80,40,129,17,1,33,0,0,0,0,0,33,11,57,2850,58,45,9,[object Object],[object Object],0,0,0,11,71,4260,120,4614,28,8780,5,1100,7196,8168,56,,,80,[object Object],1878,23,6,12,24,12,ルーメンオウル Lv20 / シンダーホーン Lv21 / ルミネル Lv23,"[object Object],[object Object],[object Object]",5,17156,15278,0.8905339239916065,0.7758620689655172,3544,control
268,rush,速攻,133808069,11cdb9e48f3a899559349a8d51b6fb82c5852a0194e9fbacf3cdb5a62ee018e3,stuck,0,tower,boss_retry_cap,400,200,40,186,99,87,674,103,83,256,0,0,10,0,0,0,0,0,3,2,0,0,1,1,2,[object Object],[object Object],0,0,0,3,238,14280,186,8561,23,6400,5,1100,10610,3667,,,,80,[object Object],243,29,6,3,24,3,トゲホッグ Lv28 / つぼみラビ Lv29 / ぷるミン Lv29,"[object Object],[object Object],[object Object]",4,18190,17947,0.9866410115448049,1,4413,control
269,balanced,バランス,1983987364,5108d279d55a97da543a3df553b6649ecc2ef2f967355cba19755447088b9b93,completed,1,,,400,200,40,74,46,28,332,53,21,68,13,1,22,0,0,0,0,0,12,8,0,0,1,1,6,[object Object],[object Object],0,0,0,8,119,7140,74,2845,27,8180,4,750,4868,4343,,,,80,[object Object],2395,21,5,9,23,9,グルーモス Lv21 / クリスタゴン Lv20 / シンドレイク Lv21,"[object Object],[object Object],[object Object]",5,13878,11483,0.827424700965557,1,1988,control
270,collector,収集・配合,2490400485,1b236df1d74bb99168d34dc77fc801aafea64df44a2e63405af7098cc2b3f475,completed,1,,,400,200,40,104,65,39,518,71,33,113,17,1,16,0,0,0,0,0,19,12,46,2300,47,41,10,[object Object],[object Object],0,0,0,11,80,4800,104,5891,28,8780,5,1100,5771,6619,,,,80,[object Object],2012,20,6,13,24,13,グルーモス Lv20 / クラッグベア Lv17 / クリスタゴン Lv20,"[object Object],[object Object],[object Object]",5,15731,13719,0.872099675799377,0.8723404255319149,3009,control
271,rush,速攻,1408533876,4a84e7f6b207f63250ea562dbe9c5d695d3b9807a1b7fbab565831984e394fd4,stuck,0,tower,boss_retry_cap,400,200,40,160,86,74,629,90,70,214,0,0,11,0,0,0,0,0,2,2,0,0,1,1,2,[object Object],[object Object],0,0,0,3,222,13320,160,6480,23,6400,5,1100,9257,3196,,,,80,[object Object],321,28,6,3,24,3,ペブロン Lv27 / リーフリン Lv28 / ぷるミン Lv28,"[object Object],[object Object],[object Object]",4,16837,16516,0.9809348458751559,1,3966,control
272,balanced,バランス,609985818,0ed9332dc2cc7b36f4e7b3dc52f155016b0d8e533f6795d41c9bead06ac80412,completed,1,,,400,200,40,86,54,32,430,58,28,98,13,1,22,0,0,0,0,0,14,7,0,0,1,1,6,[object Object],[object Object],0,0,0,7,133,7980,86,4251,26,6980,4,750,5595,4004,,,,80,[object Object],1421,23,5,8,24,8,ルーメンオウル Lv19 / アクアン Lv22 / ドリモール Lv23,"[object Object],[object Object],[object Object]",5,13405,11984,0.8939947780678851,1,2490,control
273,collector,収集・配合,3259863663,c7abc5776042114c9dc84bbdd6c291d16d6c9c141f94385b99c7c406c66d0c8e,completed,1,,,400,200,40,91,55,36,516,64,27,96,18,1,36,0,0,0,0,0,37,11,46,2300,47,36,9,[object Object],[object Object],0,0,0,11,85,5100,91,6095,28,8780,5,1100,5538,6722,,,,80,[object Object],1376,19,6,12,23,12,ルーメンオウル Lv19 / クラッグベア Lv17 / クリスタゴン Lv17,"[object Object],[object Object],[object Object]",5,15498,14122,0.9112143502387405,0.7659574468085106,2772,control
274,rush,速攻,950796789,a80e9a3ef0fb9450bab9c1904b8b56661e33722b94c21219cb6eafdf380a84fa,stuck,0,volcano,boss_retry_cap,400,200,40,118,63,55,520,66,52,175,0,0,12,0,0,0,0,0,2,2,0,0,1,1,2,[object Object],[object Object],0,0,0,3,140,8400,118,6285,21,5020,4,750,4881,2132,,,,80,[object Object],199,22,5,3,20,3,リーフリン Lv21 / ぷるミン Lv22 / プフバット Lv22,"[object Object],[object Object],[object Object]",3,10731,10532,0.9814555959370049,1,3115,control
275,balanced,バランス,2046900152,cd3df2f9507841e23e384cabca3febad392c42a09ce5febb7ac6237795065a9d,completed,1,,,400,200,40,116,73,43,540,79,37,123,11,1,22,0,0,0,0,0,16,6,0,0,1,1,5,[object Object],[object Object],0,0,0,7,163,9780,116,6079,28,9080,5,1100,8310,5735,,,,80,[object Object],3055,26,6,7,22,7,グルーモス Lv25 / ルミネル Lv24 / トゲホッグ Lv26,"[object Object],[object Object],[object Object]",5,18570,15515,0.8354873451803985,1,3198,control
276,collector,収集・配合,2868465762,efdf7cbe6263a8e12d497b1398faf60fd89a83172af1cb5caca286ced7d25448,completed,1,,,400,200,40,77,48,29,396,55,22,77,17,1,34,0,0,0,0,0,26,15,40,2000,41,30,12,[object Object],[object Object],0,0,0,12,83,4980,77,6108,29,9630,4,750,4893,7146,36,,,80,[object Object],1227,21,5,16,22,16,グルーモス Lv21 / ルミネル Lv19 / シンダーホーン Lv19,"[object Object],[object Object],[object Object]",5,15353,14126,0.9200807659740767,0.7317073170731707,2232,control
277,rush,速攻,733806622,924a5a534665bf1a8e4a7294c0440fcc4809b52b06eeef17639056e4f439706e,stuck,0,tower,boss_retry_cap,400,200,40,132,72,60,456,76,56,174,0,0,9,0,0,0,0,0,3,2,0,0,1,1,2,[object Object],[object Object],0,0,0,3,213,12780,132,5349,23,6400,5,1100,8510,3004,,,,80,[object Object],306,27,6,3,21,3,ドリモール Lv26 / つぼみラビ Lv27 / ぷるミン Lv27,"[object Object],[object Object],[object Object]",4,16090,15784,0.9809819763828465,1,3063,control
278,balanced,バランス,2402215385,2983b845d8c2677cc4856dddf1acd0e69dc25e2fc2ec1ebb1e5bbd211f3c9848,completed,1,,,400,200,40,132,85,47,570,90,42,131,16,1,18,0,0,0,0,0,26,4,0,0,1,1,3,[object Object],[object Object],0,0,0,4,219,13140,132,6769,26,8580,5,1100,9655,4831,73,,,80,[object Object],1444,28,6,5,20,5,グルーモス Lv26 / シンドレイク Lv26 / ぷるミン Lv28,"[object Object],[object Object],[object Object]",5,19415,17971,0.9256245171259335,1,3447,control
279,collector,収集・配合,1867107129,a58991c0f6938a5538599de30abc4cf02dc39b637524c7281f3bebd84b565d93,completed,1,,,400,200,40,133,86,47,709,92,41,120,15,1,53,0,1,0,0,0,28,12,64,3200,65,54,10,[object Object],[object Object],0,0,0,12,100,6000,133,4956,28,8780,5,1100,8305,7239,,,,80,[object Object],1826,23,6,13,24,13,ルーメンオウル Lv22 / グルーモス Lv22 / ルミネル Lv23,"[object Object],[object Object],[object Object]",5,18265,16439,0.9000273747604709,0.8307692307692308,3931,control
280,rush,速攻,1772361068,4f9c55bd18669a775b5c034e9623cc8124649e179e95962e74f78474c46e98ca,stuck,0,tower,boss_retry_cap,400,200,40,184,100,84,724,100,84,280,0,0,13,0,0,0,0,0,3,2,0,0,1,1,2,[object Object],[object Object],0,0,0,3,238,14280,184,13494,23,6400,5,1100,10620,3607,,,,80,[object Object],313,28,6,3,25,3,リーフリン Lv28 / つぼみラビ Lv28 / ぷるミン Lv28,"[object Object],[object Object],[object Object]",4,18200,17887,0.9828021978021978,1,4527,control
281,balanced,バランス,728075619,9e4042d497decfc7e55045c36125a23393d7f231e94b190c4c36c63c1040acdc,completed,1,,,400,200,40,106,69,37,456,66,40,98,17,1,17,0,0,0,0,0,17,5,0,0,1,1,4,[object Object],[object Object],0,0,0,6,137,8220,106,4814,25,6740,4,750,6544,4432,,,,80,[object Object],1462,23,5,6,24,6,シンダーホーン Lv22 / クリスタゴン Lv22 / アクアン Lv23,"[object Object],[object Object],[object Object]",5,14114,12652,0.896414907184356,1,2764,control
282,collector,収集・配合,3973665284,c46417052d7a3e397802fb333d8f5b39f307472f0ee409faf255fd1643c948b4,completed,1,,,400,200,40,191,129,62,1039,130,61,201,29,1,45,0,0,0,0,0,26,8,88,4400,89,82,7,[object Object],[object Object],0,0,0,7,126,7560,191,10024,27,7880,6,1550,12267,8628,,,,80,[object Object],1189,26,7,9,25,9,ルミネル Lv24 / シンドレイク Lv26 / リーファウル Lv26,"[object Object],[object Object],[object Object]",5,21777,20588,0.9454011112641778,0.9213483146067416,5679,control
283,rush,速攻,2464934216,ded93ee83774772b9ec73c2555c84b5171f3e6e2fef0dc5936a0b925593c8afc,stuck,0,tower,boss_retry_cap,400,200,40,160,87,73,652,89,71,219,0,0,12,0,0,0,0,0,2,2,0,0,1,1,2,[object Object],[object Object],0,0,0,3,226,13560,160,7652,23,6400,5,1100,9542,3266,,,,80,[object Object],296,28,6,3,25,3,ペブロン Lv27 / リーフリン Lv28 / ぷるミン Lv28,"[object Object],[object Object],[object Object]",4,17122,16826,0.9827122999649573,1,4040,control
284,balanced,バランス,1992843037,22a7bd487409cba5e80260526bc18ab78f9c11ae6c0b94a63774addf98705381,completed,1,,,400,200,40,161,103,58,675,109,52,165,33,1,21,0,0,0,0,0,13,6,0,0,1,1,5,[object Object],[object Object],0,0,0,6,225,13500,161,6330,28,9080,5,1100,11565,5958,,,,80,[object Object],2367,28,6,7,23,7,ルミネル Lv24 / トゲホッグ Lv28 / ヒノコぐま Lv28,"[object Object],[object Object],[object Object]",5,21825,19458,0.8915463917525773,1,4148,control
285,collector,収集・配合,3925923502,22cbdc9a46f726c4a53924d61227080e3ae668224cb6334d6d8945989fec172e,completed,1,,,400,200,40,111,68,43,478,71,40,126,15,1,17,0,0,0,0,0,26,8,43,2150,44,33,7,[object Object],[object Object],0,0,0,7,63,3780,111,4763,26,7940,5,1100,6269,7420,,,,80,[object Object],2039,22,6,9,20,9,シンダーホーン Lv20 / リーファウル Lv20 / ドリモール Lv22,"[object Object],[object Object],[object Object]",5,15389,13350,0.8675027617129119,0.75,2891,control
286,rush,速攻,1093452943,1612d8eb33cb78fdfbd238c92a68ff9a0724115be744f2b2db6906ce28bb1951,stuck,0,tower,boss_retry_cap,400,200,40,155,86,69,585,85,70,206,0,0,11,0,0,0,0,0,2,2,0,0,1,1,2,[object Object],[object Object],0,0,0,3,219,13140,155,6162,23,6400,5,1100,9271,3398,,,,80,[object Object],313,28,6,3,23,3,トゲホッグ Lv27 / リーフリン Lv28 / ぷるミン Lv28,"[object Object],[object Object],[object Object]",4,16851,16538,0.9814254346923031,1,3737,control
287,balanced,バランス,2402412294,acebe11acbc69544f5dc59c3310138a123223d1429754b4cd71a9329878d31f9,completed,1,,,400,200,40,83,53,30,352,53,30,103,21,1,15,0,0,0,0,0,15,6,0,0,1,1,5,[object Object],[object Object],0,0,0,5,119,7140,83,3873,27,8180,4,750,5447,4940,,,,80,[object Object],2377,22,5,7,23,7,シンダーホーン Lv20 / ドリモール Lv22 / プフバット Lv22,"[object Object],[object Object],[object Object]",5,14457,12080,0.835581379262641,1,2153,control
288,collector,収集・配合,112957566,e925b43b1c90dea5da9cb01cdfd0ee39ced422c4763400f2240f8564e4f127ba,completed,1,,,400,200,40,118,73,45,605,81,37,106,16,1,48,0,0,0,0,0,33,10,52,2600,53,46,8,[object Object],[object Object],0,0,0,9,91,5460,118,3913,28,8780,5,1100,6489,7175,,,,80,[object Object],1214,21,6,11,25,11,ルーメンオウル Lv21 / グルーモス Lv20 / クリスタゴン Lv21,"[object Object],[object Object],[object Object]",5,16449,15235,0.9261961213447626,0.8679245283018868,3379,control
289,rush,速攻,2292069104,719e175c12cee2644ea623f5eba85db9f919959c8bdc7c263554164c8d3d11af,stuck,0,tower,boss_retry_cap,400,200,40,182,99,83,703,99,83,270,0,0,10,0,0,0,0,0,2,2,0,0,1,1,2,[object Object],[object Object],0,0,0,3,228,13680,182,10736,23,6400,5,1100,10296,3894,,,,80,[object Object],302,28,6,3,24,3,プフバット Lv27 / リーフリン Lv28 / ぷるミン Lv27,"[object Object],[object Object],[object Object]",4,17876,17574,0.9831058402327143,1,4441,control
290,balanced,バランス,4223338961,b9871d0da1b17ada116f463739bb09b655f87fc62249358e50da2b04f99c0dd2,completed,1,,,400,200,40,73,45,28,348,49,24,85,16,1,20,0,0,0,0,0,23,7,0,0,1,1,6,[object Object],[object Object],0,0,0,6,114,6840,73,3887,27,8180,4,750,4769,4581,,,,80,[object Object],2358,21,5,8,23,8,シンダーホーン Lv20 / グルーモス Lv21 / ドリモール Lv21,"[object Object],[object Object],[object Object]",5,13779,11421,0.8288700195950359,1,2004,control
291,collector,収集・配合,3998854977,f2ca04701190480e2d2be5f987b88a34e6ede6fc52573e61ae3e1b77fd2aaf64,completed,1,,,400,200,40,153,99,54,808,103,50,171,37,1,18,0,0,0,0,0,34,9,73,3650,74,61,8,[object Object],[object Object],0,0,0,7,90,5400,153,8255,27,7880,5,1100,9637,7998,,,,80,[object Object],1649,25,6,10,25,10,グルーモス Lv23 / ギアビット Lv23 / ドリモール Lv25,"[object Object],[object Object],[object Object]",5,18697,17048,0.911804032732524,0.8243243243243243,4511,control
292,rush,速攻,3561462802,3e3ddff864327e17dcac886d07d61d6960cb9328bc784814aba788380d530a3d,stuck,0,volcano,boss_retry_cap,400,200,40,109,59,50,411,61,48,156,0,0,8,0,0,0,0,0,2,2,0,0,1,1,2,[object Object],[object Object],0,0,0,3,125,7500,109,5041,20,4320,4,750,4619,2055,,,,80,[object Object],214,22,5,3,17,3,ぷるミン Lv21 / つぼみラビ Lv21 / プフバット Lv22,"[object Object],[object Object],[object Object]",3,9769,9555,0.9780939707237178,1,2610,control
293,balanced,バランス,2134493032,6e2f77df1557852313172f6a9ec0d129bbcecd9a098617aa6d1e2f2b50c62fcb,completed,1,,,400,200,40,57,35,22,283,41,16,44,14,1,23,0,0,0,0,0,16,7,0,0,1,1,5,[object Object],[object Object],0,0,0,7,94,5640,57,2195,27,8180,4,750,3829,4124,,,,80,[object Object],3075,20,5,8,23,8,シンダーホーン Lv18 / クリスタゴン Lv19 / リーフリン Lv20,"[object Object],[object Object],[object Object]",5,12839,9764,0.7604953656826856,1,1615,control
294,collector,収集・配合,3353768494,9a3e6eb1ef95aa0a3e1ead5a9ceba9afeed0ca54acb31bd88e148f62ea9466f6,completed,1,,,400,200,40,133,85,48,681,92,41,135,19,1,35,0,0,0,0,0,53,10,69,3450,70,56,9,[object Object],[object Object],0,0,0,9,111,6660,133,7934,30,11880,5,1100,9486,9590,,,,80,[object Object],2846,25,6,11,24,11,クリスタゴン Lv24 / シンドレイク Lv25 / リーファウル Lv25,"[object Object],[object Object],[object Object]",5,22546,19700,0.873769183003637,0.8,3841,control
295,rush,速攻,2811880715,67be25d89a302918c1ee499d474b458a87d8c2cba3f748c7df4f9c8ac4cea990,stuck,0,tower,boss_retry_cap,400,200,40,148,80,68,572,84,64,201,0,0,10,0,0,0,0,0,2,2,0,0,1,1,2,[object Object],[object Object],0,0,0,3,221,13260,148,8449,23,6400,5,1100,9189,3199,,,,80,[object Object],310,27,6,3,21,3,ペブロン Lv27 / リーフリン Lv27 / ぷるミン Lv27,"[object Object],[object Object],[object Object]",4,16769,16459,0.981513507066611,1,3613,control
296,balanced,バランス,585271470,db7b1178218f8368acf61e275ebf78ec08335553275e3b191d850d7befdbe473,completed,1,,,400,200,40,93,58,35,423,64,29,97,14,1,20,0,0,0,0,0,16,7,0,0,1,1,6,[object Object],[object Object],0,0,0,7,158,9480,93,3716,27,8180,4,750,6421,4497,,,,80,[object Object],1454,23,5,8,23,8,グルーモス Lv23 / シンダーホーン Lv21 / アクアン Lv23,"[object Object],[object Object],[object Object]",5,15431,13977,0.9057740911152874,1,2542,control
297,collector,収集・配合,795964759,dfc65796c8c702742143907991d3ddfa2fbaa618278e3638cdede3e7ae66f6d7,completed,1,,,400,200,40,123,77,46,606,83,40,111,14,1,53,0,1,0,0,0,33,11,58,2900,59,48,9,[object Object],[object Object],0,0,0,10,79,4740,123,5739,28,8780,5,1100,7520,7972,,,,80,[object Object],1868,22,6,12,23,12,ルーメンオウル Lv21 / ルミネル Lv22 / シンダーホーン Lv21,"[object Object],[object Object],[object Object]",5,17480,15612,0.8931350114416476,0.8135593220338984,3454,control
298,rush,速攻,936249782,42f3806c60963365f9fbcaaf670437bc41b41156e35dc42004400dbbb6b78f66,stuck,0,tower,boss_retry_cap,400,200,40,160,89,71,606,87,73,220,0,0,10,0,0,0,0,0,3,2,0,0,1,1,2,[object Object],[object Object],0,0,0,3,221,13260,160,7812,23,6400,5,1100,9467,3479,,,,80,[object Object],308,28,6,3,24,3,トゲホッグ Lv27 / つぼみラビ Lv28 / ぷるミン Lv28,"[object Object],[object Object],[object Object]",4,17047,16739,0.9819323048043644,1,3860,control
299,balanced,バランス,2448056122,1d71e053cb15b18a139adc21309f5afe7ec8261a449e58494807a820cdd454f7,completed,1,,,400,200,40,90,58,32,357,61,29,80,15,1,15,0,0,0,0,0,19,6,0,0,1,1,4,[object Object],[object Object],0,0,0,7,141,8460,90,3720,27,8180,4,750,6447,4653,,,,80,[object Object],2344,24,5,7,24,7,グルーモス Lv24 / ギアビット Lv23 / ドリモール Lv23,"[object Object],[object Object],[object Object]",5,15457,13113,0.8483534967975674,1,2259,control
300,collector,収集・配合,24766327,0ba19ecdedb81b20d4a0d3a85afd5ca9ce1dbc49152a9829f05b113685d2ea76,completed,1,,,400,200,40,132,87,45,771,92,40,130,19,1,24,0,0,0,0,0,29,11,62,3100,63,55,9,[object Object],[object Object],0,0,0,11,107,6420,132,6661,28,8780,5,1100,8670,7260,,,,80,[object Object],1850,24,6,12,24,12,クリスタゴン Lv22 / ルミネル Lv23 / リーファウル Lv24,"[object Object],[object Object],[object Object]",5,18630,16780,0.9006977992485239,0.873015873015873,4131,control
1,rush,速攻,3847549528,ad1b7a174daff2a4fae71b2a61304c958c897c0ef882cb7fdeb900ab15ab3f48,stuck,0,tower,boss_retry_cap,400,200,40,129,75,54,504,70,59,198,0,0,9,0,0,0,0,0,3,2,0,0,1,1,2,[object Object],[object Object],0,0,0,3,188,11280,129,9569,23,6400,4,750,7850,3512,,,,80,[object Object],288,26,5,3,21,3,リーフリン Lv25 / プフバット Lv25 / ぷるミン Lv26,"[object Object],[object Object],[object Object]",4,15080,14792,0.9809018567639257,1,3161,finalist
2,balanced,バランス,1169961639,8f06c41c7f1aacda3ca2d05f58d3f13ab7a643269432684a0d9ba5e3cca8924c,completed,1,,,400,200,40,75,46,29,312,56,19,56,5,1,20,0,0,0,0,0,16,5,0,0,1,1,4,[object Object],[object Object],0,0,0,6,146,8760,75,2353,28,10380,4,750,6005,5278,,,,80,[object Object],3177,24,5,6,21,6,ルーメンオウル Lv22 / ギアビット Lv22 / アクアン Lv24,"[object Object],[object Object],[object Object]",5,17215,14038,0.8154516410107464,1,1897,finalist
3,collector,収集・配合,2091651124,a7e03769d517735b1f6b8c946ca2ffc4c631909f58fadfed43cc2c1f9844a06f,completed,1,,,400,200,40,105,63,42,560,64,41,125,16,1,26,0,0,0,0,0,55,10,49,2450,50,34,9,[object Object],[object Object],0,0,0,9,61,3660,105,5894,28,8780,5,1100,6508,8987,,,,80,[object Object],1371,24,6,11,22,11,ルーメンオウル Lv21 / クリスタゴン Lv23 / ルミネル Lv24,"[object Object],[object Object],[object Object]",5,16468,15097,0.9167476317707068,0.68,3123,finalist
4,rush,速攻,3958302082,cc4019787e71e222f6131a16ddb82502f35db28a2abc90a1ac0980f1b82d6206,stuck,0,tower,boss_retry_cap,400,200,40,108,60,48,385,64,44,146,0,0,8,0,0,0,0,0,2,2,0,0,1,1,2,[object Object],[object Object],0,0,0,3,196,11760,108,6737,23,6400,4,750,7602,2767,,,,80,[object Object],305,26,5,3,19,3,トゲホッグ Lv25 / リーフリン Lv26 / ぷるミン Lv26,"[object Object],[object Object],[object Object]",4,14832,14527,0.9794363538295577,1,2533,finalist
5,balanced,バランス,877175930,e1fbbcfd26dcabaebc440c3a20413908c8564f21e4b7d1f88fcf6f8ddd1e698e,completed,1,,,400,200,40,68,45,23,251,48,20,56,11,1,14,0,0,0,0,0,18,7,0,0,1,1,5,[object Object],[object Object],0,0,0,7,95,5700,68,2842,27,8180,4,750,4810,5718,,,,80,[object Object],2402,21,5,8,22,8,クリスタゴン Lv20 / シンドレイク Lv21 / ぷるミン Lv21,"[object Object],[object Object],[object Object]",5,13820,11418,0.8261939218523878,1,1656,finalist
6,collector,収集・配合,3759887535,cf774de5640c9fa8d2c13c1255de7f3f49479804b5394599bc6aaff1f2da735c,completed,1,,,400,200,40,74,44,30,436,48,26,94,9,1,35,0,0,0,0,0,36,11,37,1850,38,23,8,[object Object],[object Object],0,0,0,11,63,3780,74,3946,28,8780,4,750,4926,7687,35,,,80,[object Object],1219,21,5,12,21,12,ルーメンオウル Lv21 / グルーモス Lv20 / シンダーホーン Lv19,"[object Object],[object Object],[object Object]",5,14536,13317,0.9161392405063291,0.6052631578947368,2331,finalist
7,rush,速攻,4155763943,2deb90b0b988669d7746da9501db93df93573af9c8fd11b3736c74d80a241db9,stuck,0,tower,boss_retry_cap,400,200,40,116,66,50,432,66,50,185,0,0,10,0,0,0,0,0,2,2,0,0,1,1,2,[object Object],[object Object],0,0,0,3,198,11880,116,8064,23,6400,4,750,8057,3083,,,,80,[object Object],324,26,5,3,20,3,プフバット Lv24 / つぼみラビ Lv26 / ぷるミン Lv26,"[object Object],[object Object],[object Object]",4,15287,14963,0.9788055210309413,1,2780,finalist
8,balanced,バランス,1749096897,f1f67243f218d311f8dc25a64c5ddfb03b36688c22234e631037c684d6dc1483,completed,1,,,400,200,40,78,49,29,303,56,22,72,15,1,19,0,0,0,0,0,23,7,0,0,1,1,5,[object Object],[object Object],0,0,0,8,139,8340,78,3756,27,8180,4,750,6049,5286,,,,80,[object Object],1433,24,5,8,20,8,グルーモス Lv22 / シンドレイク Lv22 / ドリモール Lv24,"[object Object],[object Object],[object Object]",5,15059,13626,0.9048409588950129,1,1917,finalist
9,collector,収集・配合,3475527868,7618a7fcfdb656b8166b7e4e8751cfd6d013b5ae6c9a0d9f799424978eed697a,completed,1,,,400,200,40,98,62,36,829,67,31,115,22,1,82,0,5,0,0,0,32,14,51,2550,52,37,11,[object Object],[object Object],0,0,0,11,92,5520,98,6122,29,9630,5,1100,7544,8923,37,,,80,[object Object],1361,23,6,15,22,15,ルーメンオウル Lv23 / ルミネル Lv23 / グルーモス Lv23,"[object Object],[object Object],[object Object]",5,18354,16993,0.9258472267625586,0.7115384615384616,3683,finalist
10,rush,速攻,1982969760,7672f890431f6af2394869f6bdbc53c1fa2ce247ed7de3ea7b05d360b6513770,stuck,0,tower,boss_retry_cap,400,200,40,116,66,50,452,66,50,159,0,0,10,0,0,0,0,0,2,2,0,0,1,1,2,[object Object],[object Object],0,0,0,3,193,11580,116,7459,23,6400,4,750,7745,3141,,,,80,[object Object],254,26,5,3,23,3,ペブロン Lv25 / つぼみラビ Lv26 / ぷるミン Lv26,"[object Object],[object Object],[object Object]",4,14975,14721,0.9830383973288814,1,2856,finalist
11,balanced,バランス,2664149452,f34e06c0d9677ddd1c97579c425162bf28e50cac3e6e8ce8d1fa515a854a84e5,completed,1,,,400,200,40,66,40,26,297,47,19,71,7,1,18,0,0,0,0,0,17,7,0,0,1,1,6,[object Object],[object Object],0,0,0,8,119,7140,66,3118,27,8180,4,750,4916,4455,,,,80,[object Object],2331,23,5,8,22,8,ルーメンオウル Lv23 / アクアン Lv21 / トゲホッグ Lv22,"[object Object],[object Object],[object Object]",5,13926,11595,0.8326152520465316,1,1794,finalist
12,collector,収集・配合,1618572275,df73dae460ccef5cbdce3cf2778d9234ea0b01b242bfde6f0d9ba2ec2ecad762,completed,1,,,400,200,40,55,28,27,259,37,18,54,8,1,16,0,0,0,0,0,36,11,23,1150,24,14,8,[object Object],[object Object],0,0,0,9,18,1080,55,3332,27,7880,4,750,3223,7088,40,,,80,[object Object],2615,18,5,12,18,12,クラッグベア Lv17 / クリスタゴン Lv18 / シンダーホーン Lv15,"[object Object],[object Object],[object Object]",5,11933,9318,0.7808598005530881,0.5833333333333334,1512,finalist
13,rush,速攻,3344903446,0a519af1b74e05650d46cd11e88c0e2d14e5b2405bf145a628b2c0ebdea4e3d3,stuck,0,tower,boss_retry_cap,400,200,40,121,68,53,464,69,52,193,0,0,9,0,0,0,0,0,2,2,0,0,1,1,2,[object Object],[object Object],0,0,0,3,197,11820,121,10346,23,6400,4,750,7982,3156,,,,80,[object Object],236,26,5,3,23,3,プフバット Lv24 / つぼみラビ Lv25 / ぷるミン Lv26,"[object Object],[object Object],[object Object]",4,15212,14976,0.984485932158822,1,2949,finalist
14,balanced,バランス,2906828525,3c78a8a21cd37c61d72ecffdc4d54e0e8f63bcb215b9d1671ddbc438a53fdd0a,completed,1,,,400,200,40,51,30,21,218,39,12,49,7,1,17,0,0,0,0,0,18,7,0,0,1,1,6,[object Object],[object Object],0,0,0,7,112,6720,51,3192,26,7280,4,750,4119,4086,31,,,80,[object Object],1423,21,5,8,19,8,シンダーホーン Lv20 / クリスタゴン Lv19 / リーファウル Lv21,"[object Object],[object Object],[object Object]",5,12229,10806,0.8836372557036553,1,1338,finalist
15,collector,収集・配合,335841158,c312a28ce3c5e778cb9031cdb8010bb04b86287638ba1f22cc6e553f13ac6276,completed,1,,,400,200,40,110,70,40,714,76,34,110,14,1,54,0,1,0,0,0,45,13,56,2800,57,43,10,[object Object],[object Object],0,0,0,12,84,5040,110,6498,28,8780,5,1100,8013,8941,38,,,80,[object Object],1192,23,6,14,23,14,ルーメンオウル Lv22 / ルミネル Lv23 / グルーモス Lv23,"[object Object],[object Object],[object Object]",5,17973,16781,0.9336782952206087,0.7543859649122807,3645,finalist
16,rush,速攻,2582694838,ceb9eb5732322d4210706fc6dcd4aa0023db3c278e04fde49e9912d21b1a89f3,stuck,0,tower,boss_retry_cap,400,200,40,115,67,48,431,64,51,189,0,0,11,0,0,0,0,0,2,2,0,0,1,1,2,[object Object],[object Object],0,0,0,3,192,11520,115,9485,23,6400,4,750,7745,3137,,,,80,[object Object],318,25,5,3,20,3,つぼみラビ Lv24 / プフバット Lv24 / ぷるミン Lv25,"[object Object],[object Object],[object Object]",4,14975,14657,0.9787646076794658,1,2768,finalist
17,balanced,バランス,1645903997,b2adbf7809fa77e142a32b5d5b46d87a1e88b369c4ca7ee57a74f296f13023b7,completed,1,,,400,200,40,79,49,30,303,56,23,48,15,1,20,0,0,0,0,0,21,6,0,0,1,1,4,[object Object],[object Object],0,0,0,6,150,9000,79,3119,27,8180,4,750,5970,4559,,,,80,[object Object],1421,23,5,7,21,7,グルーモス Lv23 / オアロード Lv23,"[object Object],[object Object]",5,14980,13559,0.9051401869158878,1,1916,finalist
18,collector,収集・配合,456352518,bc238c276b17abc8f3bd78831b5dec9b20314a6c1d95d7108a53e0b7c5270834,completed,1,,,400,200,40,68,38,30,338,45,23,83,7,1,19,0,0,0,0,0,28,8,33,1650,34,24,6,[object Object],[object Object],0,0,0,9,62,3720,68,3346,27,8180,4,750,4359,6787,,,,80,[object Object],1212,21,5,9,21,9,ルミネル Lv21 / シンドレイク Lv20 / ギアビット Lv20,"[object Object],[object Object],[object Object]",5,13369,12157,0.9093425087889895,0.7058823529411765,1947,finalist
19,rush,速攻,3652542402,313f4bb2b232191fdef2780cd0d5a5a8664b84b3351552fa12e9f034d9e8b6a7,stuck,0,tower,boss_retry_cap,400,200,40,117,69,48,445,64,53,183,0,0,11,0,0,0,0,0,2,2,0,0,1,1,2,[object Object],[object Object],0,0,0,3,186,11160,117,7404,23,6400,4,750,7602,3384,,,,80,[object Object],288,26,5,3,23,3,プフバット Lv24 / リーフリン Lv25 / ぷるミン Lv26,"[object Object],[object Object],[object Object]",4,14832,14544,0.9805825242718447,1,2822,finalist
20,balanced,バランス,1582503644,b27e46d707e7f1c3c33507315bab9a778bdc0d9bf55db7703318fc9085e59e40,completed,1,,,400,200,40,102,65,37,412,70,32,107,11,1,19,0,0,0,0,0,17,6,0,0,1,1,5,[object Object],[object Object],0,0,0,7,170,10200,102,4438,28,9080,5,1100,7910,6253,,,,80,[object Object],1717,26,6,7,23,7,グルーモス Lv26 / リーファウル Lv25 / トゲホッグ Lv26,"[object Object],[object Object],[object Object]",5,18170,16453,0.9055035773252614,1,2567,finalist
21,collector,収集・配合,3491240213,015fae6ff45311195c4b9ff995b8f789e0f395e826ff76cd5235534f5b3cd032,completed,1,,,400,200,40,108,69,39,621,68,40,135,9,1,25,0,0,0,0,0,45,11,58,2900,59,37,9,[object Object],[object Object],0,0,0,10,56,3360,108,5399,29,10980,5,1100,6982,10330,,,,80,[object Object],2552,22,6,12,22,12,グルーモス Lv22 / ルーメンオウル Lv21 / リーファウル Lv21,"[object Object],[object Object],[object Object]",5,19142,16590,0.8666805976387002,0.6271186440677966,3339,finalist
22,rush,速攻,3179506433,27e0d20068de3149ca904937467bff4084395a75bce80229d245d8817ed9651d,stuck,0,tower,boss_retry_cap,400,200,40,112,64,48,398,64,48,154,0,0,7,0,0,0,0,0,2,2,0,0,1,1,2,[object Object],[object Object],0,0,0,3,188,11280,112,5756,23,6400,4,750,7623,3306,,,,80,[object Object],267,26,5,3,18,3,ドリモール Lv25 / プフバット Lv26 / ぷるミン Lv26,"[object Object],[object Object],[object Object]",4,14853,14586,0.9820238335689759,1,2626,finalist
23,balanced,バランス,1683384677,ec576e379ba335a2a13058bf4a7824855fc900d6966d317ef6cacfc297a94bae,completed,1,,,400,200,40,62,37,25,261,47,15,63,6,1,15,0,0,0,0,0,23,6,0,0,1,1,6,[object Object],[object Object],0,0,0,7,138,8280,62,3662,27,10140,4,750,5055,6304,,,,80,[object Object],1441,23,5,7,21,7,ルーメンオウル Lv21 / グルーモス Lv22 / トゲホッグ Lv23,"[object Object],[object Object],[object Object]",5,16025,14584,0.9100780031201248,1,1611,finalist
24,collector,収集・配合,4273375322,ab58bc2946b5f23cf6ccd315a4ccf9727a54f836bbb6117c3c73580cf828329d,completed,1,,,400,200,40,106,67,39,644,70,36,128,6,1,61,0,1,0,0,0,33,11,56,2800,57,42,9,[object Object],[object Object],0,0,0,11,80,4800,106,6354,28,8780,5,1100,7760,8935,,,,80,[object Object],1185,24,6,12,21,12,グルーモス Lv22 / ルーメンオウル Lv22 / ルミネル Lv24,"[object Object],[object Object],[object Object]",5,17720,16535,0.9331264108352144,0.7368421052631579,3428,finalist
25,rush,速攻,3208915154,fe5cec08e0067b978d07831ab46ac3fc9b71e24bd0e037f755cac676330ad80b,stuck,0,tower,boss_retry_cap,400,200,40,118,68,50,419,66,52,155,0,0,10,0,0,0,0,0,5,2,0,0,1,1,2,[object Object],[object Object],0,0,0,3,197,11820,118,5490,23,6400,4,750,7869,2983,,,,80,[object Object],296,26,5,3,20,3,ドリモール Lv26 / プフバット Lv26 / ぷるミン Lv26,"[object Object],[object Object],[object Object]",4,15099,14803,0.9803960527187231,1,2753,finalist
26,balanced,バランス,754191235,bc932915ab3811d76b2614c3dd5f149b321f03e50f5df2ef92ad611f52fa5c43,completed,1,,,400,200,40,40,22,18,196,33,7,30,3,1,21,0,0,0,0,0,25,5,0,0,1,1,3,[object Object],[object Object],0,0,0,6,56,3360,40,2726,27,9480,4,750,3879,5031,19,,,80,[object Object],5798,19,5,6,19,6,タイダルセラフ Lv18 / シンダーホーン Lv19,"[object Object],[object Object]",5,14189,8391,0.5913735992670378,1,1127,finalist
27,collector,収集・配合,579711204,126ea2b8361ee3ff4eef81ad0d2ff07743299610d045d158c70bcb6f1400c1f2,completed,1,,,400,200,40,124,77,47,659,83,41,137,19,1,55,0,1,0,0,0,35,9,60,3000,61,52,8,[object Object],[object Object],0,0,0,9,86,5160,124,5851,27,8180,5,1100,8402,7776,,,,80,[object Object],1826,23,6,10,23,10,ルーメンオウル Lv23 / グルーモス Lv22 / クリスタゴン Lv23,"[object Object],[object Object],[object Object]",5,17762,15936,0.897196261682243,0.8524590163934426,3602,finalist
28,rush,速攻,2854032737,40fb83e53fe7ed6b65b6a52739678fb95a486b85b445b56ed241a7db23628cd6,stuck,0,tower,boss_retry_cap,400,200,40,115,66,49,469,65,50,170,0,0,10,0,0,0,0,0,3,2,0,0,1,1,2,[object Object],[object Object],0,0,0,3,187,11220,115,8730,23,6400,4,750,7712,3407,,,,80,[object Object],315,26,5,3,20,3,ペブロン Lv24 / つぼみラビ Lv26 / ぷるミン Lv26,"[object Object],[object Object],[object Object]",4,14942,14627,0.978918484807924,1,2905,finalist
29,balanced,バランス,2984241125,d88535771312673b7830acf3a650820d9eaf77d83973b1651e86975b6d73502c,completed,1,,,400,200,40,94,61,33,401,60,34,114,14,1,15,0,0,0,0,0,26,7,0,0,1,1,6,[object Object],[object Object],1,5,0,7,116,6960,94,4765,28,8330,4,750,6685,7435,,,,80,[object Object],1450,23,5,7,23,9,クリスタゴン Lv21 / シンドレイク Lv21 / アクアン Lv23,"[object Object],[object Object],[object Object]",5,15845,14395,0.9084884821710318,1,2459,finalist
30,collector,収集・配合,3642788030,1c94c14e7b258144c648e978f3d6bf575292fdfd0a58d6026507e8cda15bfdbf,completed,1,,,400,200,40,57,34,23,281,45,12,49,8,1,34,0,0,0,0,0,37,15,29,1450,30,18,11,[object Object],[object Object],0,0,0,12,41,2460,57,4137,30,11830,4,750,3729,8127,28,,,80,[object Object],4352,18,5,16,23,16,シンダーホーン Lv18 / ルーメンオウル Lv18 / クリスタゴン Lv18,"[object Object],[object Object],[object Object]",5,16389,12037,0.7344560375861858,0.6,1629,finalist
31,rush,速攻,318829685,57c87047ccaddfcf4168851460c4c26239cdaee9b11f479f070871b237b5b8f0,stuck,0,tower,boss_retry_cap,400,200,40,113,63,50,435,66,47,162,0,0,9,0,0,0,0,0,3,2,0,0,1,1,2,[object Object],[object Object],0,0,0,3,199,11940,113,8983,23,6400,4,750,7831,2836,,,,80,[object Object],285,26,5,3,18,3,トゲホッグ Lv24 / つぼみラビ Lv26 / ぷるミン Lv26,"[object Object],[object Object],[object Object]",4,15061,14776,0.9810769537215325,1,2760,finalist
32,balanced,バランス,1139593752,457444f6f6d516905dbf95d62584b1be801d0397ace178aedda7fa97d611344b,completed,1,,,400,200,40,68,45,23,303,44,24,55,5,1,20,0,0,0,0,0,27,8,0,0,1,1,5,[object Object],[object Object],0,0,0,7,95,5700,68,3294,27,8180,4,750,4439,6322,26,,,80,[object Object],1427,19,5,9,21,9,タイダルセラフ Lv19 / クリスタゴン Lv18,"[object Object],[object Object]",5,13449,12022,0.8938954569112946,1,1806,finalist
33,collector,収集・配合,1509874162,46a97b742564512f125cfe993e46215b48c120f296f8a7ba4cef8a6258ba66a9,completed,1,,,400,200,40,66,37,29,313,50,16,49,8,1,26,0,0,0,0,0,44,13,28,1400,29,18,10,[object Object],[object Object],0,0,0,10,14,840,66,3455,31,22780,4,750,4067,13767,45,,,80,[object Object],11670,22,5,14,21,14,クラッグベア Lv20 / シンダーホーン Lv22 / ルーメンオウル Lv19,"[object Object],[object Object],[object Object]",5,27677,16007,0.5783502547241391,0.6206896551724138,1829,finalist
34,rush,速攻,2882651352,ae545c82db8fdf83392587ee9384dafc50c3b4a7c05bdbc9e3accaa37bfcd8f7,stuck,0,tower,boss_retry_cap,400,200,40,111,62,49,408,65,46,150,0,0,12,0,0,0,0,0,2,2,0,0,1,1,2,[object Object],[object Object],0,0,0,3,192,11520,111,5301,23,6400,4,750,7511,2939,,,,80,[object Object],282,26,5,3,21,3,トゲホッグ Lv25 / リーフリン Lv26 / ぷるミン Lv26,"[object Object],[object Object],[object Object]",4,14741,14459,0.9808696831965267,1,2634,finalist
35,balanced,バランス,2278153047,1c5a5a8ce6160057d7a69a2c29a1d1950194bec2e0f236aef88c8e4eff165d19,completed,1,,,400,200,40,100,62,38,425,71,29,97,14,1,19,0,0,0,0,0,17,6,0,0,1,1,5,[object Object],[object Object],0,0,0,7,164,9840,100,5763,28,9080,5,1100,8067,6393,,,,80,[object Object],2094,26,6,7,23,7,クリスタゴン Lv24 / アクアン Lv25 / トゲホッグ Lv26,"[object Object],[object Object],[object Object]",5,18327,16233,0.8857423473563595,1,2618,finalist
36,collector,収集・配合,2204992606,b070800bdffb75f27ab3289664dccfff50ccaa3505be687d943dd408122597e0,completed,1,,,400,200,40,90,55,35,505,60,30,103,4,1,27,0,0,0,0,0,40,11,47,2350,48,34,9,[object Object],[object Object],0,0,0,10,70,4200,90,5002,28,8780,4,750,5813,7663,,,,80,[object Object],1210,22,5,12,23,12,ルーメンオウル Lv21 / グルーモス Lv22 / ルミネル Lv22,"[object Object],[object Object],[object Object]",5,15423,14213,0.9215457433702912,0.7083333333333334,2751,finalist
37,rush,速攻,1101767566,9c7931a29dbd2aed09a05b2aa7455ef45ab82498fcb05afdfaffbdc666d37ac5,stuck,0,tower,boss_retry_cap,400,200,40,119,67,52,465,68,51,191,0,0,7,0,0,0,0,0,2,2,0,0,1,1,2,[object Object],[object Object],0,0,0,3,194,11640,119,10994,23,6400,4,750,8093,3398,,,,80,[object Object],285,26,5,3,23,3,リーフリン Lv24 / つぼみラビ Lv25 / ぷるミン Lv26,"[object Object],[object Object],[object Object]",4,15323,15038,0.9814005090387,1,2962,finalist
38,balanced,バランス,675778625,d6943fc01d0bb2c7afac03657d15be7f235c751530232f4bfb9015de1e66e528,completed,1,,,400,200,40,116,73,43,389,81,35,113,12,1,10,0,0,0,0,0,20,5,0,0,1,1,4,[object Object],[object Object],0,0,0,6,190,11400,116,5012,28,9080,5,1100,9553,6967,,,,80,[object Object],1446,28,6,6,21,6,グルーモス Lv27 / リーファウル Lv27 / トゲホッグ Lv28,"[object Object],[object Object],[object Object]",5,19813,18367,0.9270176146974208,1,2671,finalist
39,collector,収集・配合,2958862769,6cbb0b1f15526f0b7df1c119574b414d6ee17245a531eec5dfa4fe85e6f7b9c4,completed,1,,,400,200,40,111,74,37,557,77,34,112,14,1,26,0,0,0,0,0,36,12,61,3050,62,46,9,[object Object],[object Object],0,0,0,9,83,4980,111,5154,29,10980,5,1100,7951,9716,31,,,80,[object Object],2365,24,6,13,22,13,ルーメンオウル Lv24 / グルーモス Lv23 / リーファウル Lv23,"[object Object],[object Object],[object Object]",5,20111,17746,0.8824026652080951,0.7419354838709677,3197,finalist
40,rush,速攻,247603818,7c7a1155f1d21e2d31a8c58fea5b5d8e7bddcc308f355d7089dbfaf77f787406,stuck,0,tower,boss_retry_cap,400,200,40,112,64,48,410,64,48,171,0,0,10,0,0,0,0,0,2,2,0,0,1,1,2,[object Object],[object Object],0,0,0,3,198,11880,112,7938,23,6400,4,750,7802,2858,,,,80,[object Object],294,26,5,3,21,3,プフバット Lv24 / リーフリン Lv26 / ぷるミン Lv26,"[object Object],[object Object],[object Object]",4,15032,14738,0.9804417243214476,1,2662,finalist
41,balanced,バランス,2259194182,01edbc7829d38029c59d66b44be14cbc152d417e3f36a537803cda252975b8f1,completed,1,,,400,200,40,50,30,20,218,38,12,34,5,1,23,0,0,0,0,0,21,7,0,0,1,1,4,[object Object],[object Object],0,0,0,7,87,5220,50,2577,27,9480,4,750,4183,6113,21,,,80,[object Object],3160,21,5,8,21,8,タイダルセラフ Lv20 / ルーメンオウル Lv21,"[object Object],[object Object]",5,14493,11333,0.7819637066169876,1,1340,finalist
42,collector,収集・配合,4056034609,f497749af197e5c702bca348ad9e4160953f34433bacabedd76e5e6d77692d5e,completed,1,,,400,200,40,69,37,32,416,48,21,84,12,1,59,0,1,0,0,0,48,14,32,1600,33,21,11,[object Object],[object Object],0,0,0,11,59,3540,69,5511,30,11830,4,750,4384,8969,46,,,80,[object Object],2935,20,5,15,24,15,ルーメンオウル Lv19 / ルミネル Lv20 / シンダーホーン Lv19,"[object Object],[object Object],[object Object]",5,17044,14109,0.8277986388171791,0.6363636363636364,2186,finalist
43,rush,速攻,3383715102,632d4a543f185e0f903d4066d70784b17044169a8b730e9c9dd6dfcc26131abb,stuck,0,tower,boss_retry_cap,400,200,40,129,71,58,526,74,55,204,0,0,10,0,0,0,0,0,2,2,0,0,1,1,2,[object Object],[object Object],0,0,0,3,211,12660,129,12624,23,6400,5,1100,8482,3157,,,,80,[object Object],245,27,6,3,22,3,リーフリン Lv25 / つぼみラビ Lv26 / ぷるミン Lv27,"[object Object],[object Object],[object Object]",4,16062,15817,0.9847466068982692,1,3252,finalist
44,balanced,バランス,3674139432,d2b52e09742eea5fd4fddea5dc718bd20e22ef4294ef67da2454c02eca10e87a,completed,1,,,400,200,40,139,89,50,565,96,43,144,27,1,18,0,0,0,0,0,22,6,0,0,1,1,4,[object Object],[object Object],0,0,0,7,221,13260,139,9608,28,9080,5,1100,11933,7509,,,,80,[object Object],1424,29,6,7,23,7,ギアビット Lv28 / トゲホッグ Lv29 / アワマリン Lv29,"[object Object],[object Object],[object Object]",5,22193,20769,0.9358356238453567,1,3552,finalist
45,collector,収集・配合,3082657022,fa14a7f85341f6c9be8d1cefbc38d7b1eb5aeb297f00691423f801f9b044c40e,completed,1,,,400,200,40,88,54,34,440,55,33,104,14,1,18,0,0,0,0,0,52,10,42,2100,43,28,8,[object Object],[object Object],0,0,0,10,58,3480,88,5357,28,8780,4,750,5374,8176,,,,80,[object Object],1228,20,5,11,20,11,クリスタゴン Lv20 / グルーモス Lv19 / シンドレイク Lv20,"[object Object],[object Object],[object Object]",5,14984,13756,0.9180459156433529,0.6511627906976745,2455,finalist
46,rush,速攻,1058439054,a223fcba32def16d0427d535b9889737b3383419f4742bdca1796a03f8d3bad0,stuck,0,tower,boss_retry_cap,400,200,40,119,71,48,468,64,55,210,0,0,7,0,0,0,0,0,2,2,0,0,1,1,2,[object Object],[object Object],0,0,0,3,185,11100,119,10539,23,6400,4,750,7613,3457,,,,80,[object Object],286,25,5,3,21,3,プフバット Lv23 / つぼみラビ Lv25 / ぷるミン Lv25,"[object Object],[object Object],[object Object]",4,14843,14557,0.9807316580206158,1,2947,finalist
47,balanced,バランス,442031748,98755284990a3491c73188ed3c57dbc196261a4d6238c6864ca8bd44b9c02645,completed,1,,,400,200,40,52,31,21,214,38,14,39,7,1,22,0,0,0,0,0,17,7,0,0,1,1,5,[object Object],[object Object],0,0,0,6,96,5760,52,1719,26,7280,4,750,3789,4721,,,,80,[object Object],1418,21,5,8,20,8,ルーメンオウル Lv21 / シンダーホーン Lv20 / つぼみラビ Lv20,"[object Object],[object Object],[object Object]",5,11899,10481,0.8808303218757879,1,1301,finalist
48,collector,収集・配合,3931418186,27d9d600d37a418214578b915ed78adcdd67097cd14c63888e28a6222ea4629e,completed,1,,,400,200,40,119,78,41,481,78,41,93,16,1,18,0,0,0,0,0,58,5,60,3000,61,40,3,[object Object],[object Object],0,0,0,5,86,5160,119,5499,28,9080,5,1100,9480,9882,,,,80,[object Object],1698,26,6,6,18,6,オアロード Lv24 / ギアビット Lv26,"[object Object],[object Object]",5,19740,18042,0.9139817629179331,0.6557377049180327,2974,finalist
49,rush,速攻,2837356501,581a1981c15747bb02200a6d1d010d0f08d9997eed0e440e0ec24c120f8a8a11,stuck,0,tower,boss_retry_cap,400,200,40,108,61,47,409,63,45,147,0,0,8,0,0,0,0,0,2,2,0,0,1,1,2,[object Object],[object Object],0,0,0,3,191,11460,108,6357,23,6400,4,750,7688,3158,,,,80,[object Object],300,26,5,3,19,3,ペブロン Lv25 / リーフリン Lv26 / ぷるミン Lv26,"[object Object],[object Object],[object Object]",4,14918,14618,0.9798900656924521,1,2601,finalist
50,balanced,バランス,1676961687,83ef251c830c8d88689183ee4f8c8c269263f24e5f53429693db36d6f6fd1bf7,completed,1,,,400,200,40,82,52,30,347,58,24,55,11,1,17,0,0,0,0,0,26,6,0,0,1,1,4,[object Object],[object Object],0,0,0,6,129,7740,82,2777,29,11280,5,1100,6759,7402,,,,80,[object Object],4077,25,6,7,20,7,オアロード Lv24 / ルミネル Lv25,"[object Object],[object Object]",5,19219,15142,0.7878661740985483,1,2134,finalist
51,collector,収集・配合,905685952,b9cd1bd0d9a86e619ebc12ff9f32bf63968aa8199d3255e3ea2212e2e1d02987,completed,1,,,400,200,40,117,73,44,762,72,45,152,10,1,63,0,1,0,0,0,35,11,56,2800,57,39,10,[object Object],[object Object],0,0,0,10,63,3780,117,5518,28,8780,5,1100,6961,8947,,,,80,[object Object],1394,21,6,12,22,12,ルーメンオウル Lv21 / クリスタゴン Lv21 / ルミネル Lv21,"[object Object],[object Object],[object Object]",5,16921,15527,0.9176171621062585,0.6842105263157895,3877,finalist
52,rush,速攻,1311450064,2ce797df5a7a7d16e594f037469aac59fc3a7239bffe70b14c2ff6844145e4fb,stuck,0,tower,boss_retry_cap,400,200,40,112,64,48,415,64,48,154,0,0,8,0,0,0,0,0,2,2,0,0,1,1,2,[object Object],[object Object],0,0,0,3,190,11400,112,5782,23,6400,4,750,7604,3149,,,,80,[object Object],285,26,5,3,20,3,トゲホッグ Lv25 / リーフリン Lv26 / ぷるミン Lv26,"[object Object],[object Object],[object Object]",4,14834,14549,0.9807873803424565,1,2679,finalist
53,balanced,バランス,1763675962,306a3d025c1296aa94b053dcebf1ad8f388a98ac13cf44da7a1ff891857cd6a9,completed,1,,,400,200,40,56,34,22,231,43,13,45,10,1,21,0,0,0,0,0,19,8,0,0,1,1,6,[object Object],[object Object],0,0,0,8,129,7740,56,3168,27,8180,4,750,4958,4807,,,,80,[object Object],1421,22,5,9,21,9,クラッグベア Lv21 / シンダーホーン Lv22 / ドリモール Lv21,"[object Object],[object Object],[object Object]",5,13968,12547,0.8982674684994273,1,1447,finalist
54,collector,収集・配合,3858418567,057e61361c42df37cc17330baf1beecd0607a32607231da0035bc8c03e48d2e5,completed,1,,,400,200,40,99,62,37,496,66,33,108,10,1,45,0,0,0,0,0,33,11,50,2500,51,39,9,[object Object],[object Object],0,0,0,9,69,4140,99,4402,28,8780,5,1100,6931,8827,,,,80,[object Object],1424,22,6,12,23,12,ルーメンオウル Lv21 / グルーモス Lv21 / シンドレイク Lv22,"[object Object],[object Object],[object Object]",5,16891,15467,0.9156947486827305,0.7647058823529411,2815,finalist
55,rush,速攻,518982581,b1cef775b8306eb8f4dd52fb0147a00eb6b4f1a94adc079d3b754b9bd26505e7,stuck,0,tower,boss_retry_cap,400,200,40,130,77,53,540,69,61,216,0,0,9,0,0,0,0,0,4,2,0,0,1,1,2,[object Object],[object Object],0,0,0,3,188,11280,130,9399,23,6400,4,750,8029,3695,,,,80,[object Object],284,26,5,3,20,3,プフバット Lv24 / リーフリン Lv25 / ぷるミン Lv26,"[object Object],[object Object],[object Object]",4,15259,14975,0.9813880332918278,1,3300,finalist
56,balanced,バランス,1808941713,87f4f9e91ea6478a9abf54cfcda8a0e87cb4baa19d654e2481536db166f73841,completed,1,,,400,200,40,64,39,25,288,46,18,70,5,1,13,0,0,0,0,0,30,7,0,0,1,1,6,[object Object],[object Object],0,0,0,7,125,7500,64,3840,27,8180,4,750,4964,5031,,,,80,[object Object],1443,22,5,8,20,8,シンダーホーン Lv21 / ルミネル Lv21 / ドリモール Lv22,"[object Object],[object Object],[object Object]",5,13974,12531,0.8967367969085445,1,1727,finalist
57,collector,収集・配合,3870860371,916902d40c0dbe66dc35b2ee6c4218364a0481ffcbbcb72ca5abd157248c6fb2,completed,1,,,400,200,40,88,53,35,460,60,28,100,8,1,20,0,0,0,0,0,31,11,44,2200,45,34,9,[object Object],[object Object],0,0,0,11,79,4740,88,5143,28,8780,4,750,5750,7221,,,,80,[object Object],1199,21,5,12,22,12,グルーモス Lv20 / クリスタゴン Lv20 / ルミネル Lv21,"[object Object],[object Object],[object Object]",5,15360,14161,0.9219401041666667,0.7555555555555555,2617,finalist
58,rush,速攻,3332124033,da9ec2b97839a96430738afe92d9dde567d4fc404385ded17819476446688f2f,stuck,0,tower,boss_retry_cap,400,200,40,116,67,49,480,65,51,182,0,0,7,0,0,0,0,0,5,2,0,0,1,1,2,[object Object],[object Object],0,0,0,3,187,11220,116,9643,23,6400,4,750,7575,3303,,,,80,[object Object],282,26,5,3,22,3,アクアン Lv22 / リーフリン Lv26 / ぷるミン Lv26,"[object Object],[object Object],[object Object]",4,14805,14523,0.9809523809523809,1,2942,finalist
59,balanced,バランス,4210056690,3a287bb9bc69bd2b4846a3a58a9254b51fb98557f9bce1634c10bcec496b10d3,completed,1,,,400,200,40,88,55,33,337,59,29,104,10,1,13,0,0,0,0,0,18,5,0,0,1,1,5,[object Object],[object Object],0,0,0,6,125,7500,88,5140,26,7940,4,750,6411,5300,,,,80,[object Object],2381,23,5,6,20,6,ルーメンオウル Lv21 / リーファウル Lv23 / アッシュインプ Lv23,"[object Object],[object Object],[object Object]",5,15181,12800,0.8431592121731111,1,2182,finalist
60,collector,収集・配合,1131692003,4271f6e92129c96e3be8bbbbf880eb51c4481a49c6720cd6ecbb429da9b09dab,completed,1,,,400,200,40,102,64,38,505,69,33,112,13,1,22,0,0,0,0,0,28,10,51,2550,52,42,8,[object Object],[object Object],0,0,0,10,82,4920,102,5327,28,8780,5,1100,7279,8383,,,,80,[object Object],1386,24,6,11,22,11,グルーモス Lv24 / ルーメンオウル Lv22 / リーファウル Lv23,"[object Object],[object Object],[object Object]",5,17239,15853,0.9196009049248797,0.8076923076923077,2912,finalist
61,rush,速攻,2920474642,b68c477eb9f9bd52ea260ce36a61d64eb89075fb235f9b02b09a203e67f1b18b,stuck,0,tower,boss_retry_cap,400,200,40,118,67,51,441,67,51,155,0,0,11,0,0,0,0,0,2,2,0,0,1,1,2,[object Object],[object Object],0,0,0,3,187,11220,118,7064,23,6400,4,750,7645,3416,,,,80,[object Object],239,26,5,3,21,3,アクアン Lv24 / トゲホッグ Lv26 / ぷるミン Lv26,"[object Object],[object Object],[object Object]",4,14875,14636,0.9839327731092437,1,2842,finalist
62,balanced,バランス,2736602671,9e655b8285ed3bb2a03ae0bb84a7f67785cf7be46ea186fae04cfdc2d5a2e326,completed,1,,,400,200,40,95,60,35,443,66,29,99,14,1,20,0,0,0,0,0,25,6,0,0,1,1,5,[object Object],[object Object],0,0,0,7,156,9360,95,4767,27,8180,5,1100,7159,5416,,,,80,[object Object],1743,24,6,7,23,7,ルミネル Lv22 / シンドレイク Lv23 / アクアン Lv24,"[object Object],[object Object],[object Object]",5,16519,14776,0.8944851383255645,1,2594,finalist
63,collector,収集・配合,1920901432,3c590a0dc1c3e2da40be68020a998a230d8033af65b23d94eb5bd5239b6d9d41,completed,1,,,400,200,40,84,49,35,649,56,28,99,11,1,71,0,2,0,0,0,33,12,41,2050,42,29,10,[object Object],[object Object],0,0,0,10,65,3900,84,5601,29,10980,4,750,6053,9551,,,,80,[object Object],2362,23,5,13,21,13,グルーモス Lv23 / ルーメンオウル Lv22 / ルミネル Lv23,"[object Object],[object Object],[object Object]",5,17863,15501,0.8677713709903152,0.6904761904761905,3111,finalist
64,rush,速攻,3221806404,acc659df1d70629639154d8375bb0ff00db1dfff760f7c09d1e85bd3be064b67,stuck,0,tower,boss_retry_cap,400,200,40,113,65,48,423,64,49,159,0,0,7,0,0,0,0,0,2,2,0,0,1,1,2,[object Object],[object Object],0,0,0,3,181,10860,113,6922,23,6400,4,750,7653,3686,,,,80,[object Object],337,26,5,3,18,3,トゲホッグ Lv25 / プフバット Lv26 / ぷるミン Lv26,"[object Object],[object Object],[object Object]",4,14883,14546,0.9773567157159175,1,2715,finalist
65,balanced,バランス,3451418017,aea7e2be46af9bad58870e573de1ae71af1d240afc9fd2fd812c3ef743522a11,completed,1,,,400,200,40,85,53,32,321,59,26,55,10,1,23,0,0,0,0,0,15,5,0,0,1,1,3,[object Object],[object Object],1,5,0,5,132,7920,85,2861,28,8330,4,750,6461,5319,,,,80,[object Object],2382,23,5,5,20,7,オアロード Lv22 / ルミネル Lv23,"[object Object],[object Object]",5,15621,13239,0.8475129633186096,1,2062,finalist
66,collector,収集・配合,1779158152,d7992d178ce9259a736c9be2b2b24c3ea875bd58367c054fc5c5852bc8994381,completed,1,,,400,200,40,72,41,31,401,50,22,78,8,1,39,0,0,0,0,0,38,12,36,1800,37,26,10,[object Object],[object Object],0,0,0,10,70,4200,72,3844,29,10980,4,750,4834,8282,,,,80,[object Object],2362,21,5,13,22,13,ルーメンオウル Lv21 / シンダーホーン Lv21 / グルーモス Lv20,"[object Object],[object Object],[object Object]",5,16644,14282,0.8580869983177121,0.7027027027027027,2212,finalist
67,rush,速攻,3158968418,7b672db78f9dadc9174d4d178fdd90eee230d0fe1d0d5f6cb3b41abcf619163c,stuck,0,tower,boss_retry_cap,400,200,40,112,63,49,449,65,47,162,0,0,8,0,0,0,0,0,3,2,0,0,1,1,2,[object Object],[object Object],0,0,0,3,197,11820,112,8824,23,6400,4,750,7724,2827,,,,80,[object Object],307,26,5,3,20,3,ペブロン Lv24 / リーフリン Lv26 / ぷるミン Lv26,"[object Object],[object Object],[object Object]",4,14954,14647,0.9794703758191788,1,2802,finalist
68,balanced,バランス,3337549637,b64a969f3ff3db724558941d24bab75d064bc8d77412bfef9597414f2af61d0b,completed,1,,,400,200,40,96,60,36,288,68,28,61,9,1,11,0,0,0,0,0,16,7,0,0,1,1,5,[object Object],[object Object],0,0,0,6,164,9840,96,4519,28,9080,5,1100,7837,5849,,,,80,[object Object],2408,25,6,8,22,8,グルーモス Lv25 / オアロード Lv25,"[object Object],[object Object]",5,18097,15689,0.8669392717024921,1,2119,finalist
69,collector,収集・配合,134606351,9e51612d226d17e0cea13a3a6cbec35ab8c9395332845fbd2f97113d57341fa3,completed,1,,,400,200,40,71,41,30,292,49,22,82,11,1,10,0,0,0,0,0,48,8,36,1800,37,24,6,[object Object],[object Object],0,0,0,8,75,4500,71,4516,27,8180,4,750,5058,6459,,,,80,[object Object],1309,22,5,9,21,9,シンダーホーン Lv19 / シンドレイク Lv19 / ドリモール Lv22,"[object Object],[object Object],[object Object]",5,14068,12759,0.9069519476826841,0.6486486486486487,1814,finalist
70,rush,速攻,2178539322,249db9587cdd19dd71af0170d60281df2ae044106297e57835806f5d98f5d82c,completed,1,,,400,200,40,109,60,49,342,65,44,137,0,0,6,0,0,0,0,0,5,2,0,0,1,1,2,[object Object],[object Object],0,0,0,3,191,11460,109,5109,24,7200,4,750,7603,2672,,,,80,[object Object],1501,26,5,3,22,3,シンドレイク Lv24 / プフバット Lv26 / ぷるミン Lv26,"[object Object],[object Object],[object Object]",5,15633,14132,0.9039851595982856,1,2397,finalist
71,balanced,バランス,92299607,dd6fc433ea47abe080fbd9b55c522f90ac5ec368b222d78b2417da3f52720753,completed,1,,,400,200,40,51,30,21,205,40,11,39,6,1,11,0,0,0,0,0,18,9,0,0,1,1,6,[object Object],[object Object],0,0,0,8,111,6660,51,3591,28,10380,4,750,4263,4991,31,,,80,[object Object],3822,22,5,10,20,10,ルーメンオウル Lv22 / シンダーホーン Lv21 / トゲホッグ Lv20,"[object Object],[object Object],[object Object]",5,15473,11651,0.7529890777483358,1,1313,finalist
72,collector,収集・配合,2724232775,ef7817f52be0762cb97b03cdfbbbf12a9575ec6361a6afbaf0dd8d972b6cb504,completed,1,,,400,200,40,119,79,40,739,88,31,101,18,1,27,0,0,0,0,0,25,11,65,3250,66,59,8,[object Object],[object Object],0,0,0,10,122,7320,119,7236,29,9680,5,1100,9437,8035,52,,,80,[object Object],1692,25,6,12,24,12,グルーモス Lv24 / ルミネル Lv24 / シンドレイク Lv25,"[object Object],[object Object],[object Object]",5,20297,18605,0.9166379267872099,0.8939393939393939,3937,finalist
73,rush,速攻,2405307231,f5fcbe2afa172b10580bee6eb6ccb0ef17aca708af12a072bdf29416289b3585,completed,1,,,400,200,40,74,43,31,219,47,27,85,0,0,7,0,0,0,0,0,3,2,0,0,1,1,2,[object Object],[object Object],0,0,0,3,146,8760,74,3097,23,6300,4,750,5158,1968,,,,80,[object Object],1560,23,5,3,20,3,グルーモス Lv21 / プフバット Lv23 / ぷるミン Lv23,"[object Object],[object Object],[object Object]",5,12288,10728,0.873046875,1,1588,finalist
74,balanced,バランス,3288605387,bff88fe5b407d9f67854b5ed0f9b86f4a602fe638a79b1b1de20b6fdb6dbea92,completed,1,,,400,200,40,62,38,24,241,47,15,34,10,1,18,0,0,0,0,0,19,6,0,0,1,1,4,[object Object],[object Object],0,0,0,6,143,8580,62,2039,27,8180,4,750,4724,3724,,,,80,[object Object],1430,22,5,7,23,7,ルーメンオウル Lv22 / オアロード Lv22,"[object Object],[object Object]",5,13734,12304,0.8958788408329693,1,1518,finalist
75,collector,収集・配合,2331784688,9e5ac6d65d3bd9a17660e495660590705d031afb06d023720e93949ac4646647,completed,1,,,400,200,40,70,39,31,357,45,25,93,10,1,21,0,0,0,0,0,34,10,34,1700,35,20,8,[object Object],[object Object],0,0,0,9,49,2940,70,3715,29,10980,4,750,4188,8893,,,,80,[object Object],2465,19,5,11,23,11,クラッグベア Lv18 / シンダーホーン Lv18 / クリスタゴン Lv19,"[object Object],[object Object],[object Object]",5,15998,13533,0.8459182397799725,0.5714285714285714,2017,finalist
76,rush,速攻,2542353470,bcca67bc97f87f3588f56f2c5716607f88b2932757732be3108236c68c50989a,stuck,0,tower,boss_retry_cap,400,200,40,128,76,52,478,68,60,188,0,0,8,0,0,0,0,0,2,2,0,0,1,1,2,[object Object],[object Object],0,0,0,3,188,11280,128,6676,23,6400,4,750,7793,3503,,,,80,[object Object],240,26,5,3,22,3,プフバット Lv25 / ペブロン Lv25 / ぷるミン Lv26,"[object Object],[object Object],[object Object]",4,15023,14783,0.9840244957731479,1,3044,finalist
77,balanced,バランス,847673953,264ce1025e3900854ce59be2bb3e8b334c922d314c86ba2061c2018e2fadc2d4,completed,1,,,400,200,40,80,50,30,329,53,27,97,18,1,16,0,0,0,0,0,22,6,0,0,1,1,6,[object Object],[object Object],0,0,0,7,110,6600,80,3030,27,8180,4,750,5672,5708,,,,80,[object Object],2374,23,5,7,22,7,クリスタゴン Lv21 / リーファウル Lv22 / ドリモール Lv23,"[object Object],[object Object],[object Object]",5,14682,12308,0.8383054079825637,1,2045,finalist
78,collector,収集・配合,3017046950,9f42a0ae4496d5be541db7fcf81d9a47544fb5484c63b25e9cba5cbdd3fc9628,completed,1,,,400,200,40,76,43,33,355,55,21,70,10,1,24,0,0,0,0,0,45,11,38,1900,39,27,9,[object Object],[object Object],0,0,0,11,94,5640,76,3916,30,15780,5,1100,5947,11342,,,,80,[object Object],4025,24,6,12,21,12,シンダーホーン Lv23 / ルミネル Lv24 / ギアビット Lv23,"[object Object],[object Object],[object Object]",5,22907,18882,0.8242895184877985,0.6923076923076923,2107,finalist
79,rush,速攻,2636299042,895418592de6ce9a23e4616adf254c2e04127ffffff5afe3129043dfc8532c05,stuck,0,tower,boss_retry_cap,400,200,40,108,61,47,389,63,45,147,0,0,9,0,0,0,0,0,2,2,0,0,1,1,2,[object Object],[object Object],0,0,0,3,189,11340,108,6327,23,6400,4,750,7573,3146,,,,80,[object Object],317,26,5,3,21,3,トゲホッグ Lv25 / つぼみラビ Lv26 / ぷるミン Lv26,"[object Object],[object Object],[object Object]",4,14803,14486,0.9785854218739445,1,2559,finalist
80,balanced,バランス,1147308128,100399ca5db59b5ebede08a5626f7eb5c0b07ebb7c032c61eabe56ab532b73cb,completed,1,,,400,200,40,87,54,33,317,62,25,82,12,1,14,0,0,0,0,0,26,6,0,0,1,1,5,[object Object],[object Object],0,0,0,6,149,8940,87,3717,28,9080,5,1100,7021,5990,,,,80,[object Object],2351,25,6,7,21,7,グルーモス Lv25 / ギアビット Lv24 / トゲホッグ Lv25,"[object Object],[object Object],[object Object]",5,17281,14930,0.8639546322550778,1,2084,finalist
81,collector,収集・配合,3957449969,bbdd88b361d1185d279804aea460360546902c875e4e45c6715618bbc1539036,completed,1,,,400,200,40,102,63,39,625,67,35,118,8,1,48,0,0,0,0,0,34,10,52,2600,53,40,8,[object Object],[object Object],0,0,0,8,67,4020,102,4404,28,8780,5,1100,7263,9204,,,,80,[object Object],1399,22,6,11,19,11,ルミネル Lv22 / グルーモス Lv22 / リーファウル Lv22,"[object Object],[object Object],[object Object]",5,17223,15824,0.9187714103234047,0.7547169811320755,3281,finalist
82,rush,速攻,3327731467,90767fcba8308fb50e18c04400b328a589abd0b5361a2affe86b233163843253,stuck,0,tower,boss_retry_cap,400,200,40,106,59,47,358,63,43,137,0,0,9,0,0,0,0,0,2,2,0,0,1,1,2,[object Object],[object Object],0,0,0,3,192,11520,106,5511,23,6400,4,750,7554,2985,,,,80,[object Object],279,26,5,3,19,3,トゲホッグ Lv25 / プフバット Lv26 / ぷるミン Lv26,"[object Object],[object Object],[object Object]",4,14784,14505,0.9811282467532467,1,2423,finalist
83,balanced,バランス,2288906114,f58c06a1fbaa7e118b64379477dcf1145356eda3ebdb38784a3be787eca179cd,completed,1,,,400,200,40,116,74,42,406,80,36,111,14,1,15,0,0,0,0,0,25,7,0,0,1,1,5,[object Object],[object Object],0,0,0,7,194,11640,116,4304,28,9080,5,1100,10009,7166,,,,80,[object Object],1463,28,6,8,19,8,グルーモス Lv28 / ドリモール Lv27 / リーフリン Lv27,"[object Object],[object Object],[object Object]",5,20269,18806,0.9278208101040999,1,2724,finalist
84,collector,収集・配合,394967591,f29d7521c439e813a8d43456a5b9c106628040a70ab18da2adf7a70e76b7c712,completed,1,,,400,200,40,67,39,28,369,43,24,81,11,1,18,0,0,0,0,0,55,10,34,1700,35,19,8,[object Object],[object Object],0,0,0,10,29,1740,67,4312,28,8780,4,750,3946,8063,,,,80,[object Object],2053,19,5,11,20,11,ルーメンオウル Lv19 / クラッグベア Lv17 / シンダーホーン Lv17,"[object Object],[object Object],[object Object]",5,13556,11503,0.8485541457657126,0.5428571428571428,2014,finalist
85,rush,速攻,2499240127,af34220c374c1447fa6496d42fff09fdc53ecff74452112511f5331632586ec5,stuck,0,tower,boss_retry_cap,400,200,40,118,68,50,470,66,52,179,0,0,8,0,0,0,0,0,3,2,0,0,1,1,2,[object Object],[object Object],0,0,0,3,184,11040,118,9168,23,6400,4,750,7827,3730,,,,80,[object Object],287,26,5,3,22,3,トゲホッグ Lv24 / リーフリン Lv26 / ぷるミン Lv26,"[object Object],[object Object],[object Object]",4,15057,14770,0.9809390980939098,1,2938,finalist
86,balanced,バランス,176084772,b9cf4e68bc6d8b6b6f4273448b1d63de2b76346136491cbcc0a54f83be342b83,completed,1,,,400,200,40,71,43,28,242,51,20,54,5,1,15,0,0,0,0,0,22,5,0,0,1,1,3,[object Object],[object Object],0,0,0,5,121,7260,71,2181,27,8180,4,750,5629,5963,,,,80,[object Object],1416,23,5,6,20,6,ルーメンオウル Lv22 / シンドレイク Lv21 / ぷるミン Lv23,"[object Object],[object Object],[object Object]",5,14639,13223,0.903272081426327,1,1632,finalist
87,collector,収集・配合,3807615076,e304f4bf595bcfca45ec3aae996417d3be6edb8daff2791500c491c8342e9e92,completed,1,,,400,200,40,45,19,26,219,34,11,43,7,1,23,0,0,0,0,0,35,9,14,700,15,7,7,[object Object],[object Object],0,0,0,9,0,0,45,3343,28,20580,4,750,3625,13079,34,,,80,[object Object],11256,21,5,10,16,10,グルーモス Lv21 / シンダーホーン Lv20 / ルミネル Lv18,"[object Object],[object Object],[object Object]",5,25035,13779,0.5503894547633313,0.4666666666666667,1263,finalist
88,rush,速攻,365758423,0f1df9c0e483a3f88adafe99b5d1ccc80d24f92a6a6f81571e143e2b34337a2a,stuck,0,tower,boss_retry_cap,400,200,40,122,71,51,478,67,55,204,0,0,8,0,0,0,0,0,3,2,0,0,1,1,2,[object Object],[object Object],0,0,0,3,200,12000,122,10686,23,6400,4,750,8103,3060,,,,80,[object Object],273,26,5,3,22,3,プフバット Lv24 / つぼみラビ Lv25 / ぷるミン Lv26,"[object Object],[object Object],[object Object]",4,15333,15060,0.982195265114459,1,2998,finalist
89,balanced,バランス,2975283124,94a5420b5a96dbc13f7ef8ca795e6ac51d90f2a33352e39c69708eaca6c48bf2,completed,1,,,400,200,40,51,30,21,205,40,11,37,7,1,16,0,0,0,0,0,21,8,0,0,1,1,5,[object Object],[object Object],0,0,0,9,109,6540,51,2908,28,10380,4,750,4193,5049,31,,,80,[object Object],3814,22,5,9,20,9,ルーメンオウル Lv22 / シンダーホーン Lv19 / トゲホッグ Lv22,"[object Object],[object Object],[object Object]",5,15403,11589,0.7523858988508733,1,1314,finalist
90,collector,収集・配合,3738808127,e79154f39c9997be81cd4ff2bda5776f9668a508cba8a7c03b327e45da8f8389,completed,1,,,400,200,40,87,49,38,600,62,25,100,16,1,77,0,2,0,0,0,49,12,44,2200,45,32,10,[object Object],[object Object],0,0,0,9,135,8100,87,5911,32,23680,5,1100,6666,19356,,,,80,[object Object],1870,25,6,13,23,13,ルーメンオウル Lv24 / グルーモス Lv25 / ルミネル Lv22,"[object Object],[object Object],[object Object]",5,31526,29656,0.9406838799720866,0.7111111111111111,2893,finalist
91,rush,速攻,3256264815,0d32c60733a71677b6bf85e0c3e63e7cc6a7ab2b09775fd0329f8f73dc0281a5,stuck,0,tower,boss_retry_cap,400,200,40,113,63,50,398,66,47,171,0,0,7,0,0,0,0,0,2,2,0,0,1,1,2,[object Object],[object Object],0,0,0,3,200,12000,113,8813,23,6400,4,750,7861,2817,,,,80,[object Object],274,26,5,3,20,3,プフバット Lv24 / つぼみラビ Lv25 / ぷるミン Lv26,"[object Object],[object Object],[object Object]",4,15091,14817,0.9818434828705851,1,2635,finalist
92,balanced,バランス,2647987281,3056e6e8cdf5138a962bacf358abe5f226f5295c11e6a21fbbe445d6035b5761,completed,1,,,400,200,40,145,95,50,486,95,50,146,6,1,20,0,0,0,0,0,33,6,0,0,1,1,5,[object Object],[object Object],0,0,0,5,182,10920,145,5441,28,9080,5,1100,11725,9653,,,,80,[object Object],1412,29,6,7,20,7,グルーモス Lv29 / アッシュインプ Lv28 / つぼみラビ Lv29,"[object Object],[object Object],[object Object]",5,21985,20573,0.9357743916306572,1,3329,finalist
93,collector,収集・配合,3264344503,85849f894582028190551548c9f00c5ca62620a1ec1aeb63fd351ad7669067fb,completed,1,,,400,200,40,99,61,38,614,65,34,111,7,1,60,0,2,0,0,0,35,10,50,2500,51,37,8,[object Object],[object Object],0,0,0,10,67,4020,99,4426,29,10980,5,1100,6560,9656,,,,80,[object Object],2544,23,6,11,22,11,ルーメンオウル Lv23 / グルーモス Lv21 / ルミネル Lv22,"[object Object],[object Object],[object Object]",5,18720,16176,0.8641025641025641,0.7254901960784313,3145,finalist
94,rush,速攻,3853360298,ce61e964e6ed83a9a8bdf4f253d1d081b23c62f8c8669d9a6d9febda785f4ae8,stuck,0,tower,boss_retry_cap,400,200,40,113,65,48,431,64,49,158,0,0,8,0,0,0,0,0,3,2,0,0,1,1,2,[object Object],[object Object],0,0,0,3,176,10560,113,7107,23,6400,4,750,7608,3967,,,,80,[object Object],311,26,5,3,22,3,ペブロン Lv25 / つぼみラビ Lv26 / ぷるミン Lv26,"[object Object],[object Object],[object Object]",4,14838,14527,0.9790403019274835,1,2752,finalist
95,balanced,バランス,2914692024,3c919616e07bdc1200b34add46d666af01254d87d1fec640d90a17014e683ee7,completed,1,,,400,200,40,58,35,23,207,42,16,52,5,1,13,0,0,0,0,0,16,5,0,0,1,1,4,[object Object],[object Object],0,0,0,6,105,6300,58,1925,27,8180,4,750,4418,5012,,,,80,[object Object],2116,22,5,6,21,6,ルーメンオウル Lv22 / シンドレイク Lv20 / ドリモール Lv22,"[object Object],[object Object],[object Object]",5,13428,11312,0.8424188263330354,1,1378,finalist
96,collector,収集・配合,432364059,51aba81ef97a32007fba15b3e80083b35e5a1f7f62595364f6fac6e4ef2007ed,completed,1,,,400,200,40,54,26,28,304,40,14,65,6,1,18,0,0,0,0,0,49,14,20,1000,21,10,11,[object Object],[object Object],0,0,0,10,21,1260,54,4060,32,23630,4,750,4074,15534,39,,,80,[object Object],10740,22,5,15,20,15,グルーモス Lv21 / シンダーホーン Lv22 / クラッグベア Lv18,"[object Object],[object Object],[object Object]",5,28534,17794,0.6236069250718441,0.47619047619047616,1673,finalist
97,rush,速攻,687311646,286884ace411bec0d902bbd54bbd7eb9d95b8324f7b194711ff9fb2a902f4c65,stuck,0,tower,boss_retry_cap,400,200,40,113,64,49,438,65,48,158,0,0,9,0,0,0,0,0,3,2,0,0,1,1,2,[object Object],[object Object],0,0,0,3,191,11460,113,6036,23,6400,4,750,7627,3097,,,,80,[object Object],300,26,5,3,18,3,ペブロン Lv25 / プフバット Lv26 / ぷるミン Lv26,"[object Object],[object Object],[object Object]",4,14857,14557,0.9798074981490207,1,2768,finalist
98,balanced,バランス,3663533122,c014ebbcbb921a414c41ab9978e05960230a501343f063734b0f402ab2db69fc,completed,1,,,400,200,40,66,42,24,280,44,22,81,3,1,12,0,0,0,0,0,25,6,0,0,1,1,5,[object Object],[object Object],0,0,0,7,80,4800,66,3193,28,10380,4,750,4519,7775,,,,80,[object Object],3154,22,5,7,22,7,ルーメンオウル Lv22 / グルーモス Lv20 / トゲホッグ Lv21,"[object Object],[object Object],[object Object]",5,15729,12575,0.7994786699726619,1,1731,finalist
99,collector,収集・配合,1722764206,79dbc839fe8fff5b44fc7bb51ae862afd3caefefd59320f90b2793c5a991b34b,completed,1,,,400,200,40,77,44,33,407,56,21,67,8,1,42,0,0,0,0,0,59,13,39,1950,40,27,10,[object Object],[object Object],0,0,0,9,95,5700,77,2718,32,23680,5,1100,5359,16107,45,,,80,[object Object],6462,25,6,14,22,14,ルーメンオウル Lv25 / シンダーホーン Lv25 / ルミネル Lv24,"[object Object],[object Object],[object Object]",5,30219,23757,0.7861610245209967,0.675,2286,finalist
100,rush,速攻,3744556806,866552153db9df46a8d08f50399fd25e5f094cebcdb8eab183c72cd05102badd,completed,1,,,400,200,40,95,54,41,305,57,38,123,0,0,8,0,0,0,0,0,4,2,0,0,1,1,2,[object Object],[object Object],0,0,0,3,165,9900,95,3785,24,7200,4,750,6954,2686,,,,80,[object Object],2398,25,5,3,20,3,グルーモス Lv23 / リーフリン Lv25 / ぷるミン Lv25,"[object Object],[object Object],[object Object]",5,14984,12586,0.839962626801922,1,2099,finalist
101,balanced,バランス,39943967,17857d3da9f4e8173745ffd24bc6d066e0a0a8de04fa71a02a7942f5cccdbf5d,completed,1,,,400,200,40,76,47,29,330,54,22,63,7,1,24,0,0,0,0,0,19,6,0,0,1,1,5,[object Object],[object Object],0,0,0,6,131,7860,76,3125,26,7940,4,750,6161,5619,,,,80,[object Object],1452,23,5,7,18,7,ルミネル Lv23 / アッシュインプ Lv22 / つぼみラビ Lv22,"[object Object],[object Object],[object Object]",5,14931,13479,0.9027526622463331,1,1993,finalist
102,collector,収集・配合,2823463236,3f7b3a2e6b00ae74fe85cb25d52b19b8e79c2a520779dc787a781fbe35772eca,completed,1,,,400,200,40,111,72,39,734,74,37,128,24,1,60,0,4,0,0,0,34,12,57,2850,58,44,10,[object Object],[object Object],0,0,0,11,69,4140,111,4609,28,8780,5,1100,7782,8737,,,,80,[object Object],2015,23,6,13,23,13,ルーメンオウル Lv23 / グルーモス Lv22 / ギアビット Lv23,"[object Object],[object Object],[object Object]",5,17742,15727,0.8864276857175065,0.7586206896551724,3608,finalist
103,rush,速攻,267418807,57eddcdbf9bf256585d0ff270ea5580d5f8e779866872f0538121061b6952e16,stuck,0,tower,boss_retry_cap,400,200,40,113,63,50,413,66,47,151,0,0,10,0,0,0,0,0,3,2,0,0,1,1,2,[object Object],[object Object],0,0,0,3,202,12120,113,6582,23,6400,4,750,7831,2687,,,,80,[object Object],254,26,5,3,20,3,ドリモール Lv25 / つぼみラビ Lv26 / ぷるミン Lv26,"[object Object],[object Object],[object Object]",4,15061,14807,0.9831352499834008,1,2692,finalist
104,balanced,バランス,3655178029,90edc0a88a370c4a632024a79708724ae4e031e8a9ef684edb4347056ba616a0,completed,1,,,400,200,40,63,38,25,288,46,17,54,8,1,16,0,0,0,0,0,16,7,0,0,1,1,5,[object Object],[object Object],0,0,0,7,120,7200,63,3311,27,8180,4,750,5071,5443,,,,80,[object Object],1438,22,5,8,18,8,ルミネル Lv22 / シンドレイク Lv22 / ドリモール Lv22,"[object Object],[object Object],[object Object]",5,14081,12643,0.8978765712662453,1,1713,finalist
105,collector,収集・配合,3065326204,80a1c114f56ac7e40cb3bada2d882416c3ee7c539a8a999a19113f9be4bdc792,completed,1,,,400,200,40,72,41,31,319,52,20,66,7,1,18,0,0,0,0,0,43,13,35,1750,36,27,9,[object Object],[object Object],0,0,0,11,56,3360,72,3320,30,15780,4,750,4847,11054,39,,,80,[object Object],5293,21,5,14,21,14,ルーメンオウル Lv21 / グルーモス Lv20 / クリスタゴン Lv21,"[object Object],[object Object],[object Object]",5,21457,16164,0.7533205946777275,0.75,1924,finalist
106,rush,速攻,1207172671,45c493f0e0e65fd3d2d05ff1f986a9a507708791f21153d9f6fda4f9c2a496b6,stuck,0,tower,boss_retry_cap,400,200,40,124,74,50,460,66,58,188,0,0,9,0,0,0,0,0,3,2,0,0,1,1,2,[object Object],[object Object],0,0,0,3,181,10860,124,6558,23,6400,4,750,7725,3763,,,,80,[object Object],332,26,5,3,22,3,トゲホッグ Lv24 / プフバット Lv26 / ぷるミン Lv26,"[object Object],[object Object],[object Object]",4,14955,14623,0.9778000668672685,1,2966,finalist
107,balanced,バランス,2417244245,3ab4c7d2fa42779005c5b2312abba7d60c240f04f1b9703e5462988106541fab,completed,1,,,400,200,40,68,43,25,308,44,24,73,4,1,12,0,0,0,0,0,30,7,0,0,1,1,6,[object Object],[object Object],0,0,0,8,86,5160,68,3097,27,8180,4,750,4580,7000,25,,,80,[object Object],1430,21,5,8,22,8,ルーメンオウル Lv21 / リーファウル Lv21 / ギアビット Lv19,"[object Object],[object Object],[object Object]",5,13590,12160,0.8947755702722591,1,1855,finalist
108,collector,収集・配合,274731933,6457bbdd149b2673e1fd1ba453ce61a8e7cf9afe3a084ab93e69626b1e20b029,completed,1,,,400,200,40,109,69,40,578,73,36,108,10,1,23,0,0,0,0,0,32,9,53,2650,54,43,7,[object Object],[object Object],0,0,0,8,79,4740,109,3817,27,8180,5,1100,7947,8732,,,,80,[object Object],1185,24,6,10,22,10,グルーモス Lv23 / ルミネル Lv23 / ギアビット Lv24,"[object Object],[object Object],[object Object]",5,17307,16122,0.9315305945571156,0.7962962962962963,3218,finalist
109,rush,速攻,2009033078,4fddb55df8f15f50b1ab0c35421a2ecfda2623d7c8a4c70e248e26e10825bf55,stuck,0,tower,boss_retry_cap,400,200,40,111,63,48,402,64,47,157,0,0,9,0,0,0,0,0,3,2,0,0,1,1,2,[object Object],[object Object],0,0,0,3,188,11280,111,6498,23,6400,4,750,7633,3299,,,,80,[object Object],284,26,5,3,21,3,アクアン Lv23 / プフバット Lv25 / ぷるミン Lv26,"[object Object],[object Object],[object Object]",4,14863,14579,0.9808921482876942,1,2602,finalist
110,balanced,バランス,2889639343,943480fd075ee239e6b9dc85a678cd984d400b6fe50ccc64158f0a2fc8e674d0,completed,1,,,400,200,40,104,68,36,415,65,39,141,15,1,12,0,0,0,0,0,21,6,0,0,1,1,6,[object Object],[object Object],0,0,0,7,121,7260,104,5810,27,8180,5,1100,7432,6950,,,,80,[object Object],2582,23,6,7,21,7,グルーモス Lv23 / クリスタゴン Lv22 / アッシュインプ Lv23,"[object Object],[object Object],[object Object]",5,16792,14210,0.8462363030014293,1,2594,finalist
111,collector,収集・配合,897762917,a85c29e1ad8106188a507956bfba63c7a33134567a4ef3facab54c98b5bf3a6e,completed,1,,,400,200,40,79,50,29,376,57,22,75,8,1,21,0,0,0,0,0,23,11,45,2250,46,36,8,[object Object],[object Object],0,0,0,9,75,4500,79,4057,28,8780,4,750,5311,6637,47,,,80,[object Object],1534,19,5,12,19,12,ルミネル Lv19 / グルーモス Lv19 / クリスタゴン Lv18,"[object Object],[object Object],[object Object]",5,14921,13387,0.8971918772200255,0.782608695652174,2212,finalist
112,rush,速攻,3965766203,707e8a06860f71b27dc168ca802c936d440fc8394a9750682b88389e89e77836,stuck,0,tower,boss_retry_cap,400,200,40,115,65,50,409,66,49,151,0,0,9,0,0,0,0,0,2,2,0,0,1,1,2,[object Object],[object Object],0,0,0,3,191,11460,115,5337,23,6400,4,750,7583,3095,,,,80,[object Object],258,26,5,3,20,3,ドリモール Lv25 / プフバット Lv26 / ぷるミン Lv26,"[object Object],[object Object],[object Object]",4,14813,14555,0.9825828664011341,1,2682,finalist
113,balanced,バランス,3544075935,62051b0c4b13baeddd9b8e52b6920f89f7e7d5e36828003453553045cd6931c8,completed,1,,,400,200,40,42,25,17,177,32,10,32,11,1,16,0,0,0,0,0,14,8,0,0,1,1,6,[object Object],[object Object],0,0,0,8,49,2940,42,1839,25,6580,4,750,3058,4206,,,,80,[object Object],3322,19,5,9,17,9,クリスタゴン Lv19 / シンダーホーン Lv17 / トゲホッグ Lv17,"[object Object],[object Object],[object Object]",5,10468,7146,0.6826518914787925,1,1100,finalist
114,collector,収集・配合,3949298550,2fe9b71d234952650db4e3fbf522f9e0565d6575feac7a148cb26ef0715b1b6b,completed,1,,,400,200,40,71,43,28,338,56,15,58,6,1,21,0,0,0,0,0,44,14,38,1900,39,29,10,[object Object],[object Object],0,0,0,11,96,5760,71,3294,33,24530,5,1100,5490,15152,37,,,80,[object Object],8388,26,6,15,23,15,シンダーホーン Lv24 / ルーメンオウル Lv23 / リーファウル Lv26,"[object Object],[object Object],[object Object]",5,31200,22812,0.7311538461538462,0.7435897435897436,1990,finalist
115,rush,速攻,1924310227,4ab45364253412f6cd651859ccd246976a8222e162b2bca4b2dd13d39e25530c,stuck,0,tower,boss_retry_cap,400,200,40,121,70,51,453,67,54,194,0,0,8,0,0,0,0,0,2,2,0,0,1,1,2,[object Object],[object Object],0,0,0,3,167,10020,121,8753,23,6400,4,750,7805,3872,,,,80,[object Object],1143,25,5,3,20,3,プフバット Lv24 / リーフリン Lv25 / ぷるミン Lv25,"[object Object],[object Object],[object Object]",4,15035,13892,0.9239773860991021,1,2920,finalist
116,balanced,バランス,973693517,e94cc0c9a3816e46e8866c99d34765b6b9df9acef2257dd3931cbbdcec0e6877,completed,1,,,400,200,40,90,56,34,348,64,26,87,9,1,12,0,0,0,0,0,16,6,0,0,1,1,5,[object Object],[object Object],0,0,0,7,151,9060,90,4844,27,8180,5,1100,7092,5692,,,,80,[object Object],1700,24,6,7,18,7,グルーモス Lv23 / リーファウル Lv24 / シンドレイク Lv24,"[object Object],[object Object],[object Object]",5,16452,14752,0.8966690979820082,1,2231,finalist
117,collector,収集・配合,2790992628,dc514ce9ad90ec184f42d8129b0847edbdf98edfdda8f649a5ff03d36a010eb6,completed,1,,,400,200,40,51,25,26,234,39,12,52,7,1,16,0,0,0,0,0,50,12,20,1000,21,10,10,[object Object],[object Object],0,0,0,10,13,780,51,4320,30,21880,4,750,4352,12543,,,,80,[object Object],12739,22,5,13,19,13,シンダーホーン Lv22 / クラッグベア Lv19 / クリスタゴン Lv20,"[object Object],[object Object],[object Object]",5,27062,14323,0.529266129628261,0.47619047619047616,1404,finalist
118,rush,速攻,574710991,43062f6b063acc33f0122ff30a4fe95299806da1a1820d5143381724a08c63d6,stuck,0,tower,boss_retry_cap,400,200,40,118,66,52,451,68,50,174,0,0,9,0,0,0,0,0,2,2,0,0,1,1,2,[object Object],[object Object],0,0,0,3,195,11700,118,8213,23,6400,4,750,7794,3054,,,,80,[object Object],270,26,5,3,21,3,ペブロン Lv25 / プフバット Lv26 / ぷるミン Lv26,"[object Object],[object Object],[object Object]",4,15024,14754,0.9820287539936102,1,2879,finalist
119,balanced,バランス,1865173948,d9facd74d80b4f224d4a9b699b49d9630347caec798b8151317cb839c182c882,completed,1,,,400,200,40,54,34,20,238,40,14,41,10,1,24,0,0,0,0,0,17,8,0,0,1,1,5,[object Object],[object Object],0,0,0,8,89,5340,54,2922,27,8180,4,750,3945,5431,25,,,80,[object Object],2184,20,5,9,22,9,クラッグベア Lv17 / ギアビット Lv20 / アクアン Lv17,"[object Object],[object Object],[object Object]",5,12955,10771,0.8314164415283675,1,1424,finalist
120,collector,収集・配合,3695872377,7854e53fc65425420a222622f37d62969be12369f02762ea3c0fa25fbfc8a6f3,completed,1,,,400,200,40,90,55,35,442,61,29,87,11,1,50,0,1,0,0,0,37,9,44,2200,45,31,7,[object Object],[object Object],0,0,0,8,70,4200,90,3273,27,8180,4,750,6465,7874,,,,80,[object Object],1201,22,5,10,21,10,ルーメンオウル Lv22 / シンダーホーン Lv21 / アクアン Lv22,"[object Object],[object Object],[object Object]",5,15475,14274,0.9223909531502423,0.6888888888888889,2522,finalist
121,rush,速攻,343349514,a43a6445679abcca61ec27fc2a3ea79a7a00ba79bb2278e69a41f7e515d7b669,stuck,0,tower,boss_retry_cap,400,200,40,132,77,55,536,71,61,218,0,0,9,0,0,0,0,0,3,2,0,0,1,1,2,[object Object],[object Object],0,0,0,3,178,10680,132,9969,23,6400,4,750,8181,4447,,,,80,[object Object],284,26,5,3,22,3,プフバット Lv24 / つぼみラビ Lv25 / ぷるミン Lv26,"[object Object],[object Object],[object Object]",4,15411,15127,0.981571604697943,1,3302,finalist
122,balanced,バランス,2073397285,acc36a663a77f9034cc7f7711f2aa1d7ce5ac2ec0b8828ee86a8a6159be152c3,completed,1,,,400,200,40,56,34,22,218,43,13,36,7,1,19,0,0,0,0,0,13,8,0,0,1,1,5,[object Object],[object Object],0,0,0,7,128,7680,56,2527,27,8180,4,750,4487,4384,33,,,80,[object Object],1433,21,5,9,22,9,ルーメンオウル Lv21 / シンダーホーン Lv21 / ぷるミン Lv21,"[object Object],[object Object],[object Object]",5,13497,12064,0.8938282581314366,1,1395,finalist
123,collector,収集・配合,1956437486,02704034880f464353eb3f315fdcec1406a587733af28d427e2d18151c6ec7b0,completed,1,,,400,200,40,83,49,34,403,56,27,99,9,1,16,0,0,0,0,0,57,11,42,2100,43,26,9,[object Object],[object Object],0,0,0,10,54,3240,83,5568,29,10980,4,750,5362,9448,,,,80,[object Object],2384,21,5,12,23,12,クリスタゴン Lv21 / ギアビット Lv19 / リーファウル Lv20,"[object Object],[object Object],[object Object]",5,17172,14788,0.861169345446075,0.6046511627906976,2352,finalist
124,rush,速攻,2307327258,44b1b80466ff6853c9f8e4b0c94f6830b0d75a4e0da83a3c4259144c32579052,stuck,0,tower,boss_retry_cap,400,200,40,109,61,48,427,64,45,158,0,0,9,0,0,0,0,0,2,2,0,0,1,1,2,[object Object],[object Object],0,0,0,3,201,12060,109,9387,23,6400,4,750,7743,2640,,,,80,[object Object],273,26,5,3,19,3,ペブロン Lv24 / つぼみラビ Lv25 / ぷるミン Lv26,"[object Object],[object Object],[object Object]",4,14973,14700,0.9817671809256662,1,2703,finalist
125,balanced,バランス,2701175719,26bf8ddbea3e6073d06b9586f42ce3d24ad62921999d3a85516b699976c9fc8c,completed,1,,,400,200,40,146,98,48,647,91,55,184,18,1,13,0,0,0,0,0,29,6,0,0,1,1,5,[object Object],[object Object],0,0,0,7,155,9300,146,8093,28,9080,5,1100,11307,10824,,,,80,[object Object],1443,27,6,7,21,7,アクアン Lv27 / ドリモール Lv27 / アッシュインプ Lv27,"[object Object],[object Object],[object Object]",5,21567,20124,0.9330922242314648,1,3899,finalist
126,collector,収集・配合,2119351069,88b167baa52e86d5e63b1ea21593062a71ec251695cc650b7c99388ba5959e63,completed,1,,,400,200,40,87,50,37,503,51,36,122,14,1,20,0,0,0,0,0,46,7,39,1950,40,27,6,[object Object],[object Object],0,0,0,8,51,3060,87,5095,27,8180,4,750,5148,7952,,,,80,[object Object],1196,20,5,8,20,8,クラッグベア Lv19 / ルミネル Lv20 / グルーモス Lv20,"[object Object],[object Object],[object Object]",5,14158,12962,0.9155247916372369,0.675,2721,finalist
127,rush,速攻,3341132861,5d184550c136834f08259201cb8ecd5625695347331b4e71b6f92b8768175be9,stuck,0,tower,boss_retry_cap,400,200,40,115,65,50,447,66,49,171,0,0,9,0,0,0,0,0,2,2,0,0,1,1,2,[object Object],[object Object],0,0,0,3,191,11460,115,9627,23,6400,4,750,7911,3400,,,,80,[object Object],281,26,5,3,22,3,つぼみラビ Lv25 / リーフリン Lv25 / ぷるミン Lv26,"[object Object],[object Object],[object Object]",4,15141,14860,0.9814411201373754,1,2814,finalist
128,balanced,バランス,2656630708,12d23bfbcefa10f158494504fd05e8ecf7e94f3f0bb4b75d26ed44f1f487940e,completed,1,,,400,200,40,54,33,21,232,39,15,48,8,1,14,0,0,0,0,0,19,7,0,0,1,1,5,[object Object],[object Object],0,0,0,8,88,5280,54,2381,26,7280,4,750,4018,5440,,,,80,[object Object],1408,20,5,8,19,8,シンダーホーン Lv19 / グルーモス Lv20 / ルミネル Lv19,"[object Object],[object Object],[object Object]",5,12128,10720,0.8839050131926122,1,1423,finalist
129,collector,収集・配合,1587952755,b35179bec969b2c5193dfdc7bc0a2d5f9ec5e39c5bc68aeeb35804fb45a913db,completed,1,,,400,200,40,131,86,45,761,92,39,121,9,1,48,0,0,0,0,0,46,11,72,3600,73,60,8,[object Object],[object Object],0,0,0,8,104,6240,131,7846,29,9680,5,1100,10431,9774,38,,,80,[object Object],1677,26,6,12,23,12,ルミネル Lv25 / シンドレイク Lv25 / アクアン Lv26,"[object Object],[object Object],[object Object]",5,21291,19614,0.9212343243624066,0.821917808219178,4115,finalist
130,rush,速攻,34187029,7e887fb4ec278ffd5248046c1049bf8a84a48edb38a712f36a15bf9c619a3ae0,stuck,0,tower,boss_retry_cap,400,200,40,109,61,48,371,64,45,140,0,0,7,0,0,0,0,0,2,2,0,0,1,1,2,[object Object],[object Object],0,0,0,3,187,11220,109,4955,22,5700,4,750,7646,2653,,,,80,[object Object],303,26,5,3,17,3,ペブロン Lv25 / つぼみラビ Lv26 / ぷるミン Lv26,"[object Object],[object Object],[object Object]",4,14176,13873,0.9786258465011287,1,2500,finalist
131,balanced,バランス,4171365909,a2a847fc7cc4f20f65a811be74b059ba2264414be1c2e443bc44531dab1be17b,completed,1,,,400,200,40,114,72,42,453,77,37,127,16,1,13,0,0,0,0,0,14,5,0,0,1,1,4,[object Object],[object Object],0,0,0,6,180,10800,114,5716,28,9080,5,1100,9732,6830,,,,80,[object Object],2362,27,6,6,20,6,グルーモス Lv26 / ドリモール Lv27 / ヒノコぐま Lv27,"[object Object],[object Object],[object Object]",5,19992,17630,0.8818527410964386,1,2852,finalist
132,collector,収集・配合,963077279,a574ab5e752630a1ac350f23f0fb29cffce5b52b8fc9123ec81510a4b874710c,completed,1,,,400,200,40,83,50,33,395,56,27,85,6,1,20,0,0,0,0,0,33,10,42,2100,43,32,8,[object Object],[object Object],0,0,0,10,67,4020,83,3479,28,8780,4,750,5520,7168,,,,80,[object Object],1842,22,5,11,23,11,ルミネル Lv22 / シンドレイク Lv20 / ギアビット Lv20,"[object Object],[object Object],[object Object]",5,15130,13288,0.8782551222736286,0.7441860465116279,2329,finalist
133,rush,速攻,1104860489,d79dad0958287847f8a63ad01182c04b59985c70a0757d0391312f894f6fb124,completed,1,,,400,200,40,103,60,43,323,59,44,141,0,0,7,0,0,0,0,0,4,2,0,0,1,1,2,[object Object],[object Object],0,0,0,3,151,9060,103,4203,24,7200,4,750,7268,3801,,,,80,[object Object],2437,25,5,3,18,3,グルーモス Lv23 / プフバット Lv25 / ぷるミン Lv25,"[object Object],[object Object],[object Object]",5,15298,12861,0.8406981304745719,1,2245,finalist
134,balanced,バランス,2148391637,73888a47bd86c5e5ce40943d7d612e4616bb6180c00a5681e900cbb5d0c90a57,completed,1,,,400,200,40,94,58,36,348,68,26,85,11,1,20,0,0,0,0,0,18,7,0,0,1,1,5,[object Object],[object Object],0,0,0,6,183,10980,94,4648,29,11280,5,1100,8224,6544,,,,80,[object Object],3160,27,6,8,20,8,グルーモス Lv27 / シンドレイク Lv26 / つぼみラビ Lv27,"[object Object],[object Object],[object Object]",5,20684,17524,0.8472249081415587,1,2289,finalist
135,collector,収集・配合,2667022363,1d04ec1f72857f4f72d62cb05af2f90aa28ede058b3486f4fe8ef746c5f6e4ce,completed,1,,,400,200,40,82,49,33,423,61,21,68,5,1,22,0,0,0,0,0,40,10,42,2100,43,34,8,[object Object],[object Object],0,0,0,8,94,5640,82,4099,30,15780,5,1100,6504,11832,25,,,80,[object Object],3892,24,6,11,19,11,グルーモス Lv23 / ルミネル Lv24 / クリスタゴン Lv23,"[object Object],[object Object],[object Object]",5,23464,19572,0.834128878281623,0.7906976744186046,2401,finalist
136,rush,速攻,2043589621,c216ebecb1b82000ed1f60f6cbaf6a7dc1f14e5e967ed6907701e10e8823feab,stuck,0,tower,boss_retry_cap,400,200,40,119,68,51,464,67,52,193,0,0,9,0,0,0,0,0,2,2,0,0,1,1,2,[object Object],[object Object],0,0,0,3,195,11700,119,9469,23,6400,4,750,8083,3315,,,,80,[object Object],298,26,5,3,22,3,つぼみラビ Lv25 / プフバット Lv24 / ぷるミン Lv26,"[object Object],[object Object],[object Object]",4,15313,15015,0.9805394109580096,1,2921,finalist
137,balanced,バランス,2208425659,d92846d04863b404f118e3cfbdbae0dd1e4b8c9a3f362df18e328345b6ebbdf5,completed,1,,,400,200,40,97,61,36,373,68,29,93,3,1,23,0,0,0,0,0,13,6,0,0,1,1,5,[object Object],[object Object],0,0,0,6,165,9900,97,3666,27,8180,5,1100,7511,5240,,,,80,[object Object],1731,24,6,7,21,7,グルーモス Lv24 / ルミネル Lv23 / ヒノコぐま Lv24,"[object Object],[object Object],[object Object]",5,16871,15140,0.8973979017248533,1,2384,finalist
138,collector,収集・配合,1624905205,ad21e82f633bc1873e596fb5ed76b1d88842242163bb580d3abb658b27bd686d,completed,1,,,400,200,40,75,43,32,399,55,20,84,10,1,19,0,0,0,0,0,40,10,38,1900,39,30,8,[object Object],[object Object],0,0,0,10,91,5460,75,5610,30,15780,5,1100,5794,10457,,,,80,[object Object],4937,23,6,11,21,11,グルーモス Lv21 / シンダーホーン Lv23 / シンドレイク Lv23,"[object Object],[object Object],[object Object]",5,22754,17817,0.7830271600597697,0.7692307692307693,2228,finalist
139,rush,速攻,1327552686,ffd4976db15999d4111a746ef2a34b6b25d9ce7b772e441a82c928f4385c64b5,stuck,0,tower,boss_retry_cap,400,200,40,108,60,48,367,64,44,137,0,0,7,0,0,0,0,0,3,2,0,0,1,1,2,[object Object],[object Object],0,0,0,3,194,11640,108,5781,23,6400,4,750,7448,2768,,,,80,[object Object],270,26,5,3,20,3,ドリモール Lv25 / トゲホッグ Lv26 / ぷるミン Lv26,"[object Object],[object Object],[object Object]",4,14678,14408,0.981605123313803,1,2479,finalist
140,balanced,バランス,3848226984,f792faadcf2dc6aa56bed85fb13678ca449640cad792e6d06560b4dcec9a5508,completed,1,,,400,200,40,70,43,27,254,49,21,59,3,1,19,0,0,0,0,0,10,6,0,0,1,1,4,[object Object],[object Object],0,0,0,6,114,6840,70,1795,27,8180,4,750,5189,4984,,,,80,[object Object],2375,21,5,7,20,7,ルーメンオウル Lv21 / シンドレイク Lv21 / アクアン Lv21,"[object Object],[object Object],[object Object]",5,14199,11824,0.8327346996267343,1,1662,finalist
141,collector,収集・配合,836564670,55484b8c41bad81d0c47bc4f08c1337f631fadd10cc83cab8d723a9b03e0c3c6,completed,1,,,400,200,40,101,65,36,522,69,32,98,12,1,33,0,0,0,0,0,47,12,51,2550,52,35,9,[object Object],[object Object],0,0,0,10,82,4920,101,5339,28,8780,5,1100,7438,8548,32,,,80,[object Object],1380,23,6,13,21,13,ルーメンオウル Lv23 / クリスタゴン Lv21 / シンドレイク Lv23,"[object Object],[object Object],[object Object]",5,17398,16018,0.9206805379928727,0.6730769230769231,2972,finalist
142,rush,速攻,516932417,7a167e432d13343ea1cfb82c745d85852f19f2f43759bbf1b3ff10204a15130a,stuck,0,tower,boss_retry_cap,400,200,40,106,59,47,380,63,43,134,0,0,10,0,0,0,0,0,2,2,0,0,1,1,2,[object Object],[object Object],0,0,0,3,198,11880,106,4169,23,6400,4,750,7766,2841,,,,80,[object Object],275,26,5,3,21,3,ドリモール Lv26 / つぼみラビ Lv26 / ぷるミン Lv26,"[object Object],[object Object],[object Object]",4,14996,14721,0.9816617764737263,1,2495,finalist
143,balanced,バランス,2561102609,c294a841490cc23b85737fa56919cd5aaada60b4f9ae4b031b1739d663c17374,completed,1,,,400,200,40,95,60,35,365,66,29,99,16,1,12,0,0,0,0,0,19,7,0,0,1,1,6,[object Object],[object Object],0,0,0,8,168,10080,95,4020,28,9080,5,1100,7694,6158,,,,80,[object Object],1716,27,6,8,19,8,グルーモス Lv27 / リーファウル Lv24 / ドリモール Lv26,"[object Object],[object Object],[object Object]",5,17954,16238,0.9044224128327949,1,2341,finalist
144,collector,収集・配合,3326885937,05dd4c363458661b3737c82523c4fea8dcea94b7c5d67308b0a6f05446aba083,completed,1,,,400,200,40,117,76,41,599,81,36,121,17,1,25,0,0,0,0,0,52,9,61,3050,62,49,6,[object Object],[object Object],0,0,0,9,98,5880,117,7157,26,7940,5,1100,8333,7313,45,,,80,[object Object],1210,23,6,10,20,10,クリスタゴン Lv22 / シンダーホーン Lv22 / リーファウル Lv23,"[object Object],[object Object],[object Object]",5,17453,16243,0.9306709448232395,0.7903225806451613,3382,finalist
145,rush,速攻,2533169067,1fb6414260edd7b8fd01094c1440a6340a07f6b5889c66fe20a8652f3b0cad2c,stuck,0,tower,boss_retry_cap,400,200,40,111,63,48,461,64,47,167,0,0,11,0,0,0,0,0,2,2,0,0,1,1,2,[object Object],[object Object],0,0,0,3,187,11220,111,9200,23,6400,4,750,7534,3230,,,,80,[object Object],314,26,5,3,21,3,ペブロン Lv24 / つぼみラビ Lv25 / ぷるミン Lv26,"[object Object],[object Object],[object Object]",4,14764,14450,0.978732050934706,1,2828,finalist
146,balanced,バランス,3834287517,3948f0e0dc0ca7a7ea4739124c8c187ccdf3ac3f914416bf0ffc7bd7e4eb4992,completed,1,,,400,200,40,56,34,22,217,43,13,39,6,1,18,0,0,0,0,0,14,7,0,0,1,1,5,[object Object],[object Object],0,0,0,7,137,8220,56,3340,27,8180,4,750,4705,4028,,,,80,[object Object],1467,21,5,8,20,8,シンダーホーン Lv21 / クリスタゴン Lv21 / ぷるミン Lv21,"[object Object],[object Object],[object Object]",5,13715,12248,0.8930368209989064,1,1398,finalist
147,collector,収集・配合,2109199084,3a8ebaefffa35e48cf536268b1857e6ccc662e0b2a97d1119d76243410cc68fe,completed,1,,,400,200,40,79,46,33,418,55,24,68,12,1,23,0,0,0,0,0,37,9,41,2050,42,33,7,[object Object],[object Object],0,0,0,8,66,3960,79,3370,27,8180,4,750,5035,6850,,,,80,[object Object],1185,19,5,10,22,10,シンダーホーン Lv19 / クラッグベア Lv18 / シンドレイク Lv19,"[object Object],[object Object],[object Object]",5,14045,12860,0.9156283374866501,0.7857142857142857,2308,finalist
148,rush,速攻,3540742161,60ed8059df3089fc91392566fe9d6d08fb15a4d16c1e53067443711859937195,stuck,0,tower,boss_retry_cap,400,200,40,116,65,51,413,67,49,157,0,0,9,0,0,0,0,0,3,2,0,0,1,1,2,[object Object],[object Object],0,0,0,3,198,11880,116,7207,23,6400,4,750,7818,2880,,,,80,[object Object],288,26,5,3,23,3,ペブロン Lv25 / プフバット Lv25 / ぷるミン Lv26,"[object Object],[object Object],[object Object]",4,15048,14760,0.9808612440191388,1,2721,finalist
149,balanced,バランス,4066140267,4008c84ebc306a3f6873e154911480214e1a7dbb100870e62f7a1f104c34efcf,completed,1,,,400,200,40,68,42,26,302,49,19,56,5,1,20,0,0,0,0,0,14,8,0,0,1,1,6,[object Object],[object Object],0,0,0,7,119,7140,68,2685,27,8180,4,750,5540,5048,,,,80,[object Object],2362,23,5,9,19,9,ルミネル Lv23 / ギアビット Lv23 / つぼみラビ Lv22,"[object Object],[object Object],[object Object]",5,14550,12188,0.8376632302405498,1,1835,finalist
150,collector,収集・配合,2089171027,2234e4c34d0b2b906958cfd9e5d1002e6ab3572af8d2b8cce8d252592dc3c4bc,completed,1,,,400,200,40,68,37,31,331,53,15,61,7,1,23,0,0,0,0,0,49,14,32,1600,33,22,11,[object Object],[object Object],0,0,0,11,67,4020,68,4621,32,23630,5,1100,5442,16748,45,,,80,[object Object],7884,24,6,15,22,15,シンダーホーン Lv24 / グルーモス Lv20 / クラッグベア Lv19,"[object Object],[object Object],[object Object]",5,30252,22368,0.7393891312971044,0.6666666666666666,1960,finalist
151,rush,速攻,493040609,6cb6959cdffa6a4cc75a817f45aae67b11b03f974827c1e42f3be2cc020a1374,stuck,0,tower,boss_retry_cap,400,200,40,115,66,49,433,65,50,176,0,0,10,0,0,0,0,0,2,2,0,0,1,1,2,[object Object],[object Object],0,0,0,3,188,11280,115,9476,23,6400,4,750,7693,3323,,,,80,[object Object],320,26,5,3,20,3,リーフリン Lv25 / プフバット Lv25 / ぷるミン Lv26,"[object Object],[object Object],[object Object]",4,14923,14603,0.9785565904978891,1,2798,finalist
152,balanced,バランス,3540056161,4badb6742d592b24728a9395fd0f99bb89977ae99a40069e8e2937d27a560c8e,completed,1,,,400,200,40,73,44,29,277,53,20,65,9,1,13,0,0,0,0,0,25,5,0,0,1,1,4,[object Object],[object Object],0,0,0,5,143,8580,73,4208,27,8180,4,750,6348,5345,,,,80,[object Object],1433,24,5,6,18,6,グルーモス Lv24 / シンドレイク Lv23 / トゲホッグ Lv24,"[object Object],[object Object],[object Object]",5,15358,13925,0.9066935798932153,1,1793,finalist
153,collector,収集・配合,1227145058,9b6236a33de1bbd0d7d42fb87df6ea892ef45fa9eb1103e0774e3fc3c7d78f38,completed,1,,,400,200,40,98,61,37,632,64,34,115,12,1,87,0,2,0,0,0,50,10,50,2500,51,33,8,[object Object],[object Object],0,0,0,9,65,3900,98,3974,28,8780,5,1100,6901,9065,,,,80,[object Object],1396,22,6,11,24,11,ルーメンオウル Lv22 / ルミネル Lv22 / リーファウル Lv21,"[object Object],[object Object],[object Object]",5,16861,15465,0.9172053852084693,0.6470588235294118,3149,finalist
154,rush,速攻,1380775007,3f7fe0c06b933a3a101201d63e308d47b4cd5a87e63d20dcce23b7e85f740fd4,stuck,0,tower,boss_retry_cap,400,200,40,126,71,55,485,71,55,198,0,0,8,0,0,0,0,0,2,2,0,0,1,1,2,[object Object],[object Object],0,0,0,3,206,12360,126,9819,23,6400,4,750,8187,2758,,,,80,[object Object],299,26,5,3,19,3,プフバット Lv24 / つぼみラビ Lv26 / ぷるミン Lv26,"[object Object],[object Object],[object Object]",4,15417,15118,0.9806058247389245,1,3084,finalist
155,balanced,バランス,787793054,2a1631f35ae89fc7c3612c7aae4533554af910dec2364cca49520a21ea2640c6,completed,1,,,400,200,40,59,35,24,242,44,15,45,4,1,15,0,0,0,0,0,18,6,0,0,1,1,5,[object Object],[object Object],0,0,0,6,119,7140,59,2913,28,10380,4,750,4683,5624,,,,80,[object Object],3129,22,5,7,19,7,クラッグベア Lv20 / ヒノコぐま Lv22 / つぼみラビ Lv21,"[object Object],[object Object],[object Object]",5,15893,12764,0.803120870823633,1,1511,finalist
156,collector,収集・配合,1956534569,087042c2fb308a93b466c253ad932737fc4cd50b4c674ab6f875d2aa550cf86a,completed,1,,,400,200,40,110,70,40,689,74,36,128,19,1,27,0,0,0,0,0,42,10,54,2700,55,43,8,[object Object],[object Object],0,0,0,10,79,4740,110,8389,29,10980,5,1100,7643,10010,,,,80,[object Object],2353,24,6,11,22,11,グルーモス Lv22 / シンダーホーン Lv22 / ルミネル Lv24,"[object Object],[object Object],[object Object]",5,19803,17450,0.8811796192496086,0.7818181818181819,3601,finalist
157,rush,速攻,4223251649,4d890ce77eda7eda9f1d10536923fbc5ddbef505d82a1ae561c97004805f42af,stuck,0,tower,boss_retry_cap,400,200,40,118,67,51,445,67,51,186,0,0,10,0,0,0,0,0,2,2,0,0,1,1,2,[object Object],[object Object],0,0,0,3,201,12060,118,9679,23,6400,4,750,7944,2865,,,,80,[object Object],249,26,5,3,22,3,プフバット Lv25 / リーフリン Lv25 / ぷるミン Lv26,"[object Object],[object Object],[object Object]",4,15174,14925,0.983590351917754,1,2861,finalist
158,balanced,バランス,1556533109,a9ea0b49ae9d696963a2f0971c80088efe9f2aa77d274f2a07de3c004082180e,completed,1,,,400,200,40,73,46,27,257,51,22,66,13,1,12,0,0,0,0,0,18,7,0,0,1,1,5,[object Object],[object Object],0,0,0,7,115,6900,73,3398,27,8180,4,750,5994,5741,,,,80,[object Object],2363,23,5,8,20,8,クリスタゴン Lv22 / ドリモール Lv23 / アッシュインプ Lv21,"[object Object],[object Object],[object Object]",5,15004,12641,0.8425086643561717,1,1726,finalist
159,collector,収集・配合,624379431,6605bbb23821ca529ba7d3d207486cf9fadee0f0ce4185388eccbefc5c4f9ac5,completed,1,,,400,200,40,135,90,45,704,92,43,147,15,1,23,0,0,0,0,0,33,11,67,3350,68,53,9,[object Object],[object Object],0,0,0,9,90,5400,135,8589,28,8780,5,1100,9301,8639,,,,80,[object Object],1872,23,6,12,23,12,グルーモス Lv23 / ルミネル Lv23 / クリスタゴン Lv23,"[object Object],[object Object],[object Object]",5,19261,17389,0.9028087845906235,0.7794117647058824,3997,finalist
160,rush,速攻,983779669,7d129d49ba144ec534eb9c2ffaeb9bdc4a2ab823ff78801193e58b2cffde16f2,stuck,0,tower,boss_retry_cap,400,200,40,142,78,64,452,80,62,163,0,0,6,0,0,0,0,0,5,2,0,0,1,1,2,[object Object],[object Object],0,0,0,3,203,12180,142,8286,23,6400,5,1100,8198,3315,,,,80,[object Object],283,26,6,3,22,3,リーファウル Lv23 / アワマリン Lv25 / ぷるミン Lv26,"[object Object],[object Object],[object Object]",4,15778,15495,0.9820636329065788,1,3129,finalist
161,balanced,バランス,1508746404,059ccd8c7b57645107eaa987f8ee08e877bc7cc16070e0dd2b52bdc74ab67df5,completed,1,,,400,200,40,87,56,31,329,58,29,77,4,1,17,0,0,0,0,0,20,5,0,0,1,1,4,[object Object],[object Object],0,0,0,6,122,7320,87,3655,26,7940,4,750,6312,6322,,,,80,[object Object],1440,22,5,6,21,6,ルミネル Lv22 / グルーモス Lv22 / ペブロン Lv21,"[object Object],[object Object],[object Object]",5,15082,13642,0.9045219466914203,1,2132,finalist
162,collector,収集・配合,2833970566,7ccf05e90e3848d5b1483ffde2529fa4c8ebc00f87a5de1e6693d0410d39b4cb,completed,1,,,400,200,40,109,70,39,715,75,34,101,18,1,53,0,2,0,0,0,58,11,57,2850,58,42,8,[object Object],[object Object],0,0,0,10,89,5340,109,6643,28,8780,5,1100,7787,8337,41,,,80,[object Object],1220,22,6,12,24,12,ルーメンオウル Lv22 / グルーモス Lv21 / ルミネル Lv22,"[object Object],[object Object],[object Object]",5,17747,16527,0.931255986927368,0.7241379310344828,3637,finalist
163,rush,速攻,1049804410,ea46b2db4656e991cd0df6c0e0e2c3d25c1f4733f77312fb612332d1973630f4,stuck,0,tower,boss_retry_cap,400,200,40,113,65,48,423,64,49,169,0,0,7,0,0,0,0,0,2,2,0,0,1,1,2,[object Object],[object Object],0,0,0,3,188,11280,113,7579,23,6400,4,750,7636,3270,,,,80,[object Object],316,26,5,3,22,3,トゲホッグ Lv24 / プフバット Lv26 / ぷるミン Lv26,"[object Object],[object Object],[object Object]",4,14866,14550,0.9787434414099287,1,2710,finalist
164,balanced,バランス,2602278183,b265a119a18f79898adddb037c344115d97b6fac1aac5509e6e80e69f51d673d,completed,1,,,400,200,40,103,66,37,450,71,32,96,7,1,19,0,0,0,0,0,15,8,0,0,1,1,6,[object Object],[object Object],0,0,0,9,157,9420,103,3928,28,9080,5,1100,8350,5882,,,,80,[object Object],3308,25,6,9,23,9,ルミネル Lv25 / ギアビット Lv25 / リーファウル Lv25,"[object Object],[object Object],[object Object]",5,18610,15302,0.8222461042450295,1,2746,finalist
165,collector,収集・配合,3687461752,63b8f8e16f8db9a37d9e216040387d2edc6ba15408a81e650eecff7e589f0df5,completed,1,,,400,200,40,96,59,37,576,65,31,97,7,1,44,0,0,0,0,0,42,12,49,2450,50,39,10,[object Object],[object Object],0,0,0,10,71,4260,96,4939,28,8780,4,750,6346,7391,,,,80,[object Object],1855,23,5,13,21,13,ルーメンオウル Lv22 / グルーモス Lv23 / ルミネル Lv22,"[object Object],[object Object],[object Object]",5,15956,14101,0.8837427926798697,0.78,3059,finalist
166,rush,速攻,880755237,4a3557e067bca2f4198270d39d00594d5053efe1442355404b360a49fbf87d14,stuck,0,tower,boss_retry_cap,400,200,40,116,67,49,422,65,51,166,0,0,7,0,0,0,0,0,4,2,0,0,1,1,2,[object Object],[object Object],0,0,0,3,174,10440,116,7661,23,6400,4,750,7557,4041,,,,80,[object Object],306,26,5,3,22,3,トゲホッグ Lv23 / アワマリン Lv25 / ぷるミン Lv26,"[object Object],[object Object],[object Object]",4,14787,14481,0.9793061472915399,1,2749,finalist
167,balanced,バランス,2016156708,4fa2582591bdf11e616fb3bcb999217aa8bde108109e4f260e10d63c7e4025d7,completed,1,,,400,200,40,79,48,31,295,55,24,82,5,1,11,0,0,0,0,0,17,5,0,0,1,1,5,[object Object],[object Object],0,0,0,5,134,8040,79,3922,27,8180,4,750,6094,4688,,,,80,[object Object],2376,24,5,6,18,6,グルーモス Lv23 / シンドレイク Lv22 / ペブロン Lv24,"[object Object],[object Object],[object Object]",5,15104,12728,0.8426906779661016,1,1908,finalist
168,collector,収集・配合,3153757766,c6c782484c89808663938396d8c241551ed6e7dcf9b66bd2731455cd7d0cb113,completed,1,,,400,200,40,92,57,35,473,66,26,87,11,1,26,0,0,0,0,0,57,10,48,2400,49,36,7,[object Object],[object Object],0,0,0,8,101,6060,92,6772,29,10980,5,1100,6617,8945,52,,,80,[object Object],1372,22,6,11,21,11,グルーモス Lv19 / シンドレイク Lv21 / ギアビット Lv22,"[object Object],[object Object],[object Object]",5,18777,17405,0.9269318847526229,0.7346938775510204,2646,finalist
169,rush,速攻,2772042677,e27ebdf602d034e9c7fbccb128e2a361f362871af75ffd8f3acba3f648fb01c8,stuck,0,tower,boss_retry_cap,400,200,40,123,72,51,466,67,56,200,0,0,9,0,0,0,0,0,2,2,0,0,1,1,2,[object Object],[object Object],0,0,0,3,187,11220,123,8096,23,6400,4,750,7954,3665,,,,80,[object Object],299,25,5,3,21,3,プフバット Lv24 / リーフリン Lv25 / ぷるミン Lv25,"[object Object],[object Object],[object Object]",4,15184,14885,0.9803082191780822,1,2991,finalist
170,balanced,バランス,2431153396,9f763bab0fa3def7fc64c35f93a1fb2453d6309bca80cb33abf70b9af299fad7,completed,1,,,400,200,40,120,76,44,541,84,36,106,16,1,25,0,0,0,0,0,17,5,0,0,1,1,4,[object Object],[object Object],0,0,0,5,216,12960,120,4550,28,9080,5,1100,9803,5691,,,,80,[object Object],1412,27,6,6,21,6,グルーモス Lv27 / アクアン Lv27 / ヒノコぐま Lv27,"[object Object],[object Object],[object Object]",5,20063,18651,0.9296216916712357,1,3200,finalist
171,collector,収集・配合,163029703,0e676ade31bd8c8cf0cce6d3be369fab38c006e11c3e432842fe530af624527b,completed,1,,,400,200,40,81,49,32,582,65,16,64,13,1,80,0,4,0,0,0,49,16,44,2200,45,34,12,[object Object],[object Object],0,0,0,11,141,8460,81,4818,32,23630,5,1100,6660,17576,32,,,80,[object Object],3234,24,6,17,21,17,ルーメンオウル Lv24 / グルーモス Lv24 / ルミネル Lv24,"[object Object],[object Object],[object Object]",5,31470,28236,0.8972354623450906,0.7555555555555555,2767,finalist
172,rush,速攻,1397419603,3dcfbbe7704405bb4d302423e1cca630a8a46c6519a2a448e8bfa73ad1a7b90e,stuck,0,tower,boss_retry_cap,400,200,40,116,67,49,437,65,51,167,0,0,7,0,0,0,0,0,4,2,0,0,1,1,2,[object Object],[object Object],0,0,0,3,187,11220,116,9186,23,6400,4,750,7677,3370,,,,80,[object Object],317,26,5,3,21,3,リーファウル Lv23 / リーフリン Lv26 / ぷるミン Lv26,"[object Object],[object Object],[object Object]",4,14907,14590,0.9787348225665795,1,2783,finalist
173,balanced,バランス,1814614354,cd3ee39ad8e7fc79d6780090f255b1eb66ab4ba2618f2d0d2c848039a383b5cc,completed,1,,,400,200,40,59,36,23,240,45,14,51,9,1,15,0,0,0,0,0,21,8,0,0,1,1,6,[object Object],[object Object],0,0,0,8,127,7620,59,2977,27,8180,4,750,5006,4938,23,,,80,[object Object],1458,21,5,9,21,9,シンダーホーン Lv21 / ルミネル Lv21 / ドリモール Lv21,"[object Object],[object Object],[object Object]",5,14016,12558,0.8959760273972602,1,1512,finalist
174,collector,収集・配合,2630351494,0b29c3de04c2bc31388d0368e6b9a4526a2e0966ca74f537cfccd65acb7029ad,completed,1,,,400,200,40,82,52,30,424,54,28,74,6,1,43,0,0,0,0,0,33,11,43,2150,44,26,8,[object Object],[object Object],1,6,0,8,56,3360,82,3087,29,8930,4,750,5167,8243,31,,,80,[object Object],1174,21,5,11,21,13,ルーメンオウル Lv21 / シンドレイク Lv19 / トゲホッグ Lv20,"[object Object],[object Object],[object Object]",5,14927,13753,0.9213505727875662,0.5909090909090909,2400,finalist
175,rush,速攻,459469202,80cc6b031c94ee8a8c98db001f155d99d74dc6bb073f85e0078c70a50b13776e,stuck,0,tower,boss_retry_cap,400,200,40,127,73,54,469,70,57,186,0,0,10,0,0,0,0,0,3,2,0,0,1,1,2,[object Object],[object Object],0,0,0,3,192,11520,127,6777,23,6400,4,750,7742,3165,,,,80,[object Object],287,26,5,3,22,3,プフバット Lv25 / つぼみラビ Lv26 / ぷるミン Lv26,"[object Object],[object Object],[object Object]",4,14972,14685,0.9808308843173925,1,3018,finalist
176,balanced,バランス,3054418861,47488fce55a5e793f9f47f8618ba957dd040635a1ff5d00765ea6aed5ab932e0,completed,1,,,400,200,40,106,66,40,424,78,28,105,13,1,14,0,0,0,0,0,27,7,0,0,1,1,6,[object Object],[object Object],0,0,0,8,235,14100,106,5412,29,15840,5,1100,9567,7337,,,,80,[object Object],5150,29,6,8,20,8,グルーモス Lv29 / ドリモール Lv29 / アクアン Lv29,"[object Object],[object Object],[object Object]",5,26587,21437,0.8062963102268026,1,2702,finalist
177,collector,収集・配合,362762639,b31deb1bc28ff03464b185d89201fcebe41538f85ef719e1484104d1523f5556,completed,1,,,400,200,40,123,79,44,782,81,42,135,11,1,25,0,0,0,0,0,44,9,62,3100,63,46,7,[object Object],[object Object],0,0,0,8,83,4980,123,7958,28,9080,5,1100,9199,9704,,,,80,[object Object],1675,25,6,10,23,10,グルーモス Lv24 / ルミネル Lv24 / リーファウル Lv25,"[object Object],[object Object],[object Object]",5,19459,17784,0.9139215787039416,0.7301587301587301,4099,finalist
178,rush,速攻,615435213,13faa8ab90427f68cbb439209926e17e78d75ce5233ab2f1e64f76b6393985bc,completed,1,,,400,200,40,77,47,30,257,46,31,97,0,0,9,0,0,0,0,0,6,2,0,0,1,1,2,[object Object],[object Object],0,0,0,3,145,8700,77,2910,23,6300,4,750,5555,2474,,,,80,[object Object],1511,23,5,3,20,3,グルーモス Lv21 / ペブロン Lv23 / ぷるミン Lv23,"[object Object],[object Object],[object Object]",5,12685,11174,0.8808829325975561,1,1728,finalist
179,balanced,バランス,820743899,ecc9119e2c679075d44b01bd5bfd763b448f2bd75394006779747555626ead12,completed,1,,,400,200,40,106,66,40,420,73,33,114,8,1,17,0,0,0,0,0,14,6,0,0,1,1,5,[object Object],[object Object],0,0,0,7,173,10380,106,5727,28,9080,5,1100,8811,6044,,,,80,[object Object],2647,26,6,7,20,7,グルーモス Lv25 / シンドレイク Lv26 / トゲホッグ Lv26,"[object Object],[object Object],[object Object]",5,19071,16424,0.8612028734728121,1,2671,finalist
180,collector,収集・配合,3466123200,f552fc608fc13b996ea6bd5241f8fb1a796a18187edd8c6cf155a2b0f9ade958,completed,1,,,400,200,40,109,70,39,729,79,30,98,15,1,86,0,2,0,0,0,47,11,51,2550,52,39,8,[object Object],[object Object],0,0,0,9,102,6120,109,5065,31,16680,5,1100,8197,13181,38,,,80,[object Object],4206,26,6,12,23,12,ルーメンオウル Lv24 / ルミネル Lv25 / リーファウル Lv26,"[object Object],[object Object],[object Object]",5,26057,21851,0.8385846413631654,0.75,3584,finalist
181,rush,速攻,1288435788,90b65619a2d8052aef6e85e5ba90a850f33fbc9db9ba19cdfc1025d058826db3,stuck,0,tower,boss_retry_cap,400,200,40,116,66,50,443,66,50,178,0,0,10,0,0,0,0,0,2,2,0,0,1,1,2,[object Object],[object Object],0,0,0,3,192,11520,116,9313,23,6400,4,750,7760,3175,,,,80,[object Object],295,26,5,3,23,3,リーフリン Lv25 / つぼみラビ Lv25 / ぷるミン Lv26,"[object Object],[object Object],[object Object]",4,14990,14695,0.9803202134756505,1,2833,finalist
182,balanced,バランス,2578054574,42a6a2fd34141d4cf479ae6a40df65576e11a98bf186ee0f039e6ea41d5a0c1c,completed,1,,,400,200,40,133,87,46,596,85,48,179,24,1,17,0,0,0,0,0,22,4,0,0,1,1,4,[object Object],[object Object],0,0,0,5,166,9960,133,9486,26,8580,5,1100,10604,8006,,,,80,[object Object],2398,28,6,5,21,5,リーファウル Lv25 / ドリモール Lv27 / ヒノコぐま Lv28,"[object Object],[object Object],[object Object]",5,20364,17966,0.8822431742290316,1,3546,finalist
183,collector,収集・配合,3861794691,2232a199f0c581ab7146597341b0ed5c7d5a0283eca0e34d317baed6f9b00ac3,completed,1,,,400,200,40,76,42,34,356,56,20,77,8,1,21,0,0,0,0,0,51,10,36,1800,37,26,9,[object Object],[object Object],0,0,0,10,91,5460,76,4022,32,23680,5,1100,5816,17279,,,,80,[object Object],6137,25,6,11,22,11,クラッグベア Lv20 / ルミネル Lv20 / シンドレイク Lv25,"[object Object],[object Object],[object Object]",5,30676,24539,0.799941322206285,0.7027027027027027,2070,finalist
184,rush,速攻,1275161468,349ba481bdfd195cef3d6f57d542f1d04b0a0262f67d883d397a3e7df2cdb329,stuck,0,tower,boss_retry_cap,400,200,40,123,74,49,462,65,58,184,0,0,7,0,0,0,0,0,2,2,0,0,1,1,2,[object Object],[object Object],0,0,0,3,185,11100,123,5894,23,6400,4,750,7591,3451,,,,80,[object Object],270,26,5,3,19,3,トゲホッグ Lv25 / プフバット Lv26 / ぷるミン Lv26,"[object Object],[object Object],[object Object]",4,14821,14551,0.9817826057620943,1,2947,finalist
185,balanced,バランス,3420245885,ef3b18c97fc58f016b93afe33f5cce7890ad948c1d1dc97401ff2141e81ac404,completed,1,,,400,200,40,59,36,23,278,43,16,53,7,1,18,0,0,0,0,0,23,5,0,0,1,1,4,[object Object],[object Object],0,0,0,6,126,7560,59,2117,27,8180,4,750,4183,4199,,,,80,[object Object],1434,22,5,6,21,6,ルーメンオウル Lv22 / グルーモス Lv20 / シンドレイク Lv20,"[object Object],[object Object],[object Object]",5,13193,11759,0.8913059956037293,1,1580,finalist
186,collector,収集・配合,1923970398,d3044e1953129b88da9bcf6f7308aa7b9090cca8e7dc9597b86cc02971371697,completed,1,,,400,200,40,99,64,35,549,70,29,94,10,1,49,0,0,0,0,0,18,10,56,2800,57,48,8,[object Object],[object Object],0,0,0,10,72,4320,99,4897,28,8780,5,1100,7221,8022,,,,80,[object Object],2039,23,6,11,22,11,ルミネル Lv23 / グルーモス Lv22 / ルーメンオウル Lv21,"[object Object],[object Object],[object Object]",5,17181,15142,0.8813223910133287,0.8421052631578947,2989,finalist
187,rush,速攻,519359325,973cb2d34e0f154889b52a8c85995069739d6c84503c82197f05b50e0d795b78,stuck,0,tower,boss_retry_cap,400,200,40,121,69,52,488,68,53,189,0,0,9,0,0,0,0,0,2,2,0,0,1,1,2,[object Object],[object Object],0,0,0,3,194,11640,121,11789,23,6400,4,750,8033,3337,,,,80,[object Object],286,27,5,3,23,3,リーフリン Lv26 / つぼみラビ Lv24 / ぷるミン Lv27,"[object Object],[object Object],[object Object]",4,15263,14977,0.9812618751228461,1,3058,finalist
188,balanced,バランス,1073587773,29812ee5a06d452cde2d6735d8b5f51789c6602c8a3dca5cab87d6eaa6dc73ce,completed,1,,,400,200,40,86,54,32,344,60,26,78,14,1,20,0,0,0,0,0,21,6,0,0,1,1,4,[object Object],[object Object],0,0,0,7,140,8400,86,3783,27,8180,4,750,6321,5507,,,,80,[object Object],1424,23,5,7,22,7,クリスタゴン Lv21 / アクアン Lv22 / ドリモール Lv23,"[object Object],[object Object],[object Object]",5,15331,13907,0.9071163003065684,1,2147,finalist
189,collector,収集・配合,3533231507,41a357df37872dc2649a8fc1f760a6b0574a536514e50f6c4039bb9afc5e6073,completed,1,,,400,200,40,139,95,44,741,94,45,186,19,1,14,0,0,0,0,0,35,11,74,3700,75,58,9,[object Object],[object Object],0,0,0,9,104,6240,139,13617,29,9680,5,1100,11066,10159,,,,80,[object Object],1827,27,6,12,21,12,グルーモス Lv22 / シンドレイク Lv27 / ギアビット Lv26,"[object Object],[object Object],[object Object]",5,21926,20099,0.9166742679923379,0.7733333333333333,4153,finalist
190,rush,速攻,1712252792,065f41ae00ba94e0c6781ee19eac6fc78fe17c2fd210f6a98b9cd238aa22f967,stuck,0,tower,boss_retry_cap,400,200,40,110,62,48,390,64,46,152,0,0,7,0,0,0,0,0,2,2,0,0,1,1,2,[object Object],[object Object],0,0,0,3,186,11160,110,6063,23,6400,4,750,7378,3153,,,,80,[object Object],295,26,5,3,18,3,トゲホッグ Lv24 / プフバット Lv26 / ぷるミン Lv26,"[object Object],[object Object],[object Object]",4,14608,14313,0.9798055859802848,1,2569,finalist
191,balanced,バランス,1032805220,5f2f6382edfd313672b339b295a804e39c3599873a0eb18c340c4d55f0e990c0,completed,1,,,400,200,40,150,96,54,562,101,49,159,13,1,14,0,0,0,0,0,23,4,0,0,1,1,4,[object Object],[object Object],0,0,0,5,228,13680,150,5201,27,8820,5,1100,11936,5909,,,,80,[object Object],2347,29,6,5,23,5,グルーモス Lv29 / アクアン Lv29 / アッシュインプ Lv29,"[object Object],[object Object],[object Object]",5,21936,19589,0.8930069292487236,1,3654,finalist
192,collector,収集・配合,178567712,ca11a80ad769cfd6209f3757d1b76918644d3db5e2d10a45dd58d92cf6ea9f53,completed,1,,,400,200,40,70,39,31,365,47,23,80,11,1,17,0,0,0,0,0,50,11,34,1700,35,21,9,[object Object],[object Object],0,0,0,10,54,3240,70,4221,29,10980,4,750,4504,8860,,,,80,[object Object],2514,19,5,12,22,12,クラッグベア Lv18 / クリスタゴン Lv19 / シンダーホーン Lv19,"[object Object],[object Object],[object Object]",5,16314,13800,0.8458992276572269,0.6,2054,finalist
193,rush,速攻,3662599102,30ec61b76b483129466c9740f54859fc3eb1939a3613cc49ef3c98b2b531202c,stuck,0,tower,boss_retry_cap,400,200,40,108,60,48,377,64,44,139,0,0,8,0,0,0,0,0,3,2,0,0,1,1,2,[object Object],[object Object],0,0,0,3,196,11760,108,4854,23,6400,4,750,7665,2898,,,,80,[object Object],237,26,5,3,22,3,ドリモール Lv25 / つぼみラビ Lv26 / ぷるミン Lv26,"[object Object],[object Object],[object Object]",4,14895,14658,0.9840886203423967,1,2513,finalist
194,balanced,バランス,3099134454,a0977a493f21a4cfd4eba00f1c9aa69419ef4775aa245ba1a8042d1255431dd0,completed,1,,,400,200,40,77,49,28,365,53,24,80,8,1,20,0,0,0,0,0,34,7,0,0,1,1,6,[object Object],[object Object],0,0,0,7,112,6720,77,4700,27,8180,4,750,6048,6919,,,,80,[object Object],1419,23,5,8,22,8,ルミネル Lv22 / ギアビット Lv21 / ドリモール Lv23,"[object Object],[object Object],[object Object]",5,15058,13639,0.9057643777394077,1,2147,finalist
195,collector,収集・配合,2631329939,090e44865e6ac81fb6dbade635075a627882654fe5e2f8f027339bf7c6d78824,completed,1,,,400,200,40,136,88,48,937,86,50,150,18,1,77,0,3,0,0,0,34,10,57,2850,58,46,9,[object Object],[object Object],0,0,0,10,89,5340,136,8132,28,8780,5,1100,8861,8792,,,,80,[object Object],1839,23,6,11,25,11,ルーメンオウル Lv23 / グルーモス Lv23 / ルミネル Lv23,"[object Object],[object Object],[object Object]",5,18821,16982,0.9022899952181075,0.7931034482758621,4491,finalist
196,rush,速攻,1499184989,ee254fef8f04cd07be954678111f183b51dd7ee4bee059fbfd45acd26be05168,stuck,0,tower,boss_retry_cap,400,200,40,115,68,47,454,63,52,174,0,0,8,0,0,0,0,0,2,2,0,0,1,1,2,[object Object],[object Object],0,0,0,3,179,10740,115,6969,23,6400,4,750,7489,3698,,,,80,[object Object],281,26,5,3,20,3,トゲホッグ Lv24 / プフバット Lv26 / ぷるミン Lv26,"[object Object],[object Object],[object Object]",4,14719,14438,0.9809090291460018,1,2845,finalist
197,balanced,バランス,2805358320,fd090f978c1716fd8338aee438a844cf0a3a833178e1195e7d1ed0659a485dd7,completed,1,,,400,200,40,88,55,33,312,59,29,101,14,1,8,0,0,0,0,0,15,5,0,0,1,1,5,[object Object],[object Object],0,0,0,5,136,8160,88,4060,26,7940,4,750,6612,4837,,,,80,[object Object],2385,24,5,6,19,6,クリスタゴン Lv23 / シンドレイク Lv23 / ドリモール Lv24,"[object Object],[object Object],[object Object]",5,15382,12997,0.8449486412690157,1,2070,finalist
198,collector,収集・配合,605477691,20f91c2f5cd9f1b48d55ec7d42aae0faefa8980113add5d1760c35bb63d93730,completed,1,,,400,200,40,105,66,39,591,70,35,128,8,1,26,0,0,0,0,0,33,12,54,2700,55,40,10,[object Object],[object Object],1,6,0,11,70,4200,105,5982,29,8930,5,1100,7618,9449,,,,80,[object Object],1379,22,6,12,21,14,ルミネル Lv22 / グルーモス Lv22 / シンドレイク Lv22,"[object Object],[object Object],[object Object]",5,17728,16349,0.9222134476534296,0.7272727272727273,3259,finalist
199,rush,速攻,1066157752,3c448579f2870f0797a86daea79692210d2372dce1b98ee54410394424900b48,stuck,0,tower,boss_retry_cap,400,200,40,120,69,51,452,67,53,187,0,0,11,0,0,0,0,0,2,2,0,0,1,1,2,[object Object],[object Object],0,0,0,3,190,11400,120,8913,23,6400,4,750,7909,3436,,,,80,[object Object],303,26,5,3,21,3,プフバット Lv25 / つぼみラビ Lv25 / ぷるミン Lv26,"[object Object],[object Object],[object Object]",4,15139,14836,0.9799854679965652,1,2886,finalist
200,balanced,バランス,1757109493,4fa6e827fba577fd5cd2e46700d9252ba7a951e92ad6708d786c68ab270d6784,completed,1,,,400,200,40,56,34,22,217,42,14,37,3,1,16,0,0,0,0,0,22,8,0,0,1,1,5,[object Object],[object Object],0,0,0,7,100,6000,56,3567,28,10380,4,750,4501,5845,22,,,80,[object Object],3866,21,5,9,21,9,タイダルセラフ Lv21 / グルーモス Lv21,"[object Object],[object Object]",5,15711,11845,0.7539303672586086,1,1408,finalist
201,collector,収集・配合,3882618950,5a701aefa8870826acf9c86194e235487c97b23f750fc209e68e2c7c6cd4e363,completed,1,,,400,200,40,50,23,27,278,38,12,40,5,1,16,0,0,0,0,0,55,14,20,1000,21,10,12,[object Object],[object Object],0,0,0,10,16,960,50,3372,31,22730,4,750,3995,15041,35,,,80,[object Object],10554,21,5,15,22,15,シンダーホーン Lv21 / クリスタゴン Lv17 / クラッグベア Lv15,"[object Object],[object Object],[object Object]",5,27555,17001,0.616984213391399,0.47619047619047616,1553,finalist
202,rush,速攻,3331902860,85a649e3ad83d12367b83186b5acd052ab1b8a454e9a48652fd7fff4ec7e3cc6,stuck,0,tower,boss_retry_cap,400,200,40,138,78,60,503,76,62,211,0,0,7,0,0,0,0,0,4,2,0,0,1,1,2,[object Object],[object Object],0,0,0,3,206,12360,138,8655,23,6400,5,1100,8367,3281,,,,80,[object Object],306,26,6,3,24,3,アワマリン Lv24 / プフバット Lv26 / ぷるミン Lv26,"[object Object],[object Object],[object Object]",4,15947,15641,0.9808114378880041,1,3271,finalist
203,balanced,バランス,2220623947,a400b3562e0b878a4533fa7e75649e668caabf700f55d114e00c69b5a4fd5d73,completed,1,,,400,200,40,49,29,20,207,36,13,43,9,1,12,0,0,0,0,0,21,7,0,0,1,1,5,[object Object],[object Object],0,0,0,6,94,5640,49,2772,26,7280,4,750,3790,4496,31,,,80,[object Object],1764,18,5,8,20,8,ヴォルカザード Lv18 / シンダーホーン Lv18,"[object Object],[object Object]",5,11900,10136,0.851764705882353,1,1275,finalist
204,collector,収集・配合,945273016,4c6b6df889f60adaa0801521dd048ee39962f6710c18eaefa183c670f25646e0,completed,1,,,400,200,40,103,63,40,660,68,35,130,9,1,23,0,0,0,0,0,41,9,50,2500,51,34,7,[object Object],[object Object],0,0,0,9,74,4440,103,7130,29,11280,5,1100,8085,10552,,,,80,[object Object],3053,26,6,10,20,10,グルーモス Lv23 / ルミネル Lv26 / ギアビット Lv24,"[object Object],[object Object],[object Object]",5,20545,17492,0.8513993672426381,0.6666666666666666,3475,finalist
205,rush,速攻,3592172379,96b4c0d4cd3d7345c2c392c44094ecb67b1d2a8ed9a0ef41c986d768a66d2a97,stuck,0,tower,boss_retry_cap,400,200,40,116,65,51,435,67,49,161,0,0,9,0,0,0,0,0,2,2,0,0,1,1,2,[object Object],[object Object],0,0,0,3,200,12000,116,7570,23,6400,4,750,8006,2938,,,,80,[object Object],298,26,5,3,19,3,トゲホッグ Lv25 / つぼみラビ Lv26 / ぷるミン Lv26,"[object Object],[object Object],[object Object]",4,15236,14938,0.9804410606458388,1,2800,finalist
206,balanced,バランス,3544658041,5e1ed4d536224f7667004425e421d44b060b87c575d666619ffffa155fb6c05d,completed,1,,,400,200,40,97,62,35,445,67,30,91,11,1,18,0,0,0,0,0,22,7,0,0,1,1,5,[object Object],[object Object],0,0,0,8,151,9060,97,4297,28,9080,5,1100,7537,5438,,,,80,[object Object],3299,26,6,8,23,8,ルミネル Lv24 / シンドレイク Lv24 / トゲホッグ Lv26,"[object Object],[object Object],[object Object]",5,17797,14498,0.8146316794965444,1,2634,finalist
207,collector,収集・配合,1411519779,bb00f2289c4530fc4f4418c67bf870a3d26b44e1c39b8a87e4711c1b20b64984,completed,1,,,400,200,40,99,62,37,485,70,29,87,12,1,48,0,0,0,0,0,45,11,51,2550,52,40,8,[object Object],[object Object],0,0,0,8,89,5340,99,3528,28,8780,5,1100,7588,8298,33,,,80,[object Object],1360,23,6,12,21,12,シンダーホーン Lv22 / ルミネル Lv23 / リーファウル Lv23,"[object Object],[object Object],[object Object]",5,17548,16188,0.9224982904034648,0.7692307692307693,2814,finalist
208,rush,速攻,1966953029,cce262c5e10ee92c8fd767eb23ba25ca1e63be7161104ff334637ef1c3f32487,stuck,0,tower,boss_retry_cap,400,200,40,109,62,47,399,63,46,159,0,0,7,0,0,0,0,0,5,2,0,0,1,1,2,[object Object],[object Object],0,0,0,3,192,11520,109,7378,23,6400,4,750,7735,3177,,,,80,[object Object],268,26,5,3,21,3,アクアン Lv23 / つぼみラビ Lv26 / ぷるミン Lv26,"[object Object],[object Object],[object Object]",4,14965,14697,0.9820915469428667,1,2584,finalist
209,balanced,バランス,2877326820,a6052242ae11af272390287b7efd940f0f197f9c5744537bea56917e2a791cd4,completed,1,,,400,200,40,73,44,29,260,55,18,51,5,1,18,0,0,0,0,0,24,7,0,0,1,1,4,[object Object],[object Object],0,0,0,7,160,9600,73,2788,28,10380,4,750,6119,6272,35,,,80,[object Object],1457,24,5,8,21,8,クリスタゴン Lv23 / ギアビット Lv24 / アクアン Lv22,"[object Object],[object Object],[object Object]",5,17329,15872,0.9159212880143113,1,1729,finalist
210,collector,収集・配合,2101130489,2fb269582a90ec0f6dfc8fec158dc26b0ae9cc57330ef27d32328074a5704ce8,completed,1,,,400,200,40,68,37,31,315,53,15,58,10,1,22,0,0,0,0,0,52,14,32,1600,33,22,10,[object Object],[object Object],0,0,0,11,63,3780,68,4739,32,23630,5,1100,5199,17306,36,,,80,[object Object],7323,22,6,15,23,15,クラッグベア Lv18 / シンダーホーン Lv22 / ルーメンオウル Lv18,"[object Object],[object Object],[object Object]",5,30009,22686,0.7559732080375887,0.6666666666666666,1888,finalist
211,rush,速攻,2324803021,931e44bead65082a1b0f4ba68c9c0e910a9f702e95e75e7cfab0fcb6933b4f8c,stuck,0,tower,boss_retry_cap,400,200,40,112,64,48,435,64,48,183,0,0,9,0,0,0,0,0,2,2,0,0,1,1,2,[object Object],[object Object],0,0,0,3,187,11220,112,9624,23,6400,4,750,7557,3293,,,,80,[object Object],274,26,5,3,21,3,プフバット Lv24 / ぷるミン Lv26 / つぼみラビ Lv24,"[object Object],[object Object],[object Object]",4,14787,14513,0.9814702103198756,1,2743,finalist
212,balanced,バランス,3017987847,12910a09309509a1525bb90f026d10dd79361a2e68ab0b0fafe6dfd365bccca8,completed,1,,,400,200,40,101,67,34,508,64,37,129,13,1,25,0,0,0,0,0,24,7,0,0,1,1,6,[object Object],[object Object],0,0,0,7,107,6420,101,5829,27,8180,4,750,7337,7587,,,,80,[object Object],2340,24,5,8,20,8,ルミネル Lv23 / リーファウル Lv23 / ドリモール Lv24,"[object Object],[object Object],[object Object]",5,16347,14007,0.856854468709855,1,2910,finalist
213,collector,収集・配合,330740946,c663029663e8ffde2a6fb5c841b2d34bf3033529a3fb04510e2a6ebfa03d47ae,completed,1,,,400,200,40,58,28,30,287,44,14,56,7,1,15,0,0,0,0,0,49,12,23,1150,24,13,9,[object Object],[object Object],0,0,0,9,26,1560,58,3536,31,22780,4,750,4349,15213,33,,,80,[object Object],10036,22,5,13,20,13,グルーモス Lv22 / シンダーホーン Lv22 / クラッグベア Lv15,"[object Object],[object Object],[object Object]",5,27959,17923,0.6410458170893093,0.5416666666666666,1659,finalist
214,rush,速攻,2929533167,f19716b687b58dc04be271ebf6ca3a1e8bc67da300660855ccae4fa8ca7ae1b1,stuck,0,tower,boss_retry_cap,400,200,40,117,66,51,446,67,50,170,0,0,8,0,0,0,0,0,2,2,0,0,1,1,2,[object Object],[object Object],0,0,0,3,192,11520,117,8857,23,6400,4,750,7730,3168,,,,80,[object Object],272,26,5,3,20,3,プフバット Lv26 / ペブロン Lv24 / ぷるミン Lv26,"[object Object],[object Object],[object Object]",4,14960,14688,0.9818181818181818,1,2845,finalist
215,balanced,バランス,393534731,0811dc862c502140b8eba5c6226aaa45465a54502d639f45eda3f05c868cc076,completed,1,,,400,200,40,114,74,40,432,77,37,126,9,1,17,0,0,0,0,0,19,7,0,0,1,1,5,[object Object],[object Object],0,0,0,8,185,11100,114,6135,28,9080,5,1100,9093,5884,,,,80,[object Object],2369,27,6,8,23,8,グルーモス Lv26 / アクアン Lv26 / ヒノコぐま Lv27,"[object Object],[object Object],[object Object]",5,19353,16984,0.8775900377202501,1,2814,finalist
216,collector,収集・配合,1639382499,b997e48d8d61ee268b5e3eddc973090aecc30ef870750765586a45a2f9c9af74,completed,1,,,400,200,40,95,59,36,634,65,30,97,14,1,30,0,0,0,0,0,33,12,49,2450,50,40,10,[object Object],[object Object],0,0,0,11,83,4980,95,7816,28,8780,5,1100,7198,7693,,,,80,[object Object],2035,24,6,13,21,13,シンダーホーン Lv23 / ルミネル Lv24 / グルーモス Lv23,"[object Object],[object Object],[object Object]",5,17158,15123,0.8813964331507169,0.8,3256,finalist
217,rush,速攻,4123112161,6d4321b0bdfa83c59c2c29419de1a089309f768c451deafcc9d945088ed14518,stuck,0,tower,boss_retry_cap,400,200,40,112,63,49,412,65,47,158,0,0,7,0,0,0,0,0,3,2,0,0,1,1,2,[object Object],[object Object],0,0,0,3,199,11940,112,6876,23,6400,4,750,7685,2688,,,,80,[object Object],287,26,5,3,21,3,トゲホッグ Lv25 / プフバット Lv26 / ぷるミン Lv26,"[object Object],[object Object],[object Object]",4,14915,14628,0.9807576265504525,1,2679,finalist
218,balanced,バランス,2938308441,1f3b449afdf9b23eb2fcbbdbec2c5f195a66111a3c9167fd264c9c8bef109b42,completed,1,,,400,200,40,94,61,33,358,63,31,85,11,1,12,0,0,0,0,0,26,6,0,0,1,1,4,[object Object],[object Object],0,0,0,6,133,7980,94,4412,26,7940,5,1100,6920,6358,31,,,80,[object Object],1702,23,6,7,22,7,ルミネル Lv21 / シンドレイク Lv22 / トゲホッグ Lv23,"[object Object],[object Object],[object Object]",5,16040,14338,0.8938902743142144,1,2304,finalist
219,collector,収集・配合,951388773,4bbd8e792791b7bbd305dc396cfd265a3ef80e943773e7e3d962a8268fd1534d,completed,1,,,400,200,40,103,65,38,566,71,32,105,11,1,37,0,0,0,0,0,23,10,52,2600,53,44,8,[object Object],[object Object],0,0,0,9,77,4620,103,5299,28,8780,5,1100,7082,7812,,,,80,[object Object],2010,23,6,11,23,11,ルーメンオウル Lv21 / グルーモス Lv23 / シンドレイク Lv22,"[object Object],[object Object],[object Object]",5,17042,15032,0.882056096702265,0.8301886792452831,3027,finalist
220,rush,速攻,3409028924,04f0a057f0251f7e6283c99832fb5a8e52463deae49b4ed042ef05f262ebad21,stuck,0,tower,boss_retry_cap,400,200,40,118,69,49,450,65,53,194,0,0,10,0,0,0,0,0,2,2,0,0,1,1,2,[object Object],[object Object],0,0,0,3,183,10980,118,8820,23,6400,4,750,7582,3557,,,,80,[object Object],275,25,5,3,22,3,プフバット Lv24 / リーフリン Lv25 / ぷるミン Lv25,"[object Object],[object Object],[object Object]",4,14812,14537,0.9814339724547664,1,2868,finalist
221,balanced,バランス,916687394,b33a7999ad3ef740715bb3ba9e07408896f40531ecda75a8a1a61afc6978010e,completed,1,,,400,200,40,62,38,24,255,45,17,50,8,1,17,0,0,0,0,0,19,7,0,0,1,1,5,[object Object],[object Object],0,0,0,7,111,6660,62,2942,27,8180,4,750,4770,5723,,,,80,[object Object],1397,20,5,8,21,8,クリスタゴン Lv20 / アクアン Lv19 / ヒノコぐま Lv20,"[object Object],[object Object],[object Object]",5,13780,12383,0.8986211901306241,1,1582,finalist
222,collector,収集・配合,1481346721,5a56f4914e883c7b30a607ba0c1f7815e267bb9ffca7553ab1802e6b3ed3d722,completed,1,,,400,200,40,102,66,36,552,65,37,126,9,1,23,0,0,0,0,0,33,8,48,2400,49,37,6,[object Object],[object Object],0,0,0,8,56,3360,102,8023,27,8180,4,750,6531,7955,,,,80,[object Object],1826,21,5,9,23,9,クリスタゴン Lv21 / グルーモス Lv19 / ギアビット Lv21,"[object Object],[object Object],[object Object]",5,15541,13715,0.8825043433498488,0.7551020408163265,3051,finalist
223,rush,速攻,1119134275,f549594fbdf844d14c7c97c11135765e071b79faaa955966d00ef243444f2495,stuck,0,tower,boss_retry_cap,400,200,40,119,67,52,480,68,51,189,0,0,8,0,0,0,0,0,2,2,0,0,1,1,2,[object Object],[object Object],0,0,0,3,193,11580,119,10929,23,6400,4,750,7979,3380,,,,80,[object Object],249,26,5,3,23,3,リーフリン Lv26 / つぼみラビ Lv24 / ぷるミン Lv26,"[object Object],[object Object],[object Object]",4,15209,14960,0.9836281149319482,1,2993,finalist
224,balanced,バランス,2117093556,bc34dc97002996e2e5f8098a637e84914465358f2ed00286142cb0229ced5bef,completed,1,,,400,200,40,63,38,25,282,44,19,77,13,1,13,0,0,0,0,0,32,7,0,0,1,1,6,[object Object],[object Object],0,0,0,8,114,6840,63,4298,27,8180,4,750,4514,5239,,,,80,[object Object],1445,21,5,8,22,8,クラッグベア Lv18 / リーファウル Lv20 / トゲホッグ Lv21,"[object Object],[object Object],[object Object]",5,13524,12079,0.8931529133392487,1,1699,finalist
225,collector,収集・配合,3192641620,5a36c48664a0b33466414689782614932742340cb913f454a7593dbb5ec16805,completed,1,,,400,200,40,88,52,36,461,58,30,106,8,1,21,0,0,0,0,0,42,11,42,2100,43,32,9,[object Object],[object Object],0,0,0,9,72,4320,88,4487,28,8780,4,750,5929,7899,,,,80,[object Object],1220,22,5,12,19,12,ルミネル Lv22 / クリスタゴン Lv21 / グルーモス Lv21,"[object Object],[object Object],[object Object]",5,15539,14319,0.9214878692322543,0.7441860465116279,2615,finalist
226,rush,速攻,3923422687,fde124f619a310aea484fb3592bee6ad49220cdf56518c7cb203f5c259ae8ab8,stuck,0,tower,boss_retry_cap,400,200,40,124,69,55,433,71,53,155,0,0,7,0,0,0,0,0,6,2,0,0,1,1,2,[object Object],[object Object],0,0,0,3,197,11820,124,7301,23,6400,4,750,8031,3165,,,,80,[object Object],276,26,5,3,23,3,ギアビット Lv23 / リーフリン Lv25 / ぷるミン Lv26,"[object Object],[object Object],[object Object]",4,15261,14985,0.9819146844898762,1,2881,finalist
227,balanced,バランス,2142730889,8e33e2ac0d299c256039ff8d55698fc2b3ad8c208be562587698ab3a029ccecf,completed,1,,,400,200,40,75,46,29,328,56,19,61,12,1,14,0,0,0,0,0,21,6,0,0,1,1,5,[object Object],[object Object],0,0,0,6,157,9420,75,3133,28,10380,4,750,6137,4736,,,,80,[object Object],3191,23,5,7,20,7,ルミネル Lv22 / シンドレイク Lv23 / トゲホッグ Lv23,"[object Object],[object Object],[object Object]",5,17347,14156,0.8160488845333487,1,2000,finalist
228,collector,収集・配合,1694409322,af72e4cb1b159f6575ae4c6db7c284356ecf274323f2ce8a94543f058a372ad8,completed,1,,,400,200,40,104,66,38,574,72,32,88,9,1,26,0,0,0,0,0,43,10,53,2650,54,39,7,[object Object],[object Object],0,0,0,8,92,5520,104,4852,28,8780,5,1100,7702,8142,47,,,80,[object Object],1350,24,6,11,24,11,グルーモス Lv22 / ルミネル Lv24 / アクアン Lv23,"[object Object],[object Object],[object Object]",5,17662,16312,0.9235647152077907,0.7222222222222222,3201,finalist
229,rush,速攻,2356305231,6b0b0e3f9664e14bb59534d0219427fda59fb0094ce7c5f8592f492627ba65de,completed,1,,,400,200,40,105,61,44,339,60,45,138,0,0,7,0,0,0,0,0,4,2,0,0,1,1,2,[object Object],[object Object],0,0,0,3,152,9120,105,4426,24,7200,4,750,7182,3640,,,,80,[object Object],2452,25,5,3,21,3,グルーモス Lv23 / トゲホッグ Lv24 / ぷるミン Lv25,"[object Object],[object Object],[object Object]",5,15212,12760,0.8388114646331843,1,2334,finalist
230,balanced,バランス,700088754,3c3284b6753f00d43501263c6b6a3dfcd49940820653ab6ebd3285cedd23ba2c,completed,1,,,400,200,40,54,34,20,236,40,14,35,10,1,19,0,0,0,0,0,32,7,0,0,1,1,4,[object Object],[object Object],0,0,0,7,99,5940,54,3076,27,8180,4,750,4293,5212,22,,,80,[object Object],2151,20,5,8,19,8,タイダルセラフ Lv20 / グルーモス Lv19,"[object Object],[object Object]",5,13303,11152,0.8383071487634368,1,1434,finalist
231,collector,収集・配合,1935490678,004dea76e2cb20b1e3e58da18b72b20e4ea243724f9f31a7dd6c154cae0180a2,completed,1,,,400,200,40,115,73,42,590,78,37,114,8,1,73,0,1,0,0,0,46,11,61,3050,62,46,9,[object Object],[object Object],0,0,0,10,86,5160,115,3315,29,10980,5,1100,7892,9465,40,,,80,[object Object],2377,23,6,12,21,12,ルーメンオウル Lv23 / グルーモス Lv23 / ルミネル Lv23,"[object Object],[object Object],[object Object]",5,20052,17675,0.8814582086574905,0.7419354838709677,3306,finalist
232,rush,速攻,968062037,2756138bedc6a79549a40bce5aca6bd48b237b54a0697f437c22a22005254773,stuck,0,tower,boss_retry_cap,400,200,40,122,70,52,454,68,54,197,0,0,9,0,0,0,0,0,2,2,0,0,1,1,2,[object Object],[object Object],0,0,0,3,197,11820,122,9303,23,6400,4,750,7927,3073,,,,80,[object Object],264,26,5,3,23,3,プフバット Lv24 / つぼみラビ Lv25 / ぷるミン Lv26,"[object Object],[object Object],[object Object]",4,15157,14893,0.9825823052055156,1,2933,finalist
233,balanced,バランス,139578078,ff95ac7a7d327f61425d4ac72bd27558af4e2427b98dcc37f2c545f2d295df48,completed,1,,,400,200,40,61,37,24,227,44,17,57,7,1,16,0,0,0,0,0,13,7,0,0,1,1,5,[object Object],[object Object],0,0,0,7,110,6600,61,2839,27,8180,4,750,4539,5483,,,,80,[object Object],1466,22,5,8,21,8,ルーメンオウル Lv21 / ギアビット Lv21 / ドリモール Lv22,"[object Object],[object Object],[object Object]",5,13549,12083,0.8918001328511329,1,1493,finalist
234,collector,収集・配合,3632040397,b78fb3c2c1c92b97f4edecef018cd532dfeb9351bbbdbc6d92c678ea3929c489,completed,1,,,400,200,40,55,28,27,263,43,12,54,6,1,11,0,0,0,0,0,49,13,23,1150,24,14,10,[object Object],[object Object],0,0,0,11,49,2940,55,4832,31,22780,4,750,4666,14975,22,,,80,[object Object],9211,23,5,14,19,14,ルーメンオウル Lv21 / シンダーホーン Lv23 / クラッグベア Lv18,"[object Object],[object Object],[object Object]",5,28276,19065,0.6742467109916537,0.5833333333333334,1557,finalist
235,rush,速攻,2722826951,fa62f95a69f79d01f767eb20ca9d3308a62a8176c2ab4382191c96cc03d230ed,stuck,0,tower,boss_retry_cap,400,200,40,116,66,50,400,66,50,160,0,0,8,0,0,0,0,0,2,2,0,0,1,1,2,[object Object],[object Object],0,0,0,3,189,11340,116,6243,23,6400,4,750,7716,3317,,,,80,[object Object],289,26,5,3,19,3,トゲホッグ Lv25 / プフバット Lv26 / ぷるミン Lv26,"[object Object],[object Object],[object Object]",4,14946,14657,0.98066372273518,1,2698,finalist
236,balanced,バランス,2839219216,f101cf84bf021bc927f1304f789825ae679de2a2e6eefbbcb20966ed036048aa,completed,1,,,400,200,40,94,61,33,337,63,31,105,14,1,11,0,0,0,0,0,22,8,0,0,1,1,6,[object Object],[object Object],0,0,0,9,122,7320,94,5246,27,8180,4,750,7640,6941,,,,80,[object Object],2389,24,5,9,22,9,クリスタゴン Lv23 / ギアビット Lv23 / トゲホッグ Lv24,"[object Object],[object Object],[object Object]",5,16650,14261,0.8565165165165165,1,2249,finalist
237,collector,収集・配合,3288958058,61be8b191653e95a94225b374f2b86c91008719d173f3b8b284a3840c8cd44df,completed,1,,,400,200,40,105,66,39,695,75,30,113,9,1,29,0,0,0,0,0,44,13,55,2750,56,45,10,[object Object],[object Object],0,0,0,10,118,7080,105,7433,30,11880,5,1100,8864,10417,36,,,80,[object Object],1677,25,6,14,20,14,グルーモス Lv25 / ルミネル Lv25 / リーファウル Lv25,"[object Object],[object Object],[object Object]",5,21924,20247,0.9235084838533114,0.8035714285714286,3616,finalist
238,rush,速攻,901722318,8936abcf68251e68ba9a4cc3df592c9f8694de7adad29838b09b7c75457e30e8,stuck,0,tower,boss_retry_cap,400,200,40,123,71,52,457,68,55,192,0,0,8,0,0,0,0,0,2,2,0,0,1,1,2,[object Object],[object Object],0,0,0,3,196,11760,123,7975,23,6400,4,750,8021,3172,,,,80,[object Object],319,26,5,3,20,3,プフバット Lv25 / リーフリン Lv26 / ぷるミン Lv26,"[object Object],[object Object],[object Object]",4,15251,14932,0.9790833387974559,1,2958,finalist
239,balanced,バランス,1546452828,85bed350f43014b8f526919da2c1543ba2997b43651ec2e94f1b790a451bbaf1,completed,1,,,400,200,40,123,80,43,517,79,44,142,12,1,21,0,0,0,0,0,19,5,0,0,1,1,5,[object Object],[object Object],0,0,0,6,163,9780,123,4813,27,8840,5,1100,9214,7045,,,,80,[object Object],2409,27,6,6,22,6,グルーモス Lv27 / アクアン Lv26 / トゲホッグ Lv27,"[object Object],[object Object],[object Object]",5,19234,16825,0.8747530414890299,1,3177,finalist
240,collector,収集・配合,904781684,80495d5309087e3d45ea55894ffe51f77cbf5edf710d5c8024da9381b0c08fc5,completed,1,,,400,200,40,115,73,42,822,80,35,126,15,1,31,0,0,0,0,0,44,12,60,3000,61,49,9,[object Object],[object Object],0,0,0,9,81,4860,115,8955,30,11880,5,1100,8806,11152,27,,,80,[object Object],2854,26,6,13,24,13,グルーモス Lv23 / ルミネル Lv24 / シンドレイク Lv26,"[object Object],[object Object],[object Object]",5,21866,19012,0.8694777279795116,0.8032786885245902,4101,finalist
241,rush,速攻,21210235,ea46a9e9a9821e7e51f4c08b676a765673e31103854bfd0e32ddc8e356453a10,stuck,0,tower,boss_retry_cap,400,200,40,112,64,48,441,64,48,177,0,0,10,0,0,0,0,0,2,2,0,0,1,1,2,[object Object],[object Object],0,0,0,3,189,11340,112,9862,23,6400,4,750,7644,3272,,,,80,[object Object],262,26,5,3,21,3,リーフリン Lv25 / つぼみラビ Lv24 / ぷるミン Lv26,"[object Object],[object Object],[object Object]",4,14874,14612,0.9823853704450719,1,2756,finalist
242,balanced,バランス,2069665155,50012cf8c928d7b5d81429dae2cb911fbeeeeb86a3644324079dd86c8dbc1b12,completed,1,,,400,200,40,82,51,31,326,55,27,91,7,1,12,0,0,0,0,0,16,6,0,0,1,1,5,[object Object],[object Object],0,0,0,6,115,6900,82,3330,27,8180,4,750,6299,6020,,,,80,[object Object],2389,23,5,7,21,7,ルーメンオウル Lv22 / ギアビット Lv22 / ドリモール Lv23,"[object Object],[object Object],[object Object]",5,15309,12920,0.8439480044418316,1,2058,finalist
243,collector,収集・配合,342738304,fe62f7ec01051b6b91936a48b497b8a306eb71664132832427590b41257a1787,completed,1,,,400,200,40,45,23,22,233,37,8,29,5,1,18,0,0,0,0,0,43,13,17,850,18,7,10,[object Object],[object Object],0,0,0,10,2,120,45,3037,30,21880,4,750,3499,12070,27,,,80,[object Object],13169,20,5,14,21,14,シンダーホーン Lv20 / ルーメンオウル Lv18 / クラッグベア Lv16,"[object Object],[object Object],[object Object]",5,26209,13040,0.49753901331603645,0.3888888888888889,1336,finalist
244,rush,速攻,482989135,33f16cb7b57418870d9076fd2a343bd40bdbb60cdb0e70ed304af266a9d3b247,stuck,0,tower,boss_retry_cap,400,200,40,112,63,49,394,65,47,149,0,0,7,0,0,0,0,0,3,2,0,0,1,1,2,[object Object],[object Object],0,0,0,3,188,11280,112,7318,23,6400,4,750,7696,3377,,,,80,[object Object],269,26,5,3,20,3,トゲホッグ Lv25 / プフバット Lv26 / ぷるミン Lv26,"[object Object],[object Object],[object Object]",4,14926,14657,0.9819777569342087,1,2613,finalist
245,balanced,バランス,2199538979,8e3ffafb2c8263a96b7a23c0d340d2a7d59e67fcb9677a12159f1008aeced283,completed,1,,,400,200,40,101,64,37,457,69,32,90,4,1,19,0,0,0,0,0,20,6,0,0,1,1,5,[object Object],[object Object],0,0,0,5,148,8880,101,3291,28,9080,5,1100,8002,6984,,,,80,[object Object],2398,25,6,7,19,7,ルミネル Lv25 / アッシュインプ Lv25 / つぼみラビ Lv25,"[object Object],[object Object],[object Object]",5,18262,15864,0.8686890811521192,1,2724,finalist
246,collector,収集・配合,3772222456,f743e94207498700bd94c06c4b040435410085cdda165f055177195ffecd2cfc,completed,1,,,400,200,40,89,55,34,556,65,24,97,13,1,23,0,0,0,0,0,31,14,46,2300,47,37,11,[object Object],[object Object],1,7,0,12,90,5400,89,7230,31,11980,5,1100,6365,9264,29,,,80,[object Object],2561,23,6,14,23,16,グルーモス Lv23 / クリスタゴン Lv23 / ルミネル Lv23,"[object Object],[object Object],[object Object]",5,19525,16964,0.8688348271446863,0.7872340425531915,2952,finalist
247,rush,速攻,105141097,e445afaaed715c3e724bfd61225a661a672c403b91b871d81897ee652a18efdb,stuck,0,tower,boss_retry_cap,400,200,40,108,60,48,404,64,44,148,0,0,9,0,0,0,0,0,2,2,0,0,1,1,2,[object Object],[object Object],0,0,0,3,195,11700,108,6893,23,6400,4,750,7511,2756,,,,80,[object Object],285,26,5,3,21,3,ペブロン Lv25 / リーフリン Lv26 / ぷるミン Lv26,"[object Object],[object Object],[object Object]",4,14741,14456,0.9806661691879791,1,2604,finalist
248,balanced,バランス,845359124,2d4b7e454dadb366e9ee472388fb30a9c718d716be33d2e022217a9aa7fdca53,completed,1,,,400,200,40,76,47,29,342,56,20,58,9,1,19,0,0,0,0,0,22,4,0,0,1,1,2,[object Object],[object Object],0,0,0,5,155,9300,76,2964,27,10120,4,750,6222,4716,,,,80,[object Object],3156,24,5,5,22,5,ルミネル Lv22 / シンドレイク Lv24 / ぷるミン Lv24,"[object Object],[object Object],[object Object]",5,17172,14016,0.8162124388539483,1,2042,finalist
249,collector,収集・配合,3673255946,8804b03a7e0cb162020e33bac9b708313ad59bee3d0e94954a0db60641966b47,completed,1,,,400,200,40,131,87,44,498,89,42,144,18,1,19,0,0,0,0,0,36,12,70,3500,71,57,10,[object Object],[object Object],0,0,0,10,94,5640,131,5990,28,8780,5,1100,9493,8468,,,,80,[object Object],1845,24,6,13,24,13,クリスタゴン Lv23 / ギアビット Lv24 / リーファウル Lv24,"[object Object],[object Object],[object Object]",5,19453,17608,0.9051560170667763,0.8028169014084507,3238,finalist
250,rush,速攻,2172861223,f54f260db9fbbe3773b58e50585cf839b0db2a63e431646da15131974fee964c,stuck,0,tower,boss_retry_cap,400,200,40,118,70,48,464,64,54,194,0,0,8,0,0,0,0,0,2,2,0,0,1,1,2,[object Object],[object Object],0,0,0,3,180,10800,118,9694,23,6400,4,750,7536,3701,,,,80,[object Object],265,26,5,3,21,3,リーフリン Lv25 / プフバット Lv24 / ぷるミン Lv26,"[object Object],[object Object],[object Object]",4,14766,14501,0.9820533658404442,1,2920,finalist
251,balanced,バランス,3221805769,bdf97ba03129132773bc1ae9482289201184d9002c3b02fa2d100b9a93fb5433,completed,1,,,400,200,40,65,40,25,277,48,17,52,10,1,20,0,0,0,0,0,21,6,0,0,1,1,4,[object Object],[object Object],0,0,0,6,124,7440,65,3245,27,10140,4,750,5265,5665,,,,80,[object Object],3130,23,5,7,20,7,グルーモス Lv23 / シンダーホーン Lv22 / リーフリン Lv23,"[object Object],[object Object],[object Object]",5,16235,13105,0.8072066522944257,1,1677,finalist
252,collector,収集・配合,1768724158,4e0d82d5eceed55eae11eee5d0dd6fb439d05956a64eaa07d82b3985bbe0f18c,completed,1,,,400,200,40,94,55,39,438,62,32,79,2,1,41,0,0,0,0,0,57,8,40,2000,41,29,6,[object Object],[object Object],0,0,0,8,60,3600,94,3278,28,10380,5,1100,5962,9367,,,,80,[object Object],2555,22,6,9,19,9,ルーメンオウル Lv22 / グルーモス Lv22 / クリスタゴン Lv21,"[object Object],[object Object],[object Object]",5,17522,14967,0.8541833124072594,0.7073170731707317,2528,finalist
253,rush,速攻,542502078,f9ac4f9add072af11da0593c35183fb05fbdcc1f5635ebf536446f65ad9e8fa0,stuck,0,tower,boss_retry_cap,400,200,40,118,66,52,471,68,50,179,0,0,8,0,0,0,0,0,2,2,0,0,1,1,2,[object Object],[object Object],0,0,0,3,200,12000,118,10842,23,6400,4,750,8213,3128,,,,80,[object Object],315,26,5,3,21,3,リーフリン Lv25 / つぼみラビ Lv25 / ぷるミン Lv26,"[object Object],[object Object],[object Object]",4,15443,15128,0.9796024088583825,1,2924,finalist
254,balanced,バランス,2211602980,e0cd4f36bd047ac9e2d6c21f81eb71d67d5fcbe6b2d1579a5a60993470e985e9,completed,1,,,400,200,40,61,39,22,289,41,20,51,12,1,20,0,0,0,0,0,24,7,0,0,1,1,5,[object Object],[object Object],0,0,0,7,79,4740,61,2744,27,8180,4,750,4175,5366,,,,80,[object Object],3079,20,5,8,20,8,ルーメンオウル Lv20 / シンダーホーン Lv18 / トゲホッグ Lv19,"[object Object],[object Object],[object Object]",5,13185,10106,0.7664770572620402,1,1662,finalist
255,collector,収集・配合,3695577433,da04d9d96396ca062fa0ec3707fa4df860d20ea6377151c1666a8c8ff621ea01,completed,1,,,400,200,40,78,46,32,369,61,17,59,9,1,25,0,0,0,0,0,43,11,40,2000,41,31,8,[object Object],[object Object],0,0,0,10,75,4500,78,2837,32,23680,5,1100,5764,15250,45,,,80,[object Object],8874,26,6,12,21,12,シンダーホーン Lv23 / グルーモス Lv19 / リーファウル Lv26,"[object Object],[object Object],[object Object]",5,30624,21750,0.7102272727272727,0.7560975609756098,2155,finalist
256,rush,速攻,4055805676,a48fa30b8555d4195496fcbb1713b5402b038f75d967d4eefa54249e8d1a3d23,stuck,0,tower,boss_retry_cap,400,200,40,121,70,51,462,67,54,198,0,0,8,0,0,0,0,0,2,2,0,0,1,1,2,[object Object],[object Object],0,0,0,3,185,11100,121,10130,23,6400,4,750,7917,3794,,,,80,[object Object],253,26,5,3,23,3,プフバット Lv23 / リーフリン Lv25 / ぷるミン Lv26,"[object Object],[object Object],[object Object]",4,15147,14894,0.9832970225127088,1,2947,finalist
257,balanced,バランス,3653224502,7b5acfc215e94feb350e3c84acc720f07a7b3958cf426758f38fad5000e3f744,completed,1,,,400,200,40,118,76,42,526,81,37,129,7,1,15,0,0,0,0,0,16,8,0,0,1,1,6,[object Object],[object Object],0,0,0,9,182,10920,118,6566,28,9080,5,1100,9694,6650,,,,80,[object Object],2384,27,6,9,21,9,ルミネル Lv26 / リーファウル Lv27 / トゲホッグ Lv27,"[object Object],[object Object],[object Object]",5,19954,17570,0.8805252079783502,1,3202,finalist
258,collector,収集・配合,2488360441,9d245ec28e49f8a5747bd23833451150889a4cf39d3a0a5e6c0050db6f23ce6e,completed,1,,,400,200,40,77,40,37,446,56,21,85,7,1,22,0,0,0,0,0,70,9,35,1750,36,27,7,[object Object],[object Object],0,0,0,7,123,7380,77,5445,31,23080,5,1100,6214,18114,42,,,80,[object Object],3230,27,6,10,19,10,ルミネル Lv22 / シンドレイク Lv25 / トゲホッグ Lv27,"[object Object],[object Object],[object Object]",5,30474,27244,0.8940080068254905,0.75,2406,finalist
259,rush,速攻,2579457131,362491d29548e6a8bc4cd567f2f6dfda76f0ce1384ed8dd0ef6a2464667ce2b4,stuck,0,tower,boss_retry_cap,400,200,40,124,71,53,470,69,55,196,0,0,7,0,0,0,0,0,2,2,0,0,1,1,2,[object Object],[object Object],0,0,0,3,200,12000,124,8848,23,6400,4,750,8088,3041,,,,80,[object Object],277,26,5,3,21,3,プフバット Lv25 / リーフリン Lv25 / ぷるミン Lv26,"[object Object],[object Object],[object Object]",4,15318,15041,0.9819166993080036,1,2988,finalist
260,balanced,バランス,1922849367,505bc78d14f6f81d7c0284d8864b6f2d65b1c2f4c0b5de04e1306a3eb7e26929,completed,1,,,400,200,40,114,73,41,435,77,37,123,29,1,12,0,0,0,0,0,26,5,0,0,1,1,5,[object Object],[object Object],0,0,0,5,189,11340,114,5556,28,9080,5,1100,9140,6613,,,,80,[object Object],1447,26,6,6,22,6,クリスタゴン Lv25 / アッシュインプ Lv24 / ペブロン Lv26,"[object Object],[object Object],[object Object]",5,19400,17953,0.9254123711340206,1,2775,finalist
261,collector,収集・配合,3557275610,fd31f5b75b4e0e2f4bf01e5dd1b9e2922f5bfb7cb5af461dbdf42029525f1c93,completed,1,,,400,200,40,106,65,41,690,72,34,117,18,1,31,0,0,0,0,0,44,12,54,2700,55,43,10,[object Object],[object Object],0,0,0,11,81,4860,106,6389,28,8780,5,1100,6956,7993,,,,80,[object Object],1363,22,6,13,24,13,ルーメンオウル Lv20 / クリスタゴン Lv22 / ルミネル Lv22,"[object Object],[object Object],[object Object]",5,16916,15553,0.9194253960747222,0.7818181818181819,3605,finalist
262,rush,速攻,4215839866,0032733fe3c438d40e0ae0981c41e78009285d17cc356bd52cb2e584140895b4,stuck,0,tower,boss_retry_cap,400,200,40,113,65,48,416,64,49,180,0,0,7,0,0,0,0,0,3,2,0,0,1,1,2,[object Object],[object Object],0,0,0,3,183,10980,113,8370,23,6400,4,750,7680,3648,,,,80,[object Object],282,26,5,3,23,3,プフバット Lv24 / つぼみラビ Lv25 / ぷるミン Lv26,"[object Object],[object Object],[object Object]",4,14910,14628,0.9810865191146881,1,2691,finalist
263,balanced,バランス,2146375593,2340e772745b6fd43e818e239623f5c576aaed07cf59779d15536c60fb6e9946,completed,1,,,400,200,40,98,61,37,465,67,31,106,12,1,22,0,0,0,0,0,20,5,0,0,1,1,5,[object Object],[object Object],0,0,0,6,150,9000,98,5672,28,9080,5,1100,7632,5555,,,,80,[object Object],3337,25,6,6,22,6,ルミネル Lv24 / シンドレイク Lv24 / リーファウル Lv25,"[object Object],[object Object],[object Object]",5,17892,14555,0.8134920634920635,1,2708,finalist
264,collector,収集・配合,3359517701,4447da65b1e1332d5bc8b8793d37f48f5449cd258fc3ca6c0db1bd18231b0620,completed,1,,,400,200,40,113,73,40,475,75,38,137,13,1,21,0,0,0,0,0,26,10,59,2950,60,47,8,[object Object],[object Object],0,0,0,8,81,4860,113,6406,28,8780,5,1100,7897,8837,,,,80,[object Object],1210,23,6,11,22,11,クリスタゴン Lv22 / グルーモス Lv22 / リーファウル Lv23,"[object Object],[object Object],[object Object]",5,17857,16647,0.9322394579156633,0.7833333333333333,2946,finalist
265,rush,速攻,845936963,99af4a131696ea63e1a0a418e5faed78af2d7a0f3208a29c7c6ace9ffe28b440,stuck,0,tower,boss_retry_cap,400,200,40,116,65,51,402,67,49,156,0,0,7,0,0,0,0,0,2,2,0,0,1,1,2,[object Object],[object Object],0,0,0,3,194,11640,116,6465,23,6400,4,750,7794,3081,,,,80,[object Object],303,26,5,3,21,3,トゲホッグ Lv25 / プフバット Lv26 / ぷるミン Lv26,"[object Object],[object Object],[object Object]",4,15024,14721,0.979832268370607,1,2679,finalist
266,balanced,バランス,4136446184,3354500785dd2f7e3bb8a452105b4960ebdcc72f2cc2bf6e1fc7091ffc6c399c,completed,1,,,400,200,40,94,59,35,383,66,28,91,9,1,19,0,0,0,0,0,18,6,0,0,1,1,4,[object Object],[object Object],0,0,0,6,155,9300,94,4941,28,9080,5,1100,7920,6483,,,,80,[object Object],2397,26,6,7,20,7,グルーモス Lv24 / ギアビット Lv25 / つぼみラビ Lv26,"[object Object],[object Object],[object Object]",5,18180,15783,0.8681518151815182,1,2375,finalist
267,collector,収集・配合,2988859721,c2ed545ff99c5a040e3ae3b81b9ecae75ed4ec6044dd6b574318ae3749c6b9d1,completed,1,,,400,200,40,94,60,34,533,63,31,92,17,1,44,0,0,0,0,0,32,12,48,2400,49,35,9,[object Object],[object Object],0,0,0,9,76,4560,94,4019,28,8780,4,750,6574,7996,33,,,80,[object Object],1228,23,5,13,20,13,ルーメンオウル Lv22 / クリスタゴン Lv20 / ドリモール Lv23,"[object Object],[object Object],[object Object]",5,16184,14956,0.9241225902125556,0.7142857142857143,2867,finalist
268,rush,速攻,133808069,11cdb9e48f3a899559349a8d51b6fb82c5852a0194e9fbacf3cdb5a62ee018e3,stuck,0,tower,boss_retry_cap,400,200,40,112,64,48,394,64,48,154,0,0,8,0,0,0,0,0,2,2,0,0,1,1,2,[object Object],[object Object],0,0,0,3,196,11760,112,5174,23,6400,4,750,7838,3015,,,,80,[object Object],293,26,5,3,23,3,ドリモール Lv25 / つぼみラビ Lv26 / ぷるミン Lv26,"[object Object],[object Object],[object Object]",4,15068,14775,0.9805548181576852,1,2612,finalist
269,balanced,バランス,1983987364,5108d279d55a97da543a3df553b6649ecc2ef2f967355cba19755447088b9b93,completed,1,,,400,200,40,79,49,30,402,53,26,94,8,1,20,0,0,0,0,0,15,7,0,0,1,1,6,[object Object],[object Object],0,0,0,7,108,6480,79,4569,27,8180,4,750,5901,6069,,,,80,[object Object],2362,22,5,8,21,8,ルミネル Lv22 / リーファウル Lv21 / ドリモール Lv22,"[object Object],[object Object],[object Object]",5,14911,12549,0.8415934544966803,1,2300,finalist
270,collector,収集・配合,2490400485,1b236df1d74bb99168d34dc77fc801aafea64df44a2e63405af7098cc2b3f475,completed,1,,,400,200,40,118,76,42,693,75,43,151,17,1,64,0,1,0,0,0,50,10,60,3000,61,40,8,[object Object],[object Object],0,0,0,10,68,4080,118,5908,29,10980,5,1100,7790,11660,,,,80,[object Object],1210,23,6,11,22,11,ルーメンオウル Lv23 / クリスタゴン Lv22 / グルーモス Lv22,"[object Object],[object Object],[object Object]",5,19950,18740,0.9393483709273183,0.6557377049180327,3674,finalist
271,rush,速攻,1408533876,4a84e7f6b207f63250ea562dbe9c5d695d3b9807a1b7fbab565831984e394fd4,stuck,0,tower,boss_retry_cap,400,200,40,110,62,48,428,64,46,156,0,0,9,0,0,0,0,0,2,2,0,0,1,1,2,[object Object],[object Object],0,0,0,3,192,11520,110,7753,23,6400,4,750,7713,3156,,,,80,[object Object],267,26,5,3,20,3,ペブロン Lv25 / リーフリン Lv26 / ぷるミン Lv26,"[object Object],[object Object],[object Object]",4,14943,14676,0.9821321019875527,1,2695,finalist
272,balanced,バランス,609985818,0ed9332dc2cc7b36f4e7b3dc52f155016b0d8e533f6795d41c9bead06ac80412,completed,1,,,400,200,40,56,34,22,266,40,16,71,11,1,14,0,0,0,0,0,28,7,0,0,1,1,6,[object Object],[object Object],0,0,0,8,89,5340,56,3601,27,8180,4,750,4297,5790,,,,80,[object Object],2177,20,5,8,21,8,ルーメンオウル Lv19 / リーファウル Lv19 / トゲホッグ Lv20,"[object Object],[object Object],[object Object]",5,13307,11130,0.8364018937401367,1,1563,finalist
273,collector,収集・配合,3259863663,c7abc5776042114c9dc84bbdd6c291d16d6c9c141f94385b99c7c406c66d0c8e,completed,1,,,400,200,40,59,35,24,288,44,15,47,12,1,19,0,0,0,0,0,31,13,30,1500,31,18,9,[object Object],[object Object],0,0,0,8,35,2100,59,2759,29,10980,4,750,4184,8321,30,,,80,[object Object],4073,20,5,14,20,14,シンダーホーン Lv20 / クリスタゴン Lv19 / トゲホッグ Lv19,"[object Object],[object Object],[object Object]",5,15994,11921,0.7453420032512192,0.5806451612903226,1667,finalist
274,rush,速攻,950796789,a80e9a3ef0fb9450bab9c1904b8b56661e33722b94c21219cb6eafdf380a84fa,stuck,0,tower,boss_retry_cap,400,200,40,113,63,50,391,66,47,148,0,0,7,0,0,0,0,0,3,2,0,0,1,1,2,[object Object],[object Object],0,0,0,3,195,11700,113,7730,23,6400,4,750,7534,2764,,,,80,[object Object],300,26,5,3,20,3,リーファウル Lv23 / ドリモール Lv26 / ぷるミン Lv26,"[object Object],[object Object],[object Object]",4,14764,14464,0.9796803034408019,1,2630,finalist
275,balanced,バランス,2046900152,cd3df2f9507841e23e384cabca3febad392c42a09ce5febb7ac6237795065a9d,completed,1,,,400,200,40,61,37,24,251,44,17,51,8,1,19,0,0,0,0,0,15,7,0,0,1,1,5,[object Object],[object Object],0,0,0,7,120,7200,61,1944,27,8180,4,750,4548,4942,,,,80,[object Object],1416,22,5,8,19,8,ルーメンオウル Lv20 / ギアビット Lv22 / リーファウル Lv21,"[object Object],[object Object],[object Object]",5,13558,12142,0.8955598170821655,1,1549,finalist
276,collector,収集・配合,2868465762,efdf7cbe6263a8e12d497b1398faf60fd89a83172af1cb5caca286ced7d25448,completed,1,,,400,200,40,103,65,38,496,72,31,107,16,1,19,0,0,0,0,0,47,11,54,2700,55,43,9,[object Object],[object Object],1,4,0,10,92,5520,103,5937,29,8930,5,1100,7193,7722,,,,80,[object Object],1361,23,6,11,24,13,グルーモス Lv23 / クリスタゴン Lv23 / ギアビット Lv22,"[object Object],[object Object],[object Object]",5,17303,15942,0.9213431196902271,0.7818181818181819,2890,finalist
277,rush,速攻,733806622,924a5a534665bf1a8e4a7294c0440fcc4809b52b06eeef17639056e4f439706e,stuck,0,tower,boss_retry_cap,400,200,40,116,67,49,431,65,51,159,0,0,11,0,0,0,0,0,3,2,0,0,1,1,2,[object Object],[object Object],0,0,0,3,179,10740,116,5052,23,6400,4,750,7719,3895,,,,80,[object Object],314,26,5,3,21,3,ペブロン Lv25 / つぼみラビ Lv26 / ぷるミン Lv26,"[object Object],[object Object],[object Object]",4,14949,14635,0.9789952505184293,1,2797,finalist
278,balanced,バランス,2402215385,2983b845d8c2677cc4856dddf1acd0e69dc25e2fc2ec1ebb1e5bbd211f3c9848,completed,1,,,400,200,40,131,83,48,469,90,41,140,15,1,13,0,0,0,0,0,20,5,0,0,1,1,5,[object Object],[object Object],0,0,0,5,225,13500,131,6553,28,9080,5,1100,11054,6370,,,,80,[object Object],1444,28,6,6,23,6,グルーモス Lv28 / ヒノコぐま Lv28 / ペブロン Lv28,"[object Object],[object Object],[object Object]",5,21314,19870,0.9322511025616965,1,3116,finalist
279,collector,収集・配合,1867107129,a58991c0f6938a5538599de30abc4cf02dc39b637524c7281f3bebd84b565d93,completed,1,,,400,200,40,55,28,27,290,39,16,51,6,1,19,0,0,0,0,0,47,12,23,1150,24,13,10,[object Object],[object Object],0,0,0,10,14,840,55,4062,28,10080,4,750,3164,7709,,,,80,[object Object],4375,17,5,13,21,13,クラッグベア Lv17 / クリスタゴン Lv17 / シンダーホーン Lv17,"[object Object],[object Object],[object Object]",5,14074,9699,0.6891431007531619,0.5416666666666666,1614,finalist
280,rush,速攻,1772361068,4f9c55bd18669a775b5c034e9623cc8124649e179e95962e74f78474c46e98ca,stuck,0,tower,boss_retry_cap,400,200,40,109,61,48,375,64,45,159,0,0,8,0,0,0,0,0,2,2,0,0,1,1,2,[object Object],[object Object],0,0,0,3,192,11520,109,8156,23,6400,4,750,7605,3064,,,,80,[object Object],251,26,5,3,19,3,プフバット Lv25 / つぼみラビ Lv25 / ぷるミン Lv26,"[object Object],[object Object],[object Object]",4,14835,14584,0.9830805527468823,1,2512,finalist
281,balanced,バランス,728075619,9e4042d497decfc7e55045c36125a23393d7f231e94b190c4c36c63c1040acdc,completed,1,,,400,200,40,55,32,23,206,40,15,49,2,1,19,0,0,0,0,0,16,7,0,0,1,1,6,[object Object],[object Object],0,0,0,6,95,5700,55,1901,27,8180,4,750,4176,5329,,,,80,[object Object],2157,21,5,8,22,8,ルーメンオウル Lv21 / シンドレイク Lv20 / リーフリン Lv20,"[object Object],[object Object],[object Object]",5,13186,11029,0.8364174124070984,1,1338,finalist
282,collector,収集・配合,3973665284,c46417052d7a3e397802fb333d8f5b39f307472f0ee409faf255fd1643c948b4,completed,1,,,400,200,40,51,25,26,276,40,11,40,9,1,18,0,0,0,0,0,50,13,20,1000,21,10,9,[object Object],[object Object],0,0,0,10,17,1020,51,3628,31,22780,4,750,4251,15021,26,,,80,[object Object],10820,23,5,14,20,14,シンダーホーン Lv23 / グルーモス Lv19 / クラッグベア Lv16,"[object Object],[object Object],[object Object]",5,27861,17041,0.6116435160259861,0.47619047619047616,1542,finalist
283,rush,速攻,2464934216,ded93ee83774772b9ec73c2555c84b5171f3e6e2fef0dc5936a0b925593c8afc,stuck,0,tower,boss_retry_cap,400,200,40,119,69,50,471,66,53,183,0,0,8,0,0,0,0,0,4,2,0,0,1,1,2,[object Object],[object Object],0,0,0,3,191,11460,119,9051,23,6400,4,750,7425,2882,,,,80,[object Object],313,26,5,3,18,3,リーフリン Lv26 / アワマリン Lv23 / ぷるミン Lv26,"[object Object],[object Object],[object Object]",4,14655,14342,0.9786421016717843,1,2932,finalist
284,balanced,バランス,1992843037,22a7bd487409cba5e80260526bc18ab78f9c11ae6c0b94a63774addf98705381,completed,1,,,400,200,40,106,68,38,427,70,36,126,14,1,13,0,0,0,0,0,24,6,0,0,1,1,5,[object Object],[object Object],0,0,0,7,150,9000,106,5672,28,9080,5,1100,8609,8158,,,,80,[object Object],1711,26,6,7,19,7,グルーモス Lv25 / シンドレイク Lv25 / トゲホッグ Lv26,"[object Object],[object Object],[object Object]",5,18869,17158,0.9093221686363877,1,2685,finalist
285,collector,収集・配合,3925923502,22cbdc9a46f726c4a53924d61227080e3ae668224cb6334d6d8945989fec172e,completed,1,,,400,200,40,56,28,28,285,43,13,50,6,1,20,0,0,0,0,0,49,13,26,1300,27,17,10,[object Object],[object Object],0,0,0,12,19,1140,56,2955,31,22780,4,750,4223,13922,35,,,80,[object Object],11471,22,5,14,20,14,シンダーホーン Lv21 / グルーモス Lv22 / クリスタゴン Lv18,"[object Object],[object Object],[object Object]",5,27833,16362,0.5878633277045234,0.6296296296296297,1629,finalist
286,rush,速攻,1093452943,1612d8eb33cb78fdfbd238c92a68ff9a0724115be744f2b2db6906ce28bb1951,stuck,0,tower,boss_retry_cap,400,200,40,116,66,50,397,66,50,172,0,0,7,0,0,0,0,0,5,2,0,0,1,1,2,[object Object],[object Object],0,0,0,3,192,11520,116,7543,23,6400,4,750,7691,3067,,,,80,[object Object],334,25,5,3,23,3,プフバット Lv24 / アワマリン Lv25 / ぷるミン Lv25,"[object Object],[object Object],[object Object]",4,14921,14587,0.977615441324308,1,2652,finalist
287,balanced,バランス,2402412294,acebe11acbc69544f5dc59c3310138a123223d1429754b4cd71a9329878d31f9,stuck,0,tower,boss_retry_cap,400,200,40,171,114,57,555,112,59,192,13,1,11,0,0,0,0,0,25,4,0,0,1,1,4,[object Object],[object Object],0,0,0,5,227,13620,171,5929,25,6820,5,1100,13571,7367,,,,80,[object Object],584,30,6,5,22,5,グルーモス Lv30 / アッシュインプ Lv30 / リーフリン Lv30,"[object Object],[object Object],[object Object]",4,21571,20987,0.9729266144360484,1,3879,finalist
288,collector,収集・配合,112957566,e925b43b1c90dea5da9cb01cdfd0ee39ced422c4763400f2240f8564e4f127ba,completed,1,,,400,200,40,116,74,42,595,79,37,126,11,1,24,0,0,0,0,0,38,11,57,2850,58,45,9,[object Object],[object Object],0,0,0,10,87,5220,116,5056,29,9680,5,1100,8892,9966,,,,80,[object Object],1716,25,6,12,21,12,ルミネル Lv25 / グルーモス Lv24 / シンドレイク Lv25,"[object Object],[object Object],[object Object]",5,19752,18036,0.9131227217496962,0.7758620689655172,3420,finalist
289,rush,速攻,2292069104,719e175c12cee2644ea623f5eba85db9f919959c8bdc7c263554164c8d3d11af,stuck,0,tower,boss_retry_cap,400,200,40,108,61,47,387,63,45,139,0,0,9,0,0,0,0,0,4,2,0,0,1,1,2,[object Object],[object Object],0,0,0,3,182,10920,108,4196,23,6400,4,750,7656,3657,,,,80,[object Object],309,26,5,3,22,3,ドリモール Lv25 / リーフリン Lv26 / ぷるミン Lv26,"[object Object],[object Object],[object Object]",4,14886,14577,0.979242241031842,1,2534,finalist
290,balanced,バランス,4223338961,b9871d0da1b17ada116f463739bb09b655f87fc62249358e50da2b04f99c0dd2,completed,1,,,400,200,40,57,34,23,291,41,16,58,7,1,22,0,0,0,0,0,21,7,0,0,1,1,5,[object Object],[object Object],0,0,0,7,104,6240,57,3325,27,8180,4,750,4497,5141,32,,,80,[object Object],2126,21,5,8,21,8,ルミネル Lv20 / シンドレイク Lv21 / ドリモール Lv21,"[object Object],[object Object],[object Object]",5,13507,11381,0.8426001332642333,1,1648,finalist
291,collector,収集・配合,3998854977,f2ca04701190480e2d2be5f987b88a34e6ede6fc52573e61ae3e1b77fd2aaf64,completed,1,,,400,200,40,53,25,28,261,39,14,52,9,1,25,0,0,0,0,0,41,9,20,1000,21,15,7,[object Object],[object Object],0,0,0,9,12,720,53,2856,28,20580,4,750,3736,13021,,,,80,[object Object],10405,21,5,10,17,10,シンダーホーン Lv21 / クラッグベア Lv16 / ルミネル Lv15,"[object Object],[object Object],[object Object]",5,25146,14741,0.5862164956653145,0.7142857142857143,1480,finalist
292,rush,速攻,3561462802,3e3ddff864327e17dcac886d07d61d6960cb9328bc784814aba788380d530a3d,stuck,0,tower,boss_retry_cap,400,200,40,150,82,68,504,84,66,183,0,0,7,0,0,0,0,0,4,2,0,0,1,1,2,[object Object],[object Object],0,0,0,3,206,12360,150,7986,23,6400,5,1100,8449,3378,,,,80,[object Object],291,26,6,3,23,3,アワマリン Lv23 / リーフリン Lv25 / ぷるミン Lv26,"[object Object],[object Object],[object Object]",4,16029,15738,0.9818454052030694,1,3376,finalist
293,balanced,バランス,2134493032,6e2f77df1557852313172f6a9ec0d129bbcecd9a098617aa6d1e2f2b50c62fcb,completed,1,,,400,200,40,52,32,20,225,37,15,34,8,1,17,0,0,0,0,0,18,6,0,0,1,1,4,[object Object],[object Object],0,0,0,6,71,4260,52,1979,26,7280,4,750,3949,5159,,,,80,[object Object],2640,19,5,7,19,7,ルーメンオウル Lv19 / オアロード Lv19,"[object Object],[object Object]",5,12059,9419,0.7810763744920806,1,1353,finalist
294,collector,収集・配合,3353768494,9a3e6eb1ef95aa0a3e1ead5a9ceba9afeed0ca54acb31bd88e148f62ea9466f6,completed,1,,,400,200,40,50,26,24,291,38,12,53,10,1,15,0,0,0,0,0,40,12,21,1050,22,11,9,[object Object],[object Object],0,0,0,9,16,960,50,3225,30,21880,4,750,3601,14829,25,,,80,[object Object],9472,20,5,13,21,13,シンダーホーン Lv20 / グルーモス Lv20 / クラッグベア Lv19,"[object Object],[object Object],[object Object]",5,26311,16839,0.6399984797233096,0.5,1582,finalist
295,rush,速攻,2811880715,67be25d89a302918c1ee499d474b458a87d8c2cba3f748c7df4f9c8ac4cea990,stuck,0,tower,boss_retry_cap,400,200,40,110,62,48,426,64,46,159,0,0,10,0,0,0,0,0,2,2,0,0,1,1,2,[object Object],[object Object],0,0,0,3,194,11640,110,8423,23,6400,4,750,7544,2852,,,,80,[object Object],282,26,5,3,18,3,トゲホッグ Lv24 / リーフリン Lv26 / ぷるミン Lv26,"[object Object],[object Object],[object Object]",4,14774,14492,0.9809124136997428,1,2690,finalist
296,balanced,バランス,585271470,db7b1178218f8368acf61e275ebf78ec08335553275e3b191d850d7befdbe473,completed,1,,,400,200,40,104,66,38,392,69,35,123,11,1,13,0,0,0,0,0,24,6,0,0,1,1,5,[object Object],[object Object],0,0,0,7,134,8040,104,5861,27,8180,5,1100,8116,6764,,,,80,[object Object],2672,24,6,7,21,7,クリスタゴン Lv24 / シンドレイク Lv24 / リーファウル Lv24,"[object Object],[object Object],[object Object]",5,17476,14804,0.8471046005951018,1,2546,finalist
297,collector,収集・配合,795964759,dfc65796c8c702742143907991d3ddfa2fbaa618278e3638cdede3e7ae66f6d7,completed,1,,,400,200,40,77,43,34,450,61,16,58,8,1,28,0,0,0,0,0,60,13,38,1900,39,27,10,[object Object],[object Object],0,0,0,11,73,4380,77,5588,31,22780,5,1100,6827,19503,32,,,80,[object Object],5004,21,6,14,20,14,クラッグベア Lv20 / グルーモス Lv21 / ルミネル Lv21,"[object Object],[object Object],[object Object]",5,30787,25783,0.837463864618183,0.6923076923076923,2400,finalist
298,rush,速攻,936249782,42f3806c60963365f9fbcaaf670437bc41b41156e35dc42004400dbbb6b78f66,stuck,0,tower,boss_retry_cap,400,200,40,129,77,52,491,68,61,210,0,0,8,0,0,0,0,0,3,2,0,0,1,1,2,[object Object],[object Object],0,0,0,3,188,11280,129,8859,23,6400,4,750,7728,3419,,,,80,[object Object],259,26,5,3,23,3,プフバット Lv24 / つぼみラビ Lv25 / ぷるミン Lv26,"[object Object],[object Object],[object Object]",4,14958,14699,0.9826848509158979,1,3112,finalist
299,balanced,バランス,2448056122,1d71e053cb15b18a139adc21309f5afe7ec8261a449e58494807a820cdd454f7,completed,1,,,400,200,40,81,50,31,431,56,25,96,7,1,24,0,0,0,0,0,21,6,0,0,1,1,6,[object Object],[object Object],0,0,0,6,142,8520,81,4980,27,8180,4,750,6383,5415,,,,80,[object Object],1458,23,5,7,21,7,グルーモス Lv22 / ルミネル Lv22 / ギアビット Lv23,"[object Object],[object Object],[object Object]",5,15393,13935,0.9052816215162737,1,2424,finalist
300,collector,収集・配合,24766327,0ba19ecdedb81b20d4a0d3a85afd5ca9ce1dbc49152a9829f05b113685d2ea76,completed,1,,,400,200,40,63,37,26,309,46,17,68,8,1,20,0,0,0,0,0,30,14,32,1600,33,22,11,[object Object],[object Object],0,0,0,11,54,3240,63,4398,29,9630,4,750,4040,7000,40,,,80,[object Object],2660,20,5,15,22,15,クリスタゴン Lv20 / ルーメンオウル Lv17 / シンダーホーン Lv18,"[object Object],[object Object],[object Object]",5,14500,11840,0.8165517241379311,0.6666666666666666,1810,finalist
