run,profile,stage_index,stage_id,stage_name,req_level,boss_level,unlock_wins,reached,cleared,entry_highest_level,boss_start_highest_level,clear_highest_level,normalBattles,normalCombatWins,scoutWins,normalLosses,scoutEncounters,bossAttempts,bossLosses,bossTurns,recruitmentBossBattles,recruitmentBossLosses,totalBattles,totalTurns,guardTurns,maxGuardStreak,maxBattleTurns,battles50Plus,guardLoopBattles,stalledBattles,kos,trainingBooks,fusions,levelRecoveryBattles,gold_at_entry,gold_at_clear,scenario
1,rush,1,meadow,はじまり草原,1,4,2,1,1,1,2,7,8,5,1,2,2,5,4,38,0,0,13,61,0,0,11,0,0,0,12,10,0,0,230,547,control
1,rush,2,cave,こだま洞くつ,3,7,2,1,1,7,8,14,29,29,0,0,0,28,27,124,0,0,57,168,0,0,7,0,0,0,55,29,0,0,547,1271,control
1,rush,3,brook,しずく湖畔,5,10,3,1,1,14,14,15,3,2,1,0,2,1,0,6,0,0,4,13,0,0,6,0,0,0,2,0,0,0,1271,3235,control
1,rush,4,volcano,ほむら火山,8,14,4,1,1,15,16,19,9,9,0,0,0,6,5,26,0,0,15,43,0,0,6,0,0,0,17,63,0,0,3235,1264,control
1,rush,5,tower,星晶の塔,12,20,5,1,0,19,20,0,45,45,0,0,0,40,40,158,0,0,85,237,0,0,5,0,0,0,124,113,0,0,1264,0,control
2,balanced,1,meadow,はじまり草原,1,4,2,1,1,1,2,6,4,2,2,0,4,2,1,23,2,2,8,66,4,1,16,0,0,0,11,2,0,0,230,1125,control
2,balanced,2,cave,こだま洞くつ,3,7,2,1,1,6,6,10,8,7,1,0,3,4,3,49,2,2,14,91,2,1,17,0,0,0,16,14,0,0,872,1610,control
2,balanced,3,brook,しずく湖畔,5,10,3,1,1,10,11,15,11,10,1,0,3,5,4,30,2,2,18,58,2,1,8,0,0,0,20,28,0,0,1247,1587,control
2,balanced,4,volcano,ほむら火山,8,14,4,1,1,15,15,20,16,15,1,0,3,7,6,57,2,2,25,95,8,1,12,0,0,0,26,52,0,0,1230,1528,control
2,balanced,5,tower,星晶の塔,12,20,5,1,1,20,19,23,19,18,1,0,3,8,7,41,2,2,29,90,2,1,8,0,0,0,30,40,0,0,1184,1830,control
3,collector,1,meadow,はじまり草原,1,4,2,1,1,1,2,6,12,10,1,1,3,4,3,35,2,1,18,81,4,1,12,0,0,0,10,1,0,0,230,1047,control
3,collector,2,cave,こだま洞くつ,3,7,2,1,1,6,5,10,8,6,2,0,5,3,2,44,3,0,14,100,4,1,19,0,0,0,4,8,0,0,1000,2666,control
3,collector,3,brook,しずく湖畔,5,10,3,1,1,11,11,16,15,13,2,0,4,5,4,55,2,1,22,97,2,1,27,0,0,0,17,28,0,0,3528,3408,control
3,collector,4,volcano,ほむら火山,8,14,4,1,1,16,15,16,7,4,3,0,9,2,1,11,5,5,14,72,2,1,8,0,0,0,23,11,1,0,3207,4424,control
3,collector,5,tower,星晶の塔,12,20,5,1,1,16,17,21,18,14,3,1,11,5,4,41,5,5,28,178,1,1,41,0,0,0,35,37,0,0,2337,4822,control
4,rush,1,meadow,はじまり草原,1,4,2,1,1,1,2,7,5,4,1,0,1,4,3,29,0,0,9,41,0,0,9,0,0,0,7,8,0,0,230,697,control
4,rush,2,cave,こだま洞くつ,3,7,2,1,1,7,7,12,15,15,0,0,2,14,13,88,0,0,29,125,0,0,8,0,0,0,29,26,0,0,697,1234,control
4,rush,3,brook,しずく湖畔,5,10,3,1,1,12,13,15,5,4,1,0,1,3,2,15,0,0,8,26,0,0,6,0,0,0,7,18,0,0,1234,1350,control
4,rush,4,volcano,ほむら火山,8,14,4,1,1,15,15,19,18,18,0,0,0,15,14,69,0,0,33,102,0,0,7,0,0,0,46,47,0,0,1350,1277,control
4,rush,5,tower,星晶の塔,12,20,5,1,0,19,20,0,45,45,0,0,0,40,40,176,0,0,85,280,0,0,7,0,0,0,125,123,0,0,1277,0,control
5,balanced,1,meadow,はじまり草原,1,4,2,1,1,1,2,6,7,5,1,1,3,3,2,22,1,0,11,49,2,1,10,0,0,0,6,5,0,0,230,906,control
5,balanced,2,cave,こだま洞くつ,3,7,2,1,1,7,7,10,4,3,1,0,3,2,1,27,2,2,8,54,1,1,21,0,0,0,11,7,0,0,984,2676,control
5,balanced,3,brook,しずく湖畔,5,10,3,1,1,10,10,13,7,6,1,0,3,3,2,25,2,2,12,49,3,1,9,0,0,0,14,21,0,0,2073,1510,control
5,balanced,4,volcano,ほむら火山,8,14,4,1,1,13,13,17,14,13,1,0,3,6,5,45,2,2,22,91,6,1,10,0,0,0,24,43,0,0,1170,1240,control
5,balanced,5,tower,星晶の塔,12,20,5,1,1,17,17,24,38,36,1,1,4,17,16,119,2,2,57,229,0,0,25,0,0,0,58,83,0,0,961,2188,control
6,collector,1,meadow,はじまり草原,1,4,2,1,1,1,3,6,10,7,1,2,4,3,2,28,1,0,14,60,3,1,12,0,0,0,8,0,0,0,230,1145,control
6,collector,2,cave,こだま洞くつ,3,7,2,1,1,6,6,10,8,7,1,0,2,3,2,49,1,0,12,78,3,1,20,0,0,0,4,6,0,0,1223,2871,control
6,collector,3,brook,しずく湖畔,5,10,3,1,1,11,7,13,18,15,3,0,8,6,5,76,5,5,29,136,0,0,21,0,0,0,32,26,0,0,3245,1348,control
6,collector,4,volcano,ほむら火山,8,14,4,1,1,13,13,14,4,0,4,0,9,1,0,4,5,5,10,49,0,0,7,0,0,0,18,0,0,0,713,3800,control
6,collector,5,tower,星晶の塔,12,20,5,1,1,14,17,22,26,21,2,3,12,7,6,49,5,5,38,200,6,1,32,0,0,0,48,24,0,0,2007,3440,control
7,rush,1,meadow,はじまり草原,1,4,2,1,1,1,2,6,6,3,1,2,4,3,2,21,0,0,9,39,0,0,9,0,0,0,7,8,0,0,230,670,control
7,rush,2,cave,こだま洞くつ,3,7,2,1,1,6,7,12,15,15,0,0,2,14,13,74,0,0,29,107,0,0,6,0,0,0,27,25,0,0,670,1253,control
7,rush,3,brook,しずく湖畔,5,10,3,1,1,12,12,15,6,5,1,0,1,4,3,16,0,0,10,26,0,0,5,0,0,0,11,19,0,0,1253,1354,control
7,rush,4,volcano,ほむら火山,8,14,4,1,1,15,15,19,15,15,0,0,0,12,11,58,0,0,27,80,0,0,6,0,0,0,35,57,0,0,1354,1266,control
7,rush,5,tower,星晶の塔,12,20,5,1,1,19,20,26,33,33,0,0,0,29,28,123,0,0,62,186,0,0,6,0,0,0,92,92,0,0,1266,1534,control
8,balanced,1,meadow,はじまり草原,1,4,2,1,1,1,2,6,6,5,1,0,3,3,2,25,1,0,10,53,4,1,15,0,0,0,6,6,0,0,230,851,control
8,balanced,2,cave,こだま洞くつ,3,7,2,1,1,7,7,11,6,5,1,0,3,3,2,37,2,1,11,86,3,1,20,0,0,0,14,17,0,0,929,2358,control
8,balanced,3,brook,しずく湖畔,5,10,3,1,1,11,11,13,5,4,1,0,3,2,1,15,2,2,9,35,2,1,8,0,0,0,11,10,0,0,2210,2515,control
8,balanced,4,volcano,ほむら火山,8,14,4,1,1,13,12,17,16,15,1,0,3,7,6,41,2,2,25,88,5,1,7,0,0,0,26,48,0,0,1949,1521,control
8,balanced,5,tower,星晶の塔,12,20,5,1,1,17,18,25,31,30,1,0,3,14,13,89,2,2,47,161,0,0,15,0,0,0,49,69,0,0,1179,4362,control
9,collector,1,meadow,はじまり草原,1,4,2,1,1,1,3,6,10,7,1,2,3,3,2,29,1,0,14,62,6,1,13,0,0,0,8,0,0,0,230,1138,control
9,collector,2,cave,こだま洞くつ,3,7,2,1,1,7,7,11,8,7,1,0,6,3,2,39,5,4,16,113,3,1,15,0,0,0,12,10,0,0,1216,2593,control
9,collector,3,brook,しずく湖畔,5,10,3,1,1,11,11,14,12,10,2,0,8,4,3,48,5,3,21,109,1,1,15,0,0,0,14,18,0,0,1674,1333,control
9,collector,4,volcano,ほむら火山,8,14,4,1,1,15,13,16,10,8,2,0,8,3,2,18,5,5,18,108,2,1,17,0,0,0,25,16,0,0,2141,3388,control
9,collector,5,tower,星晶の塔,12,20,5,1,1,16,16,24,45,42,2,1,9,14,13,310,5,5,64,537,8,1,79,2,0,0,67,52,0,0,1790,2276,control
10,rush,1,meadow,はじまり草原,1,4,2,1,1,1,3,10,20,16,0,4,6,15,14,67,0,0,35,108,0,0,7,0,0,0,18,17,0,0,230,489,control
10,rush,2,cave,こだま洞くつ,3,7,2,1,1,10,10,15,28,27,1,0,1,27,26,126,0,0,55,190,0,0,7,0,0,0,53,45,0,0,489,535,control
10,rush,3,brook,しずく湖畔,5,10,3,1,1,15,16,16,4,3,1,0,3,2,1,11,0,0,6,19,0,0,8,0,0,0,5,7,0,0,535,1160,control
10,rush,4,volcano,ほむら火山,8,14,4,1,1,16,17,20,15,15,0,0,0,12,11,64,0,0,27,93,0,0,6,0,0,0,36,45,0,0,1160,932,control
10,rush,5,tower,星晶の塔,12,20,5,1,1,20,21,26,32,30,0,2,0,26,25,109,0,0,58,183,0,0,6,0,0,0,85,81,0,0,932,1531,control
11,balanced,1,meadow,はじまり草原,1,4,2,1,1,1,3,7,6,5,1,0,3,3,2,26,2,0,11,56,3,1,10,0,0,0,5,6,0,0,230,879,control
11,balanced,2,cave,こだま洞くつ,3,7,2,1,1,9,9,12,6,5,1,0,3,3,2,25,2,2,11,61,2,1,11,0,0,0,13,25,0,0,1655,1715,control
11,balanced,3,brook,しずく湖畔,5,10,3,1,1,12,13,15,7,6,1,0,3,3,2,34,2,2,12,55,1,1,13,0,0,0,14,20,0,0,1329,1174,control
11,balanced,4,volcano,ほむら火山,8,14,4,1,1,15,13,18,18,17,1,0,3,8,7,85,2,2,28,133,5,1,20,0,0,0,28,50,0,0,910,1500,control
11,balanced,5,tower,星晶の塔,12,20,5,1,1,18,18,24,29,28,1,0,4,13,12,96,2,2,44,189,1,1,13,0,0,0,46,56,0,0,1162,3392,control
12,collector,1,meadow,はじまり草原,1,4,2,1,1,1,3,8,17,17,0,0,2,6,5,54,2,1,25,106,6,1,12,0,0,0,6,0,0,0,230,1549,control
12,collector,2,cave,こだま洞くつ,3,7,2,1,1,8,5,10,11,9,2,0,3,4,3,61,1,0,16,103,6,1,20,0,0,0,7,8,0,0,1712,2335,control
12,collector,3,brook,しずく湖畔,5,10,3,1,1,10,10,15,15,12,3,0,8,5,4,44,5,5,25,109,3,1,16,0,0,0,29,32,0,0,2709,1376,control
12,collector,4,volcano,ほむら火山,8,14,4,1,1,15,13,14,4,1,3,0,4,1,0,5,1,0,6,24,1,1,8,0,0,0,4,0,0,0,728,3094,control
12,collector,5,tower,星晶の塔,12,20,5,1,1,15,14,17,11,9,2,0,8,3,2,14,5,5,19,71,2,1,7,0,0,0,24,15,0,0,4551,4564,control
13,rush,1,meadow,はじまり草原,1,4,2,1,1,1,2,7,4,3,1,0,1,3,2,24,0,0,7,35,0,0,10,0,0,0,5,9,0,0,230,655,control
13,rush,2,cave,こだま洞くつ,3,7,2,1,1,7,7,10,4,3,1,0,2,3,2,24,0,0,7,35,0,0,10,0,0,0,7,11,0,0,655,1235,control
13,rush,3,brook,しずく湖畔,5,10,3,1,1,10,10,13,5,5,0,0,0,3,2,18,0,0,8,27,0,0,7,0,0,0,7,23,0,0,1235,1455,control
13,rush,4,volcano,ほむら火山,8,14,4,1,1,13,14,19,19,19,0,0,0,16,15,85,0,0,35,124,0,0,6,0,0,0,49,50,0,0,1455,960,control
13,rush,5,tower,星晶の塔,12,20,5,1,0,19,20,0,46,45,0,1,0,40,40,179,0,0,86,289,0,0,7,0,0,0,125,126,0,0,960,0,control
14,balanced,1,meadow,はじまり草原,1,4,2,1,1,1,2,5,4,2,2,0,4,2,1,24,2,2,8,57,5,1,13,0,0,0,11,2,0,0,230,1128,control
14,balanced,2,cave,こだま洞くつ,3,7,2,1,1,5,5,10,10,9,1,0,3,5,4,54,2,2,17,98,2,1,14,0,0,0,20,17,0,0,874,1931,control
14,balanced,3,brook,しずく湖畔,5,10,3,1,1,10,11,14,11,10,1,0,3,5,4,31,2,2,18,76,1,1,9,0,0,0,20,21,0,0,1496,1590,control
14,balanced,4,volcano,ほむら火山,8,14,4,1,1,14,14,18,12,11,1,0,5,5,4,64,2,2,19,109,5,1,22,0,0,0,22,37,0,0,1232,2152,control
14,balanced,5,tower,星晶の塔,12,20,5,1,1,18,16,23,31,30,1,0,6,14,13,74,2,2,47,165,9,1,7,0,0,0,53,71,0,0,1667,2217,control
15,collector,1,meadow,はじまり草原,1,4,2,1,1,1,3,6,12,10,1,1,3,4,3,39,1,0,17,71,4,1,13,0,0,0,9,0,0,0,230,1728,control
15,collector,2,cave,こだま洞くつ,3,7,2,1,1,7,5,10,11,9,2,0,4,4,3,45,2,0,17,88,3,1,13,0,0,0,8,8,0,0,1806,2242,control
15,collector,3,brook,しずく湖畔,5,10,3,1,1,11,11,13,9,6,3,0,8,3,2,18,5,5,17,65,2,1,9,0,0,0,23,15,0,0,3210,2110,control
15,collector,4,volcano,ほむら火山,8,14,4,1,1,13,14,20,34,33,1,0,7,11,10,254,5,5,50,499,11,1,28,0,0,0,53,36,0,0,1115,2787,control
15,collector,5,tower,星晶の塔,12,20,5,1,1,20,17,24,55,47,3,5,14,16,15,249,5,5,76,489,5,1,86,1,0,0,87,52,0,0,1472,2312,control
16,rush,1,meadow,はじまり草原,1,4,2,1,1,1,2,7,6,4,1,1,2,4,3,31,0,0,10,50,0,0,10,0,0,0,9,8,0,0,230,694,control
16,rush,2,cave,こだま洞くつ,3,7,2,1,1,7,7,12,11,11,0,0,2,10,9,61,0,0,21,88,0,0,7,0,0,0,19,34,0,0,694,566,control
16,rush,3,brook,しずく湖畔,5,10,3,1,1,12,13,14,7,6,1,0,1,5,4,24,0,0,12,39,0,0,7,0,0,0,14,9,0,0,566,1375,control
16,rush,4,volcano,ほむら火山,8,14,4,1,1,14,15,21,28,28,0,0,0,25,24,137,0,0,53,191,0,0,6,0,0,0,77,73,0,0,1375,974,control
16,rush,5,tower,星晶の塔,12,20,5,1,0,21,22,0,45,45,0,0,0,40,40,173,0,0,85,274,0,0,6,0,0,0,123,108,0,0,974,0,control
17,balanced,1,meadow,はじまり草原,1,4,2,1,1,1,2,6,8,5,1,2,3,3,2,24,2,1,13,73,7,1,14,0,0,0,10,5,0,0,230,887,control
17,balanced,2,cave,こだま洞くつ,3,7,2,1,1,6,7,11,6,5,1,0,2,3,2,46,1,0,10,71,4,1,23,0,0,0,9,14,0,0,850,2348,control
17,balanced,3,brook,しずく湖畔,5,10,3,1,1,9,10,14,9,9,0,0,4,4,3,20,2,2,15,45,5,1,7,0,0,0,11,34,0,0,2662,1144,control
17,balanced,4,volcano,ほむら火山,8,14,4,1,1,14,14,17,6,5,1,0,3,2,1,10,2,2,10,36,1,1,8,0,0,0,10,23,0,0,887,1228,control
17,balanced,5,tower,星晶の塔,12,20,5,1,1,17,17,20,8,6,1,1,4,2,1,10,2,2,12,50,2,1,9,0,0,0,15,18,0,0,952,4255,control
18,collector,1,meadow,はじまり草原,1,4,2,1,1,1,3,5,6,3,2,1,4,2,1,20,1,0,9,45,4,1,13,0,0,0,8,0,0,0,230,1252,control
18,collector,2,cave,こだま洞くつ,3,7,2,1,1,6,5,10,8,8,0,0,1,3,2,36,1,0,12,76,3,1,18,0,0,0,4,6,0,0,1510,3015,control
18,collector,3,brook,しずく湖畔,5,10,3,1,1,10,7,10,9,8,1,0,6,3,2,13,5,5,17,50,1,1,8,0,0,0,15,7,0,0,3389,3172,control
18,collector,4,volcano,ほむら火山,8,14,4,1,1,10,10,15,16,15,1,0,9,5,4,20,5,5,26,88,3,1,13,0,0,0,19,23,0,0,1676,2068,control
18,collector,5,tower,星晶の塔,12,20,5,1,1,15,17,24,50,43,1,6,14,14,13,190,5,5,69,457,8,1,57,1,0,0,76,43,0,0,1093,3448,control
19,rush,1,meadow,はじまり草原,1,4,2,1,1,1,2,6,4,2,2,0,2,3,2,30,0,0,7,41,0,0,13,0,0,0,7,8,0,0,230,694,control
19,rush,2,cave,こだま洞くつ,3,7,2,1,1,6,7,11,8,8,0,0,0,7,6,50,0,0,15,66,0,0,8,0,0,0,20,16,0,0,694,1418,control
19,rush,3,brook,しずく湖畔,5,10,3,1,1,11,11,14,8,8,0,0,0,6,5,29,0,0,14,45,0,0,6,0,0,0,16,27,0,0,1418,1190,control
19,rush,4,volcano,ほむら火山,8,14,4,1,1,14,15,21,30,30,0,0,0,27,26,132,0,0,57,210,0,0,6,0,0,0,85,73,0,0,1190,1002,control
19,rush,5,tower,星晶の塔,12,20,5,1,0,21,22,0,47,45,0,2,0,40,40,172,0,0,87,307,0,0,7,0,0,0,143,107,0,0,1002,0,control
20,balanced,1,meadow,はじまり草原,1,4,2,1,1,1,3,6,8,5,1,2,4,3,2,24,2,2,13,58,4,1,10,0,0,0,11,5,0,0,230,896,control
20,balanced,2,cave,こだま洞くつ,3,7,2,1,1,6,7,10,6,5,1,0,3,3,2,49,2,2,11,84,5,1,23,0,0,0,14,9,0,0,695,1812,control
20,balanced,3,brook,しずく湖畔,5,10,3,1,1,10,10,13,7,6,1,0,3,3,2,16,2,2,12,39,1,1,9,0,0,0,13,22,0,0,1404,1700,control
20,balanced,4,volcano,ほむら火山,8,14,4,1,1,13,14,19,20,19,1,0,3,9,8,66,2,2,31,129,1,1,14,0,0,0,34,58,0,0,1317,1524,control
20,balanced,5,tower,星晶の塔,12,20,5,1,1,19,19,23,25,24,1,0,4,11,10,58,2,2,38,124,7,1,9,0,0,0,41,55,0,0,1181,2207,control
21,collector,1,meadow,はじまり草原,1,4,2,1,1,1,2,6,8,7,1,0,4,3,2,31,2,0,13,82,4,1,17,0,0,0,6,1,0,0,230,1125,control
21,collector,2,cave,こだま洞くつ,3,7,2,1,1,8,8,11,8,7,1,0,2,3,2,54,1,0,12,111,2,1,24,0,0,0,5,11,0,0,1901,2374,control
21,collector,3,brook,しずく湖畔,5,10,3,1,1,12,8,13,15,14,1,0,7,5,4,25,5,5,25,80,0,0,8,0,0,0,19,23,0,0,2748,1358,control
21,collector,4,volcano,ほむら火山,8,14,4,1,1,13,14,20,31,29,2,0,9,10,9,165,5,5,46,262,9,1,19,0,0,0,44,30,0,0,719,2815,control
21,collector,5,tower,星晶の塔,12,20,5,1,1,20,20,26,39,35,3,1,9,12,11,118,5,5,56,264,4,1,22,0,0,0,57,61,0,0,1488,2285,control
22,rush,1,meadow,はじまり草原,1,4,2,1,1,1,3,9,17,15,0,2,3,14,13,65,0,0,31,103,0,0,7,0,0,0,15,8,0,0,230,1127,control
22,rush,2,cave,こだま洞くつ,3,7,2,1,1,9,9,12,7,6,1,0,2,6,5,43,0,0,13,55,0,0,9,0,0,0,11,23,0,0,1127,1223,control
22,rush,3,brook,しずく湖畔,5,10,3,1,1,12,12,15,12,11,1,0,1,10,9,68,0,0,22,88,0,0,8,0,0,0,28,25,0,0,1223,1125,control
22,rush,4,volcano,ほむら火山,8,14,4,1,1,15,16,18,7,7,0,0,0,4,3,23,0,0,11,36,0,0,7,0,0,0,11,33,0,0,1125,979,control
22,rush,5,tower,星晶の塔,12,20,5,1,0,18,20,0,48,45,0,3,0,40,40,198,0,0,88,329,0,0,8,0,0,0,132,115,0,0,979,0,control
23,balanced,1,meadow,はじまり草原,1,4,2,1,1,1,2,6,6,4,2,0,4,3,2,39,2,1,11,83,8,1,17,0,0,0,13,5,0,0,230,922,control
23,balanced,2,cave,こだま洞くつ,3,7,2,1,1,7,7,10,4,3,1,0,3,2,1,20,2,2,8,54,2,1,12,0,0,0,12,7,0,0,890,2452,control
23,balanced,3,brook,しずく湖畔,5,10,3,1,1,10,10,11,3,2,1,0,3,1,0,8,2,2,6,28,0,0,8,0,0,0,8,0,0,0,1900,3054,control
23,balanced,4,volcano,ほむら火山,8,14,4,1,1,11,12,16,13,11,1,1,5,5,4,32,2,2,20,81,3,1,8,0,0,0,26,41,0,0,2366,1223,control
23,balanced,5,tower,星晶の塔,12,20,5,1,1,16,18,22,21,20,1,0,3,9,8,48,2,2,32,115,1,1,11,0,0,0,34,68,0,0,948,1873,control
24,collector,1,meadow,はじまり草原,1,4,2,1,1,1,2,6,9,6,2,1,4,3,2,33,1,0,13,61,4,1,14,0,0,0,10,0,0,0,230,1154,control
24,collector,2,cave,こだま洞くつ,3,7,2,1,1,6,6,10,5,4,1,0,6,2,1,18,5,5,12,94,2,1,14,0,0,0,20,4,0,0,2352,3396,control
24,collector,3,brook,しずく湖畔,5,10,3,1,1,10,9,12,12,9,3,0,8,4,3,39,5,5,21,93,5,1,13,0,0,0,26,12,0,0,1795,1538,control
24,collector,4,volcano,ほむら火山,8,14,4,1,1,12,12,17,19,17,2,0,9,6,5,37,5,5,30,166,3,1,12,0,0,0,41,24,0,0,814,1960,control
24,collector,5,tower,星晶の塔,12,20,5,1,1,17,16,21,29,27,2,0,8,9,8,113,5,5,43,245,2,1,59,1,0,0,43,38,0,0,1035,2237,control
25,rush,1,meadow,はじまり草原,1,4,2,1,1,1,3,7,16,9,0,7,6,8,7,34,0,0,24,81,0,0,7,0,0,0,14,8,0,0,230,545,control
25,rush,2,cave,こだま洞くつ,3,7,2,1,1,7,8,12,10,8,1,1,3,8,7,60,0,0,18,84,0,0,9,0,0,0,16,31,0,0,545,573,control
25,rush,3,brook,しずく湖畔,5,10,3,1,1,12,13,18,23,23,0,0,3,21,20,97,0,0,44,134,0,0,7,0,0,0,41,36,0,0,573,1144,control
25,rush,4,volcano,ほむら火山,8,14,4,1,1,18,18,20,8,7,1,0,1,5,4,32,0,0,13,44,0,0,7,0,0,0,14,33,0,0,1144,1268,control
25,rush,5,tower,星晶の塔,12,20,5,1,0,20,21,0,45,45,0,0,0,40,40,197,0,0,85,306,0,0,7,0,0,0,123,112,0,0,1268,0,control
26,balanced,1,meadow,はじまり草原,1,4,2,1,1,1,2,6,7,5,1,1,3,3,2,21,1,0,11,43,3,1,8,0,0,0,5,5,0,0,230,912,control
26,balanced,2,cave,こだま洞くつ,3,7,2,1,1,7,6,11,6,5,1,0,2,3,2,33,1,0,10,63,4,1,16,0,0,0,4,15,0,0,990,2729,control
26,balanced,3,brook,しずく湖畔,5,10,3,1,1,11,11,15,9,9,0,0,5,4,3,18,2,2,15,46,4,1,7,0,0,0,11,36,0,0,2863,1149,control
26,balanced,4,volcano,ほむら火山,8,14,4,1,1,15,15,16,4,3,1,0,5,1,0,6,2,2,7,23,1,1,6,0,0,0,5,0,0,0,891,2149,control
26,balanced,5,tower,星晶の塔,12,20,5,1,1,16,17,22,17,16,1,0,4,7,6,44,2,2,26,94,7,1,8,0,0,0,26,69,0,0,1665,3017,control
27,collector,1,meadow,はじまり草原,1,4,2,1,1,1,3,6,8,7,1,0,4,3,2,29,3,2,14,79,3,1,12,0,0,0,10,1,0,0,230,1132,control
27,collector,2,cave,こだま洞くつ,3,7,2,1,1,7,6,10,8,6,2,0,3,3,2,46,1,0,12,85,4,1,21,0,0,0,5,7,0,0,956,2605,control
27,collector,3,brook,しずく湖畔,5,10,3,1,1,11,11,14,15,14,1,0,7,5,4,40,5,5,25,107,3,1,11,0,0,0,29,28,0,0,3239,1357,control
27,collector,4,volcano,ほむら火山,8,14,4,1,1,14,13,17,19,17,2,0,7,6,5,35,5,5,30,172,5,1,25,0,0,0,36,28,0,0,718,1643,control
27,collector,5,tower,星晶の塔,12,20,5,1,1,17,17,24,36,33,2,1,10,11,10,96,5,5,52,229,2,1,23,0,0,0,52,44,0,0,869,3427,control
28,rush,1,meadow,はじまり草原,1,4,2,1,1,1,3,7,7,6,0,1,1,5,4,29,0,0,12,48,0,0,8,0,0,0,5,7,0,0,230,716,control
28,rush,2,cave,こだま洞くつ,3,7,2,1,1,7,7,11,9,7,2,0,2,8,7,68,0,0,17,90,0,0,10,0,0,0,23,22,0,0,716,1406,control
28,rush,3,brook,しずく湖畔,5,10,3,1,1,11,12,13,4,4,0,0,0,2,1,12,0,0,6,20,0,0,7,0,0,0,5,21,0,0,1406,1141,control
28,rush,4,volcano,ほむら火山,8,14,4,1,1,13,14,19,18,18,0,0,0,15,14,81,0,0,33,128,0,0,7,0,0,0,46,46,0,0,1141,1864,control
28,rush,5,tower,星晶の塔,12,20,5,1,0,19,19,0,49,45,0,4,0,40,40,175,0,0,89,339,0,0,7,0,0,0,144,118,0,0,1864,0,control
29,balanced,1,meadow,はじまり草原,1,4,2,1,1,1,3,7,15,12,0,3,5,6,5,45,2,2,23,89,6,1,11,0,0,0,10,4,0,0,230,853,control
29,balanced,2,cave,こだま洞くつ,3,7,2,1,1,7,8,10,4,2,2,0,4,2,1,23,2,2,8,61,2,1,16,0,0,0,11,7,0,0,705,2198,control
29,balanced,3,brook,しずく湖畔,5,10,3,1,1,10,10,13,7,6,1,0,3,3,2,17,2,2,12,49,0,0,8,0,0,0,15,24,0,0,1703,1617,control
29,balanced,4,volcano,ほむら火山,8,14,4,1,1,13,12,15,10,9,1,0,4,4,3,57,2,2,16,92,2,1,20,0,0,0,17,21,0,0,1253,1245,control
29,balanced,5,tower,星晶の塔,12,20,5,1,1,15,17,21,13,12,1,0,4,5,4,28,2,2,20,68,5,1,7,0,0,0,22,58,0,0,965,1869,control
30,collector,1,meadow,はじまり草原,1,4,2,1,1,1,3,6,10,6,2,2,5,3,2,34,2,1,15,94,6,1,16,0,0,0,17,0,0,0,230,1130,control
30,collector,2,cave,こだま洞くつ,3,7,2,1,1,6,4,10,11,9,2,0,4,4,3,57,2,1,17,133,5,1,19,0,0,0,9,11,0,0,1253,2418,control
30,collector,3,brook,しずく湖畔,5,10,3,1,1,11,11,15,18,16,2,0,7,6,5,50,5,5,29,115,6,1,15,0,0,0,31,18,0,0,2262,2237,control
30,collector,4,volcano,ほむら火山,8,14,4,1,1,15,13,14,7,5,2,0,8,2,1,21,5,5,14,78,1,1,16,0,0,0,23,8,0,0,1182,2947,control
30,collector,5,tower,星晶の塔,12,20,5,1,1,14,15,20,22,19,1,2,9,6,5,34,5,5,33,208,3,1,43,0,0,0,43,21,0,0,1557,3809,control
31,rush,1,meadow,はじまり草原,1,4,2,1,1,1,3,7,4,3,1,0,1,3,2,21,0,0,7,32,0,0,8,0,0,0,5,9,0,0,230,671,control
31,rush,2,cave,こだま洞くつ,3,7,2,1,1,7,7,10,5,4,1,0,1,4,3,33,0,0,9,46,0,0,10,0,0,0,11,12,0,0,671,1355,control
31,rush,3,brook,しずく湖畔,5,10,3,1,1,10,11,13,4,4,0,0,0,2,1,12,0,0,6,18,0,0,6,0,0,0,5,22,0,0,1355,1530,control
31,rush,4,volcano,ほむら火山,8,14,4,1,1,13,14,17,11,11,0,0,0,8,7,46,0,0,19,64,0,0,7,0,0,0,23,34,0,0,1530,963,control
31,rush,5,tower,星晶の塔,12,20,5,1,1,17,18,27,45,43,0,2,0,39,38,185,0,0,84,301,0,0,7,0,0,0,125,123,0,0,963,1907,control
32,balanced,1,meadow,はじまり草原,1,4,2,1,1,1,2,7,6,5,1,0,2,3,2,28,1,0,10,56,4,1,15,0,0,0,6,6,0,0,230,867,control
32,balanced,2,cave,こだま洞くつ,3,7,2,1,1,7,5,10,6,5,1,0,3,3,2,36,2,1,11,89,4,1,16,0,0,0,7,11,0,0,945,2775,control
32,balanced,3,brook,しずく湖畔,5,10,3,1,1,10,11,15,9,8,1,0,3,4,3,27,2,2,15,55,5,1,10,0,0,0,16,39,0,0,2576,1173,control
32,balanced,4,volcano,ほむら火山,8,14,4,1,1,15,15,18,12,11,1,0,4,5,4,40,2,2,19,81,4,1,10,0,0,0,21,27,0,0,910,1522,control
32,balanced,5,tower,星晶の塔,12,20,5,1,1,18,17,23,29,26,1,2,5,12,11,61,2,2,43,138,0,0,7,0,0,0,48,64,0,0,1180,3358,control
33,collector,1,meadow,はじまり草原,1,4,2,1,1,1,3,6,9,7,1,1,2,3,2,31,1,0,13,66,7,1,16,0,0,0,7,0,0,0,230,1157,control
33,collector,2,cave,こだま洞くつ,3,7,2,1,1,6,4,10,8,7,1,0,2,3,2,51,1,0,12,105,5,1,22,0,0,0,6,7,0,0,1235,2704,control
33,collector,3,brook,しずく湖畔,5,10,3,1,1,10,10,13,9,7,2,0,7,3,2,15,5,5,17,54,3,1,6,0,0,0,15,10,0,0,3078,2703,control
33,collector,4,volcano,ほむら火山,8,14,4,1,1,13,13,15,7,5,2,0,8,2,1,13,5,5,14,69,3,1,8,0,0,0,20,11,0,0,1428,2131,control
33,collector,5,tower,星晶の塔,12,20,5,1,1,15,17,21,18,15,2,1,9,5,4,44,5,5,28,138,3,1,13,0,0,0,35,35,0,0,1126,3477,control
34,rush,1,meadow,はじまり草原,1,4,2,1,1,1,2,6,5,3,1,1,1,3,2,25,0,0,8,40,0,0,12,0,0,0,6,8,0,0,230,681,control
34,rush,2,cave,こだま洞くつ,3,7,2,1,1,6,7,10,6,5,1,0,1,5,4,40,0,0,11,52,0,0,10,0,0,0,13,12,0,0,681,1373,control
34,rush,3,brook,しずく湖畔,5,10,3,1,1,10,11,14,5,5,0,0,0,3,2,15,0,0,8,23,0,0,6,0,0,0,7,28,0,0,1373,1128,control
34,rush,4,volcano,ほむら火山,8,14,4,1,1,14,14,19,18,18,0,0,0,15,14,86,0,0,33,117,0,0,7,0,0,0,44,45,0,0,1128,947,control
34,rush,5,tower,星晶の塔,12,20,5,1,0,19,20,0,45,45,0,0,0,40,40,190,0,0,85,291,0,0,7,0,0,0,120,125,0,0,947,0,control
35,balanced,1,meadow,はじまり草原,1,4,2,1,1,1,3,6,9,5,1,3,6,3,2,22,2,1,14,64,4,1,10,0,0,0,11,5,0,0,230,882,control
35,balanced,2,cave,こだま洞くつ,3,7,2,1,1,6,7,10,4,3,1,0,3,2,1,42,2,1,8,77,3,1,22,0,0,0,6,7,0,0,1555,2554,control
35,balanced,3,brook,しずく湖畔,5,10,3,1,1,10,9,11,5,4,1,0,3,2,1,15,2,2,9,43,0,0,8,0,0,0,7,9,1,0,2382,3138,control
35,balanced,4,volcano,ほむら火山,8,14,4,1,1,11,12,17,23,20,0,3,9,9,8,70,2,2,34,139,0,0,13,0,0,0,28,37,0,0,2431,2417,control
35,balanced,5,tower,星晶の塔,12,20,5,1,1,17,17,23,25,24,1,0,3,11,10,72,2,2,38,120,0,0,10,0,0,0,37,69,0,0,1872,3415,control
36,collector,1,meadow,はじまり草原,1,4,2,1,1,1,2,6,11,10,1,0,6,4,3,43,5,4,20,137,5,1,14,0,0,0,18,1,0,0,230,1056,control
36,collector,2,cave,こだま洞くつ,3,7,2,1,1,7,5,9,8,7,1,0,2,3,2,30,1,0,12,67,1,1,13,0,0,0,4,6,0,0,1413,2352,control
36,collector,3,brook,しずく湖畔,5,10,3,1,1,10,11,13,9,8,1,0,8,3,2,20,5,5,17,84,4,1,8,0,0,0,23,17,0,0,2726,2087,control
36,collector,4,volcano,ほむら火山,8,14,4,1,1,13,13,17,16,14,2,0,7,5,4,34,5,5,26,94,4,1,9,0,0,0,30,18,0,0,1103,2588,control
36,collector,5,tower,星晶の塔,12,20,5,1,1,17,16,21,21,17,3,1,10,6,5,48,5,5,32,136,6,1,19,0,0,0,35,26,0,0,1368,3805,control
37,rush,1,meadow,はじまり草原,1,4,2,1,1,1,2,6,8,3,1,4,4,3,2,19,0,0,11,42,0,0,7,0,0,0,9,7,0,0,230,698,control
37,rush,2,cave,こだま洞くつ,3,7,2,1,1,6,6,11,11,10,1,0,1,10,9,76,0,0,21,103,0,0,9,0,0,0,30,21,0,0,698,1392,control
37,rush,3,brook,しずく湖畔,5,10,3,1,1,11,12,14,8,8,0,0,0,6,5,28,0,0,14,46,0,0,6,0,0,0,17,23,0,0,1392,1356,control
37,rush,4,volcano,ほむら火山,8,14,4,1,0,14,15,0,44,44,0,0,0,40,40,200,0,0,84,310,0,0,6,0,0,0,125,89,0,0,1356,0,control
37,rush,5,tower,星晶の塔,12,20,5,0,0,0,0,0,0,0,0,0,0,0,0,0,0,0,0,0,0,0,0,0,0,0,0,0,0,0,0,0,control
38,balanced,1,meadow,はじまり草原,1,4,2,1,1,1,3,7,6,5,1,0,3,3,2,25,1,0,10,49,1,1,11,0,0,0,4,6,0,0,230,883,control
38,balanced,2,cave,こだま洞くつ,3,7,2,1,1,7,7,11,6,5,1,0,2,3,2,38,1,0,10,65,2,1,27,0,0,0,4,15,0,0,961,2310,control
38,balanced,3,brook,しずく湖畔,5,10,3,1,1,12,8,12,11,10,1,0,3,5,4,27,2,2,18,58,2,1,8,0,0,0,13,38,0,0,2684,1198,control
38,balanced,4,volcano,ほむら火山,8,14,4,1,1,12,13,18,18,17,1,0,3,8,7,76,2,2,28,121,3,1,15,0,0,0,29,48,0,0,929,1545,control
38,balanced,5,tower,星晶の塔,12,20,5,1,1,18,19,23,22,20,1,1,7,9,8,54,2,2,33,135,5,1,9,0,0,0,39,41,0,0,1197,3367,control
39,collector,1,meadow,はじまり草原,1,4,2,1,1,1,3,5,7,3,2,2,6,2,1,19,2,1,11,60,3,1,14,0,0,0,12,0,0,0,230,1217,control
39,collector,2,cave,こだま洞くつ,3,7,2,1,1,5,6,10,8,6,2,0,5,3,2,28,3,1,14,84,4,1,21,0,0,0,13,7,0,0,1329,3049,control
39,collector,3,brook,しずく湖畔,5,10,3,1,1,11,10,11,6,4,2,0,7,2,1,18,5,5,13,65,2,1,12,0,0,0,20,6,0,0,2936,2898,control
39,collector,4,volcano,ほむら火山,8,14,4,1,1,11,12,15,7,4,3,0,6,2,1,12,3,2,12,54,2,1,8,0,0,0,16,9,0,0,1531,3981,control
39,collector,5,tower,星晶の塔,12,20,5,1,1,15,16,21,17,14,3,0,9,5,4,29,5,5,27,108,3,1,8,0,0,0,30,45,0,0,3641,3181,control
40,rush,1,meadow,はじまり草原,1,4,2,1,1,1,2,7,13,5,1,7,9,5,4,36,0,0,18,73,0,0,8,0,0,0,17,9,0,0,230,548,control
40,rush,2,cave,こだま洞くつ,3,7,2,1,1,7,7,12,10,9,1,0,1,9,8,69,0,0,19,93,0,0,10,0,0,0,27,21,0,0,548,1252,control
40,rush,3,brook,しずく湖畔,5,10,3,1,1,12,12,14,4,4,0,0,0,2,1,12,0,0,6,18,0,0,6,0,0,0,5,19,0,0,1252,1138,control
40,rush,4,volcano,ほむら火山,8,14,4,1,1,14,15,17,7,7,0,0,0,4,3,25,0,0,11,39,0,0,7,0,0,0,11,24,0,0,1138,992,control
40,rush,5,tower,星晶の塔,12,20,5,1,0,17,18,0,45,45,0,0,0,40,40,195,0,0,85,285,0,0,7,0,0,0,121,139,0,0,992,0,control
41,balanced,1,meadow,はじまり草原,1,4,2,1,1,1,2,7,6,5,1,0,3,3,2,25,2,1,11,65,2,1,14,0,0,0,8,6,0,0,230,870,control
41,balanced,2,cave,こだま洞くつ,3,7,2,1,1,7,7,11,8,7,1,0,3,4,3,70,2,2,14,111,5,1,22,0,0,0,17,11,0,0,844,2360,control
41,balanced,3,brook,しずく湖畔,5,10,3,1,1,11,11,16,19,18,1,0,3,9,8,68,2,2,30,126,0,0,13,0,0,0,31,37,0,0,1828,998,control
41,balanced,4,volcano,ほむら火山,8,14,4,1,1,16,17,21,18,17,1,0,3,8,7,74,2,2,28,123,0,0,15,0,0,0,28,52,0,0,774,1273,control
41,balanced,5,tower,星晶の塔,12,20,5,1,1,21,19,26,36,34,1,1,4,16,15,107,2,2,54,191,4,1,13,0,0,0,56,83,0,0,987,1815,control
42,collector,1,meadow,はじまり草原,1,4,2,1,1,1,2,6,12,10,1,1,3,4,3,38,1,0,17,84,8,1,15,0,0,0,10,0,0,0,230,1044,control
42,collector,2,cave,こだま洞くつ,3,7,2,1,1,7,6,10,5,4,1,0,2,2,1,23,1,0,8,55,1,1,14,0,0,0,3,4,0,0,1122,3263,control
42,collector,3,brook,しずく湖畔,5,10,3,1,1,10,10,13,12,10,2,0,7,4,3,30,5,5,21,92,5,1,10,0,0,0,27,18,0,0,3397,2272,control
42,collector,4,volcano,ほむら火山,8,14,4,1,1,13,10,15,13,10,3,0,9,4,3,24,5,5,22,86,2,1,9,0,0,0,29,26,0,0,1201,1936,control
42,collector,5,tower,星晶の塔,12,20,5,1,1,15,16,21,33,25,1,7,17,8,7,52,5,5,46,388,7,1,34,0,0,0,69,20,0,0,1023,3757,control
43,rush,1,meadow,はじまり草原,1,4,2,1,1,1,2,6,6,3,1,2,2,3,2,19,0,0,9,41,0,0,7,0,0,0,8,6,0,0,230,779,control
43,rush,2,cave,こだま洞くつ,3,7,2,1,1,6,6,10,10,8,1,1,3,8,7,61,0,0,18,88,0,0,9,0,0,0,26,16,0,0,779,1693,control
43,rush,3,brook,しずく湖畔,5,10,3,1,1,10,11,14,4,4,0,0,0,2,1,10,0,0,6,15,0,0,6,0,0,0,3,23,0,0,1693,1264,control
43,rush,4,volcano,ほむら火山,8,14,4,1,0,14,14,0,44,44,0,0,0,40,40,198,0,0,84,317,0,0,6,0,0,0,134,77,0,0,1264,0,control
43,rush,5,tower,星晶の塔,12,20,5,0,0,0,0,0,0,0,0,0,0,0,0,0,0,0,0,0,0,0,0,0,0,0,0,0,0,0,0,0,control
44,balanced,1,meadow,はじまり草原,1,4,2,1,1,1,2,6,11,5,1,5,8,3,2,25,2,2,16,72,3,1,11,0,0,0,15,4,0,0,230,909,control
44,balanced,2,cave,こだま洞くつ,3,7,2,1,1,6,7,11,10,9,1,0,3,5,4,64,2,2,17,100,3,1,26,0,0,0,18,17,0,0,704,1620,control
44,balanced,3,brook,しずく湖畔,5,10,3,1,1,11,11,14,11,10,1,0,3,5,4,35,2,2,18,76,0,0,8,0,0,0,20,20,0,0,1255,1621,control
44,balanced,4,volcano,ほむら火山,8,14,4,1,1,14,15,20,20,19,1,0,3,9,8,98,2,2,31,156,0,0,17,0,0,0,33,54,0,0,1256,1516,control
44,balanced,5,tower,星晶の塔,12,20,5,1,1,20,19,25,36,34,1,1,4,16,15,95,2,2,54,175,1,1,9,0,0,0,58,76,0,0,1175,2765,control
45,collector,1,meadow,はじまり草原,1,4,2,1,1,1,2,6,13,9,2,2,3,4,3,51,1,0,18,93,11,1,17,0,0,0,14,0,0,0,230,1055,control
45,collector,2,cave,こだま洞くつ,3,7,2,1,1,7,7,11,8,6,2,0,3,3,2,53,1,0,12,77,4,1,21,0,0,0,8,11,0,0,2253,2663,control
45,collector,3,brook,しずく湖畔,5,10,3,1,1,9,11,13,6,5,1,0,7,2,1,10,5,5,13,51,1,1,6,0,0,0,19,5,0,0,2797,2903,control
45,collector,4,volcano,ほむら火山,8,14,4,1,1,13,12,16,13,11,2,0,7,4,3,27,5,5,22,82,0,0,10,0,0,0,27,22,0,0,1534,2519,control
45,collector,5,tower,星晶の塔,12,20,5,1,1,16,17,20,11,9,2,0,9,3,2,18,5,5,19,88,3,1,8,0,0,0,28,21,0,0,1330,3493,control
46,rush,1,meadow,はじまり草原,1,4,2,1,1,1,3,7,9,7,0,2,2,6,5,22,0,0,15,44,0,0,7,0,0,0,7,9,0,0,230,556,control
46,rush,2,cave,こだま洞くつ,3,7,2,1,1,7,7,11,7,5,2,0,2,6,5,45,0,0,13,60,0,0,9,0,0,0,17,15,0,0,556,1683,control
46,rush,3,brook,しずく湖畔,5,10,3,1,1,11,11,14,8,8,0,0,0,6,5,34,0,0,14,49,0,0,8,0,0,0,17,26,0,0,1683,1380,control
46,rush,4,volcano,ほむら火山,8,14,4,1,1,14,15,18,11,11,0,0,0,8,7,50,0,0,19,74,0,0,7,0,0,0,23,38,0,0,1380,950,control
46,rush,5,tower,星晶の塔,12,20,5,1,0,18,19,0,45,45,0,0,0,40,40,196,0,0,85,320,0,0,7,0,0,0,124,125,0,0,950,0,control
47,balanced,1,meadow,はじまり草原,1,4,2,1,1,1,3,7,7,6,0,1,3,3,2,14,2,2,12,43,2,1,8,0,0,0,5,5,0,0,230,871,control
47,balanced,2,cave,こだま洞くつ,3,7,2,1,1,7,7,11,10,9,1,0,3,5,4,55,2,2,17,96,5,1,16,0,0,0,13,18,0,0,675,1635,control
47,balanced,3,brook,しずく湖畔,5,10,3,1,1,11,12,14,13,12,1,0,3,6,5,36,2,2,21,76,3,1,9,0,0,0,23,19,0,0,1267,1605,control
47,balanced,4,volcano,ほむら火山,8,14,4,1,1,14,15,19,16,15,1,0,5,7,6,56,2,2,25,115,8,1,12,0,0,0,27,51,0,0,1244,1523,control
47,balanced,5,tower,星晶の塔,12,20,5,1,1,19,20,24,27,26,1,0,5,12,11,75,2,2,41,145,6,1,10,0,0,0,43,57,0,0,1181,2248,control
48,collector,1,meadow,はじまり草原,1,4,2,1,1,1,2,6,12,10,1,1,4,4,3,35,2,1,18,79,6,1,15,0,0,0,11,0,0,0,230,1057,control
48,collector,2,cave,こだま洞くつ,3,7,2,1,1,6,5,10,8,7,1,0,2,3,2,45,1,0,12,91,4,1,20,0,0,0,5,7,0,0,1009,2517,control
48,collector,3,brook,しずく湖畔,5,10,3,1,1,10,10,13,12,10,2,0,7,4,3,30,5,4,21,95,0,0,12,0,0,0,25,18,0,0,2891,1914,control
48,collector,4,volcano,ほむら火山,8,14,4,1,1,13,14,19,16,14,2,0,9,5,4,33,5,5,26,136,5,1,23,0,0,0,33,35,0,0,1332,2788,control
48,collector,5,tower,星晶の塔,12,20,5,1,1,19,16,22,31,27,2,2,9,9,8,45,5,5,45,198,10,1,18,0,0,0,52,39,0,0,1473,2210,control
49,rush,1,meadow,はじまり草原,1,4,2,1,1,1,3,7,4,3,1,0,1,3,2,21,0,0,7,34,0,0,8,0,0,0,6,9,0,0,230,670,control
49,rush,2,cave,こだま洞くつ,3,7,2,1,1,7,7,12,12,12,0,0,2,11,10,70,0,0,23,99,0,0,8,0,0,0,21,24,0,0,670,1252,control
49,rush,3,brook,しずく湖畔,5,10,3,1,1,12,12,15,7,7,0,0,3,5,4,18,0,0,12,36,0,0,5,0,0,0,8,21,0,0,1252,1331,control
49,rush,4,volcano,ほむら火山,8,14,4,1,1,15,15,21,25,24,1,0,1,22,21,120,0,0,47,186,0,0,7,0,0,0,68,70,0,0,1331,960,control
49,rush,5,tower,星晶の塔,12,20,5,1,0,21,22,0,45,45,0,0,0,40,40,172,0,0,85,303,0,0,6,0,0,0,134,107,0,0,960,0,control
50,balanced,1,meadow,はじまり草原,1,4,2,1,1,1,3,6,9,5,1,3,5,3,2,28,2,1,14,73,7,1,11,0,0,0,12,5,0,0,230,877,control
50,balanced,2,cave,こだま洞くつ,3,7,2,1,1,6,6,11,6,5,1,0,3,3,2,52,2,0,11,94,3,1,26,0,0,0,6,17,0,0,850,2316,control
50,balanced,3,brook,しずく湖畔,5,10,3,1,1,12,12,13,3,2,1,0,4,1,0,7,2,1,6,31,0,0,9,0,0,0,4,0,0,0,2584,3684,control
50,balanced,4,volcano,ほむら火山,8,14,4,1,1,14,13,19,21,19,1,1,5,9,8,82,2,2,32,132,2,1,24,0,0,0,23,84,0,0,4649,1224,control
50,balanced,5,tower,星晶の塔,12,20,5,1,1,19,18,22,15,14,1,0,5,6,5,30,2,2,23,81,1,1,7,0,0,0,24,39,0,0,949,1862,control
51,collector,1,meadow,はじまり草原,1,4,2,1,1,1,3,6,9,7,1,1,6,3,2,25,5,5,17,91,3,1,11,0,0,0,17,0,0,0,230,1825,control
51,collector,2,cave,こだま洞くつ,3,7,2,1,1,6,6,10,14,13,1,0,6,5,4,101,5,5,24,179,8,1,26,0,0,0,29,9,0,0,965,1140,control
51,collector,3,brook,しずく湖畔,5,10,3,1,1,10,11,15,18,16,2,0,7,6,5,52,5,5,29,123,4,1,15,0,0,0,32,5,0,0,603,2667,control
51,collector,4,volcano,ほむら火山,8,14,4,1,1,15,12,13,4,2,2,0,7,1,0,8,5,5,10,56,1,1,8,0,0,0,19,0,0,0,1409,2662,control
51,collector,5,tower,星晶の塔,12,20,5,1,1,13,16,21,30,26,3,1,10,9,8,114,5,5,44,237,6,1,41,0,0,0,49,36,0,0,1407,2603,control
52,rush,1,meadow,はじまり草原,1,4,2,1,1,1,3,9,22,16,0,6,3,15,14,60,0,0,37,116,0,0,6,0,0,0,20,13,0,0,230,679,control
52,rush,2,cave,こだま洞くつ,3,7,2,1,1,9,9,12,11,10,1,0,1,10,9,66,0,0,21,90,0,0,9,0,0,0,19,17,0,0,679,1262,control
52,rush,3,brook,しずく湖畔,5,10,3,1,1,12,12,17,16,16,0,0,3,14,13,55,0,0,30,91,0,0,6,0,0,0,28,43,0,0,1262,1134,control
52,rush,4,volcano,ほむら火山,8,14,4,1,1,17,17,20,12,11,1,0,2,9,8,55,0,0,21,92,0,0,7,0,0,0,28,30,0,0,1134,973,control
52,rush,5,tower,星晶の塔,12,20,5,1,0,20,21,0,45,45,0,0,0,40,40,200,0,0,85,320,0,0,7,0,0,0,125,119,0,0,973,0,control
53,balanced,1,meadow,はじまり草原,1,4,2,1,1,1,3,6,6,2,2,2,6,2,1,24,2,1,10,63,3,1,14,0,0,0,12,3,0,0,230,1011,control
53,balanced,2,cave,こだま洞くつ,3,7,2,1,1,5,6,10,6,5,1,0,3,3,2,36,2,0,11,86,3,1,15,0,0,0,8,12,0,0,1148,2220,control
53,balanced,3,brook,しずく湖畔,5,10,3,1,1,11,12,12,3,2,1,0,4,1,0,7,2,2,6,23,1,1,7,0,0,0,5,0,0,0,3288,4375,control
53,balanced,4,volcano,ほむら火山,8,14,4,1,1,12,13,17,10,9,1,0,4,4,3,22,2,2,16,61,3,1,7,0,0,0,12,46,0,0,3388,2460,control
53,balanced,5,tower,星晶の塔,12,20,5,1,1,17,18,26,33,32,1,0,3,15,14,77,2,2,50,166,16,1,7,0,0,0,50,100,0,0,1906,3108,control
54,collector,1,meadow,はじまり草原,1,4,2,1,1,1,2,6,8,6,2,0,3,3,2,35,1,0,12,68,5,1,14,0,0,0,8,1,0,0,230,1123,control
54,collector,2,cave,こだま洞くつ,3,7,2,1,1,6,7,11,8,8,0,0,2,3,2,56,1,0,12,98,2,1,21,0,0,0,7,10,0,0,1381,2626,control
54,collector,3,brook,しずく湖畔,5,10,3,1,1,11,8,12,12,11,1,0,8,4,3,17,5,5,21,65,2,1,6,0,0,0,16,17,0,0,2760,2093,control
54,collector,4,volcano,ほむら火山,8,14,4,1,1,12,12,14,8,4,3,1,8,2,1,13,3,2,13,57,1,1,7,0,0,0,17,6,0,0,1106,3104,control
54,collector,5,tower,星晶の塔,12,20,5,1,1,16,15,23,41,38,3,0,9,13,12,184,5,5,59,396,11,1,37,0,0,0,58,79,0,0,3862,2248,control
55,rush,1,meadow,はじまり草原,1,4,2,1,1,1,2,6,6,4,1,1,2,4,3,27,0,0,10,43,0,0,9,0,0,0,8,8,0,0,230,695,control
55,rush,2,cave,こだま洞くつ,3,7,2,1,1,6,7,10,7,5,1,1,2,5,4,43,0,0,12,64,0,0,10,0,0,0,15,14,0,0,695,713,control
55,rush,3,brook,しずく湖畔,5,10,3,1,1,10,11,14,5,5,0,0,0,3,2,16,0,0,8,22,0,0,6,0,0,0,7,25,0,0,713,1172,control
55,rush,4,volcano,ほむら火山,8,14,4,1,1,14,14,17,12,12,0,0,0,9,8,50,0,0,21,69,0,0,7,0,0,0,26,29,0,0,1172,992,control
55,rush,5,tower,星晶の塔,12,20,5,1,0,17,18,0,45,45,0,0,0,40,40,190,0,0,85,293,0,0,8,0,0,0,124,134,0,0,992,0,control
56,balanced,1,meadow,はじまり草原,1,4,2,1,1,1,3,7,6,5,1,0,2,3,2,25,1,0,10,46,2,1,11,0,0,0,6,6,0,0,230,875,control
56,balanced,2,cave,こだま洞くつ,3,7,2,1,1,7,6,10,6,5,1,0,3,3,2,31,2,1,11,85,3,1,14,0,0,0,6,12,0,0,953,2526,control
56,balanced,3,brook,しずく湖畔,5,10,3,1,1,11,11,14,7,6,1,0,3,3,2,14,1,0,11,34,3,1,7,0,0,0,5,23,0,0,2597,2151,control
56,balanced,4,volcano,ほむら火山,8,14,4,1,1,14,15,16,4,3,1,0,6,1,0,6,2,2,7,40,0,0,8,0,0,0,4,0,0,0,2358,4526,control
56,balanced,5,tower,星晶の塔,12,20,5,1,1,16,14,19,11,10,1,0,4,4,3,26,2,2,17,65,0,0,12,0,0,0,11,51,0,0,3506,3622,control
57,collector,1,meadow,はじまり草原,1,4,2,1,1,1,3,5,5,3,2,0,3,2,1,26,1,0,8,47,4,1,13,0,0,0,7,0,0,0,230,1258,control
57,collector,2,cave,こだま洞くつ,3,7,2,1,1,6,6,11,8,7,1,0,2,3,2,51,1,0,12,106,3,1,23,0,0,0,6,7,0,0,1756,3170,control
57,collector,3,brook,しずく湖畔,5,10,3,1,1,11,7,11,12,10,2,0,7,4,3,20,5,5,21,64,4,1,7,0,0,0,17,12,0,0,3564,2529,control
57,collector,4,volcano,ほむら火山,8,14,4,1,1,11,12,14,7,5,2,0,9,2,1,9,5,5,14,84,2,1,22,0,0,0,22,7,0,0,1336,1622,control
57,collector,5,tower,星晶の塔,12,20,5,1,1,14,16,22,26,23,3,0,10,8,7,64,5,5,39,167,4,1,25,0,0,0,40,51,0,0,858,3391,control
58,rush,1,meadow,はじまり草原,1,4,2,1,1,1,2,6,5,3,1,1,2,3,2,24,0,0,8,36,0,0,11,0,0,0,6,8,0,0,230,692,control
58,rush,2,cave,こだま洞くつ,3,7,2,1,1,6,7,10,7,6,1,0,1,6,5,54,0,0,13,70,0,0,12,0,0,0,17,15,0,0,692,1411,control
58,rush,3,brook,しずく湖畔,5,10,3,1,1,10,11,14,7,7,0,0,0,5,4,31,0,0,12,48,0,0,9,0,0,0,13,26,0,0,1411,1159,control
58,rush,4,volcano,ほむら火山,8,14,4,1,1,14,15,18,17,17,0,0,0,14,13,84,0,0,31,116,0,0,7,0,0,0,41,44,0,0,1159,958,control
58,rush,5,tower,星晶の塔,12,20,5,1,0,18,20,0,45,45,0,0,0,40,40,196,0,0,85,306,0,0,6,0,0,0,121,122,0,0,958,0,control
59,balanced,1,meadow,はじまり草原,1,4,2,1,1,1,3,7,8,4,2,2,4,3,2,38,1,0,12,68,5,1,14,0,0,0,9,5,0,0,230,888,control
59,balanced,2,cave,こだま洞くつ,3,7,2,1,1,7,7,11,6,5,1,0,2,3,2,46,1,0,10,70,3,1,23,0,0,0,5,17,0,0,1146,2385,control
59,balanced,3,brook,しずく湖畔,5,10,3,1,1,12,8,12,7,6,1,0,3,3,2,18,2,2,12,39,2,1,7,0,0,0,9,20,0,0,2779,2047,control
59,balanced,4,volcano,ほむら火山,8,14,4,1,1,12,12,16,10,10,0,0,6,4,3,36,2,2,16,72,4,1,20,0,0,0,10,35,0,0,1586,1241,control
59,balanced,5,tower,星晶の塔,12,20,5,1,1,16,17,23,29,28,1,0,3,13,12,63,2,2,44,134,3,1,7,0,0,0,29,72,0,0,962,3069,control
60,collector,1,meadow,はじまり草原,1,4,2,1,1,1,3,5,5,3,2,0,4,2,1,25,2,1,9,67,3,1,14,0,0,0,10,0,0,0,230,1269,control
60,collector,2,cave,こだま洞くつ,3,7,2,1,1,6,4,9,8,6,2,0,4,3,2,40,2,1,13,87,2,1,16,0,0,0,7,6,0,0,1615,3168,control
60,collector,3,brook,しずく湖畔,5,10,3,1,1,10,10,14,15,13,2,0,7,5,4,23,5,5,25,74,4,1,6,0,0,0,18,24,0,0,2922,1328,control
60,collector,4,volcano,ほむら火山,8,14,4,1,1,14,14,17,11,8,2,1,9,3,2,18,5,5,19,98,4,1,12,0,0,0,28,21,0,0,703,2486,control
60,collector,5,tower,星晶の塔,12,20,5,1,1,17,17,23,33,30,2,1,8,10,9,84,5,5,48,192,2,1,20,0,0,0,46,36,0,0,1313,3479,control
61,rush,1,meadow,はじまり草原,1,4,2,1,1,1,3,8,9,9,0,0,1,8,7,32,0,0,17,50,0,0,5,0,0,0,7,10,0,0,230,746,control
61,rush,2,cave,こだま洞くつ,3,7,2,1,1,8,8,14,24,23,1,0,2,23,22,107,0,0,47,151,0,0,7,0,0,0,45,37,0,0,746,760,control
61,rush,3,brook,しずく湖畔,5,10,3,1,1,14,14,16,9,8,1,0,2,7,6,39,0,0,16,57,0,0,7,0,0,0,19,26,0,0,760,1188,control
61,rush,4,volcano,ほむら火山,8,14,4,1,1,16,17,21,23,23,0,0,0,20,19,102,0,0,43,153,0,0,7,0,0,0,60,52,0,0,1188,976,control
61,rush,5,tower,星晶の塔,12,20,5,1,0,21,22,0,46,45,0,1,0,40,40,178,0,0,86,305,0,0,7,0,0,0,139,105,0,0,976,0,control
62,balanced,1,meadow,はじまり草原,1,4,2,1,1,1,2,7,6,5,1,0,3,3,2,22,1,0,10,46,4,1,9,0,0,0,5,6,0,0,230,858,control
62,balanced,2,cave,こだま洞くつ,3,7,2,1,1,7,7,11,6,5,1,0,3,3,2,43,2,1,11,88,3,1,17,0,0,0,11,18,0,0,936,2156,control
62,balanced,3,brook,しずく湖畔,5,10,3,1,1,12,12,13,3,2,1,0,4,1,0,8,2,2,6,29,1,1,9,0,0,0,8,0,0,0,2032,2687,control
62,balanced,4,volcano,ほむら火山,8,14,4,1,1,13,11,17,18,17,1,0,3,8,7,73,2,2,28,134,5,1,17,0,0,0,31,53,0,0,2082,1539,control
62,balanced,5,tower,星晶の塔,12,20,5,1,1,17,17,23,23,22,1,0,3,10,9,54,2,2,35,128,0,0,7,0,0,0,38,59,0,0,1193,3029,control
63,collector,1,meadow,はじまり草原,1,4,2,1,1,1,2,5,8,3,2,3,6,2,1,22,1,0,11,54,3,1,13,0,0,0,10,0,0,0,230,1202,control
63,collector,2,cave,こだま洞くつ,3,7,2,1,1,6,4,10,12,10,1,1,7,4,3,47,4,0,20,145,4,1,15,0,0,0,10,9,0,0,1700,2535,control
63,collector,3,brook,しずく湖畔,5,10,3,1,1,13,13,13,3,1,2,0,8,1,0,6,5,5,9,43,1,1,8,0,0,0,17,0,0,0,4731,5179,control
63,collector,4,volcano,ほむら火山,8,14,4,1,1,13,13,18,16,13,3,0,8,5,4,26,5,5,26,172,1,1,24,0,0,0,34,39,0,0,2736,2614,control
63,collector,5,tower,星晶の塔,12,20,5,1,1,18,16,25,49,46,1,2,11,15,14,73,5,5,69,233,6,1,12,0,0,0,69,52,0,0,1381,5409,control
64,rush,1,meadow,はじまり草原,1,4,2,1,1,1,3,6,5,2,1,2,3,2,1,13,0,0,7,28,0,0,7,0,0,0,5,5,0,0,230,781,control
64,rush,2,cave,こだま洞くつ,3,7,2,1,1,6,6,10,6,5,1,0,1,5,4,46,0,0,11,63,0,0,11,0,0,0,14,18,0,0,781,1402,control
64,rush,3,brook,しずく湖畔,5,10,3,1,1,10,11,14,5,5,0,0,0,3,2,17,0,0,8,27,0,0,6,0,0,0,7,26,0,0,1402,1145,control
64,rush,4,volcano,ほむら火山,8,14,4,1,1,14,15,19,19,19,0,0,0,16,15,88,0,0,35,137,0,0,7,0,0,0,48,46,0,0,1145,952,control
64,rush,5,tower,星晶の塔,12,20,5,1,0,19,20,0,45,45,0,0,0,40,40,178,0,0,85,284,0,0,6,0,0,0,122,123,0,0,952,0,control
65,balanced,1,meadow,はじまり草原,1,4,2,1,1,1,3,6,7,5,1,1,2,3,2,20,1,0,11,46,3,1,7,0,0,0,6,5,0,0,230,914,control
65,balanced,2,cave,こだま洞くつ,3,7,2,1,1,7,6,11,6,5,1,0,3,3,2,42,2,0,11,83,3,1,19,0,0,0,6,15,0,0,992,2522,control
65,balanced,3,brook,しずく湖畔,5,10,3,1,1,11,12,14,5,4,1,0,4,2,1,9,2,2,9,33,1,1,9,0,0,0,10,18,0,0,2790,2320,control
65,balanced,4,volcano,ほむら火山,8,14,4,1,1,14,14,18,8,7,1,0,3,3,2,20,2,2,13,57,1,1,8,0,0,0,15,39,0,0,1797,2405,control
65,balanced,5,tower,星晶の塔,12,20,5,1,1,18,18,25,32,30,1,1,4,14,13,72,2,2,48,150,8,1,7,0,0,0,51,86,0,0,1863,3131,control
66,collector,1,meadow,はじまり草原,1,4,2,1,1,1,2,7,14,13,1,0,3,5,4,63,2,0,21,129,7,1,18,0,0,0,10,1,0,0,230,2018,control
66,collector,2,cave,こだま洞くつ,3,7,2,1,1,8,9,12,8,7,1,0,6,3,2,56,5,5,16,128,5,1,22,0,0,0,23,12,0,0,2944,2184,control
66,collector,3,brook,しずく湖畔,5,10,3,1,1,12,12,14,12,11,1,0,7,4,3,36,5,5,21,110,1,1,17,0,0,0,26,9,0,0,1154,1329,control
66,collector,4,volcano,ほむら火山,8,14,4,1,1,14,13,15,12,8,2,2,11,3,2,45,5,5,20,126,3,1,20,0,0,0,32,21,0,0,704,1895,control
66,collector,5,tower,星晶の塔,12,20,5,1,1,15,16,21,20,19,1,0,8,6,5,72,5,5,31,141,2,1,40,0,0,0,33,20,0,0,1001,3838,control
67,rush,1,meadow,はじまり草原,1,4,2,1,1,1,2,7,8,4,1,3,4,4,3,24,0,0,12,49,0,0,7,0,0,0,9,7,0,0,230,685,control
67,rush,2,cave,こだま洞くつ,3,7,2,1,1,7,7,9,3,2,1,0,1,2,1,15,0,0,5,23,0,0,8,0,0,0,5,8,0,0,685,964,control
67,rush,3,brook,しずく湖畔,5,10,3,1,1,9,10,13,4,4,0,0,0,2,1,10,0,0,6,17,0,0,6,0,0,0,5,18,0,0,964,1989,control
67,rush,4,volcano,ほむら火山,8,14,4,1,1,13,14,18,12,12,0,0,0,9,8,48,0,0,21,70,0,0,6,0,0,0,25,51,0,0,1989,997,control
67,rush,5,tower,星晶の塔,12,20,5,1,0,18,19,0,46,45,0,1,0,40,40,187,0,0,86,286,0,0,6,0,0,0,124,115,0,0,997,0,control
68,balanced,1,meadow,はじまり草原,1,4,2,1,1,1,3,6,8,4,2,2,5,3,2,33,2,0,13,80,5,1,13,0,0,0,11,5,0,0,230,886,control
68,balanced,2,cave,こだま洞くつ,3,7,2,1,1,8,9,11,4,3,1,0,3,2,1,52,2,2,8,78,3,1,29,0,0,0,10,11,0,0,1662,2383,control
68,balanced,3,brook,しずく湖畔,5,10,3,1,1,11,11,13,5,4,1,0,3,2,1,12,2,2,9,39,0,0,8,0,0,0,12,15,0,0,1847,1950,control
68,balanced,4,volcano,ほむら火山,8,14,4,1,1,13,13,19,23,21,1,1,4,10,9,82,2,2,35,155,1,1,18,0,0,0,38,51,0,0,1511,1517,control
68,balanced,5,tower,星晶の塔,12,20,5,1,1,19,18,22,18,16,1,1,4,7,6,35,2,2,27,88,0,0,9,0,0,0,32,45,0,0,1175,3006,control
69,collector,1,meadow,はじまり草原,1,4,2,1,1,1,2,6,14,10,1,3,6,4,3,38,2,0,20,97,4,1,14,0,0,0,12,0,0,0,230,1046,control
69,collector,2,cave,こだま洞くつ,3,7,2,1,1,7,9,10,5,3,2,0,7,2,1,29,5,5,12,81,2,1,15,0,0,0,20,6,0,0,2472,3065,control
69,collector,3,brook,しずく湖畔,5,10,3,1,1,10,7,13,21,19,2,0,7,7,6,41,5,5,33,141,4,1,9,0,0,0,35,13,0,0,1620,2210,control
69,collector,4,volcano,ほむら火山,8,14,4,1,1,13,14,17,16,13,3,0,8,5,4,105,5,5,26,180,6,1,24,0,0,0,30,21,0,0,1168,1629,control
69,collector,5,tower,星晶の塔,12,20,5,1,1,17,16,21,31,27,2,2,11,9,8,37,5,5,45,188,2,1,16,0,0,0,52,33,0,0,861,3393,control
70,rush,1,meadow,はじまり草原,1,4,2,1,1,1,3,6,3,1,2,0,2,2,1,18,0,0,5,27,0,0,10,0,0,0,4,5,0,0,230,808,control
70,rush,2,cave,こだま洞くつ,3,7,2,1,1,6,6,11,9,9,0,0,0,8,7,60,0,0,17,83,0,0,9,0,0,0,23,20,0,0,808,1367,control
70,rush,3,brook,しずく湖畔,5,10,3,1,1,11,12,14,6,6,0,0,0,4,3,18,0,0,10,32,0,0,7,0,0,0,11,26,0,0,1367,1133,control
70,rush,4,volcano,ほむら火山,8,14,4,1,1,14,15,21,28,28,0,0,0,25,24,125,0,0,53,201,0,0,7,0,0,0,79,73,0,0,1133,939,control
70,rush,5,tower,星晶の塔,12,20,5,1,0,21,21,0,47,45,0,2,0,40,40,172,0,0,87,293,0,0,6,0,0,0,138,108,0,0,939,0,control
71,balanced,1,meadow,はじまり草原,1,4,2,1,1,1,2,6,4,2,2,0,4,2,1,19,2,0,8,58,2,1,15,0,0,0,9,2,0,0,230,1130,control
71,balanced,2,cave,こだま洞くつ,3,7,2,1,1,7,8,9,4,4,0,0,3,2,1,35,2,2,8,63,1,1,24,0,0,0,13,9,0,0,2406,2413,control
71,balanced,3,brook,しずく湖畔,5,10,3,1,1,9,10,14,9,8,1,0,3,4,3,26,2,2,15,51,0,0,9,0,0,0,17,34,0,0,1870,1173,control
71,balanced,4,volcano,ほむら火山,8,14,4,1,1,14,15,17,10,9,1,0,3,4,3,24,2,2,16,56,1,1,8,0,0,0,18,18,0,0,910,1981,control
71,balanced,5,tower,星晶の塔,12,20,5,1,1,17,16,21,19,14,1,4,11,6,5,31,2,2,27,118,3,1,7,0,0,0,36,51,0,0,1535,3064,control
72,collector,1,meadow,はじまり草原,1,4,2,1,1,1,2,7,20,16,1,3,4,6,5,62,1,0,27,129,7,1,15,0,0,0,16,0,0,0,230,1199,control
72,collector,2,cave,こだま洞くつ,3,7,2,1,1,8,8,11,8,7,1,0,6,3,2,42,5,5,16,103,4,1,18,0,0,0,23,9,0,0,2327,2327,control
72,collector,3,brook,しずく湖畔,5,10,3,1,1,11,11,16,18,16,2,0,7,6,5,39,5,5,29,101,4,1,10,0,0,0,32,24,0,0,1230,1312,control
72,collector,4,volcano,ほむら火山,8,14,4,1,1,16,14,17,10,8,2,0,8,3,2,40,5,5,18,97,3,1,20,0,0,0,24,16,0,0,694,1600,control
72,collector,5,tower,星晶の塔,12,20,5,1,1,17,17,22,32,30,2,0,7,10,9,57,5,5,47,169,10,1,9,0,0,0,49,32,0,0,846,2280,control
73,rush,1,meadow,はじまり草原,1,4,2,1,1,1,3,7,7,3,1,3,3,3,2,20,0,0,10,40,0,0,8,0,0,0,8,8,0,0,230,681,control
73,rush,2,cave,こだま洞くつ,3,7,2,1,1,7,7,10,4,3,1,0,1,3,2,25,0,0,7,36,0,0,9,0,0,0,8,15,0,0,681,536,control
73,rush,3,brook,しずく湖畔,5,10,3,1,1,10,10,13,5,5,0,0,0,3,2,16,0,0,8,26,0,0,6,0,0,0,8,21,0,0,536,1481,control
73,rush,4,volcano,ほむら火山,8,14,4,1,1,13,14,18,14,14,0,0,0,11,10,60,0,0,25,92,0,0,7,0,0,0,33,46,0,0,1481,943,control
73,rush,5,tower,星晶の塔,12,20,5,1,0,18,19,0,46,45,0,1,0,40,40,159,0,0,86,272,0,0,6,0,0,0,129,121,0,0,943,0,control
74,balanced,1,meadow,はじまり草原,1,4,2,1,1,1,3,7,6,5,1,0,3,3,2,22,2,0,11,57,1,1,11,0,0,0,5,6,0,0,230,875,control
74,balanced,2,cave,こだま洞くつ,3,7,2,1,1,8,8,11,6,5,1,0,4,3,2,47,2,2,11,89,1,1,19,0,0,0,8,15,0,0,1651,2152,control
74,balanced,3,brook,しずく湖畔,5,10,3,1,1,11,12,14,5,4,1,0,4,2,1,27,2,1,9,51,0,0,15,0,0,0,6,18,0,0,1667,1533,control
74,balanced,4,volcano,ほむら火山,8,14,4,1,1,14,12,20,26,25,1,0,3,12,11,79,2,2,40,136,1,1,13,0,0,0,26,63,0,0,1532,2448,control
74,balanced,5,tower,星晶の塔,12,20,5,1,1,20,19,25,32,30,1,1,6,14,13,71,2,2,48,143,2,1,7,0,0,0,48,84,0,0,1897,2780,control
75,collector,1,meadow,はじまり草原,1,4,2,1,1,1,2,7,14,13,1,0,2,5,4,52,1,0,20,96,7,1,14,0,0,0,9,1,0,0,230,1310,control
75,collector,2,cave,こだま洞くつ,3,7,2,1,1,8,8,12,14,12,2,0,7,5,4,126,5,5,24,201,6,1,29,0,0,0,29,20,0,0,1588,1712,control
75,collector,3,brook,しずく湖畔,5,10,3,1,1,12,10,12,6,4,2,0,8,2,1,10,5,5,13,60,2,1,7,0,0,0,23,4,0,0,905,1320,control
75,collector,4,volcano,ほむら火山,8,14,4,1,1,12,10,13,10,6,4,0,9,3,2,16,5,5,18,78,1,1,8,0,0,0,26,10,0,0,698,2931,control
75,collector,5,tower,星晶の塔,12,20,5,1,1,13,17,20,17,16,1,0,9,5,4,49,5,5,27,161,2,1,33,0,0,0,34,23,0,0,1549,2290,control
76,rush,1,meadow,はじまり草原,1,4,2,1,1,1,3,9,18,16,0,2,1,15,14,64,0,0,33,105,0,0,6,0,0,0,16,14,0,0,230,693,control
76,rush,2,cave,こだま洞くつ,3,7,2,1,1,9,9,13,9,8,1,0,1,8,7,55,0,0,17,72,0,0,8,0,0,0,15,27,0,0,693,551,control
76,rush,3,brook,しずく湖畔,5,10,3,1,1,13,13,16,12,11,1,0,2,10,9,59,0,0,22,85,0,0,8,0,0,0,29,15,0,0,551,2050,control
76,rush,4,volcano,ほむら火山,8,14,4,1,1,16,16,20,15,15,0,0,0,12,11,68,0,0,27,94,0,0,7,0,0,0,35,56,0,0,2050,999,control
76,rush,5,tower,星晶の塔,12,20,5,1,0,20,21,0,46,45,0,1,0,40,40,183,0,0,86,305,0,0,9,0,0,0,123,107,0,0,999,0,control
77,balanced,1,meadow,はじまり草原,1,4,2,1,1,1,2,7,6,5,1,0,3,3,2,27,1,0,10,59,4,1,13,0,0,0,6,6,0,0,230,863,control
77,balanced,2,cave,こだま洞くつ,3,7,2,1,1,7,7,11,6,5,1,0,3,3,2,48,2,2,11,87,2,1,24,0,0,0,13,16,0,0,941,2589,control
77,balanced,3,brook,しずく湖畔,5,10,3,1,1,11,12,14,5,4,1,0,3,2,1,18,2,2,9,42,0,0,10,0,0,0,11,18,0,0,2006,1454,control
77,balanced,4,volcano,ほむら火山,8,14,4,1,1,14,14,21,30,30,0,0,6,14,13,108,2,2,46,188,9,1,13,0,0,0,49,69,0,0,1127,1246,control
77,balanced,5,tower,星晶の塔,12,20,5,1,1,21,21,25,23,20,1,2,5,9,8,47,2,2,34,124,1,1,9,0,0,0,37,41,0,0,966,3122,control
78,collector,1,meadow,はじまり草原,1,4,2,1,1,1,3,6,8,6,2,0,4,3,2,39,2,0,13,82,5,1,18,0,0,0,11,1,0,0,230,1120,control
78,collector,2,cave,こだま洞くつ,3,7,2,1,1,7,8,13,14,13,1,0,7,5,4,90,5,5,24,171,7,1,23,0,0,0,30,26,0,0,2576,1135,control
78,collector,3,brook,しずく湖畔,5,10,3,1,1,13,12,16,18,15,3,0,8,6,5,35,5,5,29,108,2,1,8,0,0,0,31,10,0,0,601,1576,control
78,collector,4,volcano,ほむら火山,8,14,4,1,1,16,13,15,7,4,3,0,9,2,1,13,5,5,14,72,1,1,8,0,0,0,22,9,1,0,833,2549,control
78,collector,5,tower,星晶の塔,12,20,5,1,1,15,16,20,25,23,0,2,8,7,6,33,5,5,37,138,4,1,12,0,0,0,44,25,0,0,1347,3830,control
79,rush,1,meadow,はじまり草原,1,4,2,1,1,1,3,8,13,12,0,1,2,11,10,61,0,0,24,96,0,0,8,0,0,0,11,11,0,0,230,683,control
79,rush,2,cave,こだま洞くつ,3,7,2,1,1,8,9,15,31,27,1,3,5,27,26,141,0,0,58,215,0,0,7,0,0,0,56,49,0,0,683,552,control
79,rush,3,brook,しずく湖畔,5,10,3,1,1,15,15,16,4,3,1,0,1,2,1,14,0,0,6,22,0,0,7,0,0,0,5,7,0,0,552,1172,control
79,rush,4,volcano,ほむら火山,8,14,4,1,0,16,17,0,44,44,0,0,0,40,40,213,0,0,84,352,0,0,7,0,0,0,127,68,0,0,1172,0,control
79,rush,5,tower,星晶の塔,12,20,5,0,0,0,0,0,0,0,0,0,0,0,0,0,0,0,0,0,0,0,0,0,0,0,0,0,0,0,0,0,control
80,balanced,1,meadow,はじまり草原,1,4,2,1,1,1,2,7,6,5,1,0,2,3,2,22,1,0,10,45,2,1,8,0,0,0,4,6,0,0,230,870,control
80,balanced,2,cave,こだま洞くつ,3,7,2,1,1,7,7,11,6,5,1,0,2,3,2,46,1,0,10,75,2,1,27,0,0,0,5,17,0,0,948,2284,control
80,balanced,3,brook,しずく湖畔,5,10,3,1,1,12,7,11,7,6,1,0,4,3,2,13,2,2,12,38,1,1,7,0,0,0,9,17,0,0,2418,2330,control
80,balanced,4,volcano,ほむら火山,8,14,4,1,1,11,11,16,14,13,1,0,3,6,5,31,2,2,22,66,3,1,7,0,0,0,16,42,0,0,1805,1523,control
80,balanced,5,tower,星晶の塔,12,20,5,1,1,16,18,25,37,36,1,0,3,17,16,86,2,2,56,177,3,1,8,0,0,0,57,91,0,0,1181,3962,control
81,collector,1,meadow,はじまり草原,1,4,2,1,1,1,3,6,8,6,2,0,4,3,2,31,2,0,13,74,2,1,15,0,0,0,9,1,0,0,230,1155,control
81,collector,2,cave,こだま洞くつ,3,7,2,1,1,9,9,12,11,11,0,0,7,4,3,80,5,5,20,160,5,1,25,0,0,0,26,18,0,0,3051,1880,control
81,collector,3,brook,しずく湖畔,5,10,3,1,1,12,12,17,27,25,2,0,7,9,8,97,5,4,41,224,0,0,18,0,0,0,39,20,0,0,995,1611,control
81,collector,4,volcano,ほむら火山,8,14,4,1,1,17,11,13,7,3,4,0,8,2,1,10,4,3,13,56,0,0,8,0,0,0,17,8,0,0,1175,3037,control
81,collector,5,tower,星晶の塔,12,20,5,1,1,14,14,19,18,16,1,1,11,5,4,27,5,5,28,111,4,1,8,0,0,0,35,39,0,0,2928,2232,control
82,rush,1,meadow,はじまり草原,1,4,2,1,1,1,2,5,4,2,1,1,1,2,1,12,0,0,6,23,0,0,7,0,0,0,4,3,0,0,230,900,control
82,rush,2,cave,こだま洞くつ,3,7,2,1,1,5,6,11,10,9,1,0,1,9,8,66,0,0,19,88,0,0,9,0,0,0,25,21,0,0,900,1688,control
82,rush,3,brook,しずく湖畔,5,10,3,1,1,11,12,14,4,4,0,0,0,2,1,9,0,0,6,15,0,0,5,0,0,0,4,25,0,0,1688,1137,control
82,rush,4,volcano,ほむら火山,8,14,4,1,1,14,15,21,30,30,0,0,0,27,26,143,0,0,57,224,0,0,6,0,0,0,85,72,0,0,1137,970,control
82,rush,5,tower,星晶の塔,12,20,5,1,0,21,21,0,45,45,0,0,0,40,40,172,0,0,85,297,0,0,6,0,0,0,139,108,0,0,970,0,control
83,balanced,1,meadow,はじまり草原,1,4,2,1,1,1,2,6,7,4,2,1,5,3,2,30,2,0,12,73,4,1,15,0,0,0,10,5,0,0,230,893,control
83,balanced,2,cave,こだま洞くつ,3,7,2,1,1,9,9,12,6,5,1,0,3,3,2,38,2,2,11,68,1,1,20,0,0,0,13,25,0,0,2789,1903,control
83,balanced,3,brook,しずく湖畔,5,10,3,1,1,12,12,15,9,8,1,0,3,4,3,31,2,2,15,63,1,1,9,0,0,0,17,23,0,0,1474,1203,control
83,balanced,4,volcano,ほむら火山,8,14,4,1,1,15,14,19,18,17,1,0,3,8,7,88,2,2,28,133,2,1,20,0,0,0,28,48,0,0,932,1532,control
83,balanced,5,tower,星晶の塔,12,20,5,1,1,19,18,28,59,58,1,0,3,28,27,173,2,2,89,304,8,1,12,0,0,0,95,126,0,0,1188,3054,control
84,collector,1,meadow,はじまり草原,1,4,2,1,1,1,3,6,8,7,1,0,4,3,2,29,3,2,14,82,5,1,13,0,0,0,11,1,0,0,230,1132,control
84,collector,2,cave,こだま洞くつ,3,7,2,1,1,6,5,10,9,7,1,1,3,3,2,40,1,0,13,93,1,1,18,0,0,0,6,6,0,0,956,2599,control
84,collector,3,brook,しずく湖畔,5,10,3,1,1,10,10,14,18,16,2,0,8,6,5,27,5,4,29,91,6,1,10,0,0,0,20,25,0,0,2733,1332,control
84,collector,4,volcano,ほむら火山,8,14,4,1,1,15,16,18,7,5,2,0,7,2,1,11,5,5,14,64,1,1,8,0,0,0,21,14,0,0,1908,3186,control
84,collector,5,tower,星晶の塔,12,20,5,1,1,18,15,22,34,29,3,2,11,10,9,76,5,5,49,202,11,1,19,0,0,0,51,48,0,0,1683,2325,control
85,rush,1,meadow,はじまり草原,1,4,2,1,1,1,3,7,10,9,0,1,1,8,7,47,0,0,18,75,0,0,9,0,0,0,8,9,0,0,230,573,control
85,rush,2,cave,こだま洞くつ,3,7,2,1,0,7,8,0,42,42,0,0,2,40,40,145,0,0,82,239,0,0,6,0,0,0,40,57,0,0,573,0,control
85,rush,3,brook,しずく湖畔,5,10,3,0,0,0,0,0,0,0,0,0,0,0,0,0,0,0,0,0,0,0,0,0,0,0,0,0,0,0,0,0,control
85,rush,4,volcano,ほむら火山,8,14,4,0,0,0,0,0,0,0,0,0,0,0,0,0,0,0,0,0,0,0,0,0,0,0,0,0,0,0,0,0,control
85,rush,5,tower,星晶の塔,12,20,5,0,0,0,0,0,0,0,0,0,0,0,0,0,0,0,0,0,0,0,0,0,0,0,0,0,0,0,0,0,control
86,balanced,1,meadow,はじまり草原,1,4,2,1,1,1,3,7,6,5,1,0,2,3,2,22,1,0,10,45,1,1,9,0,0,0,5,6,0,0,230,878,control
86,balanced,2,cave,こだま洞くつ,3,7,2,1,1,7,7,11,6,5,1,0,3,3,2,45,2,2,11,89,3,1,21,0,0,0,9,15,0,0,956,2327,control
86,balanced,3,brook,しずく湖畔,5,10,3,1,1,11,12,14,9,8,1,0,3,4,3,26,2,2,15,58,0,0,10,0,0,0,17,28,0,0,1803,1174,control
86,balanced,4,volcano,ほむら火山,8,14,4,1,1,14,15,20,18,17,1,0,3,8,7,89,1,0,27,132,3,1,22,0,0,0,26,51,0,0,910,1555,control
86,balanced,5,tower,星晶の塔,12,20,5,1,1,20,18,24,26,24,1,1,6,11,10,61,2,2,39,162,2,1,11,0,0,0,44,58,0,0,1812,3376,control
87,collector,1,meadow,はじまり草原,1,4,2,1,1,1,3,5,5,3,2,0,3,2,1,19,1,0,8,38,3,1,10,0,0,0,7,0,0,0,230,1269,control
87,collector,2,cave,こだま洞くつ,3,7,2,1,1,5,6,10,8,7,1,0,2,3,2,40,1,0,12,79,4,1,16,0,0,0,4,8,0,0,1527,2933,control
87,collector,3,brook,しずく湖畔,5,10,3,1,1,10,11,12,3,1,2,0,8,1,0,5,5,5,9,45,0,0,8,0,0,0,18,0,0,0,3327,4182,control
87,collector,4,volcano,ほむら火山,8,14,4,1,1,12,12,19,39,35,2,2,9,12,11,104,5,5,56,394,10,1,25,0,0,0,69,35,0,0,2209,1612,control
87,collector,5,tower,星晶の塔,12,20,5,1,1,19,17,23,31,27,2,2,11,9,8,45,5,5,45,158,4,1,9,0,0,0,48,46,0,0,852,3504,control
88,rush,1,meadow,はじまり草原,1,4,2,1,1,1,2,6,5,2,2,1,3,3,2,27,0,0,8,42,0,0,11,0,0,0,8,8,0,0,230,686,control
88,rush,2,cave,こだま洞くつ,3,7,2,1,1,6,7,10,4,4,0,0,0,3,2,25,0,0,7,35,0,0,9,0,0,0,8,15,0,0,686,1267,control
88,rush,3,brook,しずく湖畔,5,10,3,1,1,10,11,13,4,4,0,0,0,2,1,11,0,0,6,19,0,0,6,0,0,0,4,21,0,0,1267,1459,control
88,rush,4,volcano,ほむら火山,8,14,4,1,1,13,14,21,36,35,0,1,0,32,31,169,0,0,68,293,0,0,7,0,0,0,114,81,0,0,1459,970,control
88,rush,5,tower,星晶の塔,12,20,5,1,0,21,22,0,46,45,0,1,0,40,40,175,0,0,86,310,0,0,7,0,0,0,132,108,0,0,970,0,control
89,balanced,1,meadow,はじまり草原,1,4,2,1,1,1,2,6,9,5,1,3,6,3,2,29,2,0,14,73,2,1,15,0,0,0,10,5,0,0,230,865,control
89,balanced,2,cave,こだま洞くつ,3,7,2,1,1,8,9,12,6,5,1,0,3,3,2,29,2,2,11,60,4,1,13,0,0,0,14,22,0,0,1641,1950,control
89,balanced,3,brook,しずく湖畔,5,10,3,1,1,12,12,15,11,10,1,0,3,5,4,34,2,2,18,65,3,1,9,0,0,0,20,21,0,0,1511,1221,control
89,balanced,4,volcano,ほむら火山,8,14,4,1,1,15,13,16,6,5,1,0,3,2,1,26,2,2,10,52,1,1,20,0,0,0,10,21,0,0,946,1635,control
89,balanced,5,tower,星晶の塔,12,20,5,1,1,16,17,22,21,20,1,0,5,9,8,42,2,2,32,126,3,1,9,0,0,0,36,60,0,0,1267,3076,control
90,collector,1,meadow,はじまり草原,1,4,2,1,1,1,3,6,8,7,1,0,2,3,2,23,1,0,12,51,3,1,11,0,0,0,6,1,0,0,230,1136,control
90,collector,2,cave,こだま洞くつ,3,7,2,1,1,7,7,12,14,12,2,0,5,5,4,93,3,0,22,166,8,1,27,0,0,0,18,22,0,0,1214,1553,control
90,collector,3,brook,しずく湖畔,5,10,3,1,1,13,13,14,3,1,2,0,7,1,0,7,5,5,9,45,0,0,10,0,0,0,17,0,0,0,2415,4044,control
90,collector,4,volcano,ほむら火山,8,14,4,1,1,14,14,18,13,10,3,0,8,4,3,23,5,5,22,82,4,1,8,0,0,0,27,34,0,0,2136,2782,control
90,collector,5,tower,星晶の塔,12,20,5,1,1,18,17,21,26,23,3,0,9,8,7,86,5,5,39,173,9,1,39,0,0,0,41,30,0,0,1471,2642,control
91,rush,1,meadow,はじまり草原,1,4,2,1,1,1,3,7,5,2,2,1,3,3,2,29,0,0,8,42,0,0,11,0,0,0,8,8,0,0,230,685,control
91,rush,2,cave,こだま洞くつ,3,7,2,1,1,7,7,10,4,4,0,0,0,3,2,23,0,0,7,33,0,0,8,0,0,0,8,16,0,0,685,1219,control
91,rush,3,brook,しずく湖畔,5,10,3,1,1,10,11,13,4,4,0,0,0,2,1,11,0,0,6,20,0,0,6,0,0,0,5,20,0,0,1219,1480,control
91,rush,4,volcano,ほむら火山,8,14,4,1,1,13,14,21,33,33,0,0,0,30,29,142,0,0,63,250,0,0,7,0,0,0,101,73,0,0,1480,948,control
91,rush,5,tower,星晶の塔,12,20,5,1,0,21,21,0,46,45,0,1,0,40,40,174,0,0,86,292,0,0,6,0,0,0,139,117,0,0,948,0,control
92,balanced,1,meadow,はじまり草原,1,4,2,1,1,1,3,7,7,5,1,1,4,3,2,25,2,0,12,55,3,1,11,0,0,0,7,6,0,0,230,869,control
92,balanced,2,cave,こだま洞くつ,3,7,2,1,1,8,9,12,7,5,1,1,3,3,2,40,1,0,11,80,2,1,20,0,0,0,7,21,0,0,1645,1965,control
92,balanced,3,brook,しずく湖畔,5,10,3,1,1,12,7,11,9,8,1,0,3,4,3,19,2,2,15,42,2,1,6,0,0,0,11,19,0,0,2099,1696,control
92,balanced,4,volcano,ほむら火山,8,14,4,1,1,11,12,16,8,8,0,0,6,3,2,31,2,2,13,71,2,1,19,0,0,0,8,31,0,0,1314,2458,control
92,balanced,5,tower,星晶の塔,12,20,5,1,1,16,18,22,21,20,1,0,3,9,8,39,2,2,32,88,8,1,6,0,0,0,22,70,0,0,1905,1890,control
93,collector,1,meadow,はじまり草原,1,4,2,1,1,1,2,6,9,7,1,1,4,3,2,27,2,1,14,66,3,1,15,0,0,0,9,1,0,0,230,1160,control
93,collector,2,cave,こだま洞くつ,3,7,2,1,1,6,7,12,11,10,1,0,6,4,3,70,4,3,19,165,8,1,27,0,0,0,21,17,0,0,1099,1909,control
93,collector,3,brook,しずく湖畔,5,10,3,1,1,11,11,13,6,3,3,0,8,2,1,16,5,5,13,66,2,1,9,0,0,0,20,8,0,0,1436,1630,control
93,collector,4,volcano,ほむら火山,8,14,4,1,1,13,10,16,16,13,3,0,9,5,4,40,5,5,26,120,3,1,18,0,0,0,32,31,0,0,862,1955,control
93,collector,5,tower,星晶の塔,12,20,5,1,1,16,16,20,20,19,1,0,8,6,5,31,5,5,31,105,5,1,7,0,0,0,36,21,0,0,1034,3843,control
94,rush,1,meadow,はじまり草原,1,4,2,1,1,1,2,7,6,4,1,1,3,4,3,29,0,0,10,45,0,0,9,0,0,0,9,8,0,0,230,692,control
94,rush,2,cave,こだま洞くつ,3,7,2,1,1,7,7,11,8,7,1,0,2,7,6,56,0,0,15,79,0,0,10,0,0,0,21,16,0,0,692,1708,control
94,rush,3,brook,しずく湖畔,5,10,3,1,1,11,11,14,5,5,0,0,0,3,2,15,0,0,8,25,0,0,7,0,0,0,8,25,0,0,1708,1166,control
94,rush,4,volcano,ほむら火山,8,14,4,1,1,14,15,19,17,17,0,0,0,14,13,80,0,0,31,114,0,0,7,0,0,0,41,44,0,0,1166,986,control
94,rush,5,tower,星晶の塔,12,20,5,1,0,19,20,0,46,45,0,1,0,40,40,190,0,0,86,310,0,0,7,0,0,0,124,122,0,0,986,0,control
95,balanced,1,meadow,はじまり草原,1,4,2,1,1,1,3,7,6,5,1,0,3,3,2,26,2,0,11,56,3,1,11,0,0,0,6,6,0,0,230,874,control
95,balanced,2,cave,こだま洞くつ,3,7,2,1,1,8,9,12,6,5,1,0,3,3,2,20,2,2,11,53,1,1,9,0,0,0,12,26,0,0,1650,1716,control
95,balanced,3,brook,しずく湖畔,5,10,3,1,1,12,13,14,5,4,1,0,3,2,1,10,2,2,9,31,0,0,7,0,0,0,10,19,0,0,1330,1210,control
95,balanced,4,volcano,ほむら火山,8,14,4,1,1,14,15,21,30,30,0,0,6,14,13,83,2,2,46,168,4,1,16,0,0,0,48,63,0,0,938,1245,control
95,balanced,5,tower,星晶の塔,12,20,5,1,1,21,22,26,24,22,1,1,7,10,9,51,2,2,36,148,1,1,9,0,0,0,41,67,0,0,965,3052,control
96,collector,1,meadow,はじまり草原,1,4,2,1,1,1,3,5,6,3,2,1,4,2,1,22,1,0,9,54,1,1,14,0,0,0,9,0,0,0,230,1245,control
96,collector,2,cave,こだま洞くつ,3,7,2,1,1,6,5,10,9,6,2,1,8,3,2,32,5,4,17,120,4,1,15,0,0,0,23,9,0,0,1503,2893,control
96,collector,3,brook,しずく湖畔,5,10,3,1,1,11,10,13,12,11,1,0,7,4,3,35,5,5,21,80,3,1,13,0,0,0,26,14,0,0,1855,1373,control
96,collector,4,volcano,ほむら火山,8,14,4,1,1,13,13,17,16,14,2,0,8,5,4,70,5,5,26,145,2,1,24,0,0,0,31,23,0,0,726,1882,control
96,collector,5,tower,星晶の塔,12,20,5,1,1,17,15,26,61,54,2,5,13,18,17,385,5,5,84,671,12,1,59,4,0,0,88,56,0,0,995,4387,control
97,rush,1,meadow,はじまり草原,1,4,2,1,1,1,2,7,6,3,1,2,4,3,2,20,0,0,9,38,0,0,9,0,0,0,7,7,0,0,230,706,control
97,rush,2,cave,こだま洞くつ,3,7,2,1,1,7,7,10,7,6,1,0,1,6,5,49,0,0,13,70,0,0,10,0,0,0,19,16,0,0,706,1409,control
97,rush,3,brook,しずく湖畔,5,10,3,1,1,10,11,14,7,7,0,0,0,5,4,27,0,0,12,42,0,0,7,0,0,0,13,27,0,0,1409,1128,control
97,rush,4,volcano,ほむら火山,8,14,4,1,1,14,15,21,25,25,0,0,0,22,21,122,0,0,47,179,0,0,7,0,0,0,65,64,0,0,1128,1301,control
97,rush,5,tower,星晶の塔,12,20,5,1,0,21,21,0,45,45,0,0,0,40,40,183,0,0,85,311,0,0,7,0,0,0,128,109,0,0,1301,0,control
98,balanced,1,meadow,はじまり草原,1,4,2,1,1,1,3,7,6,5,1,0,3,3,2,24,2,0,11,55,2,1,13,0,0,0,6,6,0,0,230,864,control
98,balanced,2,cave,こだま洞くつ,3,7,2,1,1,8,8,12,8,7,1,0,3,4,3,39,2,0,14,80,3,1,14,0,0,0,14,30,0,0,1640,1235,control
98,balanced,3,brook,しずく湖畔,5,10,3,1,1,10,11,15,9,8,1,0,3,4,3,19,2,2,15,46,2,1,7,0,0,0,11,30,0,0,1743,2136,control
98,balanced,4,volcano,ほむら火山,8,14,4,1,1,15,15,18,6,5,1,0,4,2,1,10,2,2,10,31,1,1,5,0,0,0,7,25,0,0,1655,2052,control
98,balanced,5,tower,星晶の塔,12,20,5,1,1,18,19,23,21,20,1,0,7,9,8,76,2,2,32,155,1,1,23,0,0,0,33,62,0,0,1590,1864,control
99,collector,1,meadow,はじまり草原,1,4,2,1,1,1,2,7,11,10,1,0,4,4,3,48,2,0,17,119,6,1,19,0,0,0,11,1,0,0,230,1056,control
99,collector,2,cave,こだま洞くつ,3,7,2,1,1,8,8,12,11,9,2,0,3,4,3,40,1,0,16,65,5,1,19,0,0,0,11,21,0,0,1982,1558,control
99,collector,3,brook,しずく湖畔,5,10,3,1,1,10,10,13,9,6,3,0,8,3,2,16,5,5,17,66,0,0,9,0,0,0,22,15,0,0,2152,1342,control
99,collector,4,volcano,ほむら火山,8,14,4,1,1,13,14,17,10,8,2,0,8,3,2,30,5,5,18,91,1,1,12,0,0,0,24,20,0,0,711,3691,control
99,collector,5,tower,星晶の塔,12,20,5,1,1,17,16,26,54,51,2,1,8,17,16,86,5,5,76,324,8,1,21,0,0,0,77,64,0,0,1950,3222,control
100,rush,1,meadow,はじまり草原,1,4,2,1,1,1,2,6,7,3,1,3,5,3,2,24,0,0,10,45,0,0,12,0,0,0,8,7,0,0,230,707,control
100,rush,2,cave,こだま洞くつ,3,7,2,1,1,6,6,11,12,10,1,1,3,10,9,92,0,0,22,129,0,0,14,0,0,0,31,20,0,0,707,1418,control
100,rush,3,brook,しずく湖畔,5,10,3,1,1,11,12,15,8,8,0,0,0,6,5,33,0,0,14,51,0,0,7,0,0,0,17,24,0,0,1418,1356,control
100,rush,4,volcano,ほむら火山,8,14,4,1,1,15,15,20,17,17,0,0,0,14,13,81,0,0,31,117,0,0,7,0,0,0,41,58,0,0,1356,1257,control
100,rush,5,tower,星晶の塔,12,20,5,1,0,20,20,0,45,45,0,0,0,40,40,188,0,0,85,298,0,0,6,0,0,0,122,111,0,0,1257,0,control
101,balanced,1,meadow,はじまり草原,1,4,2,1,1,1,3,6,9,5,1,3,4,3,2,28,1,0,13,58,5,1,10,0,0,0,8,5,0,0,230,868,control
101,balanced,2,cave,こだま洞くつ,3,7,2,1,1,7,7,11,6,5,1,0,2,3,2,44,1,0,10,76,1,1,24,0,0,0,5,19,0,0,1646,2102,control
101,balanced,3,brook,しずく湖畔,5,10,3,1,1,12,8,12,9,8,1,0,3,4,3,24,2,2,15,51,4,1,7,0,0,0,11,28,0,0,2236,1505,control
101,balanced,4,volcano,ほむら火山,8,14,4,1,1,12,12,16,10,9,1,0,6,4,3,51,2,2,16,92,3,1,16,0,0,0,17,30,0,0,1166,1221,control
101,balanced,5,tower,星晶の塔,12,20,5,1,1,16,17,18,5,4,1,0,3,1,0,11,2,2,8,31,0,0,11,0,0,0,9,0,0,0,946,5152,control
102,collector,1,meadow,はじまり草原,1,4,2,1,1,1,2,6,15,9,2,4,8,4,3,45,3,2,22,131,8,1,16,0,0,0,24,0,0,0,230,1025,control
102,collector,2,cave,こだま洞くつ,3,7,2,1,1,6,5,10,8,7,1,0,6,3,2,37,4,2,15,109,4,1,17,0,0,0,9,7,0,0,1052,2387,control
102,collector,3,brook,しずく湖畔,5,10,3,1,1,10,10,12,6,3,3,0,8,2,1,12,5,5,13,54,0,0,7,0,0,0,20,5,0,0,2561,2607,control
102,collector,4,volcano,ほむら火山,8,14,4,1,1,12,12,17,11,8,2,1,10,3,2,20,5,5,19,107,3,1,10,0,0,0,32,18,0,0,1378,4265,control
102,collector,5,tower,星晶の塔,12,20,5,1,1,17,17,22,31,26,3,2,11,9,8,109,5,5,45,220,2,1,24,0,0,0,51,34,0,0,2253,2629,control
103,rush,1,meadow,はじまり草原,1,4,2,1,1,1,3,7,6,4,1,1,3,4,3,28,0,0,10,47,0,0,8,0,0,0,8,8,0,0,230,711,control
103,rush,2,cave,こだま洞くつ,3,7,2,1,1,7,7,11,6,5,1,0,1,5,4,35,0,0,11,52,0,0,8,0,0,0,13,16,0,0,711,1374,control
103,rush,3,brook,しずく湖畔,5,10,3,1,1,11,11,12,3,3,0,0,0,1,0,7,0,0,4,15,0,0,7,0,0,0,2,0,0,0,1374,2821,control
103,rush,4,volcano,ほむら火山,8,14,4,1,0,12,13,0,44,44,0,0,0,40,40,207,0,0,84,350,0,0,7,0,0,0,136,110,0,0,2821,0,control
103,rush,5,tower,星晶の塔,12,20,5,0,0,0,0,0,0,0,0,0,0,0,0,0,0,0,0,0,0,0,0,0,0,0,0,0,0,0,0,0,control
104,balanced,1,meadow,はじまり草原,1,4,2,1,1,1,3,7,6,4,2,0,4,3,2,36,2,0,11,70,5,1,14,0,0,0,9,5,0,0,230,911,control
104,balanced,2,cave,こだま洞くつ,3,7,2,1,1,8,8,12,6,5,1,0,2,3,2,47,1,0,10,68,4,1,23,0,0,0,9,24,0,0,2567,1981,control
104,balanced,3,brook,しずく湖畔,5,10,3,1,1,10,12,13,3,2,1,0,3,1,0,11,2,2,6,27,1,1,11,0,0,0,8,0,0,0,2375,3215,control
104,balanced,4,volcano,ほむら火山,8,14,4,1,1,13,13,16,13,9,1,3,8,4,3,20,2,2,19,72,1,1,8,0,0,0,23,26,0,0,2491,2457,control
104,balanced,5,tower,星晶の塔,12,20,5,1,1,16,17,21,11,10,1,0,3,4,3,20,2,2,17,57,1,1,7,0,0,0,18,64,0,0,1904,1931,control
105,collector,1,meadow,はじまり草原,1,4,2,1,1,1,2,6,15,10,1,4,8,4,3,40,3,0,22,112,6,1,15,0,0,0,13,0,0,0,230,1068,control
105,collector,2,cave,こだま洞くつ,3,7,2,1,1,9,9,11,8,7,1,0,5,3,2,56,4,3,15,113,3,1,24,0,0,0,19,13,0,0,2372,2224,control
105,collector,3,brook,しずく湖畔,5,10,3,1,1,9,11,14,9,7,2,0,8,3,2,15,5,5,17,77,1,1,15,0,0,0,23,14,0,0,2092,2722,control
105,collector,4,volcano,ほむら火山,8,14,4,1,1,14,13,17,13,10,3,0,8,4,3,22,5,5,22,82,3,1,8,0,0,0,26,30,0,0,1438,1825,control
105,collector,5,tower,星晶の塔,12,20,5,1,1,17,16,19,21,17,3,1,10,6,5,59,5,5,32,140,4,1,25,0,0,0,36,20,0,0,965,2674,control
106,rush,1,meadow,はじまり草原,1,4,2,1,1,1,3,7,4,3,1,0,2,3,2,21,0,0,7,31,0,0,8,0,0,0,4,9,0,0,230,666,control
106,rush,2,cave,こだま洞くつ,3,7,2,1,1,7,7,13,18,17,0,1,1,16,15,80,0,0,34,107,0,0,6,0,0,0,32,35,0,0,666,513,control
106,rush,3,brook,しずく湖畔,5,10,3,1,1,13,13,16,14,13,1,0,2,12,11,65,0,0,26,86,0,0,7,0,0,0,35,16,0,0,513,1163,control
106,rush,4,volcano,ほむら火山,8,14,4,1,1,16,17,21,16,16,0,0,0,13,12,71,0,0,29,98,0,0,6,0,0,0,39,58,0,0,1163,960,control
106,rush,5,tower,星晶の塔,12,20,5,1,0,21,21,0,46,45,0,1,0,40,40,176,0,0,86,275,0,0,6,0,0,0,128,105,0,0,960,0,control
107,balanced,1,meadow,はじまり草原,1,4,2,1,1,1,2,6,15,4,2,9,10,3,2,39,2,0,20,107,9,1,15,0,0,0,18,3,0,0,230,889,control
107,balanced,2,cave,こだま洞くつ,3,7,2,1,1,8,8,12,6,5,1,0,2,3,2,31,1,0,10,47,2,1,15,0,0,0,7,23,0,0,2785,2011,control
107,balanced,3,brook,しずく湖畔,5,10,3,1,1,10,12,14,5,4,1,0,3,2,1,11,2,2,9,44,1,1,13,0,0,0,10,14,0,0,2405,2241,control
107,balanced,4,volcano,ほむら火山,8,14,4,1,1,14,12,16,12,11,1,0,3,5,4,60,2,2,19,93,4,1,19,0,0,0,20,28,0,0,1737,2410,control
107,balanced,5,tower,星晶の塔,12,20,5,1,1,16,17,26,44,40,1,3,8,19,18,119,2,2,65,235,6,1,16,0,0,0,76,121,0,0,1867,1888,control
108,collector,1,meadow,はじまり草原,1,4,2,1,1,1,2,6,8,6,2,0,4,3,2,38,2,0,13,81,7,1,15,0,0,0,12,1,0,0,230,1168,control
108,collector,2,cave,こだま洞くつ,3,7,2,1,1,8,8,11,8,6,2,0,7,3,2,46,5,5,16,110,3,1,18,0,0,0,23,8,0,0,3064,2916,control
108,collector,3,brook,しずく湖畔,5,10,3,1,1,11,9,11,6,3,3,0,8,2,1,12,5,5,13,64,1,1,9,0,0,0,22,6,0,0,1540,1633,control
108,collector,4,volcano,ほむら火山,8,14,4,1,1,11,10,18,32,26,2,4,11,9,8,91,5,5,46,291,11,1,18,0,0,0,61,38,0,0,865,1598,control
108,collector,5,tower,星晶の塔,12,20,5,1,1,18,17,26,54,51,2,1,8,17,16,453,5,5,76,790,17,1,80,5,0,0,73,53,0,0,846,4427,control
109,rush,1,meadow,はじまり草原,1,4,2,1,1,1,3,7,11,8,0,3,3,7,6,34,0,0,18,68,0,0,7,0,0,0,9,8,0,0,230,586,control
109,rush,2,cave,こだま洞くつ,3,7,2,1,1,7,7,12,8,6,2,0,2,7,6,54,0,0,15,72,0,0,10,0,0,0,20,30,0,0,586,666,control
109,rush,3,brook,しずく湖畔,5,10,3,1,1,12,12,15,12,12,0,0,0,10,9,56,0,0,22,79,0,0,7,0,0,0,29,15,0,0,666,1389,control
109,rush,4,volcano,ほむら火山,8,14,4,1,1,15,15,19,13,13,0,0,0,10,9,56,0,0,23,82,0,0,7,0,0,0,29,54,0,0,1389,1280,control
109,rush,5,tower,星晶の塔,12,20,5,1,0,19,20,0,47,45,0,2,0,40,40,187,0,0,87,316,0,0,7,0,0,0,131,107,0,0,1280,0,control
110,balanced,1,meadow,はじまり草原,1,4,2,1,1,1,3,7,6,5,1,0,2,3,2,29,1,0,10,51,4,1,15,0,0,0,6,6,0,0,230,864,control
110,balanced,2,cave,こだま洞くつ,3,7,2,1,1,7,7,11,6,5,1,0,3,3,2,54,2,2,11,85,3,1,24,0,0,0,14,18,0,0,942,2301,control
110,balanced,3,brook,しずく湖畔,5,10,3,1,1,11,12,14,5,5,0,0,4,2,1,15,2,2,9,37,2,1,8,0,0,0,10,17,0,0,1782,1357,control
110,balanced,4,volcano,ほむら火山,8,14,4,1,1,14,14,20,30,29,1,0,3,14,13,101,2,2,46,174,11,1,20,0,0,0,47,59,0,0,1052,1251,control
110,balanced,5,tower,星晶の塔,12,20,5,1,1,20,21,23,13,12,1,0,3,5,4,24,2,2,20,61,1,1,7,0,0,0,21,41,0,0,969,1833,control
111,collector,1,meadow,はじまり草原,1,4,2,1,1,1,2,6,9,7,1,1,2,3,2,23,1,0,13,49,2,1,10,0,0,0,6,0,0,0,230,1166,control
111,collector,2,cave,こだま洞くつ,3,7,2,1,1,6,7,10,5,3,2,0,7,2,1,31,5,4,12,115,1,1,20,0,0,0,11,5,0,0,1244,3384,control
111,collector,3,brook,しずく湖畔,5,10,3,1,1,10,11,14,15,13,2,0,7,5,4,60,5,5,25,130,0,0,24,0,0,0,29,20,0,0,2122,1317,control
111,collector,4,volcano,ほむら火山,8,14,4,1,1,14,13,20,38,36,1,1,8,12,11,270,5,5,55,528,7,1,43,0,0,0,59,36,0,0,697,1594,control
111,collector,5,tower,星晶の塔,12,20,5,1,1,20,19,27,51,48,2,1,9,16,15,179,5,5,72,370,1,1,27,0,0,0,68,59,0,0,843,4006,control
112,rush,1,meadow,はじまり草原,1,4,2,1,1,1,3,7,5,4,1,0,1,4,3,28,0,0,9,41,0,0,9,0,0,0,7,9,0,0,230,671,control
112,rush,2,cave,こだま洞くつ,3,7,2,1,1,7,7,14,31,31,0,0,2,30,29,159,0,0,61,237,0,0,9,0,0,0,61,43,0,0,671,559,control
112,rush,3,brook,しずく湖畔,5,10,3,1,1,14,15,17,5,4,1,0,2,3,2,17,0,0,8,27,0,0,7,0,0,0,8,22,0,0,559,1149,control
112,rush,4,volcano,ほむら火山,8,14,4,1,1,17,17,21,20,20,0,0,0,17,16,89,0,0,37,124,0,0,7,0,0,0,50,49,0,0,1149,995,control
112,rush,5,tower,星晶の塔,12,20,5,1,0,21,22,0,45,45,0,0,0,40,40,169,0,0,85,275,0,0,6,0,0,0,126,108,0,0,995,0,control
113,balanced,1,meadow,はじまり草原,1,4,2,1,1,1,2,6,6,4,2,0,4,3,2,35,2,1,11,73,5,1,15,0,0,0,13,5,0,0,230,912,control
113,balanced,2,cave,こだま洞くつ,3,7,2,1,1,7,7,11,6,5,1,0,4,3,2,36,2,2,11,69,0,0,16,0,0,0,15,17,0,0,1761,2374,control
113,balanced,3,brook,しずく湖畔,5,10,3,1,1,11,12,14,7,6,1,0,4,3,2,21,2,2,12,44,2,1,8,0,0,0,13,27,0,0,1840,1197,control
113,balanced,4,volcano,ほむら火山,8,14,4,1,1,14,14,19,18,17,1,0,4,8,7,51,2,1,28,94,6,1,8,0,0,0,27,33,0,0,928,2465,control
113,balanced,5,tower,星晶の塔,12,20,5,1,1,16,19,22,9,8,1,0,4,3,2,15,2,2,14,55,0,0,7,0,0,0,16,40,0,0,2427,3031,control
114,collector,1,meadow,はじまり草原,1,4,2,1,1,1,2,6,8,6,2,0,3,3,2,31,1,0,12,62,6,1,12,0,0,0,9,1,0,0,230,1151,control
114,collector,2,cave,こだま洞くつ,3,7,2,1,1,6,6,10,8,6,2,0,5,3,2,37,3,2,14,83,2,1,16,0,0,0,16,7,0,0,1409,2903,control
114,collector,3,brook,しずく湖畔,5,10,3,1,1,11,9,13,12,10,2,0,7,4,3,34,5,5,21,89,3,1,15,0,0,0,25,15,0,0,2383,1697,control
114,collector,4,volcano,ほむら火山,8,14,4,1,1,13,12,16,10,8,2,0,7,3,2,27,5,5,18,80,2,1,13,0,0,0,24,16,0,0,898,2848,control
114,collector,5,tower,星晶の塔,12,20,5,1,1,16,17,23,32,30,2,0,9,10,9,168,5,5,47,265,4,1,60,1,0,0,46,35,0,0,1505,3821,control
115,rush,1,meadow,はじまり草原,1,4,2,1,1,1,2,5,3,1,2,0,2,2,1,18,0,0,5,28,0,0,9,0,0,0,5,3,0,0,230,924,control
115,rush,2,cave,こだま洞くつ,3,7,2,1,1,5,6,10,7,7,0,0,0,6,5,39,0,0,13,56,0,0,9,0,0,0,17,17,0,0,924,1406,control
115,rush,3,brook,しずく湖畔,5,10,3,1,1,10,11,13,4,4,0,0,0,2,1,14,0,0,6,20,0,0,7,0,0,0,5,23,0,0,1406,1471,control
115,rush,4,volcano,ほむら火山,8,14,4,1,1,13,14,22,42,41,0,1,0,38,37,182,0,0,80,302,0,0,6,0,0,0,128,77,0,0,1471,987,control
115,rush,5,tower,星晶の塔,12,20,5,1,0,22,22,0,45,45,0,0,0,40,40,173,0,0,85,287,0,0,6,0,0,0,132,119,0,0,987,0,control
116,balanced,1,meadow,はじまり草原,1,4,2,1,1,1,2,7,6,5,1,0,2,3,2,24,1,0,10,48,2,1,11,0,0,0,5,6,0,0,230,876,control
116,balanced,2,cave,こだま洞くつ,3,7,2,1,1,7,7,11,6,5,1,0,3,3,2,47,2,2,11,86,3,1,26,0,0,0,14,15,0,0,954,2525,control
116,balanced,3,brook,しずく湖畔,5,10,3,1,1,11,12,14,5,4,1,0,3,2,1,10,2,2,9,35,1,1,7,0,0,0,11,17,0,0,1956,1674,control
116,balanced,4,volcano,ほむら火山,8,14,4,1,1,14,13,16,14,13,1,0,3,6,5,42,2,2,22,82,2,1,10,0,0,0,25,31,0,0,1298,1230,control
116,balanced,5,tower,星晶の塔,12,20,5,1,1,16,18,26,43,41,0,2,9,19,18,84,2,2,64,228,8,1,8,0,0,0,78,113,0,0,954,1781,control
117,collector,1,meadow,はじまり草原,1,4,2,1,1,1,3,6,5,3,2,0,3,2,1,24,1,0,8,44,4,1,12,0,0,0,6,0,0,0,230,1267,control
117,collector,2,cave,こだま洞くつ,3,7,2,1,1,5,4,9,8,7,1,0,2,3,2,46,1,0,12,93,4,1,18,0,0,0,5,5,0,0,1525,3110,control
117,collector,3,brook,しずく湖畔,5,10,3,1,1,10,10,13,12,10,2,0,7,4,3,54,5,5,21,117,6,1,21,0,0,0,26,21,0,0,3744,2134,control
117,collector,4,volcano,ほむら火山,8,14,4,1,1,13,12,14,7,4,3,0,8,2,1,16,5,5,14,69,1,1,11,0,0,0,22,8,0,0,1128,2501,control
117,collector,5,tower,星晶の塔,12,20,5,1,1,14,16,20,18,15,2,1,9,5,4,53,5,5,28,137,2,1,31,0,0,0,36,33,0,0,1321,3485,control
118,rush,1,meadow,はじまり草原,1,4,2,1,1,1,3,6,3,1,2,0,2,2,1,21,0,0,5,32,0,0,11,0,0,0,5,5,0,0,230,807,control
118,rush,2,cave,こだま洞くつ,3,7,2,1,1,6,6,11,9,9,0,0,0,8,7,66,0,0,17,85,0,0,9,0,0,0,23,20,0,0,807,675,control
118,rush,3,brook,しずく湖畔,5,10,3,1,1,11,12,14,4,4,0,0,0,2,1,14,0,0,6,23,0,0,9,0,0,0,4,25,0,0,675,1144,control
118,rush,4,volcano,ほむら火山,8,14,4,1,1,14,15,22,38,38,0,0,0,35,34,181,0,0,73,300,0,0,6,0,0,0,117,82,0,0,1144,961,control
118,rush,5,tower,星晶の塔,12,20,5,1,0,22,22,0,45,45,0,0,0,40,40,169,0,0,85,281,0,0,7,0,0,0,131,109,0,0,961,0,control
119,balanced,1,meadow,はじまり草原,1,4,2,1,1,1,3,6,8,5,1,2,4,3,2,22,1,0,12,58,4,1,10,0,0,0,8,5,0,0,230,899,control
119,balanced,2,cave,こだま洞くつ,3,7,2,1,1,7,7,11,6,5,1,0,3,3,2,33,2,2,11,71,2,1,14,0,0,0,14,18,0,0,977,2353,control
119,balanced,3,brook,しずく湖畔,5,10,3,1,1,11,12,14,9,8,1,0,3,4,3,27,2,2,15,54,2,1,9,0,0,0,17,25,0,0,1823,1154,control
119,balanced,4,volcano,ほむら火山,8,14,4,1,1,14,15,20,22,21,1,0,5,10,9,72,2,2,34,125,8,1,17,0,0,0,35,56,0,0,895,1524,control
119,balanced,5,tower,星晶の塔,12,20,5,1,1,20,19,24,24,22,1,1,5,10,9,51,2,2,36,128,5,1,9,0,0,0,39,45,0,0,1181,2227,control
120,collector,1,meadow,はじまり草原,1,4,2,1,1,1,3,6,8,7,1,0,2,3,2,24,1,0,12,53,3,1,12,0,0,0,6,1,0,0,230,1119,control
120,collector,2,cave,こだま洞くつ,3,7,2,1,1,7,7,10,5,5,0,0,5,2,1,21,5,4,12,98,1,1,11,0,0,0,10,4,0,0,1197,3104,control
120,collector,3,brook,しずく湖畔,5,10,3,1,1,11,7,11,12,10,2,0,7,4,3,34,5,5,21,82,2,1,14,0,0,0,17,10,0,0,2177,1983,control
120,collector,4,volcano,ほむら火山,8,14,4,1,1,11,12,16,13,11,2,0,8,4,3,24,5,5,22,85,1,1,10,0,0,0,27,12,0,0,1049,2774,control
120,collector,5,tower,星晶の塔,12,20,5,1,1,16,14,20,28,24,2,2,9,8,7,62,5,5,41,173,7,1,15,0,0,0,46,23,0,0,1466,3789,control
121,rush,1,meadow,はじまり草原,1,4,2,1,1,1,2,7,4,3,1,0,1,3,2,21,0,0,7,35,0,0,7,0,0,0,4,9,0,0,230,658,control
121,rush,2,cave,こだま洞くつ,3,7,2,1,1,7,7,9,3,2,1,0,1,2,1,17,0,0,5,25,0,0,9,0,0,0,5,8,0,0,658,729,control
121,rush,3,brook,しずく湖畔,5,10,3,1,1,9,10,13,4,4,0,0,0,2,1,13,0,0,6,21,0,0,7,0,0,0,5,16,0,0,729,1799,control
121,rush,4,volcano,ほむら火山,8,14,4,1,1,13,14,19,23,23,0,0,0,20,19,110,0,0,43,160,0,0,7,0,0,0,61,54,0,0,1799,971,control
121,rush,5,tower,星晶の塔,12,20,5,1,0,19,20,0,45,45,0,0,0,40,40,191,0,0,85,305,0,0,6,0,0,0,123,135,0,0,971,0,control
122,balanced,1,meadow,はじまり草原,1,4,2,1,1,1,3,6,12,5,1,6,7,3,2,30,2,2,17,82,6,1,14,0,0,0,16,4,0,0,230,888,control
122,balanced,2,cave,こだま洞くつ,3,7,2,1,1,6,6,12,12,11,1,0,3,6,5,75,2,2,20,126,2,1,24,0,0,0,22,26,0,0,689,1053,control
122,balanced,3,brook,しずく湖畔,5,10,3,1,1,12,12,14,5,4,1,0,3,2,1,14,2,2,9,38,0,0,8,0,0,0,11,11,0,0,816,1577,control
122,balanced,4,volcano,ほむら火山,8,14,4,1,1,14,14,21,28,27,1,0,3,13,12,108,2,2,43,191,7,1,14,0,0,0,49,65,0,0,1222,1202,control
122,balanced,5,tower,星晶の塔,12,20,5,1,1,21,19,23,23,22,1,0,3,10,9,42,2,2,35,104,3,1,7,0,0,0,37,53,0,0,932,1873,control
123,collector,1,meadow,はじまり草原,1,4,2,1,1,1,2,6,9,6,2,1,3,3,2,36,1,0,13,81,9,1,15,0,0,0,13,0,0,0,230,1164,control
123,collector,2,cave,こだま洞くつ,3,7,2,1,1,6,6,11,8,7,1,0,5,3,2,34,4,3,15,115,2,1,17,0,0,0,10,8,0,0,2362,2802,control
123,collector,3,brook,しずく湖畔,5,10,3,1,1,11,8,12,15,13,2,0,3,5,4,21,1,0,21,50,2,1,8,0,0,0,9,17,0,0,2305,1340,control
123,collector,4,volcano,ほむら火山,8,14,4,1,1,13,14,16,7,4,3,0,6,2,1,11,2,1,11,48,2,1,7,0,0,0,11,8,0,0,1547,5059,control
123,collector,5,tower,星晶の塔,12,20,5,1,1,16,17,19,11,9,2,0,8,3,2,17,5,5,19,65,2,1,7,0,0,0,24,25,0,0,4709,4678,control
124,rush,1,meadow,はじまり草原,1,4,2,1,1,1,2,7,6,2,2,2,4,3,2,30,0,0,9,50,0,0,11,0,0,0,10,8,0,0,230,667,control
124,rush,2,cave,こだま洞くつ,3,7,2,1,1,7,7,10,4,4,0,0,0,3,2,22,0,0,7,31,0,0,9,0,0,0,8,15,0,0,667,549,control
124,rush,3,brook,しずく湖畔,5,10,3,1,1,10,11,14,7,7,0,0,0,5,4,23,0,0,12,39,0,0,6,0,0,0,14,27,0,0,549,1136,control
124,rush,4,volcano,ほむら火山,8,14,4,1,1,14,15,22,38,37,0,1,0,34,33,169,0,0,72,273,0,0,7,0,0,0,112,77,0,0,1136,962,control
124,rush,5,tower,星晶の塔,12,20,5,1,0,22,22,0,45,45,0,0,0,40,40,168,0,0,85,296,0,0,7,0,0,0,140,109,0,0,962,0,control
125,balanced,1,meadow,はじまり草原,1,4,2,1,1,1,2,6,7,4,2,1,5,3,2,34,2,0,12,72,5,1,14,0,0,0,11,5,0,0,230,890,control
125,balanced,2,cave,こだま洞くつ,3,7,2,1,1,7,8,11,6,5,1,0,3,3,2,60,2,2,11,93,3,1,23,0,0,0,13,17,0,0,1466,2067,control
125,balanced,3,brook,しずく湖畔,5,10,3,1,1,11,12,13,3,2,1,0,3,1,0,12,2,2,6,32,0,0,12,0,0,0,8,0,0,0,1601,2721,control
125,balanced,4,volcano,ほむら火山,8,14,4,1,1,13,12,18,21,19,1,1,4,9,8,68,2,2,32,144,2,1,15,0,0,0,37,42,0,0,2108,2434,control
125,balanced,5,tower,星晶の塔,12,20,5,1,1,18,19,28,48,45,0,3,8,21,20,111,2,2,71,244,8,1,12,0,0,0,81,117,0,0,1885,3059,control
126,collector,1,meadow,はじまり草原,1,4,2,1,1,1,2,6,12,9,2,1,5,4,3,45,2,0,18,96,7,1,14,0,0,0,13,0,0,0,230,1030,control
126,collector,2,cave,こだま洞くつ,3,7,2,1,1,8,9,11,5,4,1,0,6,2,1,22,5,5,12,77,2,1,12,0,0,0,20,6,0,0,2836,3095,control
126,collector,3,brook,しずく湖畔,5,10,3,1,1,11,8,11,12,10,2,0,7,4,3,22,5,5,21,79,2,1,9,0,0,0,27,14,0,0,1636,1343,control
126,collector,4,volcano,ほむら火山,8,14,4,1,1,11,11,15,13,11,2,0,9,4,3,49,5,5,22,152,4,1,19,0,0,0,32,23,0,0,711,1913,control
126,collector,5,tower,星晶の塔,12,20,5,1,1,15,16,21,32,27,2,3,11,9,8,65,5,5,46,224,5,1,37,0,0,0,56,31,0,0,1012,3813,control
127,rush,1,meadow,はじまり草原,1,4,2,1,1,1,2,6,5,3,1,1,3,3,2,25,0,0,8,40,0,0,9,0,0,0,6,8,0,0,230,686,control
127,rush,2,cave,こだま洞くつ,3,7,2,1,1,6,7,10,7,6,1,0,1,6,5,55,0,0,13,77,0,0,11,0,0,0,17,16,0,0,686,1377,control
127,rush,3,brook,しずく湖畔,5,10,3,1,1,10,11,12,3,3,0,0,0,1,0,7,0,0,4,14,0,0,7,0,0,0,2,0,0,0,1377,2819,control
127,rush,4,volcano,ほむら火山,8,14,4,1,1,12,13,18,17,17,0,0,0,14,13,78,0,0,31,117,0,0,7,0,0,0,42,66,0,0,2819,989,control
127,rush,5,tower,星晶の塔,12,20,5,1,0,18,19,0,45,45,0,0,0,40,40,189,0,0,85,312,0,0,8,0,0,0,125,124,0,0,989,0,control
128,balanced,1,meadow,はじまり草原,1,4,2,1,1,1,3,7,6,5,1,0,2,3,2,26,1,0,10,48,3,1,11,0,0,0,6,6,0,0,230,871,control
128,balanced,2,cave,こだま洞くつ,3,7,2,1,1,7,7,11,6,5,1,0,2,3,2,24,1,0,10,49,3,1,10,0,0,0,10,16,0,0,949,2485,control
128,balanced,3,brook,しずく湖畔,5,10,3,1,1,10,11,13,5,4,1,0,4,2,1,15,2,2,9,37,1,1,9,0,0,0,11,9,0,0,2619,2945,control
128,balanced,4,volcano,ほむら火山,8,14,4,1,1,13,12,16,16,15,1,0,4,7,6,63,2,2,25,103,4,1,18,0,0,0,26,37,0,0,2281,1508,control
128,balanced,5,tower,星晶の塔,12,20,5,1,1,16,17,29,69,69,0,0,7,33,32,193,2,2,104,361,16,1,14,0,0,0,110,167,0,0,1169,3113,control
129,collector,1,meadow,はじまり草原,1,4,2,1,1,1,3,5,5,3,2,0,4,2,1,22,2,1,9,58,4,1,15,0,0,0,9,0,0,0,230,1264,control
129,collector,2,cave,こだま洞くつ,3,7,2,1,1,6,6,11,11,9,2,0,4,4,3,61,2,1,17,111,5,1,23,0,0,0,16,12,0,0,1611,2442,control
129,collector,3,brook,しずく湖畔,5,10,3,1,1,10,10,14,12,11,1,0,7,4,3,15,5,5,21,66,0,0,7,0,0,0,16,18,0,0,2283,1359,control
129,collector,4,volcano,ほむら火山,8,14,4,1,1,14,14,18,19,17,2,0,9,6,5,33,5,5,30,105,1,1,8,0,0,0,32,30,0,0,719,1602,control
129,collector,5,tower,星晶の塔,12,20,5,1,1,18,15,23,53,47,3,3,11,16,15,132,5,5,74,464,14,1,23,0,0,0,83,53,0,0,847,3483,control
130,rush,1,meadow,はじまり草原,1,4,2,1,1,1,3,10,18,16,0,2,3,15,14,65,0,0,33,100,0,0,6,0,0,0,16,17,0,0,230,492,control
130,rush,2,cave,こだま洞くつ,3,7,2,1,1,10,10,12,5,3,1,1,3,3,2,17,0,0,8,29,0,0,6,0,0,0,5,21,0,0,492,566,control
130,rush,3,brook,しずく湖畔,5,10,3,1,1,12,13,15,14,14,0,0,3,12,11,46,0,0,26,67,0,0,5,0,0,0,23,17,0,0,566,1153,control
130,rush,4,volcano,ほむら火山,8,14,4,1,1,15,16,17,4,3,1,0,1,1,0,4,0,0,5,12,0,0,4,0,0,0,1,0,0,0,1153,3748,control
130,rush,5,tower,星晶の塔,12,20,5,1,1,17,18,22,10,10,0,0,0,6,5,31,0,0,16,49,0,0,6,0,0,0,17,70,0,0,3748,1550,control
131,balanced,1,meadow,はじまり草原,1,4,2,1,1,1,2,6,8,5,1,2,3,3,2,26,2,2,13,69,4,1,11,0,0,0,12,5,0,0,230,860,control
131,balanced,2,cave,こだま洞くつ,3,7,2,1,1,6,7,11,8,7,1,0,3,4,3,62,2,2,14,100,3,1,20,0,0,0,17,12,0,0,667,1951,control
131,balanced,3,brook,しずく湖畔,5,10,3,1,1,11,11,13,5,4,1,0,3,2,1,17,2,2,9,38,0,0,12,0,0,0,11,16,0,0,1511,1901,control
131,balanced,4,volcano,ほむら火山,8,14,4,1,1,13,14,19,22,21,1,0,3,10,9,66,2,2,34,124,2,1,13,0,0,0,35,50,0,0,1473,1532,control
131,balanced,5,tower,星晶の塔,12,20,5,1,1,19,18,23,27,26,1,0,3,12,11,51,2,2,41,126,6,1,6,0,0,0,43,67,0,0,1188,2220,control
132,collector,1,meadow,はじまり草原,1,4,2,1,1,1,2,6,9,7,1,1,4,3,2,26,2,1,14,75,5,1,13,0,0,0,10,0,0,0,230,1131,control
132,collector,2,cave,こだま洞くつ,3,7,2,1,1,6,7,10,5,4,1,0,4,2,1,27,2,1,9,67,1,1,16,0,0,0,6,4,0,0,1074,3272,control
132,collector,3,brook,しずく湖畔,5,10,3,1,1,10,8,13,15,12,3,0,8,5,4,55,5,5,25,116,1,1,16,0,0,0,28,24,0,0,3014,1441,control
132,collector,4,volcano,ほむら火山,8,14,4,1,1,13,12,18,26,22,3,1,10,8,7,90,5,5,39,210,5,1,20,0,0,0,47,36,1,0,763,1654,control
132,collector,5,tower,星晶の塔,12,20,5,1,1,18,18,24,32,30,2,0,7,10,9,140,5,5,47,290,5,1,21,0,0,0,46,34,0,0,875,3466,control
133,rush,1,meadow,はじまり草原,1,4,2,1,1,1,2,7,4,2,2,0,2,3,2,37,0,0,7,47,0,0,15,0,0,0,8,8,0,0,230,698,control
133,rush,2,cave,こだま洞くつ,3,7,2,1,1,7,7,13,12,12,0,0,0,11,10,89,0,0,23,114,0,0,10,0,0,0,32,35,0,0,698,512,control
133,rush,3,brook,しずく湖畔,5,10,3,1,1,13,13,15,5,5,0,0,0,3,2,18,0,0,8,28,0,0,7,0,0,0,7,8,0,0,512,1363,control
133,rush,4,volcano,ほむら火山,8,14,4,1,1,15,15,23,43,43,0,0,0,40,39,211,0,0,83,341,0,0,7,0,0,0,127,89,0,0,1363,972,control
133,rush,5,tower,星晶の塔,12,20,5,1,0,23,23,0,46,45,0,1,0,40,40,174,0,0,86,297,0,0,7,0,0,0,133,101,0,0,972,0,control
134,balanced,1,meadow,はじまり草原,1,4,2,1,1,1,3,7,7,5,1,1,3,3,2,36,2,0,12,71,6,1,14,0,0,0,6,5,0,0,230,907,control
134,balanced,2,cave,こだま洞くつ,3,7,2,1,1,8,9,12,6,5,1,0,2,3,2,42,1,0,10,67,2,1,20,0,0,0,8,22,0,0,1683,1972,control
134,balanced,3,brook,しずく湖畔,5,10,3,1,1,11,12,15,9,8,1,0,3,4,3,16,2,2,15,40,3,1,6,0,0,0,11,36,0,0,2346,969,control
134,balanced,4,volcano,ほむら火山,8,14,4,1,1,15,12,15,6,5,1,0,3,2,1,10,2,2,10,34,1,1,6,0,0,0,7,9,0,0,751,2450,control
134,balanced,5,tower,星晶の塔,12,20,5,1,1,15,16,21,17,14,1,2,7,6,5,29,2,2,25,95,6,1,7,0,0,0,27,64,0,0,1898,1866,control
135,collector,1,meadow,はじまり草原,1,4,2,1,1,1,3,7,14,13,1,0,3,5,4,61,2,0,21,113,7,1,17,0,0,0,9,1,0,0,230,2026,control
135,collector,2,cave,こだま洞くつ,3,7,2,1,1,9,9,12,11,10,1,0,6,4,3,76,5,4,20,173,6,1,27,0,0,0,25,17,0,0,2952,1958,control
135,collector,3,brook,しずく湖畔,5,10,3,1,1,9,12,15,9,8,1,0,7,3,2,23,5,5,17,76,1,1,12,0,0,0,23,9,0,0,1310,2239,control
135,collector,4,volcano,ほむら火山,8,14,4,1,1,15,12,15,10,6,4,0,9,3,2,16,5,5,18,75,4,1,8,0,0,0,25,12,0,0,1183,3109,control
135,collector,5,tower,星晶の塔,12,20,5,1,1,15,16,19,11,9,2,0,7,3,2,16,5,5,19,75,3,1,8,0,0,0,24,25,0,0,1643,2319,control
136,rush,1,meadow,はじまり草原,1,4,2,1,1,1,2,7,6,3,1,2,3,3,2,23,0,0,9,37,0,0,10,0,0,0,7,8,0,0,230,681,control
136,rush,2,cave,こだま洞くつ,3,7,2,1,1,7,7,10,4,3,1,0,1,3,2,21,0,0,7,32,0,0,9,0,0,0,8,15,0,0,681,1227,control
136,rush,3,brook,しずく湖畔,5,10,3,1,1,10,11,13,4,4,0,0,0,2,1,11,0,0,6,19,0,0,6,0,0,0,4,21,0,0,1227,1439,control
136,rush,4,volcano,ほむら火山,8,14,4,1,1,13,14,19,20,20,0,0,0,17,16,90,0,0,37,136,0,0,6,0,0,0,52,51,0,0,1439,959,control
136,rush,5,tower,星晶の塔,12,20,5,1,0,19,20,0,45,45,0,0,0,40,40,182,0,0,85,283,0,0,7,0,0,0,125,125,0,0,959,0,control
137,balanced,1,meadow,はじまり草原,1,4,2,1,1,1,2,6,7,5,1,1,3,3,2,30,2,1,12,72,4,1,15,0,0,0,9,5,0,0,230,900,control
137,balanced,2,cave,こだま洞くつ,3,7,2,1,1,7,7,12,10,9,1,0,4,5,4,61,2,2,17,103,3,1,18,0,0,0,21,23,0,0,861,1536,control
137,balanced,3,brook,しずく湖畔,5,10,3,1,1,12,12,15,11,10,1,0,3,5,4,35,2,2,18,73,1,1,10,0,0,0,20,26,0,0,1190,975,control
137,balanced,4,volcano,ほむら火山,8,14,4,1,1,15,15,21,30,29,1,0,4,14,13,99,2,2,46,193,7,1,10,0,0,0,51,50,0,0,756,1215,control
137,balanced,5,tower,星晶の塔,12,20,5,1,1,21,19,26,38,36,1,1,5,17,16,126,2,2,57,241,3,1,20,0,0,0,60,100,0,0,942,1833,control
138,collector,1,meadow,はじまり草原,1,4,2,1,1,1,2,5,5,3,2,0,3,2,1,20,1,0,8,49,4,1,13,0,0,0,7,0,0,0,230,1272,control
138,collector,2,cave,こだま洞くつ,3,7,2,1,1,5,4,9,8,7,1,0,4,3,2,44,3,2,14,116,4,1,18,0,0,0,9,5,0,0,1530,3106,control
138,collector,3,brook,しずく湖畔,5,10,3,1,1,10,10,13,9,8,1,0,6,3,2,14,5,5,17,56,1,1,8,0,0,0,15,11,0,0,3040,2491,control
138,collector,4,volcano,ほむら火山,8,14,4,1,1,13,13,18,22,20,2,0,7,7,6,43,5,5,34,122,3,1,8,0,0,0,35,36,0,0,1317,1652,control
138,collector,5,tower,星晶の塔,12,20,5,1,1,18,14,23,41,38,3,0,8,13,12,77,5,5,59,219,12,1,9,0,0,0,55,47,0,0,873,3483,control
139,rush,1,meadow,はじまり草原,1,4,2,1,1,1,3,7,5,4,1,0,1,4,3,29,0,0,9,42,0,0,8,0,0,0,7,9,0,0,230,671,control
139,rush,2,cave,こだま洞くつ,3,7,2,1,1,7,7,13,19,19,0,0,2,18,17,107,0,0,37,148,0,0,8,0,0,0,35,37,0,0,671,529,control
139,rush,3,brook,しずく湖畔,5,10,3,1,1,13,14,17,14,14,0,0,3,12,11,51,0,0,26,79,0,0,5,0,0,0,23,17,0,0,529,2057,control
139,rush,4,volcano,ほむら火山,8,14,4,1,1,17,17,22,31,27,1,3,4,25,24,132,0,0,56,210,0,0,7,0,0,0,82,58,0,0,2057,967,control
139,rush,5,tower,星晶の塔,12,20,5,1,0,22,22,0,46,45,0,1,0,40,40,183,0,0,86,300,0,0,6,0,0,0,129,108,0,0,967,0,control
140,balanced,1,meadow,はじまり草原,1,4,2,1,1,1,2,6,14,5,1,8,7,3,2,26,2,2,19,81,6,1,12,0,0,0,17,3,0,0,230,907,control
140,balanced,2,cave,こだま洞くつ,3,7,2,1,1,6,6,9,8,5,1,2,5,3,2,42,2,2,13,83,2,1,16,0,0,0,17,10,0,0,704,1622,control
140,balanced,3,brook,しずく湖畔,5,10,3,1,1,9,10,14,11,10,1,0,4,5,4,27,2,2,18,65,1,1,7,0,0,0,20,24,0,0,1257,1625,control
140,balanced,4,volcano,ほむら火山,8,14,4,1,1,14,15,19,16,15,1,0,4,7,6,49,2,2,25,97,1,1,10,0,0,0,27,52,0,0,1259,1517,control
140,balanced,5,tower,星晶の塔,12,20,5,1,1,19,18,24,37,34,1,2,5,16,15,80,2,2,55,186,0,0,8,0,0,0,62,75,0,0,1175,1808,control
141,collector,1,meadow,はじまり草原,1,4,2,1,1,1,3,6,8,7,1,0,4,3,2,28,3,2,14,78,4,1,15,0,0,0,10,1,0,0,230,1134,control
141,collector,2,cave,こだま洞くつ,3,7,2,1,1,7,4,9,8,6,2,0,7,3,2,45,5,5,16,127,4,1,20,0,0,0,15,7,0,0,957,2651,control
141,collector,3,brook,しずく湖畔,5,10,3,1,1,9,9,15,24,21,3,0,8,8,7,55,5,5,37,142,3,1,11,0,0,0,36,22,0,0,1401,1389,control
141,collector,4,volcano,ほむら火山,8,14,4,1,1,15,15,19,22,20,2,0,8,7,6,64,5,5,34,175,5,1,12,0,0,0,34,17,0,0,735,1616,control
141,collector,5,tower,星晶の塔,12,20,5,1,1,19,19,23,23,21,2,0,7,7,6,38,5,5,35,131,7,1,8,0,0,0,37,30,0,0,855,2274,control
142,rush,1,meadow,はじまり草原,1,4,2,1,1,1,2,7,5,4,1,0,1,4,3,32,0,0,9,46,0,0,9,0,0,0,8,8,0,0,230,715,control
142,rush,2,cave,こだま洞くつ,3,7,2,1,1,7,7,11,9,8,1,0,1,8,7,58,0,0,17,77,0,0,10,0,0,0,23,17,0,0,715,1673,control
142,rush,3,brook,しずく湖畔,5,10,3,1,1,11,11,13,5,5,0,0,0,3,2,21,0,0,8,32,0,0,8,0,0,0,8,24,0,0,1673,1179,control
142,rush,4,volcano,ほむら火山,8,14,4,1,1,13,14,22,43,43,0,0,0,40,39,200,0,0,83,328,0,0,7,0,0,0,132,87,0,0,1179,985,control
142,rush,5,tower,星晶の塔,12,20,5,1,0,22,23,0,47,45,0,2,0,40,40,169,0,0,87,290,0,0,7,0,0,0,135,108,0,0,985,0,control
143,balanced,1,meadow,はじまり草原,1,4,2,1,1,1,3,7,15,12,0,3,4,6,5,47,2,2,23,98,3,1,12,0,0,0,10,7,0,0,230,674,control
143,balanced,2,cave,こだま洞くつ,3,7,2,1,1,7,8,12,8,7,1,0,3,4,3,40,2,1,14,71,4,1,15,0,0,0,10,22,0,0,523,1080,control
143,balanced,3,brook,しずく湖畔,5,10,3,1,1,10,11,13,5,4,1,0,3,2,1,9,2,2,9,29,1,1,5,0,0,0,7,13,0,0,1505,1865,control
143,balanced,4,volcano,ほむら火山,8,14,4,1,1,13,13,18,18,17,1,0,5,8,7,68,2,2,28,115,3,1,14,0,0,0,28,42,0,0,1445,1554,control
143,balanced,5,tower,星晶の塔,12,20,5,1,1,18,19,23,25,24,1,0,5,11,10,66,2,2,38,137,12,1,7,0,0,0,40,66,0,0,1204,2214,control
144,collector,1,meadow,はじまり草原,1,4,2,1,1,1,3,7,11,10,1,0,3,4,3,49,2,0,17,94,6,1,15,0,0,0,9,1,0,0,230,1045,control
144,collector,2,cave,こだま洞くつ,3,7,2,1,1,8,9,11,8,7,1,0,6,3,2,73,5,5,16,141,5,1,26,0,0,0,15,13,0,0,1971,1938,control
144,collector,3,brook,しずく湖畔,5,10,3,1,1,11,11,16,21,18,3,0,8,7,6,61,5,5,33,131,0,0,14,0,0,0,33,16,0,0,1025,1652,control
144,collector,4,volcano,ほむら火山,8,14,4,1,1,16,14,17,16,13,3,0,8,5,4,35,5,5,26,137,5,1,24,0,0,0,32,20,1,0,873,1598,control
144,collector,5,tower,星晶の塔,12,20,5,1,1,17,18,29,73,70,1,2,11,23,22,107,5,5,101,641,16,1,19,0,0,0,116,96,0,0,846,3475,control
145,rush,1,meadow,はじまり草原,1,4,2,1,1,1,2,6,9,4,1,4,5,4,3,36,0,0,13,65,0,0,11,0,0,0,11,7,0,0,230,687,control
145,rush,2,cave,こだま洞くつ,3,7,2,1,1,6,7,10,7,6,1,0,1,6,5,50,0,0,13,66,0,0,10,0,0,0,17,15,0,0,687,1411,control
145,rush,3,brook,しずく湖畔,5,10,3,1,1,10,11,13,4,4,0,0,0,2,1,12,0,0,6,20,0,0,6,0,0,0,4,17,0,0,1411,1655,control
145,rush,4,volcano,ほむら火山,8,14,4,1,1,13,14,20,24,24,0,0,0,21,20,120,0,0,45,170,0,0,7,0,0,0,62,60,0,0,1655,1259,control
145,rush,5,tower,星晶の塔,12,20,5,1,0,20,21,0,45,45,0,0,0,40,40,188,0,0,85,291,0,0,7,0,0,0,124,121,0,0,1259,0,control
146,balanced,1,meadow,はじまり草原,1,4,2,1,1,1,3,7,6,5,1,0,3,3,2,26,2,0,11,66,2,1,12,0,0,0,8,6,0,0,230,880,control
146,balanced,2,cave,こだま洞くつ,3,7,2,1,1,8,8,11,6,5,1,0,3,3,2,30,2,2,11,60,2,1,13,0,0,0,14,16,0,0,2356,2008,control
146,balanced,3,brook,しずく湖畔,5,10,3,1,1,11,11,14,11,10,1,0,4,5,4,36,2,2,18,71,5,1,10,0,0,0,21,25,0,0,1556,1178,control
146,balanced,4,volcano,ほむら火山,8,14,4,1,1,14,13,15,8,7,1,0,5,3,2,17,2,2,13,58,1,1,8,0,0,0,17,17,0,0,913,1213,control
146,balanced,5,tower,星晶の塔,12,20,5,1,1,15,17,21,14,12,1,1,4,5,4,25,2,2,21,76,3,1,8,0,0,0,23,54,0,0,940,3043,control
147,collector,1,meadow,はじまり草原,1,4,2,1,1,1,3,6,8,7,1,0,2,3,2,27,1,0,12,54,3,1,11,0,0,0,6,1,0,0,230,1126,control
147,collector,2,cave,こだま洞くつ,3,7,2,1,1,6,7,10,5,3,2,0,7,2,1,23,5,5,12,88,2,1,14,0,0,0,20,4,0,0,1204,3411,control
147,collector,3,brook,しずく湖畔,5,10,3,1,1,10,9,13,15,14,1,0,7,5,4,34,5,5,25,97,6,1,10,0,0,0,28,14,0,0,1801,1509,control
147,collector,4,volcano,ほむら火山,8,14,4,1,1,13,13,16,10,7,3,0,8,3,2,23,5,5,18,76,2,1,10,0,0,0,24,8,0,0,798,2914,control
147,collector,5,tower,星晶の塔,12,20,5,1,1,16,17,18,8,5,3,0,8,2,1,12,5,5,15,69,2,1,9,0,0,0,23,14,0,0,1540,2573,control
148,rush,1,meadow,はじまり草原,1,4,2,1,1,1,3,7,7,4,1,2,3,4,3,33,0,0,11,53,0,0,11,0,0,0,9,8,0,0,230,687,control
148,rush,2,cave,こだま洞くつ,3,7,2,1,1,7,7,10,6,5,1,0,1,5,4,40,0,0,11,52,0,0,10,0,0,0,15,15,0,0,687,1413,control
148,rush,3,brook,しずく湖畔,5,10,3,1,1,10,11,14,6,6,0,0,0,4,3,21,0,0,10,31,0,0,7,0,0,0,11,26,0,0,1413,1144,control
148,rush,4,volcano,ほむら火山,8,14,4,1,1,14,15,18,17,17,0,0,0,14,13,79,0,0,31,110,0,0,7,0,0,0,41,33,0,0,1144,939,control
148,rush,5,tower,星晶の塔,12,20,5,1,0,18,19,0,45,45,0,0,0,40,40,196,0,0,85,294,0,0,7,0,0,0,122,133,0,0,939,0,control
149,balanced,1,meadow,はじまり草原,1,4,2,1,1,1,3,7,6,5,1,0,3,3,2,27,2,0,11,61,2,1,12,0,0,0,8,6,0,0,230,878,control
149,balanced,2,cave,こだま洞くつ,3,7,2,1,1,8,8,12,8,7,1,0,3,4,3,42,2,1,14,77,5,1,16,0,0,0,14,32,0,0,1654,1099,control
149,balanced,3,brook,しずく湖畔,5,10,3,1,1,10,12,13,3,2,1,0,5,1,0,7,2,2,6,29,2,1,7,0,0,0,7,0,0,0,1102,2427,control
149,balanced,4,volcano,ほむら火山,8,14,4,1,1,13,12,18,20,19,1,0,5,9,8,71,2,2,31,159,6,1,18,0,0,0,38,51,0,0,1880,2715,control
149,balanced,5,tower,星晶の塔,12,20,5,1,1,18,20,26,31,31,0,0,5,14,13,66,2,2,47,152,5,1,11,0,0,0,54,106,0,0,2104,1836,control
150,collector,1,meadow,はじまり草原,1,4,2,1,1,1,2,7,14,13,1,0,2,5,4,42,1,0,20,83,5,1,12,0,0,0,9,1,0,0,230,1332,control
150,collector,2,cave,こだま洞くつ,3,7,2,1,1,8,8,12,11,10,1,0,7,4,3,76,5,5,20,149,7,1,25,0,0,0,26,21,0,0,1610,1528,control
150,collector,3,brook,しずく湖畔,5,10,3,1,1,12,12,14,6,5,1,0,7,2,1,17,5,5,13,62,0,0,10,0,0,0,21,2,0,0,807,1335,control
150,collector,4,volcano,ほむら火山,8,14,4,1,1,14,12,16,18,14,2,2,10,5,4,45,5,5,28,121,4,1,19,0,0,0,34,18,0,0,705,1910,control
150,collector,5,tower,星晶の塔,12,20,5,1,1,16,15,17,9,6,2,1,10,2,1,11,5,5,16,79,1,1,13,0,0,0,24,8,0,0,1010,2458,control
151,rush,1,meadow,はじまり草原,1,4,2,1,1,1,3,6,14,3,1,10,10,3,2,22,0,0,17,64,0,0,9,0,0,0,16,7,0,0,230,662,control
151,rush,2,cave,こだま洞くつ,3,7,2,1,1,6,7,10,7,5,1,1,2,5,4,38,0,0,12,56,0,0,10,0,0,0,17,14,0,0,662,689,control
151,rush,3,brook,しずく湖畔,5,10,3,1,1,10,11,13,4,4,0,0,0,2,1,10,0,0,6,18,0,0,6,0,0,0,5,19,0,0,689,1510,control
151,rush,4,volcano,ほむら火山,8,14,4,1,1,13,14,19,21,21,0,0,0,18,17,94,0,0,39,145,0,0,7,0,0,0,56,53,0,0,1510,952,control
151,rush,5,tower,星晶の塔,12,20,5,1,0,19,20,0,45,45,0,0,0,40,40,171,0,0,85,299,0,0,7,0,0,0,127,128,0,0,952,0,control
152,balanced,1,meadow,はじまり草原,1,4,2,1,1,1,2,7,9,6,2,1,3,4,3,48,1,0,14,80,8,1,19,0,0,0,10,7,0,0,230,756,control
152,balanced,2,cave,こだま洞くつ,3,7,2,1,1,7,8,12,6,5,1,0,3,3,2,53,2,2,11,87,3,1,22,0,0,0,13,14,0,0,1014,2655,control
152,balanced,3,brook,しずく湖畔,5,10,3,1,1,12,12,15,11,10,1,0,3,5,4,32,2,2,18,68,0,0,9,0,0,0,20,32,0,0,2057,1207,control
152,balanced,4,volcano,ほむら火山,8,14,4,1,1,15,15,20,22,21,1,0,3,10,9,61,2,2,34,139,7,1,9,0,0,0,43,55,0,0,936,1260,control
152,balanced,5,tower,星晶の塔,12,20,5,1,1,20,21,28,48,46,1,1,6,22,21,94,2,2,72,214,8,1,8,0,0,0,78,104,0,0,976,1848,control
153,collector,1,meadow,はじまり草原,1,4,2,1,1,1,2,5,6,3,2,1,3,2,1,23,1,0,9,51,5,1,14,0,0,0,7,0,0,0,230,1240,control
153,collector,2,cave,こだま洞くつ,3,7,2,1,1,6,6,10,8,7,1,0,6,3,2,42,5,5,16,153,6,1,21,0,0,0,14,6,0,0,1738,3012,control
153,collector,3,brook,しずく湖畔,5,10,3,1,1,10,10,12,6,4,2,0,7,2,1,16,5,5,13,57,0,0,13,0,0,0,12,7,0,0,1592,2108,control
153,collector,4,volcano,ほむら火山,8,14,4,1,1,12,11,14,13,10,3,0,8,4,3,27,5,5,22,92,6,1,8,0,0,0,27,4,0,0,1115,1629,control
153,collector,5,tower,星晶の塔,12,20,5,1,1,14,15,22,42,37,1,4,11,12,11,76,5,5,59,299,8,1,41,0,0,0,66,49,0,0,861,2660,control
154,rush,1,meadow,はじまり草原,1,4,2,1,1,1,3,7,4,3,1,0,1,3,2,24,0,0,7,36,0,0,10,0,0,0,5,9,0,0,230,680,control
154,rush,2,cave,こだま洞くつ,3,7,2,1,1,7,7,10,4,3,1,0,1,3,2,26,0,0,7,37,0,0,10,0,0,0,8,11,0,0,680,567,control
154,rush,3,brook,しずく湖畔,5,10,3,1,1,10,10,14,9,9,0,0,0,7,6,43,0,0,16,59,0,0,8,0,0,0,19,30,0,0,567,1179,control
154,rush,4,volcano,ほむら火山,8,14,4,1,1,14,15,18,7,7,0,0,0,4,3,24,0,0,11,37,0,0,7,0,0,0,11,35,0,0,1179,956,control
154,rush,5,tower,星晶の塔,12,20,5,1,0,18,19,0,46,45,0,1,0,40,40,191,0,0,86,301,0,0,7,0,0,0,127,118,0,0,956,0,control
155,balanced,1,meadow,はじまり草原,1,4,2,1,1,1,2,7,8,7,1,0,4,4,3,37,2,0,14,80,4,1,15,0,0,0,11,7,0,0,230,802,control
155,balanced,2,cave,こだま洞くつ,3,7,2,1,1,8,9,12,6,5,1,0,3,3,2,27,2,2,11,54,2,1,11,0,0,0,14,23,0,0,1578,1725,control
155,balanced,3,brook,しずく湖畔,5,10,3,1,1,12,12,14,9,8,1,0,3,4,3,21,2,2,15,50,0,0,6,0,0,0,17,18,0,0,1336,1212,control
155,balanced,4,volcano,ほむら火山,8,14,4,1,1,14,13,18,14,13,1,0,3,6,5,31,2,2,22,87,4,1,8,0,0,0,24,50,0,0,939,1513,control
155,balanced,5,tower,星晶の塔,12,20,5,1,1,18,17,21,18,16,1,1,6,7,6,35,2,2,27,96,4,1,7,0,0,0,32,35,0,0,1173,2992,control
156,collector,1,meadow,はじまり草原,1,4,2,1,1,1,2,7,18,16,1,1,3,6,5,67,1,0,25,126,7,1,13,0,0,0,14,0,0,0,230,1181,control
156,collector,2,cave,こだま洞くつ,3,7,2,1,1,8,4,10,11,9,2,0,7,4,3,57,5,5,20,140,7,1,18,0,0,0,17,10,0,0,1609,2347,control
156,collector,3,brook,しずく湖畔,5,10,3,1,1,10,10,13,9,7,2,0,7,3,2,24,5,3,17,80,1,1,14,0,0,0,11,7,0,0,1240,2215,control
156,collector,4,volcano,ほむら火山,8,14,4,1,1,14,14,17,10,8,2,0,9,3,2,18,5,5,18,82,3,1,8,0,0,0,26,18,0,0,1812,2787,control
156,collector,5,tower,星晶の塔,12,20,5,1,1,17,15,19,20,17,3,0,9,6,5,41,5,5,31,128,4,1,10,0,0,0,35,38,0,0,1472,2680,control
157,rush,1,meadow,はじまり草原,1,4,2,1,1,1,2,6,8,4,1,3,3,4,3,30,0,0,12,50,0,0,9,0,0,0,10,7,0,0,230,700,control
157,rush,2,cave,こだま洞くつ,3,7,2,1,1,6,7,10,6,5,1,0,1,5,4,37,0,0,11,49,0,0,10,0,0,0,14,15,0,0,700,1422,control
157,rush,3,brook,しずく湖畔,5,10,3,1,1,10,11,14,8,8,0,0,0,6,5,33,0,0,14,46,0,0,6,0,0,0,17,27,0,0,1422,1162,control
157,rush,4,volcano,ほむら火山,8,14,4,1,1,14,15,18,7,7,0,0,0,4,3,19,0,0,11,28,0,0,6,0,0,0,11,35,0,0,1162,974,control
157,rush,5,tower,星晶の塔,12,20,5,1,1,18,18,26,38,35,0,3,0,31,30,147,0,0,69,242,0,0,6,0,0,0,101,97,0,0,974,1527,control
158,balanced,1,meadow,はじまり草原,1,4,2,1,1,1,2,7,6,5,1,0,3,3,2,23,2,1,11,56,1,1,10,0,0,0,7,6,0,0,230,875,control
158,balanced,2,cave,こだま洞くつ,3,7,2,1,1,7,7,11,6,5,1,0,3,3,2,38,2,2,11,64,1,1,21,0,0,0,12,14,0,0,848,2345,control
158,balanced,3,brook,しずく湖畔,5,10,3,1,1,11,12,14,7,6,1,0,4,3,2,24,2,2,12,56,0,0,9,0,0,0,13,29,0,0,1817,1169,control
158,balanced,4,volcano,ほむら火山,8,14,4,1,1,14,15,17,11,9,1,1,4,4,3,52,2,2,17,93,1,1,21,0,0,0,21,24,0,0,906,1244,control
158,balanced,5,tower,星晶の塔,12,20,5,1,1,17,15,23,29,28,1,0,4,13,12,75,2,2,44,149,8,1,10,0,0,0,47,74,0,0,964,1879,control
159,collector,1,meadow,はじまり草原,1,4,2,1,1,1,3,8,17,17,0,0,2,6,5,45,2,1,25,92,3,1,11,0,0,0,6,0,0,0,230,1531,control
159,collector,2,cave,こだま洞くつ,3,7,2,1,1,8,4,10,11,9,2,0,3,4,3,58,1,0,16,90,5,1,18,0,0,0,6,8,0,0,1696,2307,control
159,collector,3,brook,しずく湖畔,5,10,3,1,1,10,10,14,12,10,2,0,7,4,3,32,5,5,21,93,3,1,12,0,0,0,27,20,0,0,2681,2266,control
159,collector,4,volcano,ほむら火山,8,14,4,1,1,14,12,16,16,14,2,0,7,5,4,44,5,5,26,109,2,1,21,0,0,0,30,21,0,0,1198,1614,control
159,collector,5,tower,星晶の塔,12,20,5,1,1,16,17,20,20,19,1,0,7,6,5,28,5,5,31,112,6,1,14,0,0,0,36,22,0,0,853,3464,control
160,rush,1,meadow,はじまり草原,1,4,2,1,1,1,2,6,11,2,2,7,6,3,2,27,0,0,14,53,0,0,11,0,0,0,14,7,0,0,230,661,control
160,rush,2,cave,こだま洞くつ,3,7,2,1,1,6,7,10,8,8,0,0,0,7,6,45,0,0,15,62,0,0,8,0,0,0,21,13,0,0,661,904,control
160,rush,3,brook,しずく湖畔,5,10,3,1,1,10,11,14,6,6,0,0,0,4,3,20,0,0,10,29,0,0,6,0,0,0,10,29,0,0,904,1136,control
160,rush,4,volcano,ほむら火山,8,14,4,1,0,14,15,0,44,44,0,0,0,40,40,199,0,0,84,316,0,0,6,0,0,0,131,77,0,0,1136,0,control
160,rush,5,tower,星晶の塔,12,20,5,0,0,0,0,0,0,0,0,0,0,0,0,0,0,0,0,0,0,0,0,0,0,0,0,0,0,0,0,0,control
161,balanced,1,meadow,はじまり草原,1,4,2,1,1,1,2,6,7,4,2,1,3,3,2,30,1,0,11,52,2,1,11,0,0,0,9,5,0,0,230,896,control
161,balanced,2,cave,こだま洞くつ,3,7,2,1,1,7,7,10,4,4,0,0,2,2,1,28,1,0,7,54,1,1,18,0,0,0,3,8,0,0,1854,2416,control
161,balanced,3,brook,しずく湖畔,5,10,3,1,1,10,11,13,5,4,1,0,3,2,1,14,2,2,9,36,1,1,7,0,0,0,7,12,0,0,2550,2988,control
161,balanced,4,volcano,ほむら火山,8,14,4,1,1,13,11,15,10,9,1,0,3,4,3,21,2,2,16,51,4,1,6,0,0,0,12,38,0,0,2315,1260,control
161,balanced,5,tower,星晶の塔,12,20,5,1,1,15,16,24,35,34,1,0,3,16,15,90,2,2,53,161,1,1,9,0,0,0,53,93,0,0,976,3403,control
162,collector,1,meadow,はじまり草原,1,4,2,1,1,1,3,6,11,10,1,0,6,4,3,38,5,5,20,109,7,1,12,0,0,0,17,1,0,0,230,1047,control
162,collector,2,cave,こだま洞くつ,3,7,2,1,1,6,6,11,17,15,2,0,4,6,5,119,2,1,25,178,15,1,29,0,0,0,23,15,0,0,555,1120,control
162,collector,3,brook,しずく湖畔,5,10,3,1,1,10,12,13,3,1,2,0,7,1,0,7,5,5,9,42,1,1,7,0,0,0,17,0,0,0,1980,2689,control
162,collector,4,volcano,ほむら火山,8,14,4,1,1,13,8,13,11,6,4,1,10,3,2,15,5,5,19,81,3,1,7,0,0,0,27,13,0,0,1421,3187,control
162,collector,5,tower,星晶の塔,12,20,5,1,1,13,14,20,31,27,2,2,9,9,8,74,5,5,45,317,5,1,33,0,0,0,49,31,0,0,1684,2618,control
163,rush,1,meadow,はじまり草原,1,4,2,1,1,1,2,5,19,2,1,16,12,2,1,17,0,0,21,73,0,0,10,0,0,0,19,3,0,0,230,759,control
163,rush,2,cave,こだま洞くつ,3,7,2,1,1,5,6,10,8,6,1,1,2,6,5,44,0,0,14,69,0,0,8,0,0,0,20,16,0,0,759,1421,control
163,rush,3,brook,しずく湖畔,5,10,3,1,1,10,11,12,3,3,0,0,0,1,0,8,0,0,4,16,0,0,8,0,0,0,1,0,0,0,1421,2864,control
163,rush,4,volcano,ほむら火山,8,14,4,1,1,12,13,20,25,25,0,0,0,22,21,117,0,0,47,182,0,0,7,0,0,0,65,77,0,0,2864,1286,control
163,rush,5,tower,星晶の塔,12,20,5,1,0,20,21,0,45,45,0,0,0,40,40,175,0,0,85,313,0,0,6,0,0,0,136,123,0,0,1286,0,control
164,balanced,1,meadow,はじまり草原,1,4,2,1,1,1,3,7,6,4,2,0,4,3,2,33,2,0,11,67,6,1,14,0,0,0,8,6,0,0,230,860,control
164,balanced,2,cave,こだま洞くつ,3,7,2,1,1,8,9,11,4,3,1,0,3,2,1,32,2,1,8,61,3,1,24,0,0,0,9,12,0,0,2516,2546,control
164,balanced,3,brook,しずく湖畔,5,10,3,1,1,8,8,11,7,6,1,0,3,3,2,15,2,2,12,39,2,1,7,0,0,0,9,13,0,0,2935,2589,control
164,balanced,4,volcano,ほむら火山,8,14,4,1,1,11,12,18,18,17,1,0,3,8,7,51,2,2,28,101,7,1,10,0,0,0,29,47,0,0,2006,3652,control
164,balanced,5,tower,星晶の塔,12,20,5,1,1,18,19,21,8,6,1,1,6,2,1,14,2,2,12,55,0,0,10,0,0,0,14,27,0,0,2829,2548,control
165,collector,1,meadow,はじまり草原,1,4,2,1,1,1,3,6,8,6,2,0,3,3,2,38,1,0,12,67,6,1,15,0,0,0,8,1,0,0,230,1165,control
165,collector,2,cave,こだま洞くつ,3,7,2,1,1,7,7,11,8,6,2,0,4,3,2,61,2,1,13,96,3,1,23,0,0,0,14,9,0,0,1423,2921,control
165,collector,3,brook,しずく湖畔,5,10,3,1,1,10,11,12,3,1,2,0,7,1,0,7,5,5,9,46,1,1,9,0,0,0,17,0,0,0,2705,3357,control
165,collector,4,volcano,ほむら火山,8,14,4,1,1,12,8,14,16,12,4,0,9,5,4,26,5,5,26,98,3,1,8,0,0,0,31,18,0,0,1774,2829,control
165,collector,5,tower,星晶の塔,12,20,5,1,1,14,14,18,14,12,2,0,10,4,3,31,5,5,23,116,5,1,14,0,0,0,32,28,0,0,1495,3815,control
166,rush,1,meadow,はじまり草原,1,4,2,1,1,1,3,8,17,12,0,5,5,11,10,48,0,0,28,89,0,0,5,0,0,0,15,9,0,0,230,680,control
166,rush,2,cave,こだま洞くつ,3,7,2,1,1,8,9,12,12,11,1,0,2,11,10,75,0,0,23,100,0,0,9,0,0,0,21,22,0,0,680,1229,control
166,rush,3,brook,しずく湖畔,5,10,3,1,1,12,13,17,16,15,1,0,1,14,13,90,0,0,30,123,0,0,8,0,0,0,41,40,0,0,1229,1178,control
166,rush,4,volcano,ほむら火山,8,14,4,1,1,17,17,20,11,11,0,0,0,8,7,51,0,0,19,75,0,0,7,0,0,0,23,42,0,0,1178,952,control
166,rush,5,tower,星晶の塔,12,20,5,1,0,20,21,0,46,45,0,1,0,40,40,203,0,0,86,332,0,0,7,0,0,0,126,108,0,0,952,0,control
167,balanced,1,meadow,はじまり草原,1,4,2,1,1,1,3,6,5,2,2,1,5,2,1,21,2,0,9,57,4,1,12,0,0,0,9,3,0,0,230,1042,control
167,balanced,2,cave,こだま洞くつ,3,7,2,1,1,7,7,10,4,3,1,0,3,2,1,48,2,2,8,77,3,1,24,0,0,0,11,7,0,0,2498,2589,control
167,balanced,3,brook,しずく湖畔,5,10,3,1,1,10,10,12,5,4,1,0,3,2,1,11,2,2,9,36,0,0,8,0,0,0,12,12,0,0,2006,2476,control
167,balanced,4,volcano,ほむら火山,8,14,4,1,1,12,13,19,25,23,1,1,6,11,10,75,2,2,38,149,1,1,16,0,0,0,41,58,0,0,1918,1536,control
167,balanced,5,tower,星晶の塔,12,20,5,1,1,19,19,24,31,30,1,0,3,14,13,77,2,2,47,155,7,1,8,0,0,0,48,74,0,0,1190,3125,control
168,collector,1,meadow,はじまり草原,1,4,2,1,1,1,3,8,20,17,0,3,4,6,5,47,1,0,27,111,5,1,12,0,0,0,8,0,0,0,230,1400,control
168,collector,2,cave,こだま洞くつ,3,7,2,1,1,8,6,10,8,6,2,0,7,3,2,44,5,4,16,123,5,1,20,0,0,0,13,9,0,0,1698,2380,control
168,collector,3,brook,しずく湖畔,5,10,3,1,1,10,10,12,6,3,3,0,8,2,1,11,5,5,13,55,0,0,8,0,0,0,21,5,0,0,1763,2122,control
168,collector,4,volcano,ほむら火山,8,14,4,1,1,12,10,18,39,35,2,2,9,12,11,100,5,5,56,324,9,1,20,0,0,0,65,33,0,0,1122,1626,control
168,collector,5,tower,星晶の塔,12,20,5,1,1,18,19,25,40,37,1,2,9,12,11,132,5,5,57,356,1,1,43,0,0,0,61,38,0,0,859,4400,control
169,rush,1,meadow,はじまり草原,1,4,2,1,1,1,2,7,7,3,1,3,3,3,2,22,0,0,10,46,0,0,8,0,0,0,8,8,0,0,230,665,control
169,rush,2,cave,こだま洞くつ,3,7,2,1,1,7,7,12,16,14,0,2,3,13,12,59,0,0,29,106,0,0,7,0,0,0,33,22,0,0,665,1244,control
169,rush,3,brook,しずく湖畔,5,10,3,1,1,12,12,14,4,3,1,0,2,2,1,10,0,0,6,18,0,0,6,0,0,0,6,17,0,0,1244,1373,control
169,rush,4,volcano,ほむら火山,8,14,4,1,1,14,15,19,15,15,0,0,0,12,11,57,0,0,27,85,0,0,6,0,0,0,35,42,0,0,1373,1877,control
169,rush,5,tower,星晶の塔,12,20,5,1,1,19,20,27,41,41,0,0,0,37,36,146,0,0,78,219,0,0,6,0,0,0,112,120,0,0,1877,1502,control
170,balanced,1,meadow,はじまり草原,1,4,2,1,1,1,3,7,9,8,0,1,2,4,3,27,1,0,14,62,3,1,12,0,0,0,4,6,0,0,230,774,control
170,balanced,2,cave,こだま洞くつ,3,7,2,1,1,7,8,11,6,5,1,0,3,3,2,48,1,0,10,77,2,1,21,0,0,0,5,12,0,0,922,2520,control
170,balanced,3,brook,しずく湖畔,5,10,3,1,1,12,12,16,17,16,1,0,3,8,7,39,2,2,27,81,4,1,10,0,0,0,19,45,0,0,2834,972,control
170,balanced,4,volcano,ほむら火山,8,14,4,1,1,16,15,17,6,5,1,0,4,2,1,11,2,2,10,34,2,1,6,0,0,0,7,23,0,0,754,2643,control
170,balanced,5,tower,星晶の塔,12,20,5,1,1,17,17,21,13,12,1,0,3,5,4,25,2,2,20,63,0,0,11,0,0,0,18,41,0,0,2047,3119,control
171,collector,1,meadow,はじまり草原,1,4,2,1,1,1,3,6,8,7,1,0,5,3,2,28,4,1,15,97,6,1,14,0,0,0,10,1,0,0,230,1132,control
171,collector,2,cave,こだま洞くつ,3,7,2,1,1,8,8,11,8,7,1,0,7,3,2,36,5,5,16,98,2,1,18,0,0,0,23,11,0,0,1932,2253,control
171,collector,3,brook,しずく湖畔,5,10,3,1,1,11,11,16,24,22,2,0,8,8,7,56,5,5,37,134,4,1,12,0,0,0,37,24,0,0,1191,1372,control
171,collector,4,volcano,ほむら火山,8,14,4,1,1,16,14,17,10,7,3,0,8,3,2,18,5,5,18,81,3,1,8,0,0,0,25,14,0,0,726,2779,control
171,collector,5,tower,星晶の塔,12,20,5,1,1,17,17,21,25,20,3,2,10,7,6,44,5,5,37,228,3,1,17,0,0,0,46,32,0,0,1468,2300,control
172,rush,1,meadow,はじまり草原,1,4,2,1,1,1,2,6,8,3,1,4,3,3,2,26,0,0,11,57,0,0,11,0,0,0,10,7,0,0,230,663,control
172,rush,2,cave,こだま洞くつ,3,7,2,1,1,6,7,13,20,20,0,0,2,19,18,124,0,0,39,170,0,0,9,0,0,0,37,36,0,0,663,550,control
172,rush,3,brook,しずく湖畔,5,10,3,1,1,13,13,15,7,6,1,0,2,5,4,31,0,0,12,44,0,0,7,0,0,0,14,12,0,0,550,1157,control
172,rush,4,volcano,ほむら火山,8,14,4,1,1,15,15,21,26,26,0,0,0,23,22,131,0,0,49,182,0,0,7,0,0,0,68,68,0,0,1157,958,control
172,rush,5,tower,星晶の塔,12,20,5,1,0,21,22,0,45,45,0,0,0,40,40,184,0,0,85,313,0,0,6,0,0,0,128,108,0,0,958,0,control
173,balanced,1,meadow,はじまり草原,1,4,2,1,1,1,3,7,6,5,1,0,2,3,2,25,1,0,10,46,2,1,10,0,0,0,4,6,0,0,230,878,control
173,balanced,2,cave,こだま洞くつ,3,7,2,1,1,7,7,11,6,5,1,0,3,3,2,37,2,1,11,75,2,1,16,0,0,0,13,16,0,0,956,2300,control
173,balanced,3,brook,しずく湖畔,5,10,3,1,1,10,12,13,3,2,1,0,3,1,0,8,2,2,6,23,1,1,8,0,0,0,7,0,0,0,2398,3295,control
173,balanced,4,volcano,ほむら火山,8,14,4,1,1,13,11,18,22,21,1,0,3,10,9,108,2,2,34,159,6,1,21,0,0,0,36,63,0,0,2552,1565,control
173,balanced,5,tower,星晶の塔,12,20,5,1,1,18,18,28,55,54,1,0,3,26,25,193,2,2,83,351,8,1,25,0,0,0,83,126,0,0,1213,3072,control
174,collector,1,meadow,はじまり草原,1,4,2,1,1,1,3,8,23,20,0,3,5,7,6,56,2,1,32,131,7,1,12,0,0,0,10,1,0,0,230,2090,control
174,collector,2,cave,こだま洞くつ,3,7,2,1,1,9,5,10,11,9,2,0,4,4,3,53,2,1,17,105,5,1,16,0,0,0,9,12,0,0,1988,1838,control
174,collector,3,brook,しずく湖畔,5,10,3,1,1,11,11,15,15,12,3,0,8,5,4,34,5,5,25,96,3,1,9,0,0,0,28,25,0,0,1992,1327,control
174,collector,4,volcano,ほむら火山,8,14,4,1,1,15,16,17,10,8,2,0,9,3,2,27,5,5,18,95,2,1,12,0,0,0,26,14,0,0,702,1644,control
174,collector,5,tower,星晶の塔,12,20,5,1,1,17,16,23,50,43,1,6,12,14,13,120,5,5,69,426,6,1,56,1,0,0,78,45,0,0,870,3527,control
175,rush,1,meadow,はじまり草原,1,4,2,1,1,1,3,9,19,15,0,4,0,14,13,58,0,0,33,103,0,0,6,0,0,0,17,9,0,0,230,959,control
175,rush,2,cave,こだま洞くつ,3,7,2,1,1,9,9,13,14,13,1,0,2,13,12,65,0,0,27,99,0,0,7,0,0,0,25,33,0,0,959,518,control
175,rush,3,brook,しずく湖畔,5,10,3,1,1,13,13,17,15,14,1,0,3,13,12,61,0,0,28,90,0,0,7,0,0,0,38,30,0,0,518,1130,control
175,rush,4,volcano,ほむら火山,8,14,4,1,0,17,17,0,44,44,0,0,0,40,40,197,0,0,84,303,0,0,6,0,0,0,128,78,0,0,1130,0,control
175,rush,5,tower,星晶の塔,12,20,5,0,0,0,0,0,0,0,0,0,0,0,0,0,0,0,0,0,0,0,0,0,0,0,0,0,0,0,0,0,control
176,balanced,1,meadow,はじまり草原,1,4,2,1,1,1,3,6,10,5,1,4,6,3,2,26,2,1,15,75,5,1,14,0,0,0,12,5,0,0,230,871,control
176,balanced,2,cave,こだま洞くつ,3,7,2,1,1,7,7,11,6,5,1,0,3,3,2,43,2,2,11,81,5,1,20,0,0,0,14,14,0,0,836,2327,control
176,balanced,3,brook,しずく湖畔,5,10,3,1,1,11,11,14,13,12,1,0,3,6,5,44,2,2,21,81,3,1,11,0,0,0,23,29,0,0,1803,1179,control
176,balanced,4,volcano,ほむら火山,8,14,4,1,1,14,14,17,11,9,1,1,4,4,3,54,2,2,17,94,1,1,20,0,0,0,20,26,0,0,914,2141,control
176,balanced,5,tower,星晶の塔,12,20,5,1,1,17,18,22,15,14,1,0,3,6,5,36,2,2,23,88,5,1,8,0,0,0,25,49,0,0,1659,1868,control
177,collector,1,meadow,はじまり草原,1,4,2,1,1,1,3,6,8,6,2,0,3,3,2,30,1,0,12,55,4,1,12,0,0,0,8,1,0,0,230,1156,control
177,collector,2,cave,こだま洞くつ,3,7,2,1,1,6,7,11,8,8,0,0,2,3,2,55,1,0,12,92,5,1,27,0,0,0,4,10,0,0,1414,2608,control
177,collector,3,brook,しずく湖畔,5,10,3,1,1,11,8,13,15,13,2,0,7,5,4,22,5,5,25,66,4,1,6,0,0,0,19,25,0,0,2742,1394,control
177,collector,4,volcano,ほむら火山,8,14,4,1,1,13,14,16,7,4,3,0,8,2,1,29,5,5,14,79,2,1,15,0,0,0,19,8,0,0,737,2858,control
177,collector,5,tower,星晶の塔,12,20,5,1,1,16,16,22,30,27,2,1,9,9,8,59,5,5,44,219,3,1,36,0,0,0,49,37,0,0,1511,3854,control
178,rush,1,meadow,はじまり草原,1,4,2,1,1,1,3,7,7,7,0,0,1,6,5,27,0,0,13,44,0,0,7,0,0,0,5,10,0,0,230,556,control
178,rush,2,cave,こだま洞くつ,3,7,2,1,1,7,8,12,11,9,1,1,3,9,8,51,0,0,20,78,0,0,7,0,0,0,18,31,0,0,556,559,control
178,rush,3,brook,しずく湖畔,5,10,3,1,1,12,13,14,6,5,1,0,3,4,3,27,0,0,10,40,0,0,7,0,0,0,11,8,0,0,559,1393,control
178,rush,4,volcano,ほむら火山,8,14,4,1,1,14,15,19,15,15,0,0,0,12,11,76,0,0,27,106,0,0,7,0,0,0,35,56,0,0,1393,991,control
178,rush,5,tower,星晶の塔,12,20,5,1,0,19,20,0,46,45,0,1,0,40,40,199,0,0,86,312,0,0,6,0,0,0,124,115,0,0,991,0,control
179,balanced,1,meadow,はじまり草原,1,4,2,1,1,1,3,7,8,5,1,2,3,3,2,22,1,0,12,47,3,1,9,0,0,0,8,5,0,0,230,1589,control
179,balanced,2,cave,こだま洞くつ,3,7,2,1,1,7,7,10,4,3,1,0,3,2,1,35,2,2,8,71,1,1,18,0,0,0,7,8,0,0,1667,2626,control
179,balanced,3,brook,しずく湖畔,5,10,3,1,1,10,11,14,7,6,1,0,3,3,2,16,2,2,12,34,0,0,7,0,0,0,9,30,0,0,2034,960,control
179,balanced,4,volcano,ほむら火山,8,14,4,1,1,14,13,19,26,25,1,0,4,12,11,81,2,2,40,143,3,1,19,0,0,0,27,47,0,0,744,1574,control
179,balanced,5,tower,星晶の塔,12,20,5,1,1,19,18,23,21,20,1,0,3,9,8,49,2,2,32,98,5,1,7,0,0,0,32,57,0,0,1220,2206,control
180,collector,1,meadow,はじまり草原,1,4,2,1,1,1,3,6,9,7,1,1,2,3,2,30,1,0,13,59,3,1,12,0,0,0,7,0,0,0,230,1121,control
180,collector,2,cave,こだま洞くつ,3,7,2,1,1,6,6,10,8,6,2,0,4,3,2,46,2,1,13,89,6,1,17,0,0,0,13,8,0,0,1199,2639,control
180,collector,3,brook,しずく湖畔,5,10,3,1,1,9,10,14,18,16,2,0,7,6,5,49,5,5,29,107,1,1,17,0,0,0,33,23,0,0,2717,1330,control
180,collector,4,volcano,ほむら火山,8,14,4,1,1,14,13,17,22,20,2,0,8,7,6,94,5,5,34,200,3,1,20,0,0,0,39,27,0,0,704,1587,control
180,collector,5,tower,星晶の塔,12,20,5,1,1,17,18,24,44,39,2,3,10,13,12,157,5,5,62,427,9,1,29,0,0,0,72,43,0,0,840,3517,control
181,rush,1,meadow,はじまり草原,1,4,2,1,1,1,2,5,3,1,2,0,2,2,1,17,0,0,5,26,0,0,9,0,0,0,5,3,0,0,230,925,control
181,rush,2,cave,こだま洞くつ,3,7,2,1,1,5,6,11,7,7,0,0,0,6,5,47,0,0,13,67,0,0,10,0,0,0,18,21,0,0,925,1383,control
181,rush,3,brook,しずく湖畔,5,10,3,1,1,11,11,14,4,4,0,0,0,2,1,11,0,0,6,22,0,0,6,0,0,0,4,22,0,0,1383,1348,control
181,rush,4,volcano,ほむら火山,8,14,4,1,0,14,14,0,44,44,0,0,0,40,40,214,0,0,84,353,0,0,7,0,0,0,135,80,0,0,1348,0,control
181,rush,5,tower,星晶の塔,12,20,5,0,0,0,0,0,0,0,0,0,0,0,0,0,0,0,0,0,0,0,0,0,0,0,0,0,0,0,0,0,control
182,balanced,1,meadow,はじまり草原,1,4,2,1,1,1,2,7,6,5,1,0,3,3,2,25,2,0,11,57,2,1,11,0,0,0,5,6,0,0,230,876,control
182,balanced,2,cave,こだま洞くつ,3,7,2,1,1,8,9,10,4,3,1,0,3,2,1,35,2,2,8,64,3,1,18,0,0,0,12,11,0,0,2352,2617,control
182,balanced,3,brook,しずく湖畔,5,10,3,1,1,10,11,14,9,8,1,0,3,4,3,21,2,2,15,53,1,1,9,0,0,0,17,30,0,0,2027,1186,control
182,balanced,4,volcano,ほむら火山,8,14,4,1,1,14,13,16,13,11,1,1,6,5,4,76,2,2,20,137,3,1,23,0,0,0,25,30,0,0,919,1250,control
182,balanced,5,tower,星晶の塔,12,20,5,1,1,16,18,25,35,34,1,0,3,16,15,129,2,2,53,286,3,1,18,0,0,0,57,84,0,0,968,4285,control
183,collector,1,meadow,はじまり草原,1,4,2,1,1,1,3,6,9,7,1,1,3,3,2,27,1,0,13,61,3,1,12,0,0,0,7,0,0,0,230,1168,control
183,collector,2,cave,こだま洞くつ,3,7,2,1,1,6,6,10,8,6,2,0,6,3,2,52,4,0,15,134,3,1,24,0,0,0,7,7,0,0,1246,2661,control
183,collector,3,brook,しずく湖畔,5,10,3,1,1,13,13,15,9,6,3,0,8,3,2,35,5,5,17,85,0,0,16,0,0,0,23,18,0,0,5097,3396,control
183,collector,4,volcano,ほむら火山,8,14,4,1,1,15,10,17,22,20,2,0,7,7,6,123,5,5,34,255,6,1,23,0,0,0,41,43,0,0,1795,1630,control
183,collector,5,tower,星晶の塔,12,20,5,1,1,17,17,21,25,20,3,2,12,7,6,38,5,5,37,146,3,1,8,0,0,0,46,22,0,0,862,4430,control
184,rush,1,meadow,はじまり草原,1,4,2,1,1,1,3,7,11,8,0,3,4,7,6,36,0,0,18,65,0,0,8,0,0,0,9,9,0,0,230,575,control
184,rush,2,cave,こだま洞くつ,3,7,2,1,1,7,7,11,5,3,2,0,2,4,3,35,0,0,9,47,0,0,12,0,0,0,11,14,0,0,575,1686,control
184,rush,3,brook,しずく湖畔,5,10,3,1,1,11,11,15,9,9,0,0,0,7,6,43,0,0,16,59,0,0,7,0,0,0,20,27,0,0,1686,1332,control
184,rush,4,volcano,ほむら火山,8,14,4,1,1,15,15,17,6,6,0,0,0,3,2,19,0,0,9,33,0,0,8,0,0,0,8,23,0,0,1332,942,control
184,rush,5,tower,星晶の塔,12,20,5,1,1,17,18,27,43,43,0,0,0,39,38,196,0,0,82,303,0,0,7,0,0,0,120,125,0,0,942,1901,control
185,balanced,1,meadow,はじまり草原,1,4,2,1,1,1,3,6,8,5,1,2,3,3,2,28,1,0,12,55,3,1,13,0,0,0,8,5,0,0,230,897,control
185,balanced,2,cave,こだま洞くつ,3,7,2,1,1,7,8,11,6,5,1,0,3,3,2,38,2,1,11,95,3,1,17,0,0,0,7,15,0,0,975,2673,control
185,balanced,3,brook,しずく湖畔,5,10,3,1,1,12,12,14,5,4,1,0,3,2,1,11,2,2,9,30,1,1,6,0,0,0,7,14,0,0,2487,2542,control
185,balanced,4,volcano,ほむら火山,8,14,4,1,1,14,10,14,10,9,1,0,4,4,3,19,2,2,16,48,3,1,7,0,0,0,11,27,0,0,1969,1281,control
185,balanced,5,tower,星晶の塔,12,20,5,1,1,14,17,24,33,32,1,0,4,15,14,92,2,2,50,176,2,1,13,0,0,0,50,89,0,0,993,3405,control
186,collector,1,meadow,はじまり草原,1,4,2,1,1,1,2,6,10,7,1,2,3,3,2,30,2,1,15,81,4,1,12,0,0,0,10,0,0,0,230,1156,control
186,collector,2,cave,こだま洞くつ,3,7,2,1,1,6,6,11,11,9,2,0,3,4,3,57,1,0,16,85,3,1,19,0,0,0,11,17,0,0,1096,1871,control
186,collector,3,brook,しずく湖畔,5,10,3,1,1,10,11,12,6,4,2,0,7,2,1,10,5,5,13,53,0,0,6,0,0,0,19,8,0,0,2265,2170,control
186,collector,4,volcano,ほむら火山,8,14,4,1,1,12,13,18,19,18,1,0,8,6,5,61,5,5,30,176,7,1,16,0,0,0,42,32,0,0,1147,1634,control
186,collector,5,tower,星晶の塔,12,20,5,1,1,18,15,25,56,51,2,3,10,17,16,296,5,5,78,513,7,1,76,2,0,0,78,58,0,0,865,4373,control
187,rush,1,meadow,はじまり草原,1,4,2,1,1,1,3,6,3,2,1,0,1,2,1,15,0,0,5,24,0,0,8,0,0,0,3,5,0,0,230,827,control
187,rush,2,cave,こだま洞くつ,3,7,2,1,1,6,6,10,6,5,1,0,1,5,4,41,0,0,11,58,0,0,10,0,0,0,13,15,0,0,827,1642,control
187,rush,3,brook,しずく湖畔,5,10,3,1,1,10,11,14,5,5,0,0,0,3,2,16,0,0,8,23,0,0,6,0,0,0,7,29,0,0,1642,1143,control
187,rush,4,volcano,ほむら火山,8,14,4,1,1,14,14,20,23,23,0,0,0,20,19,113,0,0,43,155,0,0,8,0,0,0,58,50,0,0,1143,2186,control
187,rush,5,tower,星晶の塔,12,20,5,1,0,20,21,0,45,45,0,0,0,40,40,182,0,0,85,299,0,0,7,0,0,0,125,128,0,0,2186,0,control
188,balanced,1,meadow,はじまり草原,1,4,2,1,1,1,2,6,7,4,2,1,4,3,2,34,2,0,12,70,4,1,13,0,0,0,10,5,0,0,230,889,control
188,balanced,2,cave,こだま洞くつ,3,7,2,1,1,8,9,11,4,3,1,0,4,2,1,17,2,2,8,49,1,1,11,0,0,0,11,12,0,0,2545,2554,control
188,balanced,3,brook,しずく湖畔,5,10,3,1,1,11,11,14,7,6,1,0,4,3,2,20,2,2,12,50,1,1,10,0,0,0,14,28,0,0,1979,1416,control
188,balanced,4,volcano,ほむら火山,8,14,4,1,1,14,12,17,16,15,1,0,3,7,6,75,2,2,25,126,7,1,19,0,0,0,27,35,0,0,1098,1523,control
188,balanced,5,tower,星晶の塔,12,20,5,1,1,17,18,30,73,73,0,0,7,35,34,209,2,2,110,424,21,1,18,0,0,0,124,166,0,0,1181,3481,control
189,collector,1,meadow,はじまり草原,1,4,2,1,1,1,2,6,10,7,1,2,7,3,2,18,4,0,17,85,4,1,15,0,0,0,11,0,0,0,230,1144,control
189,collector,2,cave,こだま洞くつ,3,7,2,1,1,8,8,11,8,6,2,0,5,3,2,60,3,2,14,120,3,1,27,0,0,0,8,7,0,0,2926,2656,control
189,collector,3,brook,しずく湖畔,5,10,3,1,1,13,8,13,15,12,3,0,8,5,4,43,5,5,25,119,1,1,12,0,0,0,30,24,1,0,4092,1922,control
189,collector,4,volcano,ほむら火山,8,14,4,1,1,13,14,18,20,17,2,1,10,6,5,162,5,5,31,286,4,1,32,0,0,0,43,31,1,0,1016,1665,control
189,collector,5,tower,星晶の塔,12,20,5,1,1,18,17,26,49,46,1,2,12,15,14,78,5,5,69,257,9,1,10,0,0,0,73,45,0,0,881,5365,control
190,rush,1,meadow,はじまり草原,1,4,2,1,1,1,2,7,5,3,1,1,2,3,2,24,0,0,8,37,0,0,9,0,0,0,6,8,0,0,230,701,control
190,rush,2,cave,こだま洞くつ,3,7,2,1,1,7,7,11,10,9,1,0,1,9,8,72,0,0,19,100,0,0,10,0,0,0,27,13,0,0,701,1719,control
190,rush,3,brook,しずく湖畔,5,10,3,1,1,11,11,15,8,8,0,0,0,6,5,33,0,0,14,48,0,0,7,0,0,0,17,30,0,0,1719,1348,control
190,rush,4,volcano,ほむら火山,8,14,4,1,1,15,15,20,20,20,0,0,0,17,16,91,0,0,37,139,0,0,7,0,0,0,50,61,0,0,1348,1255,control
190,rush,5,tower,星晶の塔,12,20,5,1,0,20,21,0,45,45,0,0,0,40,40,188,0,0,85,310,0,0,7,0,0,0,125,112,0,0,1255,0,control
191,balanced,1,meadow,はじまり草原,1,4,2,1,1,1,2,7,6,5,1,0,3,3,2,24,2,0,11,63,4,1,12,0,0,0,8,6,0,0,230,875,control
191,balanced,2,cave,こだま洞くつ,3,7,2,1,1,8,8,11,6,5,1,0,3,3,2,43,2,2,11,75,4,1,23,0,0,0,13,17,0,0,1651,2117,control
191,balanced,3,brook,しずく湖畔,5,10,3,1,1,11,12,14,7,6,1,0,3,3,2,20,2,2,12,44,1,1,9,0,0,0,13,27,0,0,1640,1145,control
191,balanced,4,volcano,ほむら火山,8,14,4,1,1,14,15,18,14,13,1,0,3,6,5,44,2,2,22,84,6,1,10,0,0,0,25,29,0,0,888,1521,control
191,balanced,5,tower,星晶の塔,12,20,5,1,1,18,19,29,55,53,0,2,9,25,24,122,2,2,82,300,24,1,17,0,0,0,98,125,0,0,1179,3030,control
192,collector,1,meadow,はじまり草原,1,4,2,1,1,1,2,7,14,13,1,0,5,5,4,57,4,0,23,137,7,1,14,0,0,0,13,1,0,0,230,1312,control
192,collector,2,cave,こだま洞くつ,3,7,2,1,1,9,9,13,14,13,1,0,4,5,4,88,3,2,22,155,4,1,20,0,0,0,20,25,0,0,3094,1349,control
192,collector,3,brook,しずく湖畔,5,10,3,1,1,11,12,14,6,5,1,0,7,2,1,11,5,5,13,50,2,1,7,0,0,0,12,9,0,0,2380,3240,control
192,collector,4,volcano,ほむら火山,8,14,4,1,1,14,14,17,16,13,3,0,8,5,4,29,5,5,26,91,3,1,8,0,0,0,29,27,0,0,1711,1604,control
192,collector,5,tower,星晶の塔,12,20,5,1,1,17,17,21,17,14,3,0,10,5,4,89,5,5,27,178,4,1,24,0,0,0,30,24,0,0,848,4446,control
193,rush,1,meadow,はじまり草原,1,4,2,1,1,1,2,6,9,2,2,5,6,3,2,26,0,0,12,54,0,0,10,0,0,0,12,7,0,0,230,676,control
193,rush,2,cave,こだま洞くつ,3,7,2,1,1,6,7,11,8,8,0,0,0,7,6,46,0,0,15,66,0,0,8,0,0,0,22,16,0,0,676,1427,control
193,rush,3,brook,しずく湖畔,5,10,3,1,1,11,11,14,4,4,0,0,0,2,1,12,0,0,6,19,0,0,8,0,0,0,5,21,0,0,1427,1432,control
193,rush,4,volcano,ほむら火山,8,14,4,1,0,14,14,0,45,44,0,1,0,40,40,197,0,0,85,334,0,0,6,0,0,0,138,89,0,0,1432,0,control
193,rush,5,tower,星晶の塔,12,20,5,0,0,0,0,0,0,0,0,0,0,0,0,0,0,0,0,0,0,0,0,0,0,0,0,0,0,0,0,0,control
194,balanced,1,meadow,はじまり草原,1,4,2,1,1,1,2,7,9,7,1,1,4,4,3,32,1,0,14,59,5,1,12,0,0,0,8,7,0,0,230,763,control
194,balanced,2,cave,こだま洞くつ,3,7,2,1,1,7,7,10,4,3,1,0,3,2,1,39,2,2,8,82,3,1,22,0,0,0,8,7,0,0,841,2948,control
194,balanced,3,brook,しずく湖畔,5,10,3,1,1,10,11,14,7,6,1,0,3,3,2,18,2,2,12,54,0,0,8,0,0,0,15,27,1,0,2284,1587,control
194,balanced,4,volcano,ほむら火山,8,14,4,1,1,14,14,20,26,25,1,0,4,12,11,92,2,2,40,157,6,1,13,0,0,0,42,66,0,0,1230,1204,control
194,balanced,5,tower,星晶の塔,12,20,5,1,1,20,21,29,51,51,0,0,7,24,23,116,2,2,77,263,5,1,8,0,0,0,84,112,0,0,933,1840,control
195,collector,1,meadow,はじまり草原,1,4,2,1,1,1,3,6,12,10,1,1,4,4,3,35,2,0,18,83,4,1,13,0,0,0,10,1,0,0,230,1040,control
195,collector,2,cave,こだま洞くつ,3,7,2,1,1,8,9,11,8,7,1,0,2,3,2,53,1,0,12,81,3,1,26,0,0,0,5,13,0,0,2666,2156,control
195,collector,3,brook,しずく湖畔,5,10,3,1,1,12,7,12,15,12,3,0,8,5,4,23,5,5,25,73,3,1,6,0,0,0,19,17,0,0,2290,2421,control
195,collector,4,volcano,ほむら火山,8,14,4,1,1,12,12,15,7,4,3,0,5,2,1,18,2,1,11,52,2,1,14,0,0,0,8,10,0,0,1279,3982,control
195,collector,5,tower,星晶の塔,12,20,5,1,1,16,17,21,21,19,1,1,9,6,5,35,5,5,32,117,2,1,10,0,0,0,34,47,0,0,3762,2701,control
196,rush,1,meadow,はじまり草原,1,4,2,1,1,1,2,7,7,4,1,2,4,4,3,29,0,0,11,50,0,0,9,0,0,0,9,8,0,0,230,680,control
196,rush,2,cave,こだま洞くつ,3,7,2,1,1,7,7,11,8,7,1,0,1,7,6,54,0,0,15,74,0,0,10,0,0,0,19,16,0,0,680,1713,control
196,rush,3,brook,しずく湖畔,5,10,3,1,1,11,11,13,4,4,0,0,0,2,1,9,0,0,6,17,0,0,6,0,0,0,5,15,0,0,1713,1758,control
196,rush,4,volcano,ほむら火山,8,14,4,1,1,13,14,20,22,22,0,0,0,19,18,97,0,0,41,144,0,0,7,0,0,0,56,71,0,0,1758,1260,control
196,rush,5,tower,星晶の塔,12,20,5,1,0,20,20,0,45,45,0,0,0,40,40,182,0,0,85,294,0,0,6,0,0,0,127,110,0,0,1260,0,control
197,balanced,1,meadow,はじまり草原,1,4,2,1,1,1,2,7,6,5,1,0,3,3,2,21,2,0,11,51,2,1,9,0,0,0,6,6,0,0,230,876,control
197,balanced,2,cave,こだま洞くつ,3,7,2,1,1,8,9,12,6,5,1,0,3,3,2,17,2,2,11,46,1,1,10,0,0,0,13,26,0,0,2352,1505,control
197,balanced,3,brook,しずく湖畔,5,10,3,1,1,12,12,15,9,8,1,0,5,4,3,26,2,2,15,49,2,1,11,0,0,0,17,18,0,0,1166,1208,control
197,balanced,4,volcano,ほむら火山,8,14,4,1,1,15,14,18,12,11,1,0,6,5,4,31,2,2,19,78,1,1,9,0,0,0,22,28,0,0,937,1218,control
197,balanced,5,tower,星晶の塔,12,20,5,1,1,18,17,23,23,22,1,0,5,10,9,40,2,2,35,114,0,0,6,0,0,0,37,64,0,0,944,3070,control
198,collector,1,meadow,はじまり草原,1,4,2,1,1,1,2,6,8,6,2,0,3,3,2,38,1,0,12,68,7,1,14,0,0,0,11,1,0,0,230,1123,control
198,collector,2,cave,こだま洞くつ,3,7,2,1,1,6,6,10,5,3,2,0,7,2,1,25,5,5,12,82,2,1,19,0,0,0,20,4,0,0,1381,3544,control
198,collector,3,brook,しずく湖畔,5,10,3,1,1,10,8,13,18,16,2,0,7,6,5,34,5,5,29,98,6,1,9,0,0,0,31,13,0,0,1872,1324,control
198,collector,4,volcano,ほむら火山,8,14,4,1,1,13,11,15,13,11,2,0,9,4,3,33,5,5,22,115,6,1,12,0,0,0,30,16,0,0,701,2200,control
198,collector,5,tower,星晶の塔,12,20,5,1,1,15,15,24,53,49,1,3,12,16,15,118,5,5,74,496,11,1,29,0,0,0,93,55,0,0,1162,2302,control
199,rush,1,meadow,はじまり草原,1,4,2,1,1,1,2,7,7,4,1,2,2,4,3,30,0,0,11,49,0,0,9,0,0,0,9,8,0,0,230,681,control
199,rush,2,cave,こだま洞くつ,3,7,2,1,1,7,7,11,13,10,1,2,3,10,9,77,0,0,23,115,0,0,10,0,0,0,33,20,0,0,681,1267,control
199,rush,3,brook,しずく湖畔,5,10,3,1,1,11,12,14,6,6,0,0,0,4,3,23,0,0,10,35,0,0,8,0,0,0,11,20,0,0,1267,1360,control
199,rush,4,volcano,ほむら火山,8,14,4,1,1,14,15,19,19,19,0,0,0,16,15,93,0,0,35,131,0,0,7,0,0,0,47,50,0,0,1360,1962,control
199,rush,5,tower,星晶の塔,12,20,5,1,0,19,20,0,46,45,0,1,0,40,40,182,0,0,86,300,0,0,7,0,0,0,125,119,0,0,1962,0,control
200,balanced,1,meadow,はじまり草原,1,4,2,1,1,1,3,7,11,8,0,3,4,4,3,25,2,2,17,66,2,1,11,0,0,0,8,6,0,0,230,759,control
200,balanced,2,cave,こだま洞くつ,3,7,2,1,1,7,7,12,10,9,1,0,4,5,4,37,2,2,17,81,1,1,12,0,0,0,13,29,0,0,588,750,control
200,balanced,3,brook,しずく湖畔,5,10,3,1,1,12,12,15,13,12,1,0,3,6,5,37,2,2,21,88,1,1,11,0,0,0,24,13,0,0,581,1425,control
200,balanced,4,volcano,ほむら火山,8,14,4,1,1,15,15,20,27,25,1,1,5,12,11,80,2,2,41,139,1,1,10,0,0,0,47,64,0,0,1104,1232,control
200,balanced,5,tower,星晶の塔,12,20,5,1,1,20,20,21,7,6,1,0,3,2,1,16,2,2,11,40,0,0,8,0,0,0,12,17,0,0,955,1871,control
201,collector,1,meadow,はじまり草原,1,4,2,1,1,1,3,7,17,13,1,3,4,5,4,56,3,1,25,130,10,1,14,0,0,0,16,0,0,0,230,2029,control
201,collector,2,cave,こだま洞くつ,3,7,2,1,1,8,5,9,8,7,1,0,2,3,2,40,1,0,12,67,3,1,15,0,0,0,5,8,0,0,2712,2396,control
201,collector,3,brook,しずく湖畔,5,10,3,1,1,8,7,12,15,13,2,0,8,5,4,21,5,5,25,80,2,1,9,0,0,0,19,17,0,0,2730,2424,control
201,collector,4,volcano,ほむら火山,8,14,4,1,1,12,12,16,13,11,2,0,9,4,3,22,5,5,22,83,2,1,9,0,0,0,25,12,0,0,1281,3498,control
201,collector,5,tower,星晶の塔,12,20,5,1,1,16,16,22,33,30,2,1,9,10,9,161,5,5,48,340,9,1,51,1,0,0,50,50,0,0,1848,2228,control
202,rush,1,meadow,はじまり草原,1,4,2,1,1,1,2,6,6,3,1,2,4,3,2,24,0,0,9,44,0,0,10,0,0,0,7,8,0,0,230,662,control
202,rush,2,cave,こだま洞くつ,3,7,2,1,1,6,7,12,12,11,1,0,2,11,10,88,0,0,23,117,0,0,10,0,0,0,32,33,0,0,662,564,control
202,rush,3,brook,しずく湖畔,5,10,3,1,1,12,12,13,3,3,0,0,0,1,0,8,0,0,4,13,0,0,8,0,0,0,2,0,0,0,564,1693,control
202,rush,4,volcano,ほむら火山,8,14,4,1,0,13,14,0,44,44,0,0,0,40,40,199,0,0,84,353,0,0,6,0,0,0,140,84,0,0,1693,0,control
202,rush,5,tower,星晶の塔,12,20,5,0,0,0,0,0,0,0,0,0,0,0,0,0,0,0,0,0,0,0,0,0,0,0,0,0,0,0,0,0,control
203,balanced,1,meadow,はじまり草原,1,4,2,1,1,1,2,6,8,4,2,2,5,3,2,35,1,0,12,59,5,1,12,0,0,0,10,5,0,0,230,863,control
203,balanced,2,cave,こだま洞くつ,3,7,2,1,1,7,7,10,4,3,1,0,4,2,1,19,2,2,8,52,1,1,13,0,0,0,10,6,0,0,1121,2785,control
203,balanced,3,brook,しずく湖畔,5,10,3,1,1,10,11,13,5,4,1,0,3,2,1,15,2,2,9,42,0,0,9,0,0,0,11,15,0,0,2157,2241,control
203,balanced,4,volcano,ほむら火山,8,14,4,1,1,13,12,16,14,13,1,0,3,6,5,46,2,2,22,79,5,1,9,0,0,0,23,44,0,0,1737,1258,control
203,balanced,5,tower,星晶の塔,12,20,5,1,1,16,17,22,21,18,1,2,8,8,7,52,2,2,31,125,3,1,9,0,0,0,35,52,0,0,976,1811,control
204,collector,1,meadow,はじまり草原,1,4,2,1,1,1,3,6,11,10,1,0,2,4,3,37,1,0,16,68,6,1,15,0,0,0,8,1,0,0,230,1058,control
204,collector,2,cave,こだま洞くつ,3,7,2,1,1,7,7,10,5,3,2,0,7,2,1,32,5,5,12,107,4,1,24,0,0,0,20,3,0,0,1136,3307,control
204,collector,3,brook,しずく湖畔,5,10,3,1,1,10,9,12,9,7,2,0,7,3,2,14,5,5,17,64,1,1,8,0,0,0,23,12,0,0,1747,1618,control
204,collector,4,volcano,ほむら火山,8,14,4,1,1,12,12,17,16,14,2,0,8,5,4,35,5,5,26,132,2,1,14,0,0,0,33,24,0,0,856,2021,control
204,collector,5,tower,星晶の塔,12,20,5,1,1,17,16,29,85,79,1,5,14,26,25,132,5,5,116,855,25,1,47,0,0,0,151,100,0,0,1069,2266,control
205,rush,1,meadow,はじまり草原,1,4,2,1,1,1,3,7,7,4,1,2,2,4,3,31,0,0,11,50,0,0,9,0,0,0,9,8,0,0,230,700,control
205,rush,2,cave,こだま洞くつ,3,7,2,1,1,7,7,11,11,9,1,1,3,9,8,69,0,0,20,95,0,0,9,0,0,0,28,19,0,0,700,1392,control
205,rush,3,brook,しずく湖畔,5,10,3,1,1,11,12,14,4,4,0,0,0,2,1,11,0,0,6,18,0,0,7,0,0,0,5,21,0,0,1392,1123,control
205,rush,4,volcano,ほむら火山,8,14,4,1,1,14,15,18,13,13,0,0,0,10,9,53,0,0,23,77,0,0,7,0,0,0,28,40,0,0,1123,982,control
205,rush,5,tower,星晶の塔,12,20,5,1,0,18,19,0,45,45,0,0,0,40,40,190,0,0,85,289,0,0,7,0,0,0,121,123,0,0,982,0,control
206,balanced,1,meadow,はじまり草原,1,4,2,1,1,1,2,6,7,5,1,1,3,3,2,24,1,0,11,47,4,1,10,0,0,0,7,5,0,0,230,903,control
206,balanced,2,cave,こだま洞くつ,3,7,2,1,1,7,6,10,6,5,1,0,3,3,2,39,2,0,11,83,3,1,20,0,0,0,6,12,0,0,981,2542,control
206,balanced,3,brook,しずく湖畔,5,10,3,1,1,11,10,11,3,2,1,0,3,1,0,12,2,2,6,28,0,0,12,0,0,0,5,0,0,0,2810,4109,control
206,balanced,4,volcano,ほむら火山,8,14,4,1,1,11,12,15,6,5,1,0,4,2,1,21,2,2,10,54,1,1,17,0,0,0,11,16,0,0,3183,4412,control
206,balanced,5,tower,星晶の塔,12,20,5,1,1,15,15,20,11,10,1,0,3,4,3,17,2,2,17,48,2,1,5,0,0,0,17,58,0,0,3418,3186,control
207,collector,1,meadow,はじまり草原,1,4,2,1,1,1,3,6,7,3,2,2,5,2,1,21,1,0,10,43,3,1,11,0,0,0,7,0,0,0,230,1216,control
207,collector,2,cave,こだま洞くつ,3,7,2,1,1,6,6,10,8,7,1,0,4,3,2,57,3,2,14,140,3,1,26,0,0,0,10,7,0,0,1714,3010,control
207,collector,3,brook,しずく湖畔,5,10,3,1,1,11,7,12,18,15,3,0,8,6,5,57,5,5,29,111,4,1,21,0,0,0,21,19,0,0,2726,1339,control
207,collector,4,volcano,ほむら火山,8,14,4,1,1,12,14,15,7,5,2,0,9,2,1,17,5,5,14,70,1,1,12,0,0,0,21,9,0,0,709,3222,control
207,collector,5,tower,星晶の塔,12,20,5,1,1,15,13,22,41,36,2,3,12,12,11,69,5,5,58,287,7,1,17,0,0,0,71,42,0,0,1702,3499,control
208,rush,1,meadow,はじまり草原,1,4,2,1,1,1,2,5,3,2,1,0,2,2,1,14,0,0,5,25,0,0,9,0,0,0,3,3,0,0,230,948,control
208,rush,2,cave,こだま洞くつ,3,7,2,1,1,5,6,10,8,7,1,0,1,7,6,49,0,0,15,70,0,0,8,0,0,0,21,21,0,0,948,686,control
208,rush,3,brook,しずく湖畔,5,10,3,1,1,10,11,14,5,5,0,0,0,3,2,15,0,0,8,22,0,0,5,0,0,0,8,25,0,0,686,1154,control
208,rush,4,volcano,ほむら火山,8,14,4,1,0,14,14,0,47,44,0,3,0,40,40,193,0,0,87,341,0,0,6,0,0,0,143,71,0,0,1154,0,control
208,rush,5,tower,星晶の塔,12,20,5,0,0,0,0,0,0,0,0,0,0,0,0,0,0,0,0,0,0,0,0,0,0,0,0,0,0,0,0,0,control
209,balanced,1,meadow,はじまり草原,1,4,2,1,1,1,3,7,6,5,1,0,2,3,2,26,1,0,10,46,4,1,11,0,0,0,4,6,0,0,230,883,control
209,balanced,2,cave,こだま洞くつ,3,7,2,1,1,7,8,11,6,5,1,0,3,3,2,34,2,2,11,65,2,1,15,0,0,0,14,16,0,0,961,2636,control
209,balanced,3,brook,しずく湖畔,5,10,3,1,1,11,12,14,7,6,1,0,4,3,2,18,2,2,12,42,0,0,11,0,0,0,15,27,0,0,2042,1167,control
209,balanced,4,volcano,ほむら火山,8,14,4,1,1,14,14,19,20,19,1,0,3,9,8,58,2,2,31,107,2,1,9,0,0,0,33,52,0,0,904,1544,control
209,balanced,5,tower,星晶の塔,12,20,5,1,1,19,18,23,28,26,1,1,4,12,11,72,2,2,42,140,2,1,10,0,0,0,45,53,0,0,1196,2222,control
210,collector,1,meadow,はじまり草原,1,4,2,1,1,1,2,6,9,7,1,1,5,3,2,23,2,1,14,61,3,1,13,0,0,0,9,0,0,0,230,1139,control
210,collector,2,cave,こだま洞くつ,3,7,2,1,1,6,6,10,8,6,2,0,7,3,2,28,5,4,16,115,5,1,21,0,0,0,23,8,0,0,1081,2590,control
210,collector,3,brook,しずく湖畔,5,10,3,1,1,11,9,13,15,13,2,0,7,5,4,32,5,5,25,89,4,1,9,0,0,0,29,16,0,0,1659,1340,control
210,collector,4,volcano,ほむら火山,8,14,4,1,1,13,12,14,7,3,4,0,9,2,1,11,5,5,14,65,3,1,8,0,0,0,23,6,0,0,710,3336,control
210,collector,5,tower,星晶の塔,12,20,5,1,1,14,14,20,22,19,1,2,12,6,5,26,5,5,33,145,2,1,11,0,0,0,49,23,0,0,1762,3495,control
211,rush,1,meadow,はじまり草原,1,4,2,1,1,1,3,7,4,3,1,0,1,3,2,23,0,0,7,37,0,0,9,0,0,0,6,9,0,0,230,672,control
211,rush,2,cave,こだま洞くつ,3,7,2,1,1,7,7,10,4,3,1,0,1,3,2,21,0,0,7,34,0,0,8,0,0,0,8,11,0,0,672,1261,control
211,rush,3,brook,しずく湖畔,5,10,3,1,1,10,10,14,8,8,0,0,0,6,5,32,0,0,14,46,0,0,6,0,0,0,17,29,0,0,1261,1174,control
211,rush,4,volcano,ほむら火山,8,14,4,1,1,14,15,18,10,10,0,0,0,7,6,43,0,0,17,63,0,0,7,0,0,0,20,37,0,0,1174,958,control
211,rush,5,tower,星晶の塔,12,20,5,1,0,18,18,0,45,45,0,0,0,40,40,182,0,0,85,282,0,0,7,0,0,0,123,127,0,0,958,0,control
212,balanced,1,meadow,はじまり草原,1,4,2,1,1,1,2,6,6,4,2,0,4,3,2,33,2,0,11,73,3,1,14,0,0,0,10,5,0,0,230,918,control
212,balanced,2,cave,こだま洞くつ,3,7,2,1,1,8,9,11,4,3,1,0,3,2,1,32,2,2,8,73,2,1,16,0,0,0,12,12,0,0,1694,2671,control
212,balanced,3,brook,しずく湖畔,5,10,3,1,1,11,11,14,7,6,1,0,3,3,2,25,2,2,12,55,2,1,10,0,0,0,14,24,0,0,2069,1529,control
212,balanced,4,volcano,ほむら火山,8,14,4,1,1,14,14,20,24,23,1,0,3,11,10,67,2,2,37,126,5,1,10,0,0,0,38,60,0,0,1185,1557,control
212,balanced,5,tower,星晶の塔,12,20,5,1,1,20,19,24,21,20,1,0,3,9,8,46,2,2,32,104,3,1,7,0,0,0,33,46,0,0,1207,3443,control
213,collector,1,meadow,はじまり草原,1,4,2,1,1,1,3,7,15,13,1,1,2,5,4,60,1,0,21,104,9,1,15,0,0,0,11,1,0,0,230,1310,control
213,collector,2,cave,こだま洞くつ,3,7,2,1,1,8,8,12,11,11,0,0,2,4,3,76,1,0,16,148,5,1,25,0,0,0,7,14,0,0,1588,1753,control
213,collector,3,brook,しずく湖畔,5,10,3,1,1,12,8,13,12,10,2,0,7,4,3,38,5,5,21,89,4,1,20,0,0,0,18,18,0,0,2267,2365,control
213,collector,4,volcano,ほむら火山,8,14,4,1,1,13,13,15,7,4,3,0,8,2,1,17,5,5,14,64,1,1,13,0,0,0,19,6,0,0,1251,2496,control
213,collector,5,tower,星晶の塔,12,20,5,1,1,15,14,19,20,18,2,0,10,6,5,34,5,5,31,104,4,1,8,0,0,0,33,31,0,0,1319,3900,control
214,rush,1,meadow,はじまり草原,1,4,2,1,1,1,3,7,5,3,1,1,3,3,2,23,0,0,8,41,0,0,10,0,0,0,7,8,0,0,230,706,control
214,rush,2,cave,こだま洞くつ,3,7,2,1,1,7,7,11,8,7,1,0,1,7,6,61,0,0,15,80,0,0,12,0,0,0,19,16,0,0,706,1378,control
214,rush,3,brook,しずく湖畔,5,10,3,1,1,11,11,14,4,4,0,0,0,2,1,12,0,0,6,21,0,0,6,0,0,0,5,17,0,0,1378,1648,control
214,rush,4,volcano,ほむら火山,8,14,4,1,1,14,14,20,22,22,0,0,0,19,18,111,0,0,41,154,0,0,7,0,0,0,56,59,0,0,1648,1284,control
214,rush,5,tower,星晶の塔,12,20,5,1,0,20,21,0,45,45,0,0,0,40,40,200,0,0,85,329,0,0,7,0,0,0,125,123,0,0,1284,0,control
215,balanced,1,meadow,はじまり草原,1,4,2,1,1,1,3,6,10,5,1,4,6,3,2,22,2,2,15,76,2,1,12,0,0,0,12,4,0,0,230,903,control
215,balanced,2,cave,こだま洞くつ,3,7,2,1,1,6,7,10,11,7,1,3,6,4,3,52,2,2,17,120,4,1,19,0,0,0,23,9,0,0,700,1922,control
215,balanced,3,brook,しずく湖畔,5,10,3,1,1,10,11,14,13,12,1,0,3,6,5,44,2,2,21,81,2,1,9,0,0,0,23,25,0,0,1489,1591,control
215,balanced,4,volcano,ほむら火山,8,14,4,1,1,14,14,17,8,7,1,0,5,3,2,31,2,2,13,60,2,1,21,0,0,0,13,31,0,0,1233,1267,control
215,balanced,5,tower,星晶の塔,12,20,5,1,1,17,18,21,11,10,1,0,4,4,3,20,2,2,17,51,1,1,6,0,0,0,18,44,0,0,982,1837,control
216,collector,1,meadow,はじまり草原,1,4,2,1,1,1,3,6,12,10,1,1,3,4,3,45,1,0,17,82,5,1,16,0,0,0,9,0,0,0,230,1069,control
216,collector,2,cave,こだま洞くつ,3,7,2,1,1,7,6,10,8,7,1,0,2,3,2,50,1,0,12,98,5,1,23,0,0,0,5,7,0,0,1147,2591,control
216,collector,3,brook,しずく湖畔,5,10,3,1,1,11,7,13,18,16,2,0,7,6,5,27,5,5,29,90,0,0,9,0,0,0,20,21,0,0,2725,2224,control
216,collector,4,volcano,ほむら火山,8,14,4,1,1,13,14,16,10,7,3,0,8,3,2,27,5,5,18,79,3,1,15,0,0,0,23,18,0,0,1176,1835,control
216,collector,5,tower,星晶の塔,12,20,5,1,1,16,17,24,44,42,2,0,7,14,13,241,5,5,63,452,5,1,58,1,0,0,60,56,0,0,970,3484,control
217,rush,1,meadow,はじまり草原,1,4,2,1,1,1,3,7,5,5,0,0,1,4,3,26,0,0,9,40,0,0,9,0,0,0,3,8,0,0,230,680,control
217,rush,2,cave,こだま洞くつ,3,7,2,1,1,7,7,10,7,5,2,0,2,6,5,52,0,0,13,71,0,0,10,0,0,0,17,13,0,0,680,676,control
217,rush,3,brook,しずく湖畔,5,10,3,1,1,10,11,14,8,8,0,0,0,6,5,33,0,0,14,45,0,0,7,0,0,0,17,29,0,0,676,1194,control
217,rush,4,volcano,ほむら火山,8,14,4,1,1,14,15,17,7,7,0,0,0,4,3,27,0,0,11,39,0,0,7,0,0,0,11,25,0,0,1194,958,control
217,rush,5,tower,星晶の塔,12,20,5,1,0,17,18,0,45,45,0,0,0,40,40,196,0,0,85,313,0,0,7,0,0,0,124,136,0,0,958,0,control
218,balanced,1,meadow,はじまり草原,1,4,2,1,1,1,2,6,8,5,1,2,3,3,2,17,2,2,13,51,4,1,9,0,0,0,10,5,0,0,230,888,control
218,balanced,2,cave,こだま洞くつ,3,7,2,1,1,6,7,10,6,5,1,0,3,3,2,35,2,2,11,71,3,1,17,0,0,0,14,11,0,0,689,1679,control
218,balanced,3,brook,しずく湖畔,5,10,3,1,1,10,11,13,5,4,1,0,3,2,1,12,2,2,9,32,1,1,6,0,0,0,10,15,0,0,1301,1858,control
218,balanced,4,volcano,ほむら火山,8,14,4,1,1,13,13,17,18,17,1,0,3,8,7,68,2,2,28,124,7,1,13,0,0,0,31,45,0,0,1440,1218,control
218,balanced,5,tower,星晶の塔,12,20,5,1,1,17,18,22,16,14,1,1,5,6,5,27,2,2,24,75,2,1,6,0,0,0,29,47,0,0,944,1857,control
219,collector,1,meadow,はじまり草原,1,4,2,1,1,1,3,6,12,7,1,4,5,3,2,29,2,1,17,81,5,1,13,0,0,0,11,0,0,0,230,1161,control
219,collector,2,cave,こだま洞くつ,3,7,2,1,1,6,7,11,8,7,1,0,6,3,2,51,5,3,16,145,6,1,23,0,0,0,20,9,0,0,1800,2633,control
219,collector,3,brook,しずく湖畔,5,10,3,1,1,9,11,13,9,7,2,0,7,3,2,23,5,4,17,76,2,1,11,0,0,0,22,15,0,0,2020,1582,control
219,collector,4,volcano,ほむら火山,8,14,4,1,1,11,11,14,7,4,3,0,8,2,1,13,5,5,14,64,2,1,7,0,0,0,20,6,0,0,2357,4896,control
219,collector,5,tower,星晶の塔,12,20,5,1,1,14,17,18,8,6,2,0,10,2,1,11,5,5,15,76,2,1,8,0,0,0,23,13,0,0,2585,3162,control
220,rush,1,meadow,はじまり草原,1,4,2,1,1,1,3,6,6,2,1,3,5,2,1,15,0,0,8,36,0,0,9,0,0,0,6,5,0,0,230,765,control
220,rush,2,cave,こだま洞くつ,3,7,2,1,1,6,6,11,12,9,1,2,3,9,8,73,0,0,21,106,0,0,10,0,0,0,31,17,0,0,765,1679,control
220,rush,3,brook,しずく湖畔,5,10,3,1,1,11,11,15,10,10,0,0,0,8,7,46,0,0,18,69,0,0,8,0,0,0,23,28,0,0,1679,1373,control
220,rush,4,volcano,ほむら火山,8,14,4,1,1,15,15,20,20,20,0,0,0,17,16,102,0,0,37,140,0,0,7,0,0,0,50,60,0,0,1373,1262,control
220,rush,5,tower,星晶の塔,12,20,5,1,0,20,21,0,48,45,0,3,0,40,40,183,0,0,88,322,0,0,7,0,0,0,133,108,0,0,1262,0,control
221,balanced,1,meadow,はじまり草原,1,4,2,1,1,1,3,7,8,5,1,2,3,3,2,29,1,0,12,63,5,1,14,0,0,0,8,5,0,0,230,899,control
221,balanced,2,cave,こだま洞くつ,3,7,2,1,1,6,7,10,4,3,1,0,3,2,1,26,2,0,8,66,2,1,18,0,0,0,4,8,0,0,977,2833,control
221,balanced,3,brook,しずく湖畔,5,10,3,1,1,11,10,11,5,4,1,0,4,2,1,15,2,1,9,39,0,0,11,0,0,0,6,13,0,0,3401,3195,control
221,balanced,4,volcano,ほむら火山,8,14,4,1,1,13,12,17,15,13,1,1,5,6,5,48,2,1,23,98,2,1,14,0,0,0,25,67,0,0,4219,1545,control
221,balanced,5,tower,星晶の塔,12,20,5,1,1,18,18,23,19,18,1,0,4,8,7,42,2,2,29,105,2,1,13,0,0,0,31,59,0,0,1617,4054,control
222,collector,1,meadow,はじまり草原,1,4,2,1,1,1,3,6,8,7,1,0,6,3,2,29,5,0,16,96,2,1,13,0,0,0,9,1,0,0,230,1120,control
222,collector,2,cave,こだま洞くつ,3,7,2,1,1,8,9,13,8,8,0,0,3,3,2,33,3,2,14,79,2,1,12,0,0,0,8,11,0,0,2980,3606,control
222,collector,3,brook,しずく湖畔,5,10,3,1,1,13,8,10,6,4,2,0,8,2,1,10,5,5,13,50,1,1,6,0,0,0,13,5,0,0,3108,3557,control
222,collector,4,volcano,ほむら火山,8,14,4,1,1,10,11,16,10,8,2,0,8,3,2,34,5,5,18,104,2,1,15,0,0,0,26,14,0,0,1879,4993,control
222,collector,5,tower,星晶の塔,12,20,5,1,1,16,17,22,30,27,2,1,8,9,8,101,5,5,44,202,5,1,53,1,0,0,47,53,0,0,2636,2297,control
223,rush,1,meadow,はじまり草原,1,4,2,1,1,1,3,6,4,2,1,1,3,2,1,16,0,0,6,29,0,0,9,0,0,0,4,5,0,0,230,799,control
223,rush,2,cave,こだま洞くつ,3,7,2,1,1,6,6,10,8,7,1,0,1,7,6,56,0,0,15,76,0,0,9,0,0,0,21,19,0,0,799,1409,control
223,rush,3,brook,しずく湖畔,5,10,3,1,1,10,11,14,6,6,0,0,0,4,3,22,0,0,10,33,0,0,7,0,0,0,11,25,0,0,1409,1171,control
223,rush,4,volcano,ほむら火山,8,14,4,1,1,14,15,19,18,18,0,0,0,15,14,88,0,0,33,131,0,0,7,0,0,0,45,46,0,0,1171,946,control
223,rush,5,tower,星晶の塔,12,20,5,1,0,19,20,0,45,45,0,0,0,40,40,194,0,0,85,328,0,0,7,0,0,0,132,125,0,0,946,0,control
224,balanced,1,meadow,はじまり草原,1,4,2,1,1,1,3,6,4,2,2,0,4,2,1,24,2,0,8,57,6,1,13,0,0,0,8,3,0,0,230,1065,control
224,balanced,2,cave,こだま洞くつ,3,7,2,1,1,7,8,13,8,7,1,0,4,4,3,34,2,2,14,73,0,0,10,0,0,0,17,35,0,0,2521,1342,control
224,balanced,3,brook,しずく湖畔,5,10,3,1,1,13,13,15,7,6,1,0,3,3,2,19,2,2,12,49,0,0,9,0,0,0,13,17,0,0,1040,1168,control
224,balanced,4,volcano,ほむら火山,8,14,4,1,1,15,15,20,22,21,1,0,3,10,9,77,2,2,34,136,5,1,24,0,0,0,38,49,0,0,905,1522,control
224,balanced,5,tower,星晶の塔,12,20,5,1,1,20,19,23,21,20,1,0,3,9,8,53,2,2,32,113,2,1,8,0,0,0,33,45,0,0,1180,3363,control
225,collector,1,meadow,はじまり草原,1,4,2,1,1,1,3,7,12,10,1,1,3,4,3,32,1,0,17,66,3,1,10,0,0,0,9,1,0,0,230,1031,control
225,collector,2,cave,こだま洞くつ,3,7,2,1,1,7,8,12,11,9,2,0,4,4,3,87,2,1,17,123,3,1,28,0,0,0,15,15,0,0,1109,1940,control
225,collector,3,brook,しずく湖畔,5,10,3,1,1,10,10,14,15,12,3,0,8,5,4,40,5,5,25,104,2,1,12,0,0,0,28,15,0,0,2102,2202,control
225,collector,4,volcano,ほむら火山,8,14,4,1,1,14,12,13,5,2,2,1,9,1,0,4,5,5,11,64,1,1,9,0,0,0,21,0,0,0,1164,3275,control
225,collector,5,tower,星晶の塔,12,20,5,1,1,13,17,22,28,24,2,2,11,8,7,105,5,5,41,220,1,1,34,0,0,0,48,27,0,0,1731,3807,control
226,rush,1,meadow,はじまり草原,1,4,2,1,1,1,2,7,9,5,1,3,4,5,4,34,0,0,14,58,0,0,9,0,0,0,11,9,0,0,230,566,control
226,rush,2,cave,こだま洞くつ,3,7,2,1,1,7,7,10,5,4,1,0,1,4,3,34,0,0,9,50,0,0,12,0,0,0,11,13,0,0,566,1411,control
226,rush,3,brook,しずく湖畔,5,10,3,1,1,10,11,14,5,5,0,0,0,3,2,17,0,0,8,27,0,0,6,0,0,0,8,25,0,0,1411,1139,control
226,rush,4,volcano,ほむら火山,8,14,4,1,1,14,14,18,18,18,0,0,0,15,14,80,0,0,33,122,0,0,7,0,0,0,46,44,0,0,1139,1005,control
226,rush,5,tower,星晶の塔,12,20,5,1,0,18,20,0,45,45,0,0,0,40,40,179,0,0,85,295,0,0,7,0,0,0,125,125,0,0,1005,0,control
227,balanced,1,meadow,はじまり草原,1,4,2,1,1,1,3,6,8,5,1,2,3,3,2,30,1,0,12,57,5,1,12,0,0,0,8,5,0,0,230,901,control
227,balanced,2,cave,こだま洞くつ,3,7,2,1,1,6,5,10,6,5,1,0,3,3,2,33,2,0,11,80,3,1,15,0,0,0,5,12,0,0,979,2735,control
227,balanced,3,brook,しずく湖畔,5,10,3,1,1,11,11,13,5,4,1,0,3,2,1,15,2,2,9,35,2,1,11,0,0,0,7,12,0,0,3003,2869,control
227,balanced,4,volcano,ほむら火山,8,14,4,1,1,13,13,17,11,9,1,1,5,4,3,21,2,2,17,65,2,1,8,0,0,0,20,42,0,0,2222,2399,control
227,balanced,5,tower,星晶の塔,12,20,5,1,1,17,18,26,39,38,1,0,3,18,17,93,2,2,59,194,11,1,7,0,0,0,62,119,0,0,1859,1852,control
228,collector,1,meadow,はじまり草原,1,4,2,1,1,1,3,5,15,3,2,10,11,2,1,27,3,2,20,109,6,1,14,0,0,0,23,0,0,0,230,1088,control
228,collector,2,cave,こだま洞くつ,3,7,2,1,1,5,6,10,8,7,1,0,2,3,2,43,1,0,12,73,2,1,20,0,0,0,4,8,0,0,2042,2681,control
228,collector,3,brook,しずく湖畔,5,10,3,1,1,11,11,14,9,8,1,0,6,3,2,20,5,5,17,66,4,1,7,0,0,0,15,15,0,0,3075,2318,control
228,collector,4,volcano,ほむら火山,8,14,4,1,1,14,11,16,19,18,1,0,8,6,5,29,5,5,30,104,7,1,8,0,0,0,21,21,0,0,1225,2566,control
228,collector,5,tower,星晶の塔,12,20,5,1,1,16,16,24,43,39,2,2,10,13,12,59,5,5,61,363,10,1,19,0,0,0,71,43,0,0,1356,3468,control
229,rush,1,meadow,はじまり草原,1,4,2,1,1,1,2,6,7,4,1,2,4,4,3,26,0,0,11,41,0,0,8,0,0,0,9,8,0,0,230,673,control
229,rush,2,cave,こだま洞くつ,3,7,2,1,1,6,7,15,32,32,0,0,1,31,30,143,0,0,63,215,0,0,7,0,0,0,62,43,0,0,673,552,control
229,rush,3,brook,しずく湖畔,5,10,3,1,1,15,15,17,7,6,1,0,1,5,4,20,0,0,12,31,0,0,5,0,0,0,12,23,0,0,552,1133,control
229,rush,4,volcano,ほむら火山,8,14,4,1,1,17,18,20,8,8,0,0,0,5,4,23,0,0,13,37,0,0,6,0,0,0,15,36,0,0,1133,1006,control
229,rush,5,tower,星晶の塔,12,20,5,1,0,20,21,0,48,45,0,3,0,40,40,170,0,0,88,285,0,0,7,0,0,0,135,102,0,0,1006,0,control
230,balanced,1,meadow,はじまり草原,1,4,2,1,1,1,3,7,6,5,1,0,2,3,2,29,1,0,10,51,3,1,12,0,0,0,5,6,0,0,230,887,control
230,balanced,2,cave,こだま洞くつ,3,7,2,1,1,7,8,12,6,5,1,0,3,3,2,37,2,0,11,75,1,1,19,0,0,0,4,15,0,0,965,2714,control
230,balanced,3,brook,しずく湖畔,5,10,3,1,1,12,12,13,3,2,1,0,4,1,0,8,2,2,6,23,0,0,8,0,0,0,4,0,0,0,2982,3831,control
230,balanced,4,volcano,ほむら火山,8,14,4,1,1,13,13,17,11,9,1,1,5,4,3,41,2,2,17,79,1,1,21,0,0,0,13,42,0,0,2968,2435,control
230,balanced,5,tower,星晶の塔,12,20,5,1,1,17,16,23,29,28,1,0,3,13,12,55,2,2,44,124,3,1,10,0,0,0,45,91,0,0,1886,1804,control
231,collector,1,meadow,はじまり草原,1,4,2,1,1,1,3,6,9,7,1,1,6,3,2,26,4,3,16,88,5,1,12,0,0,0,13,0,0,0,230,1122,control
231,collector,2,cave,こだま洞くつ,3,7,2,1,1,6,7,12,11,9,2,0,7,4,3,63,5,2,20,152,4,1,23,0,0,0,21,17,0,0,844,1827,control
231,collector,3,brook,しずく湖畔,5,10,3,1,1,12,13,15,6,5,1,0,7,2,1,9,5,5,13,63,1,1,9,0,0,0,19,10,0,0,1896,3036,control
231,collector,4,volcano,ほむら火山,8,14,4,1,1,15,13,17,16,13,3,0,8,5,4,29,5,5,26,93,2,1,8,0,0,0,29,26,0,0,1604,2220,control
231,collector,5,tower,星晶の塔,12,20,5,1,1,17,15,20,27,24,2,1,10,8,7,51,5,5,40,255,6,1,34,0,0,0,49,34,0,0,1174,2230,control
232,rush,1,meadow,はじまり草原,1,4,2,1,1,1,3,7,10,10,0,0,1,9,8,38,0,0,19,61,0,0,6,0,0,0,8,8,0,0,230,670,control
232,rush,2,cave,こだま洞くつ,3,7,2,1,1,7,8,12,8,7,1,0,2,7,6,44,0,0,15,65,0,0,8,0,0,0,13,34,0,0,670,543,control
232,rush,3,brook,しずく湖畔,5,10,3,1,1,12,13,15,12,11,1,0,2,10,9,56,0,0,22,74,0,0,8,0,0,0,27,15,0,0,543,1139,control
232,rush,4,volcano,ほむら火山,8,14,4,1,1,15,16,20,11,11,0,0,0,8,7,45,0,0,19,69,0,0,7,0,0,0,23,50,0,0,1139,1264,control
232,rush,5,tower,星晶の塔,12,20,5,1,0,20,20,0,45,45,0,0,0,40,40,169,0,0,85,289,0,0,6,0,0,0,127,110,0,0,1264,0,control
233,balanced,1,meadow,はじまり草原,1,4,2,1,1,1,2,6,13,7,1,5,7,4,3,41,2,1,19,98,7,1,13,0,0,0,15,5,0,0,230,789,control
233,balanced,2,cave,こだま洞くつ,3,7,2,1,1,7,7,11,6,5,1,0,2,3,2,47,1,0,10,73,2,1,28,0,0,0,5,20,0,0,1473,1934,control
233,balanced,3,brook,しずく湖畔,5,10,3,1,1,12,8,12,9,8,1,0,5,4,3,17,2,1,15,44,2,1,9,0,0,0,10,32,0,0,2308,1217,control
233,balanced,4,volcano,ほむら火山,8,14,4,1,1,13,13,18,12,11,1,0,3,5,4,60,2,2,19,99,1,1,14,0,0,0,19,33,0,0,1254,3632,control
233,balanced,5,tower,星晶の塔,12,20,5,1,1,18,18,20,10,8,1,1,5,3,2,15,2,2,15,54,0,0,7,0,0,0,20,40,0,0,2814,1846,control
234,collector,1,meadow,はじまり草原,1,4,2,1,1,1,3,6,8,7,1,0,2,3,2,28,1,0,12,52,5,1,10,0,0,0,6,1,0,0,230,1166,control
234,collector,2,cave,こだま洞くつ,3,7,2,1,1,7,6,10,5,3,2,0,7,2,1,21,5,5,12,77,0,0,12,0,0,0,21,5,0,0,1244,3309,control
234,collector,3,brook,しずく湖畔,5,10,3,1,1,10,8,12,12,9,3,0,8,4,3,21,5,5,21,71,3,1,8,0,0,0,26,11,0,0,1748,1558,control
234,collector,4,volcano,ほむら火山,8,14,4,1,1,12,12,15,10,7,3,0,8,3,2,15,5,5,18,93,2,1,12,0,0,0,25,13,0,0,825,2713,control
234,collector,5,tower,星晶の塔,12,20,5,1,1,15,16,23,42,39,2,1,8,13,12,92,5,5,60,283,2,1,23,0,0,0,58,51,0,0,1433,2248,control
235,rush,1,meadow,はじまり草原,1,4,2,1,1,1,2,6,10,4,1,5,5,4,3,35,0,0,14,66,0,0,10,0,0,0,12,7,0,0,230,684,control
235,rush,2,cave,こだま洞くつ,3,7,2,1,1,6,7,11,9,8,1,0,1,8,7,57,0,0,17,81,0,0,9,0,0,0,22,16,0,0,684,1705,control
235,rush,3,brook,しずく湖畔,5,10,3,1,1,11,11,14,5,5,0,0,0,3,2,14,0,0,8,27,0,0,6,0,0,0,7,25,0,0,1705,1170,control
235,rush,4,volcano,ほむら火山,8,14,4,1,1,14,15,21,29,29,0,0,0,26,25,137,0,0,55,223,0,0,7,0,0,0,81,74,0,0,1170,952,control
235,rush,5,tower,星晶の塔,12,20,5,1,0,21,22,0,46,45,0,1,0,40,40,169,0,0,86,292,0,0,7,0,0,0,136,106,0,0,952,0,control
236,balanced,1,meadow,はじまり草原,1,4,2,1,1,1,2,6,7,5,1,1,4,3,2,26,2,1,12,60,3,1,11,0,0,0,9,5,0,0,230,901,control
236,balanced,2,cave,こだま洞くつ,3,7,2,1,1,7,7,10,4,3,1,0,3,2,1,34,2,2,8,65,2,1,18,0,0,0,11,7,0,0,871,2656,control
236,balanced,3,brook,しずく湖畔,5,10,3,1,1,10,10,14,9,8,1,0,4,4,3,27,2,2,15,57,4,1,9,0,0,0,17,30,0,0,2058,1174,control
236,balanced,4,volcano,ほむら火山,8,14,4,1,1,14,14,21,32,31,1,0,3,15,14,102,2,2,49,188,10,1,10,0,0,0,50,69,0,0,910,1224,control
236,balanced,5,tower,星晶の塔,12,20,5,1,1,21,21,27,39,38,1,0,3,18,17,83,2,2,59,185,7,1,9,0,0,0,63,92,0,0,949,1886,control
237,collector,1,meadow,はじまり草原,1,4,2,1,1,1,2,6,8,6,2,0,3,3,2,32,1,0,12,62,4,1,12,0,0,0,8,1,0,0,230,1166,control
237,collector,2,cave,こだま洞くつ,3,7,2,1,1,6,6,10,5,4,1,0,6,2,1,32,5,5,12,89,2,1,21,0,0,0,20,2,0,0,1424,3603,control
237,collector,3,brook,しずく湖畔,5,10,3,1,1,10,9,14,24,22,2,0,7,8,7,71,5,5,37,140,4,1,14,0,0,0,38,16,0,0,1904,2243,control
237,collector,4,volcano,ほむら火山,8,14,4,1,1,14,15,18,16,15,1,0,7,5,4,95,5,5,26,202,5,1,30,0,0,0,32,23,0,0,1186,1647,control
237,collector,5,tower,星晶の塔,12,20,5,1,1,18,17,23,46,39,2,5,12,13,12,85,5,5,64,434,9,1,18,0,0,0,82,39,0,0,871,2259,control
238,rush,1,meadow,はじまり草原,1,4,2,1,1,1,3,8,17,11,0,6,4,10,9,49,0,0,27,96,0,0,7,0,0,0,15,10,0,0,230,655,control
238,rush,2,cave,こだま洞くつ,3,7,2,1,1,8,8,11,4,2,2,0,2,3,2,24,0,0,7,35,0,0,9,0,0,0,7,18,0,0,655,1212,control
238,rush,3,brook,しずく湖畔,5,10,3,1,1,11,12,14,8,8,0,0,0,6,5,35,0,0,14,49,0,0,8,0,0,0,17,20,0,0,1212,1365,control
238,rush,4,volcano,ほむら火山,8,14,4,1,1,14,15,20,30,30,0,0,0,27,26,151,0,0,57,216,0,0,6,0,0,0,80,63,0,0,1365,966,control
238,rush,5,tower,星晶の塔,12,20,5,1,0,20,21,0,45,45,0,0,0,40,40,191,0,0,85,299,0,0,7,0,0,0,124,119,0,0,966,0,control
239,balanced,1,meadow,はじまり草原,1,4,2,1,1,1,3,7,11,7,1,3,4,4,3,49,1,0,16,93,6,1,19,0,0,0,11,6,0,0,230,793,control
239,balanced,2,cave,こだま洞くつ,3,7,2,1,1,6,7,11,6,5,1,0,3,3,2,41,2,0,11,92,3,1,21,0,0,0,6,18,0,0,871,2278,control
239,balanced,3,brook,しずく湖畔,5,10,3,1,1,12,11,13,7,6,1,0,3,3,2,19,2,2,12,45,0,0,9,0,0,0,9,28,0,0,2546,1421,control
239,balanced,4,volcano,ほむら火山,8,14,4,1,1,13,12,19,18,17,1,0,4,8,7,98,2,2,28,154,1,1,20,0,0,0,33,56,0,0,1101,2446,control
239,balanced,5,tower,星晶の塔,12,20,5,1,1,19,19,26,39,38,1,0,3,18,17,112,2,2,59,192,0,0,17,0,0,0,60,101,0,0,1895,1885,control
240,collector,1,meadow,はじまり草原,1,4,2,1,1,1,3,6,9,6,2,1,4,3,2,30,1,0,13,61,5,1,11,0,0,0,11,0,0,0,230,1164,control
240,collector,2,cave,こだま洞くつ,3,7,2,1,1,6,7,10,5,3,2,0,7,2,1,31,5,5,12,83,5,1,17,0,0,0,20,4,0,0,2122,3605,control
240,collector,3,brook,しずく湖畔,5,10,3,1,1,10,10,12,6,5,1,0,6,2,1,11,5,5,13,52,1,1,8,0,0,0,20,6,0,0,1905,1887,control
240,collector,4,volcano,ほむら火山,8,14,4,1,1,12,11,16,16,15,1,0,6,5,4,35,5,5,26,124,2,1,17,0,0,0,30,18,0,0,998,2532,control
240,collector,5,tower,星晶の塔,12,20,5,1,1,16,16,22,33,29,3,1,10,10,9,128,5,5,48,275,5,1,38,0,0,0,51,40,0,0,1338,2649,control
241,rush,1,meadow,はじまり草原,1,4,2,1,1,1,2,6,8,2,2,4,5,3,2,28,0,0,11,53,0,0,11,0,0,0,11,7,0,0,230,696,control
241,rush,2,cave,こだま洞くつ,3,7,2,1,1,6,7,10,5,5,0,0,0,4,3,29,0,0,9,40,0,0,8,0,0,0,11,15,0,0,696,1420,control
241,rush,3,brook,しずく湖畔,5,10,3,1,1,10,11,14,6,6,0,0,0,4,3,24,0,0,10,36,0,0,8,0,0,0,11,27,0,0,1420,1130,control
241,rush,4,volcano,ほむら火山,8,14,4,1,0,14,14,0,44,44,0,0,0,40,40,202,0,0,84,328,0,0,6,0,0,0,128,88,0,0,1130,0,control
241,rush,5,tower,星晶の塔,12,20,5,0,0,0,0,0,0,0,0,0,0,0,0,0,0,0,0,0,0,0,0,0,0,0,0,0,0,0,0,0,control
242,balanced,1,meadow,はじまり草原,1,4,2,1,1,1,3,7,9,4,2,3,6,3,2,32,2,0,14,80,5,1,13,0,0,0,15,5,0,0,230,876,control
242,balanced,2,cave,こだま洞くつ,3,7,2,1,1,8,8,10,4,3,1,0,3,2,1,32,2,2,8,53,0,0,18,0,0,0,10,9,0,0,1652,2524,control
242,balanced,3,brook,しずく湖畔,5,10,3,1,1,10,11,15,15,14,1,0,3,7,6,39,2,2,24,75,2,1,7,0,0,0,26,39,0,0,1956,1005,control
242,balanced,4,volcano,ほむら火山,8,14,4,1,1,15,15,23,50,49,1,0,3,24,23,213,2,2,76,315,11,1,26,0,0,0,79,81,0,0,779,1574,control
242,balanced,5,tower,星晶の塔,12,20,5,1,1,23,23,31,55,54,1,0,3,26,25,126,2,2,83,259,12,1,14,0,0,0,87,119,0,0,1220,3069,control
243,collector,1,meadow,はじまり草原,1,4,2,1,1,1,2,6,12,10,1,1,2,4,3,36,1,0,17,79,6,1,13,0,0,0,9,0,0,0,230,1024,control
243,collector,2,cave,こだま洞くつ,3,7,2,1,1,6,5,9,8,6,2,0,3,3,2,43,1,0,12,84,3,1,15,0,0,0,5,6,0,0,1102,2853,control
243,collector,3,brook,しずく湖畔,5,10,3,1,1,10,10,13,9,7,2,0,7,3,2,16,5,5,17,59,4,1,7,0,0,0,15,13,0,0,3247,2484,control
243,collector,4,volcano,ほむら火山,8,14,4,1,1,13,13,16,10,7,3,0,9,3,2,18,5,5,18,80,1,1,10,0,0,0,23,18,0,0,1313,2955,control
243,collector,5,tower,星晶の塔,12,20,5,1,1,16,15,21,27,25,1,1,9,8,7,55,5,5,40,165,4,1,11,0,0,0,42,30,0,0,1562,3831,control
244,rush,1,meadow,はじまり草原,1,4,2,1,1,1,2,7,5,2,2,1,3,3,2,30,0,0,8,44,0,0,12,0,0,0,8,8,0,0,230,688,control
244,rush,2,cave,こだま洞くつ,3,7,2,1,1,7,7,11,6,6,0,0,0,5,4,36,0,0,11,52,0,0,10,0,0,0,14,16,0,0,688,1396,control
244,rush,3,brook,しずく湖畔,5,10,3,1,1,11,11,14,5,5,0,0,0,3,2,18,0,0,8,29,0,0,7,0,0,0,8,25,0,0,1396,1169,control
244,rush,4,volcano,ほむら火山,8,14,4,1,0,14,14,0,45,44,0,1,0,40,40,203,0,0,85,357,0,0,6,0,0,0,141,85,0,0,1169,0,control
244,rush,5,tower,星晶の塔,12,20,5,0,0,0,0,0,0,0,0,0,0,0,0,0,0,0,0,0,0,0,0,0,0,0,0,0,0,0,0,0,control
245,balanced,1,meadow,はじまり草原,1,4,2,1,1,1,2,6,7,5,1,1,3,3,2,30,2,2,12,67,5,1,13,0,0,0,10,5,0,0,230,910,control
245,balanced,2,cave,こだま洞くつ,3,7,2,1,1,6,7,11,14,13,1,0,3,7,6,74,2,2,23,130,8,1,18,0,0,0,28,17,0,0,705,1489,control
245,balanced,3,brook,しずく湖畔,5,10,3,1,1,11,12,14,7,6,1,0,3,3,2,14,2,2,12,40,2,1,8,0,0,0,13,20,0,0,1154,1592,control
245,balanced,4,volcano,ほむら火山,8,14,4,1,1,14,14,19,22,21,1,0,3,10,9,66,2,2,34,122,3,1,11,0,0,0,35,52,0,0,1233,1249,control
245,balanced,5,tower,星晶の塔,12,20,5,1,1,19,20,26,30,28,1,1,5,13,12,56,2,2,45,142,5,1,8,0,0,0,51,68,0,0,968,2812,control
246,collector,1,meadow,はじまり草原,1,4,2,1,1,1,3,6,8,7,1,0,5,3,2,20,4,3,15,69,4,1,10,0,0,0,12,1,0,0,230,1127,control
246,collector,2,cave,こだま洞くつ,3,7,2,1,1,7,7,10,5,4,1,0,3,2,1,31,1,0,8,60,4,1,17,0,0,0,4,5,0,0,847,2995,control
246,collector,3,brook,しずく湖畔,5,10,3,1,1,10,7,13,21,19,2,0,8,7,6,27,5,5,33,89,3,1,7,0,0,0,24,25,0,0,3129,1339,control
246,collector,4,volcano,ほむら火山,8,14,4,1,1,13,14,19,31,30,1,0,9,10,9,110,5,5,46,207,6,1,21,0,0,0,44,31,0,0,709,1657,control
246,collector,5,tower,星晶の塔,12,20,5,1,1,19,19,26,51,48,2,1,8,16,15,261,5,5,72,611,9,1,63,2,0,0,76,65,0,0,876,3940,control
247,rush,1,meadow,はじまり草原,1,4,2,1,1,1,2,7,4,3,1,0,1,3,2,19,0,0,7,30,0,0,7,0,0,0,5,9,0,0,230,660,control
247,rush,2,cave,こだま洞くつ,3,7,2,1,1,7,7,10,4,3,1,0,1,3,2,22,0,0,7,33,0,0,8,0,0,0,8,14,0,0,660,1273,control
247,rush,3,brook,しずく湖畔,5,10,3,1,1,10,11,14,5,5,0,0,0,3,2,15,0,0,8,22,0,0,6,0,0,0,7,22,0,0,1273,1418,control
247,rush,4,volcano,ほむら火山,8,14,4,1,1,14,14,19,22,22,0,0,0,19,18,100,0,0,41,145,0,0,6,0,0,0,56,52,0,0,1418,954,control
247,rush,5,tower,星晶の塔,12,20,5,1,0,19,20,0,45,45,0,0,0,40,40,167,0,0,85,273,0,0,7,0,0,0,124,126,0,0,954,0,control
248,balanced,1,meadow,はじまり草原,1,4,2,1,1,1,3,7,9,7,1,1,3,4,3,46,1,0,14,78,4,1,13,0,0,0,9,7,0,0,230,781,control
248,balanced,2,cave,こだま洞くつ,3,7,2,1,1,7,7,11,6,5,1,0,4,3,2,48,2,2,11,92,3,1,28,0,0,0,8,17,0,0,859,2301,control
248,balanced,3,brook,しずく湖畔,5,10,3,1,1,11,11,14,7,6,1,0,3,3,2,22,1,0,11,45,0,0,10,0,0,0,4,23,0,0,1782,1173,control
248,balanced,4,volcano,ほむら火山,8,14,4,1,1,14,11,12,4,3,1,0,3,1,0,4,2,2,7,19,0,0,5,0,0,0,4,0,0,0,1640,2603,control
248,balanced,5,tower,星晶の塔,12,20,5,1,1,12,15,20,12,10,1,1,5,4,3,16,2,2,18,60,0,0,8,0,0,0,13,63,0,0,2017,3096,control
249,collector,1,meadow,はじまり草原,1,4,2,1,1,1,3,6,10,6,2,2,6,3,2,32,2,1,15,75,3,1,15,0,0,0,14,0,0,0,230,1137,control
249,collector,2,cave,こだま洞くつ,3,7,2,1,1,7,7,11,11,9,2,0,7,4,3,121,5,5,20,200,7,1,36,0,0,0,26,17,0,0,2199,2060,control
249,collector,3,brook,しずく湖畔,5,10,3,1,1,11,12,16,24,22,2,0,8,8,7,53,5,5,37,132,1,1,9,0,0,0,37,16,0,0,1089,1325,control
249,collector,4,volcano,ほむら火山,8,14,4,1,1,16,14,15,7,5,2,0,7,2,1,13,5,5,14,65,0,0,8,0,0,0,21,4,0,0,701,2354,control
249,collector,5,tower,星晶の塔,12,20,5,1,1,15,16,22,33,31,1,1,11,10,9,52,5,5,48,194,7,1,27,0,0,0,51,45,0,0,1245,2309,control
250,rush,1,meadow,はじまり草原,1,4,2,1,1,1,2,5,8,1,2,5,6,2,1,18,0,0,10,42,0,0,10,0,0,0,9,3,0,0,230,836,control
250,rush,2,cave,こだま洞くつ,3,7,2,1,1,5,6,11,8,8,0,0,0,7,6,48,0,0,15,68,0,0,9,0,0,0,21,20,0,0,836,1399,control
250,rush,3,brook,しずく湖畔,5,10,3,1,1,11,11,14,4,4,0,0,0,2,1,12,0,0,6,25,0,0,7,0,0,0,7,20,0,0,1399,1469,control
250,rush,4,volcano,ほむら火山,8,14,4,1,0,14,14,0,44,44,0,0,0,40,40,193,0,0,84,324,0,0,6,0,0,0,133,81,0,0,1469,0,control
250,rush,5,tower,星晶の塔,12,20,5,0,0,0,0,0,0,0,0,0,0,0,0,0,0,0,0,0,0,0,0,0,0,0,0,0,0,0,0,0,control
251,balanced,1,meadow,はじまり草原,1,4,2,1,1,1,2,6,7,4,2,1,4,3,2,33,1,0,11,60,3,1,14,0,0,0,9,5,0,0,230,892,control
251,balanced,2,cave,こだま洞くつ,3,7,2,1,1,7,7,10,4,3,1,0,3,2,1,34,2,2,8,63,2,1,21,0,0,0,11,7,0,0,1390,2959,control
251,balanced,3,brook,しずく湖畔,5,10,3,1,1,10,10,12,5,4,1,0,4,2,1,15,2,2,9,37,1,1,9,0,0,0,11,10,0,0,2292,2671,control
251,balanced,4,volcano,ほむら火山,8,14,4,1,1,12,11,15,10,9,1,0,3,4,3,33,2,2,16,70,3,1,13,0,0,0,18,33,0,0,2069,1191,control
251,balanced,5,tower,星晶の塔,12,20,5,1,1,15,16,21,19,18,1,0,7,8,7,42,2,2,29,109,10,1,7,0,0,0,33,65,0,0,924,1859,control
252,collector,1,meadow,はじまり草原,1,4,2,1,1,1,3,6,9,7,1,1,3,3,2,25,1,0,13,53,3,1,12,0,0,0,7,0,0,0,230,1146,control
252,collector,2,cave,こだま洞くつ,3,7,2,1,1,6,6,10,8,8,0,0,5,3,2,43,5,3,16,164,3,1,25,0,0,0,10,7,0,0,1224,2767,control
252,collector,3,brook,しずく湖畔,5,10,3,1,1,11,8,13,15,13,2,0,6,5,4,19,4,3,24,65,1,1,8,0,0,0,15,22,0,0,2292,1321,control
252,collector,4,volcano,ほむら火山,8,14,4,1,1,14,15,16,4,1,3,0,9,1,0,5,5,5,10,53,0,0,7,0,0,0,16,0,0,0,2309,4844,control
252,collector,5,tower,星晶の塔,12,20,5,1,1,16,14,21,32,30,2,0,9,10,9,136,5,5,47,293,7,1,38,0,0,0,48,61,0,0,2558,2258,control
253,rush,1,meadow,はじまり草原,1,4,2,1,1,1,2,5,8,2,1,5,6,2,1,14,0,0,10,38,0,0,9,0,0,0,8,3,0,0,230,839,control
253,rush,2,cave,こだま洞くつ,3,7,2,1,1,5,6,10,5,4,1,0,1,4,3,30,0,0,9,45,0,0,10,0,0,0,12,18,0,0,839,1259,control
253,rush,3,brook,しずく湖畔,5,10,3,1,1,10,10,14,8,8,0,0,0,6,5,31,0,0,14,46,0,0,6,0,0,0,17,28,0,0,1259,1171,control
253,rush,4,volcano,ほむら火山,8,14,4,1,1,14,15,21,25,25,0,0,0,22,21,116,0,0,47,178,0,0,7,0,0,0,65,67,0,0,1171,1230,control
253,rush,5,tower,星晶の塔,12,20,5,1,0,21,21,0,46,45,0,1,0,40,40,188,0,0,86,313,0,0,7,0,0,0,128,108,0,0,1230,0,control
254,balanced,1,meadow,はじまり草原,1,4,2,1,1,1,2,6,8,4,2,2,4,3,2,36,1,0,12,65,4,1,14,0,0,0,10,5,0,0,230,862,control
254,balanced,2,cave,こだま洞くつ,3,7,2,1,1,7,7,11,6,5,1,0,3,3,2,46,2,0,11,81,5,1,18,0,0,0,11,17,0,0,1360,2561,control
254,balanced,3,brook,しずく湖畔,5,10,3,1,1,10,12,15,11,10,1,0,3,5,4,26,2,2,18,52,3,1,8,0,0,0,13,44,0,0,3089,982,control
254,balanced,4,volcano,ほむら火山,8,14,4,1,1,15,16,19,8,7,1,0,4,3,2,19,2,2,13,42,1,1,9,0,0,0,9,23,0,0,762,2726,control
254,balanced,5,tower,星晶の塔,12,20,5,1,1,19,17,24,32,30,1,1,8,14,13,62,2,2,48,151,14,1,9,0,0,0,34,80,0,0,2112,2146,control
255,collector,1,meadow,はじまり草原,1,4,2,1,1,1,2,6,9,7,1,1,3,3,2,28,1,0,13,65,4,1,14,0,0,0,8,0,0,0,230,1166,control
255,collector,2,cave,こだま洞くつ,3,7,2,1,1,6,6,10,5,4,1,0,6,2,1,31,4,3,11,96,2,1,18,0,0,0,9,4,0,0,1244,3479,control
255,collector,3,brook,しずく湖畔,5,10,3,1,1,10,8,12,12,11,1,0,7,4,3,23,5,5,21,70,2,1,9,0,0,0,17,16,0,0,2506,1776,control
255,collector,4,volcano,ほむら火山,8,14,4,1,1,12,12,15,13,10,3,0,8,4,3,48,5,5,22,105,1,1,15,0,0,0,26,7,0,0,939,2947,control
255,collector,5,tower,星晶の塔,12,20,5,1,1,15,16,22,26,24,2,0,8,8,7,60,5,5,39,152,1,1,16,0,0,0,37,37,0,0,1557,3833,control
256,rush,1,meadow,はじまり草原,1,4,2,1,1,1,3,8,17,12,0,5,5,11,10,47,0,0,28,85,0,0,6,0,0,0,15,10,0,0,230,646,control
256,rush,2,cave,こだま洞くつ,3,7,2,1,1,8,9,12,8,6,1,1,2,6,5,36,0,0,14,56,0,0,7,0,0,0,12,19,0,0,646,1213,control
256,rush,3,brook,しずく湖畔,5,10,3,1,1,12,12,14,7,6,1,0,3,5,4,23,0,0,12,36,0,0,5,0,0,0,14,19,0,0,1213,1335,control
256,rush,4,volcano,ほむら火山,8,14,4,1,1,14,15,19,11,11,0,0,0,8,7,44,0,0,19,63,0,0,6,0,0,0,22,38,0,0,1335,1879,control
256,rush,5,tower,星晶の塔,12,20,5,1,1,19,20,24,24,24,0,0,0,20,19,79,0,0,44,120,0,0,5,0,0,0,60,69,0,0,1879,1535,control
257,balanced,1,meadow,はじまり草原,1,4,2,1,1,1,3,7,7,5,1,1,3,3,2,27,1,0,11,51,4,1,12,0,0,0,6,5,0,0,230,917,control
257,balanced,2,cave,こだま洞くつ,3,7,2,1,1,7,6,10,6,5,1,0,3,3,2,39,2,1,11,96,3,1,17,0,0,0,8,12,0,0,995,2533,control
257,balanced,3,brook,しずく湖畔,5,10,3,1,1,11,11,13,5,4,1,0,3,2,1,17,2,2,9,35,1,1,12,0,0,0,6,12,0,0,2364,2517,control
257,balanced,4,volcano,ほむら火山,8,14,4,1,1,13,13,18,20,19,1,0,3,9,8,49,2,2,31,100,5,1,8,0,0,0,31,54,0,0,1950,1491,control
257,balanced,5,tower,星晶の塔,12,20,5,1,1,18,19,23,16,14,1,1,5,6,5,29,2,2,24,88,4,1,7,0,0,0,28,45,0,0,1156,3046,control
258,collector,1,meadow,はじまり草原,1,4,2,1,1,1,3,6,9,7,1,1,5,3,2,25,3,2,15,65,2,1,11,0,0,0,10,0,0,0,230,1155,control
258,collector,2,cave,こだま洞くつ,3,7,2,1,1,6,6,10,8,7,1,0,3,3,2,49,2,1,13,104,2,1,23,0,0,0,7,6,0,0,973,2617,control
258,collector,3,brook,しずく湖畔,5,10,3,1,1,11,7,12,15,13,2,0,8,5,4,24,5,5,25,75,2,1,6,0,0,0,19,17,0,0,2437,1463,control
258,collector,4,volcano,ほむら火山,8,14,4,1,1,12,13,16,10,8,2,0,9,3,2,20,5,5,18,117,1,1,17,0,0,0,26,24,0,0,774,1968,control
258,collector,5,tower,星晶の塔,12,20,5,1,1,16,16,19,18,14,3,1,9,5,4,27,5,5,28,204,2,1,17,0,0,0,44,19,0,0,1040,3488,control
259,rush,1,meadow,はじまり草原,1,4,2,1,1,1,2,7,7,4,1,2,3,4,3,29,0,0,11,50,0,0,8,0,0,0,9,8,0,0,230,677,control
259,rush,2,cave,こだま洞くつ,3,7,2,1,1,7,7,11,9,8,1,0,1,8,7,68,0,0,17,88,0,0,11,0,0,0,23,16,0,0,677,1688,control
259,rush,3,brook,しずく湖畔,5,10,3,1,1,11,11,14,6,6,0,0,0,4,3,25,0,0,10,40,0,0,7,0,0,0,11,25,0,0,1688,1147,control
259,rush,4,volcano,ほむら火山,8,14,4,1,1,14,15,19,18,18,0,0,0,15,14,86,0,0,33,116,0,0,7,0,0,0,44,58,0,0,1147,1268,control
259,rush,5,tower,星晶の塔,12,20,5,1,0,19,20,0,45,45,0,0,0,40,40,192,0,0,85,323,0,0,7,0,0,0,127,113,0,0,1268,0,control
260,balanced,1,meadow,はじまり草原,1,4,2,1,1,1,2,7,6,5,1,0,2,3,2,22,1,0,10,47,4,1,8,0,0,0,4,6,0,0,230,871,control
260,balanced,2,cave,こだま洞くつ,3,7,2,1,1,7,8,11,6,6,0,0,1,3,2,37,1,0,10,65,2,1,19,0,0,0,4,13,0,0,949,2320,control
260,balanced,3,brook,しずく湖畔,5,10,3,1,1,11,8,12,7,6,1,0,3,3,2,15,2,2,12,39,2,1,7,0,0,0,9,24,0,0,2634,1904,control
260,balanced,4,volcano,ほむら火山,8,14,4,1,1,12,12,15,8,7,1,0,4,3,2,24,2,2,13,52,1,1,11,0,0,0,14,23,0,0,1475,1282,control
260,balanced,5,tower,星晶の塔,12,20,5,1,1,15,16,21,15,14,1,0,4,6,5,34,2,2,23,92,1,1,14,0,0,0,24,59,0,0,994,3063,control
261,collector,1,meadow,はじまり草原,1,4,2,1,1,1,3,7,11,10,1,0,3,4,3,39,2,1,17,84,5,1,13,0,0,0,10,1,0,0,230,1049,control
261,collector,2,cave,こだま洞くつ,3,7,2,1,1,7,7,11,8,8,0,0,3,3,2,56,2,1,13,103,2,1,24,0,0,0,7,8,0,0,1002,2277,control
261,collector,3,brook,しずく湖畔,5,10,3,1,1,11,7,11,12,9,3,0,8,4,3,20,5,5,21,71,1,1,8,0,0,0,17,11,0,0,2318,2015,control
261,collector,4,volcano,ほむら火山,8,14,4,1,1,11,12,18,31,29,2,0,9,10,9,109,5,5,46,288,8,1,25,0,0,0,48,32,0,0,1065,1601,control
261,collector,5,tower,星晶の塔,12,20,5,1,1,18,18,26,43,39,2,2,9,13,12,152,5,5,61,446,3,1,57,1,0,0,64,47,0,0,846,4376,control
262,rush,1,meadow,はじまり草原,1,4,2,1,1,1,3,9,17,14,0,3,3,13,12,58,0,0,30,101,0,0,6,0,0,0,15,10,0,0,230,981,control
262,rush,2,cave,こだま洞くつ,3,7,2,1,1,9,9,11,3,1,2,0,2,2,1,14,0,0,5,24,0,0,7,0,0,0,5,14,0,0,981,1551,control
262,rush,3,brook,しずく湖畔,5,10,3,1,1,11,11,14,5,5,0,0,0,3,2,18,0,0,8,28,0,0,7,0,0,0,8,22,0,0,1551,1196,control
262,rush,4,volcano,ほむら火山,8,14,4,1,1,14,15,18,11,11,0,0,0,8,7,46,0,0,19,68,0,0,7,0,0,0,22,40,0,0,1196,960,control
262,rush,5,tower,星晶の塔,12,20,5,1,1,18,19,26,33,33,0,0,0,29,28,148,0,0,62,214,0,0,7,0,0,0,85,99,0,0,960,1895,control
263,balanced,1,meadow,はじまり草原,1,4,2,1,1,1,3,7,6,5,1,0,2,3,2,22,1,0,10,41,2,1,9,0,0,0,5,6,0,0,230,880,control
263,balanced,2,cave,こだま洞くつ,3,7,2,1,1,7,7,10,4,3,1,0,3,2,1,22,2,2,8,52,1,1,16,0,0,0,10,6,0,0,958,2807,control
263,balanced,3,brook,しずく湖畔,5,10,3,1,1,10,11,13,5,4,1,0,3,2,1,15,2,2,9,35,0,0,9,0,0,0,10,14,0,0,2175,2286,control
263,balanced,4,volcano,ほむら火山,8,14,4,1,1,13,12,16,14,13,1,0,4,6,5,36,2,2,22,87,2,1,7,0,0,0,26,35,0,0,1771,1264,control
263,balanced,5,tower,星晶の塔,12,20,5,1,1,16,16,25,39,38,1,0,7,18,17,127,2,2,59,257,6,1,20,0,0,0,67,97,0,0,980,3050,control
264,collector,1,meadow,はじまり草原,1,4,2,1,1,1,3,6,8,7,1,0,6,3,2,31,5,4,16,95,4,1,13,0,0,0,13,0,0,0,230,1142,control
264,collector,2,cave,こだま洞くつ,3,7,2,1,1,7,7,11,8,7,1,0,2,3,2,56,1,0,12,80,4,1,23,0,0,0,8,7,0,0,764,2411,control
264,collector,3,brook,しずく湖畔,5,10,3,1,1,10,11,14,9,7,2,0,7,3,2,20,5,5,17,72,1,1,11,0,0,0,23,11,0,0,2785,2447,control
264,collector,4,volcano,ほむら火山,8,14,4,1,1,14,12,15,7,4,3,0,8,2,1,15,5,5,14,71,1,1,11,0,0,0,22,8,0,0,1293,2125,control
264,collector,5,tower,星晶の塔,12,20,5,1,1,15,15,22,31,28,1,2,9,9,8,63,5,5,45,188,4,1,23,0,0,0,50,45,0,0,1123,3854,control
265,rush,1,meadow,はじまり草原,1,4,2,1,1,1,2,7,6,5,1,0,1,5,4,41,0,0,11,57,0,0,10,0,0,0,9,10,0,0,230,578,control
265,rush,2,cave,こだま洞くつ,3,7,2,1,1,7,7,12,9,8,1,0,1,8,7,59,0,0,17,78,0,0,8,0,0,0,23,26,0,0,578,706,control
265,rush,3,brook,しずく湖畔,5,10,3,1,1,12,12,14,7,7,0,0,0,5,4,25,0,0,12,34,0,0,7,0,0,0,14,15,0,0,706,1389,control
265,rush,4,volcano,ほむら火山,8,14,4,1,1,14,15,19,19,19,0,0,0,16,15,92,0,0,35,126,0,0,7,0,0,0,46,49,0,0,1389,1251,control
265,rush,5,tower,星晶の塔,12,20,5,1,1,19,20,28,43,42,0,1,0,38,37,175,0,0,81,287,0,0,7,0,0,0,133,113,0,0,1251,1544,control
266,balanced,1,meadow,はじまり草原,1,4,2,1,1,1,2,6,8,4,2,2,6,3,2,34,2,0,13,75,7,1,17,0,0,0,11,5,0,0,230,873,control
266,balanced,2,cave,こだま洞くつ,3,7,2,1,1,8,8,11,6,5,1,0,3,3,2,35,2,2,11,63,1,1,15,0,0,0,13,18,0,0,2529,2108,control
266,balanced,3,brook,しずく湖畔,5,10,3,1,1,11,12,14,5,4,1,0,3,2,1,16,2,2,9,37,2,1,8,0,0,0,11,18,0,0,1634,1567,control
266,balanced,4,volcano,ほむら火山,8,14,4,1,1,14,14,20,30,29,1,0,3,14,13,96,2,2,46,178,7,1,9,0,0,0,46,66,0,0,1214,1266,control
266,balanced,5,tower,星晶の塔,12,20,5,1,1,20,20,27,39,36,1,2,8,17,16,102,2,2,58,202,13,1,10,0,0,0,62,88,0,0,982,3019,control
267,collector,1,meadow,はじまり草原,1,4,2,1,1,1,3,7,12,10,1,1,2,4,3,41,1,0,17,80,6,1,16,0,0,0,8,1,0,0,230,1042,control
267,collector,2,cave,こだま洞くつ,3,7,2,1,1,7,8,11,8,7,1,0,7,3,2,57,5,5,16,145,3,1,23,0,0,0,22,8,0,0,1120,2655,control
267,collector,3,brook,しずく湖畔,5,10,3,1,1,11,8,12,15,13,2,0,5,5,4,33,3,2,23,81,1,1,11,0,0,0,23,11,0,0,1403,1356,control
267,collector,4,volcano,ほむら火山,8,14,4,1,1,10,11,13,8,4,3,1,9,2,1,11,5,5,15,68,1,1,7,0,0,0,24,8,0,0,1258,2949,control
267,collector,5,tower,星晶の塔,12,20,5,1,1,13,17,23,34,30,2,2,10,10,9,112,5,5,49,263,6,1,33,0,0,0,52,43,0,0,1558,3554,control
268,rush,1,meadow,はじまり草原,1,4,2,1,1,1,2,7,5,4,1,0,1,4,3,30,0,0,9,42,0,0,9,0,0,0,7,9,0,0,230,664,control
268,rush,2,cave,こだま洞くつ,3,7,2,1,1,7,7,10,7,6,1,0,2,6,5,43,0,0,13,65,0,0,10,0,0,0,17,15,0,0,664,1401,control
268,rush,3,brook,しずく湖畔,5,10,3,1,1,10,11,14,5,5,0,0,0,3,2,17,0,0,8,26,0,0,6,0,0,0,7,25,0,0,1401,1133,control
268,rush,4,volcano,ほむら火山,8,14,4,1,1,14,15,22,37,37,0,0,0,34,33,182,0,0,71,257,0,0,7,0,0,0,101,82,0,0,1133,965,control
268,rush,5,tower,星晶の塔,12,20,5,1,0,22,22,0,45,45,0,0,0,40,40,178,0,0,85,284,0,0,7,0,0,0,124,107,0,0,965,0,control
269,balanced,1,meadow,はじまり草原,1,4,2,1,1,1,3,6,4,2,2,0,3,2,1,27,1,0,7,56,5,1,16,0,0,0,8,3,0,0,230,1070,control
269,balanced,2,cave,こだま洞くつ,3,7,2,1,1,6,6,10,6,5,1,0,2,3,2,46,1,0,10,80,3,1,22,0,0,0,4,13,0,0,1328,2465,control
269,balanced,3,brook,しずく湖畔,5,10,3,1,1,11,8,11,7,6,1,0,3,3,2,11,2,2,12,33,2,1,5,0,0,0,9,17,0,0,2859,2737,control
269,balanced,4,volcano,ほむら火山,8,14,4,1,1,11,12,18,18,17,1,0,3,8,7,66,2,2,28,110,3,1,15,0,0,0,28,50,0,0,2120,2464,control
269,balanced,5,tower,星晶の塔,12,20,5,1,1,18,18,21,11,10,1,0,3,4,3,17,2,2,17,53,0,0,7,0,0,0,19,36,0,0,1909,3091,control
270,collector,1,meadow,はじまり草原,1,4,2,1,1,1,3,6,9,7,1,1,2,3,2,26,1,0,13,56,4,1,10,0,0,0,7,1,0,0,230,1158,control
270,collector,2,cave,こだま洞くつ,3,7,2,1,1,7,6,10,5,4,1,0,3,2,1,20,2,1,9,61,1,1,13,0,0,0,5,3,0,0,1236,3550,control
270,collector,3,brook,しずく湖畔,5,10,3,1,1,10,10,15,18,15,3,0,8,6,5,42,5,5,29,103,2,1,12,0,0,0,31,30,0,0,3258,1349,control
270,collector,4,volcano,ほむら火山,8,14,4,1,1,15,13,17,16,13,3,0,8,5,4,38,5,5,26,135,3,1,16,0,0,0,30,34,0,0,714,1582,control
270,collector,5,tower,星晶の塔,12,20,5,1,1,17,17,20,17,15,2,0,7,5,4,26,5,5,27,163,7,1,16,0,0,0,40,12,0,0,836,3810,control
271,rush,1,meadow,はじまり草原,1,4,2,1,1,1,2,7,6,5,1,0,1,5,4,40,0,0,11,59,0,0,10,0,0,0,10,10,0,0,230,555,control
271,rush,2,cave,こだま洞くつ,3,7,2,1,1,7,7,12,10,9,1,0,1,9,8,79,0,0,19,106,0,0,11,0,0,0,25,21,0,0,555,1247,control
271,rush,3,brook,しずく湖畔,5,10,3,1,1,12,12,15,8,8,0,0,0,6,5,35,0,0,14,53,0,0,8,0,0,0,17,20,0,0,1247,1395,control
271,rush,4,volcano,ほむら火山,8,14,4,1,1,15,15,20,17,17,0,0,0,14,13,80,0,0,31,113,0,0,7,0,0,0,41,59,0,0,1395,1265,control
271,rush,5,tower,星晶の塔,12,20,5,1,0,20,20,0,45,45,0,0,0,40,40,186,0,0,85,298,0,0,6,0,0,0,121,112,0,0,1265,0,control
272,balanced,1,meadow,はじまり草原,1,4,2,1,1,1,3,6,4,2,2,0,3,2,1,21,1,0,7,44,2,1,12,0,0,0,6,3,0,0,230,1064,control
272,balanced,2,cave,こだま洞くつ,3,7,2,1,1,6,6,10,6,5,1,0,3,3,2,31,2,2,11,70,3,1,17,0,0,0,15,13,0,0,1322,2489,control
272,balanced,3,brook,しずく湖畔,5,10,3,1,1,10,10,14,7,6,1,0,3,3,2,26,2,2,12,52,1,1,10,0,0,0,13,29,0,0,1929,1100,control
272,balanced,4,volcano,ほむら火山,8,14,4,1,1,14,13,17,15,13,1,1,5,6,5,88,2,2,23,137,3,1,22,0,0,0,27,33,0,0,852,1243,control
272,balanced,5,tower,星晶の塔,12,20,5,1,1,17,18,23,22,20,1,1,4,9,8,60,2,2,33,127,4,1,11,0,0,0,37,55,0,0,963,1834,control
273,collector,1,meadow,はじまり草原,1,4,2,1,1,1,3,6,8,7,1,0,2,3,2,29,1,0,12,58,6,1,14,0,0,0,6,1,0,0,230,1132,control
273,collector,2,cave,こだま洞くつ,3,7,2,1,1,7,5,10,8,7,1,0,4,3,2,43,2,0,13,104,3,1,19,0,0,0,6,6,0,0,1210,3029,control
273,collector,3,brook,しずく湖畔,5,10,3,1,1,10,11,12,6,5,1,0,6,2,1,16,5,5,13,61,3,1,8,0,0,0,20,8,0,0,3297,3364,control
273,collector,4,volcano,ほむら火山,8,14,4,1,1,12,12,18,19,16,3,0,8,6,5,50,5,4,30,134,4,1,13,0,0,0,33,39,0,0,1777,2824,control
273,collector,5,tower,星晶の塔,12,20,5,1,1,19,17,19,14,11,3,0,10,4,3,22,5,5,23,159,2,1,36,0,0,0,31,31,0,0,1870,2605,control
274,rush,1,meadow,はじまり草原,1,4,2,1,1,1,2,7,4,2,2,0,2,3,2,33,0,0,7,44,0,0,12,0,0,0,8,8,0,0,230,710,control
274,rush,2,cave,こだま洞くつ,3,7,2,1,1,7,7,11,10,10,0,0,0,9,8,72,0,0,19,97,0,0,10,0,0,0,27,17,0,0,710,1714,control
274,rush,3,brook,しずく湖畔,5,10,3,1,1,11,12,14,5,5,0,0,0,3,2,18,0,0,8,31,0,0,9,0,0,0,8,26,0,0,1714,1145,control
274,rush,4,volcano,ほむら火山,8,14,4,1,0,14,15,0,44,44,0,0,0,40,40,206,0,0,84,348,0,0,7,0,0,0,132,89,0,0,1145,0,control
274,rush,5,tower,星晶の塔,12,20,5,0,0,0,0,0,0,0,0,0,0,0,0,0,0,0,0,0,0,0,0,0,0,0,0,0,0,0,0,0,control
275,balanced,1,meadow,はじまり草原,1,4,2,1,1,1,3,7,6,5,1,0,3,3,2,23,2,0,11,56,3,1,12,0,0,0,6,5,0,0,230,930,control
275,balanced,2,cave,こだま洞くつ,3,7,2,1,1,8,9,11,4,3,1,0,3,2,1,32,2,2,8,62,2,1,22,0,0,0,12,11,0,0,2406,2456,control
275,balanced,3,brook,しずく湖畔,5,10,3,1,1,11,11,14,9,8,1,0,3,4,3,23,2,2,15,54,1,1,10,0,0,0,16,31,0,0,1903,1199,control
275,balanced,4,volcano,ほむら火山,8,14,4,1,1,14,13,17,16,15,1,0,3,7,6,72,2,2,25,122,3,1,14,0,0,0,24,25,0,0,930,2447,control
275,balanced,5,tower,星晶の塔,12,20,5,1,1,17,18,26,38,36,1,1,7,17,16,104,2,2,57,246,2,1,15,0,0,0,65,91,0,0,1896,3944,control
276,collector,1,meadow,はじまり草原,1,4,2,1,1,1,3,6,7,3,2,2,4,2,1,19,1,0,10,43,4,1,10,0,0,0,6,0,0,0,230,1219,control
276,collector,2,cave,こだま洞くつ,3,7,2,1,1,6,7,10,5,3,2,0,4,2,1,21,2,0,9,52,2,1,15,0,0,0,8,4,0,0,1477,3351,control
276,collector,3,brook,しずく湖畔,5,10,3,1,1,11,9,13,12,10,2,0,3,4,3,23,1,0,17,44,2,1,7,0,0,0,12,16,0,0,3919,2551,control
276,collector,4,volcano,ほむら火山,8,14,4,1,1,13,11,12,4,1,3,0,8,1,0,19,5,5,10,57,2,1,19,0,0,0,11,0,0,0,3958,5192,control
276,collector,5,tower,星晶の塔,12,20,5,1,1,12,15,21,20,17,3,0,9,6,5,33,5,5,31,200,7,1,34,0,0,0,40,63,0,0,2742,2321,control
277,rush,1,meadow,はじまり草原,1,4,2,1,1,1,2,7,5,4,1,0,2,4,3,28,0,0,9,40,0,0,8,0,0,0,7,8,0,0,230,705,control
277,rush,2,cave,こだま洞くつ,3,7,2,1,1,7,7,10,5,4,1,0,2,4,3,34,0,0,9,49,0,0,9,0,0,0,13,12,0,0,705,704,control
277,rush,3,brook,しずく湖畔,5,10,3,1,1,10,11,13,4,4,0,0,0,2,1,12,0,0,6,19,0,0,7,0,0,0,4,22,0,0,704,1539,control
277,rush,4,volcano,ほむら火山,8,14,4,1,1,13,14,17,13,13,0,0,0,10,9,54,0,0,23,72,0,0,7,0,0,0,29,36,0,0,1539,961,control
277,rush,5,tower,星晶の塔,12,20,5,1,0,17,18,0,45,45,0,0,0,40,40,179,0,0,85,276,0,0,6,0,0,0,121,135,0,0,961,0,control
278,balanced,1,meadow,はじまり草原,1,4,2,1,1,1,2,6,9,5,1,3,5,3,2,32,2,0,14,84,4,1,16,0,0,0,10,5,0,0,230,875,control
278,balanced,2,cave,こだま洞くつ,3,7,2,1,1,7,8,12,8,8,0,0,4,4,3,66,2,2,14,100,1,1,18,0,0,0,11,24,0,0,1451,1412,control
278,balanced,3,brook,しずく湖畔,5,10,3,1,1,12,12,14,5,4,1,0,3,2,1,14,2,2,9,42,0,0,9,0,0,0,9,15,0,0,1094,1190,control
278,balanced,4,volcano,ほむら火山,8,14,4,1,1,14,14,19,24,23,1,0,4,11,10,86,1,0,36,147,6,1,14,0,0,0,37,48,0,0,923,1270,control
278,balanced,5,tower,星晶の塔,12,20,5,1,1,20,21,28,39,39,0,0,7,18,17,93,2,2,59,197,5,1,7,0,0,0,64,127,0,0,2727,1863,control
279,collector,1,meadow,はじまり草原,1,4,2,1,1,1,3,6,8,7,1,0,4,3,2,25,3,2,14,68,6,1,10,0,0,0,10,1,0,0,230,1118,control
279,collector,2,cave,こだま洞くつ,3,7,2,1,1,6,6,11,11,11,0,0,1,4,3,79,1,0,16,123,4,1,26,0,0,0,7,10,0,0,944,2223,control
279,collector,3,brook,しずく湖畔,5,10,3,1,1,11,8,12,12,10,2,0,8,4,3,21,5,5,21,68,2,1,7,0,0,0,17,18,0,0,2537,1817,control
279,collector,4,volcano,ほむら火山,8,14,4,1,1,12,13,17,16,13,3,0,8,5,4,101,5,5,26,163,3,1,26,0,0,0,29,28,0,0,961,1623,control
279,collector,5,tower,星晶の塔,12,20,5,1,1,17,16,23,39,34,4,1,11,12,11,144,5,5,56,287,0,0,53,1,0,0,57,43,0,0,859,3455,control
280,rush,1,meadow,はじまり草原,1,4,2,1,1,1,2,6,8,2,2,4,3,3,2,30,0,0,11,56,0,0,13,0,0,0,12,7,0,0,230,655,control
280,rush,2,cave,こだま洞くつ,3,7,2,1,1,6,7,10,5,5,0,0,0,4,3,30,0,0,9,42,0,0,9,0,0,0,11,15,0,0,655,1399,control
280,rush,3,brook,しずく湖畔,5,10,3,1,1,10,11,14,6,6,0,0,0,4,3,19,0,0,10,32,0,0,6,0,0,0,13,26,0,0,1399,1193,control
280,rush,4,volcano,ほむら火山,8,14,4,1,1,14,14,21,36,36,0,0,0,33,32,161,0,0,69,264,0,0,7,0,0,0,107,83,0,0,1193,957,control
280,rush,5,tower,星晶の塔,12,20,5,1,0,21,22,0,45,45,0,0,0,40,40,176,0,0,85,330,0,0,7,0,0,0,137,107,0,0,957,0,control
281,balanced,1,meadow,はじまり草原,1,4,2,1,1,1,2,6,14,5,1,8,11,3,2,26,2,1,19,78,2,1,12,0,0,0,16,4,0,0,230,866,control
281,balanced,2,cave,こだま洞くつ,3,7,2,1,1,6,6,10,6,6,0,0,2,3,2,40,2,2,11,90,1,1,17,0,0,0,8,8,0,0,841,2748,control
281,balanced,3,brook,しずく湖畔,5,10,3,1,1,10,10,14,11,10,1,0,3,5,4,43,2,2,18,74,1,1,16,0,0,0,12,30,0,0,2129,1200,control
281,balanced,4,volcano,ほむら火山,8,14,4,1,1,14,12,15,6,5,1,0,4,2,1,15,2,2,10,46,0,0,12,0,0,0,11,17,0,0,930,1584,control
281,balanced,5,tower,星晶の塔,12,20,5,1,1,15,16,23,32,30,1,1,5,14,13,79,2,2,48,168,13,1,8,0,0,0,51,78,0,0,1227,1887,control
282,collector,1,meadow,はじまり草原,1,4,2,1,1,1,2,7,15,12,2,1,4,5,4,62,1,0,21,105,7,1,15,0,0,0,15,0,0,0,230,1328,control
282,collector,2,cave,こだま洞くつ,3,7,2,1,1,7,8,12,14,14,0,0,5,5,4,97,5,5,24,180,6,1,24,0,0,0,28,19,0,0,2286,1745,control
282,collector,3,brook,しずく湖畔,5,10,3,1,1,12,12,15,12,11,1,0,6,4,3,45,5,5,21,99,1,1,14,0,0,0,25,13,0,0,923,1533,control
282,collector,4,volcano,ほむら火山,8,14,4,1,1,15,11,17,29,25,3,1,9,9,8,50,5,5,43,184,3,1,23,0,0,0,47,19,0,0,811,1587,control
282,collector,5,tower,星晶の塔,12,20,5,1,1,17,17,26,59,55,1,3,10,18,17,131,5,5,82,471,12,1,45,0,0,0,86,75,0,0,840,2251,control
283,rush,1,meadow,はじまり草原,1,4,2,1,1,1,3,6,5,2,1,2,2,2,1,15,0,0,7,41,0,0,9,0,0,0,6,5,0,0,230,783,control
283,rush,2,cave,こだま洞くつ,3,7,2,1,1,6,6,11,9,8,1,0,1,8,7,75,0,0,17,96,0,0,12,0,0,0,23,19,0,0,783,1361,control
283,rush,3,brook,しずく湖畔,5,10,3,1,1,11,11,14,8,8,0,0,0,6,5,36,0,0,14,50,0,0,7,0,0,0,16,26,0,0,1361,1189,control
283,rush,4,volcano,ほむら火山,8,14,4,1,1,14,15,20,20,20,0,0,0,17,16,100,0,0,37,142,0,0,7,0,0,0,50,62,0,0,1189,1275,control
283,rush,5,tower,星晶の塔,12,20,5,1,0,20,21,0,45,45,0,0,0,40,40,193,0,0,85,323,0,0,7,0,0,0,124,114,0,0,1275,0,control
284,balanced,1,meadow,はじまり草原,1,4,2,1,1,1,3,7,6,5,1,0,4,3,2,23,2,0,11,65,2,1,16,0,0,0,5,6,0,0,230,879,control
284,balanced,2,cave,こだま洞くつ,3,7,2,1,1,8,9,12,6,5,1,0,3,3,2,44,2,2,11,74,2,1,21,0,0,0,13,25,0,0,1655,1739,control
284,balanced,3,brook,しずく湖畔,5,10,3,1,1,12,12,14,5,4,1,0,4,2,1,16,2,2,9,37,1,1,8,0,0,0,10,13,0,0,1348,1376,control
284,balanced,4,volcano,ほむら火山,8,14,4,1,1,14,14,22,37,35,1,1,3,17,16,112,2,2,56,209,14,1,12,0,0,0,60,73,0,0,1066,1212,control
284,balanced,5,tower,星晶の塔,12,20,5,1,1,22,21,28,49,48,1,0,5,23,22,152,2,2,74,290,14,1,21,0,0,0,77,108,0,0,939,3055,control
285,collector,1,meadow,はじまり草原,1,4,2,1,1,1,2,7,17,13,1,3,6,5,4,54,2,0,24,118,5,1,17,0,0,0,13,0,0,0,230,1316,control
285,collector,2,cave,こだま洞くつ,3,7,2,1,1,9,9,11,8,6,2,0,7,3,2,20,5,5,16,82,4,1,10,0,0,0,22,13,0,0,2942,2103,control
285,collector,3,brook,しずく湖畔,5,10,3,1,1,11,10,12,9,7,2,0,7,3,2,20,5,5,17,72,3,1,8,0,0,0,23,8,0,0,1111,1327,control
285,collector,4,volcano,ほむら火山,8,14,4,1,1,12,12,13,4,2,2,0,7,1,0,7,5,5,10,61,0,0,15,0,0,0,19,0,0,0,702,2465,control
285,collector,5,tower,星晶の塔,12,20,5,1,1,13,15,22,30,29,0,1,11,9,8,45,5,5,44,145,3,1,7,0,0,0,49,42,0,0,1303,3860,control
286,rush,1,meadow,はじまり草原,1,4,2,1,1,1,2,5,7,2,1,4,4,2,1,15,0,0,9,37,0,0,10,0,0,0,7,3,0,0,230,863,control
286,rush,2,cave,こだま洞くつ,3,7,2,1,1,5,6,10,5,3,1,1,2,3,2,26,0,0,8,43,0,0,11,0,0,0,10,17,0,0,863,566,control
286,rush,3,brook,しずく湖畔,5,10,3,1,1,10,10,14,6,6,0,0,0,4,3,24,0,0,10,36,0,0,6,0,0,0,10,22,0,0,566,1446,control
286,rush,4,volcano,ほむら火山,8,14,4,1,1,14,14,20,23,23,0,0,0,20,19,113,0,0,43,162,0,0,7,0,0,0,59,54,0,0,1446,2156,control
286,rush,5,tower,星晶の塔,12,20,5,1,0,20,20,0,45,45,0,0,0,40,40,194,0,0,85,307,0,0,7,0,0,0,120,123,0,0,2156,0,control
287,balanced,1,meadow,はじまり草原,1,4,2,1,1,1,2,6,6,4,2,0,4,3,2,29,2,0,11,62,4,1,13,0,0,0,8,5,0,0,230,904,control
287,balanced,2,cave,こだま洞くつ,3,7,2,1,1,9,9,11,4,3,1,0,3,2,1,27,2,2,8,57,2,1,15,0,0,0,11,11,0,0,2100,2732,control
287,balanced,3,brook,しずく湖畔,5,10,3,1,1,11,11,14,7,6,1,0,3,3,2,17,2,2,12,43,2,1,7,0,0,0,14,34,0,0,2117,1213,control
287,balanced,4,volcano,ほむら火山,8,14,4,1,1,14,14,15,6,5,1,0,3,2,1,14,2,2,10,37,3,1,8,0,0,0,11,12,0,0,940,1249,control
287,balanced,5,tower,星晶の塔,12,20,5,1,1,15,16,22,30,23,0,7,14,10,9,48,2,2,42,153,10,1,8,0,0,0,59,57,0,0,968,3069,control
288,collector,1,meadow,はじまり草原,1,4,2,1,1,1,3,7,14,13,1,0,3,5,4,52,2,0,21,105,6,1,15,0,0,0,13,1,0,0,230,1310,control
288,collector,2,cave,こだま洞くつ,3,7,2,1,1,8,8,11,8,7,1,0,5,3,2,49,4,3,15,115,2,1,21,0,0,0,10,7,0,0,2936,2653,control
288,collector,3,brook,しずく湖畔,5,10,3,1,1,11,11,16,18,17,1,0,7,6,5,29,5,5,29,88,1,1,11,0,0,0,20,30,0,0,2143,1353,control
288,collector,4,volcano,ほむら火山,8,14,4,1,1,16,16,19,10,8,2,0,8,3,2,20,5,5,18,66,2,1,8,0,0,0,23,14,0,0,717,2786,control
288,collector,5,tower,星晶の塔,12,20,5,1,1,19,17,21,23,20,3,0,8,7,6,123,5,5,35,231,5,1,48,0,0,0,40,39,0,0,1472,2296,control
289,rush,1,meadow,はじまり草原,1,4,2,1,1,1,2,6,6,4,1,1,2,4,3,30,0,0,10,44,0,0,10,0,0,0,8,8,0,0,230,687,control
289,rush,2,cave,こだま洞くつ,3,7,2,1,1,6,7,12,10,9,1,0,1,9,8,71,0,0,19,98,0,0,10,0,0,0,26,29,0,0,687,805,control
289,rush,3,brook,しずく湖畔,5,10,3,1,1,12,12,14,6,6,0,0,0,4,3,27,0,0,10,38,0,0,8,0,0,0,11,13,0,0,805,1164,control
289,rush,4,volcano,ほむら火山,8,14,4,1,1,14,14,21,30,29,0,1,0,26,25,129,0,0,56,218,0,0,7,0,0,0,88,70,0,0,1164,970,control
289,rush,5,tower,星晶の塔,12,20,5,1,0,21,21,0,47,45,0,2,0,40,40,166,0,0,87,305,0,0,8,0,0,0,137,108,0,0,970,0,control
290,balanced,1,meadow,はじまり草原,1,4,2,1,1,1,3,7,7,4,2,1,5,3,2,26,2,0,12,71,4,1,19,0,0,0,10,5,0,0,230,892,control
290,balanced,2,cave,こだま洞くつ,3,7,2,1,1,9,8,10,4,3,1,0,3,2,1,34,2,2,8,65,3,1,20,0,0,0,11,12,0,0,2788,2558,control
290,balanced,3,brook,しずく湖畔,5,10,3,1,1,10,11,13,5,4,1,0,5,2,1,14,2,2,9,44,1,1,9,0,0,0,11,15,0,0,1982,2081,control
290,balanced,4,volcano,ほむら火山,8,14,4,1,1,13,13,16,10,7,1,2,7,3,2,15,2,2,15,70,1,1,9,0,0,0,22,20,0,0,1613,1912,control
290,balanced,5,tower,星晶の塔,12,20,5,1,1,16,15,21,19,18,1,0,5,8,7,42,2,2,29,98,7,1,7,0,0,0,31,62,0,0,1482,3044,control
291,collector,1,meadow,はじまり草原,1,4,2,1,1,1,3,7,12,10,1,1,4,4,3,37,2,1,18,88,7,1,14,0,0,0,11,1,0,0,230,1031,control
291,collector,2,cave,こだま洞くつ,3,7,2,1,1,6,7,11,8,6,2,0,7,3,2,51,5,5,16,119,7,1,18,0,0,0,24,9,0,0,986,2293,control
291,collector,3,brook,しずく湖畔,5,10,3,1,1,11,9,15,21,18,3,0,8,7,6,46,5,5,33,111,7,1,9,0,0,0,34,20,0,0,1211,1562,control
291,collector,4,volcano,ほむら火山,8,14,4,1,1,15,15,18,16,14,2,0,9,5,4,51,5,5,26,142,4,1,16,0,0,0,32,17,0,0,826,1596,control
291,collector,5,tower,星晶の塔,12,20,5,1,1,18,19,25,42,41,0,1,9,13,12,59,5,5,60,348,12,1,18,0,0,0,70,43,0,0,844,3121,control
292,rush,1,meadow,はじまり草原,1,4,2,1,1,1,3,6,4,2,1,1,1,2,1,13,0,0,6,23,0,0,8,0,0,0,4,5,0,0,230,800,control
292,rush,2,cave,こだま洞くつ,3,7,2,1,1,6,6,10,7,6,1,0,1,6,5,37,0,0,13,56,0,0,8,0,0,0,18,19,0,0,800,1378,control
292,rush,3,brook,しずく湖畔,5,10,3,1,1,10,11,13,4,4,0,0,0,2,1,11,0,0,6,17,0,0,6,0,0,0,5,20,0,0,1378,1456,control
292,rush,4,volcano,ほむら火山,8,14,4,1,0,13,14,0,44,44,0,0,0,40,40,203,0,0,84,315,0,0,6,0,0,0,129,81,0,0,1456,0,control
292,rush,5,tower,星晶の塔,12,20,5,0,0,0,0,0,0,0,0,0,0,0,0,0,0,0,0,0,0,0,0,0,0,0,0,0,0,0,0,0,control
293,balanced,1,meadow,はじまり草原,1,4,2,1,1,1,3,7,7,4,2,1,4,3,2,43,1,0,11,75,6,1,19,0,0,0,10,5,0,0,230,912,control
293,balanced,2,cave,こだま洞くつ,3,7,2,1,1,7,6,11,6,5,1,0,3,3,2,50,1,0,10,88,4,1,23,0,0,0,5,13,0,0,1170,2645,control
293,balanced,3,brook,しずく湖畔,5,10,3,1,1,11,12,14,5,5,0,0,5,2,1,8,2,2,9,28,1,1,7,0,0,0,6,18,0,0,3279,2826,control
293,balanced,4,volcano,ほむら火山,8,14,4,1,1,14,11,13,6,5,1,0,4,2,1,11,2,2,10,37,2,1,6,0,0,0,7,9,0,0,2189,3236,control
293,balanced,5,tower,星晶の塔,12,20,5,1,1,13,15,20,11,10,1,0,3,4,3,20,2,2,17,55,1,1,6,0,0,0,16,49,0,0,2507,3970,control
294,collector,1,meadow,はじまり草原,1,4,2,1,1,1,3,6,7,3,2,2,5,2,1,23,1,0,10,51,3,1,12,0,0,0,7,0,0,0,230,1214,control
294,collector,2,cave,こだま洞くつ,3,7,2,1,1,6,6,10,8,7,1,0,6,3,2,43,5,1,16,137,3,1,20,0,0,0,10,5,0,0,1472,3274,control
294,collector,3,brook,しずく湖畔,5,10,3,1,1,13,13,15,9,6,3,0,8,3,2,19,5,5,17,65,0,0,9,0,0,0,23,18,0,0,4769,3335,control
294,collector,4,volcano,ほむら火山,8,14,4,1,1,15,11,17,16,14,2,0,9,5,4,69,5,5,26,172,2,1,24,0,0,0,32,38,0,0,1762,1611,control
294,collector,5,tower,星晶の塔,12,20,5,1,1,17,17,25,45,43,1,1,11,14,13,82,5,5,64,256,11,1,35,0,0,0,63,50,0,0,852,5387,control
295,rush,1,meadow,はじまり草原,1,4,2,1,1,1,2,7,4,3,1,0,1,3,2,22,0,0,7,33,0,0,9,0,0,0,5,9,0,0,230,657,control
295,rush,2,cave,こだま洞くつ,3,7,2,1,1,7,7,10,5,4,1,0,1,4,3,36,0,0,9,48,0,0,10,0,0,0,11,11,0,0,657,1422,control
295,rush,3,brook,しずく湖畔,5,10,3,1,1,10,10,12,4,4,0,0,0,2,1,12,0,0,6,20,0,0,9,0,0,0,5,15,0,0,1422,2019,control
295,rush,4,volcano,ほむら火山,8,14,4,1,1,12,13,18,22,22,0,0,0,19,18,111,0,0,41,159,0,0,7,0,0,0,56,51,0,0,2019,986,control
295,rush,5,tower,星晶の塔,12,20,5,1,0,18,20,0,45,45,0,0,0,40,40,195,0,0,85,312,0,0,7,0,0,0,124,135,0,0,986,0,control
296,balanced,1,meadow,はじまり草原,1,4,2,1,1,1,2,6,8,4,2,2,6,3,2,34,2,0,13,73,4,1,15,0,0,0,11,5,0,0,230,873,control
296,balanced,2,cave,こだま洞くつ,3,7,2,1,1,8,8,12,6,5,1,0,3,3,2,50,2,1,11,90,3,1,19,0,0,0,12,24,0,0,2769,1947,control
296,balanced,3,brook,しずく湖畔,5,10,3,1,1,12,12,15,11,10,1,0,3,5,4,38,2,2,18,79,2,1,11,0,0,0,20,32,0,0,1848,971,control
296,balanced,4,volcano,ほむら火山,8,14,4,1,1,15,14,17,6,5,1,0,3,2,1,28,2,2,10,52,0,0,20,0,0,0,11,9,0,0,753,3133,control
296,balanced,5,tower,星晶の塔,12,20,5,1,1,17,17,23,27,26,1,0,6,12,11,65,2,2,41,129,5,1,9,0,0,0,43,88,0,0,2428,1877,control
297,collector,1,meadow,はじまり草原,1,4,2,1,1,1,2,6,9,7,1,1,7,3,2,30,4,3,16,85,3,1,16,0,0,0,13,0,0,0,230,1159,control
297,collector,2,cave,こだま洞くつ,3,7,2,1,1,6,6,10,8,7,1,0,3,3,2,47,2,1,13,103,5,1,25,0,0,0,6,8,0,0,869,2331,control
297,collector,3,brook,しずく湖畔,5,10,3,1,1,11,7,14,21,19,2,0,8,7,6,40,5,5,33,105,3,1,13,0,0,0,23,20,0,0,2186,2227,control
297,collector,4,volcano,ほむら火山,8,14,4,1,1,14,12,13,7,4,3,0,8,2,1,11,5,5,14,65,1,1,8,0,0,0,21,3,0,0,1176,2656,control
297,collector,5,tower,星晶の塔,12,20,5,1,1,13,15,22,32,30,2,0,9,10,9,130,5,5,47,248,2,1,53,1,0,0,48,48,0,0,1404,3536,control
298,rush,1,meadow,はじまり草原,1,4,2,1,1,1,2,6,10,4,1,5,5,4,3,29,0,0,14,62,0,0,9,0,0,0,12,7,0,0,230,692,control
298,rush,2,cave,こだま洞くつ,3,7,2,1,1,6,7,10,6,5,1,0,1,5,4,42,0,0,11,59,0,0,10,0,0,0,15,15,0,0,692,1403,control
298,rush,3,brook,しずく湖畔,5,10,3,1,1,10,11,14,5,5,0,0,0,3,2,18,0,0,8,27,0,0,6,0,0,0,8,25,0,0,1403,1185,control
298,rush,4,volcano,ほむら火山,8,14,4,1,1,14,14,20,22,22,0,0,0,19,18,102,0,0,41,157,0,0,7,0,0,0,58,63,0,0,1185,1297,control
298,rush,5,tower,星晶の塔,12,20,5,1,0,20,21,0,46,45,0,1,0,40,40,183,0,0,86,301,0,0,7,0,0,0,127,111,0,0,1297,0,control
299,balanced,1,meadow,はじまり草原,1,4,2,1,1,1,3,7,9,5,1,3,4,3,2,29,1,0,13,62,5,1,10,0,0,0,9,5,0,0,230,870,control
299,balanced,2,cave,こだま洞くつ,3,7,2,1,1,7,6,10,6,5,1,0,2,3,2,41,1,0,10,84,2,1,15,0,0,0,7,11,0,0,948,2758,control
299,balanced,3,brook,しずく湖畔,5,10,3,1,1,11,11,14,7,7,0,0,5,3,2,16,2,2,12,43,3,1,8,0,0,0,9,22,0,0,3132,2301,control
299,balanced,4,volcano,ほむら火山,8,14,4,1,1,14,12,15,6,5,1,0,4,2,1,10,2,2,10,34,1,1,7,0,0,0,7,20,0,0,1782,2433,control
299,balanced,5,tower,星晶の塔,12,20,5,1,1,15,17,24,30,28,1,1,6,13,12,60,2,2,45,134,4,1,8,0,0,0,48,83,0,0,1885,3026,control
300,collector,1,meadow,はじまり草原,1,4,2,1,1,1,2,6,8,6,2,0,3,3,2,35,1,0,12,61,2,1,13,0,0,0,9,1,0,0,230,1159,control
300,collector,2,cave,こだま洞くつ,3,7,2,1,1,6,5,10,9,7,1,1,4,3,2,41,1,0,13,99,2,1,17,0,0,0,6,6,0,0,1417,2850,control
300,collector,3,brook,しずく湖畔,5,10,3,1,1,10,10,14,15,14,1,0,6,5,4,30,5,5,25,86,2,1,9,0,0,0,28,27,0,0,3244,1361,control
300,collector,4,volcano,ほむら火山,8,14,4,1,1,14,15,18,16,13,3,0,9,5,4,39,5,5,26,213,6,1,19,0,0,0,34,28,0,0,720,1619,control
300,collector,5,tower,星晶の塔,12,20,5,1,1,18,17,24,39,36,2,1,8,12,11,156,5,5,56,312,7,1,24,0,0,0,53,45,0,0,856,3502,control
1,rush,1,meadow,はじまり草原,1,4,2,1,1,1,2,5,4,2,1,1,2,2,1,12,0,0,6,24,0,0,6,0,0,0,3,3,0,0,230,920,finalist
1,rush,2,cave,こだま洞くつ,3,7,2,1,1,5,6,10,5,4,1,0,2,4,3,27,0,0,9,41,0,0,9,0,0,0,9,16,0,0,920,1271,finalist
1,rush,3,brook,しずく湖畔,5,10,3,1,1,10,10,13,5,5,0,0,0,3,2,15,0,0,8,26,0,0,6,0,0,0,8,23,0,0,1271,1471,finalist
1,rush,4,volcano,ほむら火山,8,14,4,1,1,13,14,16,8,8,0,0,0,5,4,28,0,0,13,60,0,0,6,0,0,0,18,30,0,0,1471,948,finalist
1,rush,5,tower,星晶の塔,12,20,5,1,0,16,17,0,53,45,0,8,0,40,40,162,0,0,93,353,0,0,7,0,0,0,160,116,0,0,948,0,finalist
2,balanced,1,meadow,はじまり草原,1,4,2,1,1,1,2,6,4,3,1,0,2,2,1,10,1,0,7,24,1,1,7,0,0,0,2,2,0,0,230,1136,finalist
2,balanced,2,cave,こだま洞くつ,3,7,2,1,1,6,7,10,4,4,0,0,4,2,1,38,2,0,8,91,2,1,20,0,0,0,5,8,0,0,1214,2561,finalist
2,balanced,3,brook,しずく湖畔,5,10,3,1,1,11,9,14,11,10,1,0,3,5,4,31,2,0,18,60,0,0,9,0,0,0,8,38,0,0,2829,1473,finalist
2,balanced,4,volcano,ほむら火山,8,14,4,1,1,15,15,15,4,3,1,0,3,1,0,5,2,2,7,25,1,1,7,0,0,0,8,0,0,0,3087,4089,finalist
2,balanced,5,tower,星晶の塔,12,20,5,1,1,15,16,24,23,22,1,0,3,10,9,59,2,2,35,112,1,1,10,0,0,0,33,98,0,0,3168,4102,finalist
3,collector,1,meadow,はじまり草原,1,4,2,1,1,1,2,5,6,4,1,1,5,2,1,13,4,0,12,56,5,1,9,0,0,0,6,0,0,0,230,1247,finalist
3,collector,2,cave,こだま洞くつ,3,7,2,1,1,7,8,9,2,1,1,0,6,1,0,17,5,5,8,56,2,1,17,0,0,0,11,0,0,0,2829,3738,finalist
3,collector,3,brook,しずく湖畔,5,10,3,1,1,9,8,11,6,4,2,0,7,2,1,17,5,5,13,60,0,0,14,0,0,0,12,5,0,0,1975,4004,finalist
3,collector,4,volcano,ほむら火山,8,14,4,1,1,11,11,13,8,5,2,1,9,2,1,23,5,5,15,85,2,1,18,0,0,0,24,5,0,0,2115,2121,finalist
3,collector,5,tower,星晶の塔,12,20,5,1,1,13,17,24,41,32,3,6,16,11,10,127,5,5,57,303,7,1,26,0,0,0,72,51,0,0,1121,2595,finalist
4,rush,1,meadow,はじまり草原,1,4,2,1,1,1,2,5,3,2,1,0,1,2,1,11,0,0,5,19,0,0,7,0,0,0,2,2,0,0,230,993,finalist
4,rush,2,cave,こだま洞くつ,3,7,2,1,1,5,6,9,3,2,1,0,1,2,1,14,0,0,5,23,0,0,8,0,0,0,5,9,0,0,993,1075,finalist
4,rush,3,brook,しずく湖畔,5,10,3,1,1,9,10,12,4,4,0,0,0,2,1,11,0,0,6,18,0,0,6,0,0,0,5,21,0,0,1075,1783,finalist
4,rush,4,volcano,ほむら火山,8,14,4,1,1,12,13,15,5,5,0,0,0,2,1,12,0,0,7,31,0,0,6,0,0,0,8,22,0,0,1783,1813,finalist
4,rush,5,tower,星晶の塔,12,20,5,1,0,15,16,0,45,45,0,0,0,40,40,171,0,0,85,294,0,0,6,0,0,0,126,142,0,0,1813,0,finalist
5,balanced,1,meadow,はじまり草原,1,4,2,1,1,1,2,5,4,2,2,0,3,2,1,19,1,0,7,34,4,1,12,0,0,0,5,2,0,0,230,1123,finalist
5,balanced,2,cave,こだま洞くつ,3,7,2,1,1,5,6,10,6,5,1,0,2,3,2,30,1,0,10,48,1,1,14,0,0,0,4,11,0,0,2081,2680,finalist
5,balanced,3,brook,しずく湖畔,5,10,3,1,1,11,11,12,3,3,0,0,5,1,0,6,2,2,6,23,1,1,7,0,0,0,5,0,0,0,3074,4105,finalist
5,balanced,4,volcano,ほむら火山,8,14,4,1,1,12,9,10,9,8,1,0,4,1,0,4,2,2,12,32,0,0,6,0,0,0,5,0,0,0,3180,4362,finalist
5,balanced,5,tower,星晶の塔,12,20,5,1,1,10,14,21,23,18,1,4,6,8,7,37,2,2,33,114,5,1,8,0,0,0,37,82,0,0,3379,3101,finalist
6,collector,1,meadow,はじまり草原,1,4,2,1,1,1,2,5,5,4,1,0,2,2,1,13,1,0,8,28,3,1,10,0,0,0,2,0,0,0,230,1272,finalist
6,collector,2,cave,こだま洞くつ,3,7,2,1,1,6,6,9,5,4,1,0,3,2,1,26,1,0,8,50,3,1,19,0,0,0,5,3,0,0,1350,3144,finalist
6,collector,3,brook,しずく湖畔,5,10,3,1,1,8,10,11,3,2,1,0,7,1,0,5,5,5,9,51,0,0,11,0,0,0,17,0,0,0,3518,4563,finalist
6,collector,4,volcano,ほむら火山,8,14,4,1,1,11,11,11,4,1,3,0,8,1,0,6,5,4,10,56,1,1,8,0,0,0,20,0,0,0,2410,3237,finalist
6,collector,5,tower,星晶の塔,12,20,5,1,1,12,15,21,27,21,2,4,13,7,6,76,5,5,39,251,2,1,35,0,0,0,50,60,0,0,3401,2306,finalist
7,rush,1,meadow,はじまり草原,1,4,2,1,1,1,2,4,2,0,2,0,2,1,0,10,0,0,3,18,0,0,10,0,0,0,2,0,0,0,230,1078,finalist
7,rush,2,cave,こだま洞くつ,3,7,2,1,1,4,5,7,3,3,0,0,0,2,1,15,0,0,5,23,0,0,8,0,0,0,5,8,0,0,1078,1112,finalist
7,rush,3,brook,しずく湖畔,5,10,3,1,1,7,9,12,6,6,0,0,0,4,3,19,0,0,10,35,0,0,6,0,0,0,11,25,0,0,1112,1852,finalist
7,rush,4,volcano,ほむら火山,8,14,4,1,1,12,13,16,6,6,0,0,0,3,2,14,0,0,9,34,0,0,5,0,0,0,10,34,0,0,1852,1154,finalist
7,rush,5,tower,星晶の塔,12,20,5,1,0,16,17,0,49,45,0,4,0,40,40,169,0,0,89,322,0,0,7,0,0,0,157,131,0,0,1154,0,finalist
8,balanced,1,meadow,はじまり草原,1,4,2,1,1,1,2,5,4,3,1,0,3,2,1,11,1,0,7,28,2,1,6,0,0,0,3,2,0,0,230,1135,finalist
8,balanced,2,cave,こだま洞くつ,3,7,2,1,1,6,5,9,4,3,1,0,2,2,1,30,1,0,7,62,2,1,15,0,0,0,3,4,0,0,1213,3280,finalist
8,balanced,3,brook,しずく湖畔,5,10,3,1,1,9,10,13,7,6,1,0,3,3,2,13,2,1,12,42,2,1,8,0,0,0,7,24,0,0,3414,2761,finalist
8,balanced,4,volcano,ほむら火山,8,14,4,1,1,13,14,15,4,3,1,0,3,1,0,6,2,2,7,43,4,1,19,0,0,0,7,0,0,0,2612,4760,finalist
8,balanced,5,tower,星晶の塔,12,20,5,1,1,15,17,24,30,28,1,1,5,13,12,54,2,2,45,128,5,1,7,0,0,0,52,109,0,0,3687,1850,finalist
9,collector,1,meadow,はじまり草原,1,4,2,1,1,1,2,5,5,3,2,0,3,2,1,14,1,0,8,29,3,1,9,0,0,0,3,0,0,0,230,1260,finalist
9,collector,2,cave,こだま洞くつ,3,7,2,1,1,6,6,9,2,0,2,0,4,1,0,13,2,0,5,42,1,1,16,0,0,0,6,0,0,0,1518,3962,finalist
9,collector,3,brook,しずく湖畔,5,10,3,1,1,7,8,8,3,1,2,0,7,1,0,6,5,5,9,43,1,1,8,0,0,0,17,0,0,0,4230,4965,finalist
9,collector,4,volcano,ほむら火山,8,14,4,1,1,8,10,13,9,4,3,2,10,2,1,11,4,3,15,102,3,1,11,0,0,0,25,7,0,0,2622,3936,finalist
9,collector,5,tower,星晶の塔,12,20,5,1,1,14,15,23,43,39,2,2,10,13,12,448,5,5,61,613,14,1,82,5,0,0,64,85,0,0,2941,2574,finalist
10,rush,1,meadow,はじまり草原,1,4,2,1,1,1,2,5,3,2,1,0,2,2,1,11,0,0,5,19,0,0,6,0,0,0,3,2,0,0,230,994,finalist
10,rush,2,cave,こだま洞くつ,3,7,2,1,1,5,5,9,4,3,1,0,1,3,2,23,0,0,7,41,0,0,10,0,0,0,9,12,0,0,994,1752,finalist
10,rush,3,brook,しずく湖畔,5,10,3,1,1,9,10,13,5,5,0,0,0,3,2,14,0,0,8,24,0,0,6,0,0,0,6,28,0,0,1752,1435,finalist
10,rush,4,volcano,ほむら火山,8,14,4,1,1,13,14,16,5,5,0,0,0,2,1,11,0,0,7,23,0,0,6,0,0,0,4,23,0,0,1435,1179,finalist
10,rush,5,tower,星晶の塔,12,20,5,1,0,16,17,0,49,45,0,4,0,40,40,180,0,0,89,345,0,0,8,0,0,0,137,128,0,0,1179,0,finalist
11,balanced,1,meadow,はじまり草原,1,4,2,1,1,1,2,6,4,2,2,0,3,2,1,15,1,0,7,27,3,1,9,0,0,0,4,2,0,0,230,1118,finalist
11,balanced,2,cave,こだま洞くつ,3,7,2,1,1,6,7,10,4,3,1,0,3,2,1,18,2,1,8,59,1,1,13,0,0,0,10,9,0,0,1376,2811,finalist
11,balanced,3,brook,しずく湖畔,5,10,3,1,1,10,11,12,3,2,1,0,3,1,0,7,2,2,6,31,1,1,8,0,0,0,8,0,0,0,2592,4011,finalist
11,balanced,4,volcano,ほむら火山,8,14,4,1,1,12,11,14,8,7,1,0,3,3,2,31,2,2,13,70,2,1,18,0,0,0,15,30,0,0,3107,2124,finalist
11,balanced,5,tower,星晶の塔,12,20,5,1,1,14,17,23,21,20,1,0,4,9,8,58,2,2,32,110,0,0,10,0,0,0,34,78,0,0,1646,3008,finalist
12,collector,1,meadow,はじまり草原,1,4,2,1,1,1,3,6,5,5,0,0,1,2,1,9,1,0,8,27,1,1,5,0,0,0,1,0,0,0,230,1208,finalist
12,collector,2,cave,こだま洞くつ,3,7,2,1,1,6,5,8,5,3,2,0,4,2,1,31,2,0,9,65,3,1,16,0,0,0,3,3,0,0,1406,2930,finalist
12,collector,3,brook,しずく湖畔,5,10,3,1,1,10,10,12,6,4,2,0,8,2,1,9,5,5,13,51,1,1,7,0,0,0,13,5,0,0,3498,4092,finalist
12,collector,4,volcano,ほむら火山,8,14,4,1,1,12,12,14,4,2,2,0,7,1,0,5,5,4,10,48,2,1,8,0,0,0,15,0,0,0,2161,4075,finalist
12,collector,5,tower,星晶の塔,12,20,5,1,1,14,16,18,8,6,2,0,8,2,1,12,5,5,15,68,1,1,10,0,0,0,22,10,0,0,2702,4952,finalist
13,rush,1,meadow,はじまり草原,1,4,2,1,1,1,2,5,3,2,1,0,1,2,1,10,0,0,5,19,0,0,6,0,0,0,2,2,0,0,230,994,finalist
13,rush,2,cave,こだま洞くつ,3,7,2,1,1,5,6,9,4,3,1,0,1,3,2,22,0,0,7,33,0,0,9,0,0,0,7,14,0,0,994,969,finalist
13,rush,3,brook,しずく湖畔,5,10,3,1,1,9,10,11,3,3,0,0,0,1,0,7,0,0,4,12,0,0,7,0,0,0,2,0,0,0,969,2952,finalist
13,rush,4,volcano,ほむら火山,8,14,4,1,1,11,12,16,10,10,0,0,0,7,6,34,0,0,17,76,0,0,6,0,0,0,27,54,0,0,2952,992,finalist
13,rush,5,tower,星晶の塔,12,20,5,1,0,16,17,0,48,45,0,3,0,40,40,167,0,0,88,324,0,0,7,0,0,0,155,127,0,0,992,0,finalist
14,balanced,1,meadow,はじまり草原,1,4,2,1,1,1,2,6,4,2,2,0,4,2,1,17,2,0,8,40,3,1,12,0,0,0,5,2,0,0,230,1121,finalist
14,balanced,2,cave,こだま洞くつ,3,7,2,1,1,7,7,9,2,1,1,0,3,1,0,17,2,2,5,38,0,0,17,0,0,0,8,0,0,0,1697,3326,finalist
14,balanced,3,brook,しずく湖畔,5,10,3,1,1,9,9,12,7,6,1,0,3,3,2,15,2,1,12,52,0,0,11,0,0,0,14,18,0,0,2576,2435,finalist
14,balanced,4,volcano,ほむら火山,8,14,4,1,1,13,13,15,4,3,1,0,2,1,0,3,1,0,6,20,0,0,7,0,0,0,2,0,0,0,2501,4954,finalist
14,balanced,5,tower,星晶の塔,12,20,5,1,1,15,15,21,13,12,1,0,3,5,4,30,2,2,20,68,4,1,8,0,0,0,20,92,0,0,5211,1836,finalist
15,collector,1,meadow,はじまり草原,1,4,2,1,1,1,2,5,5,4,1,0,2,2,1,11,1,0,8,29,2,1,7,0,0,0,2,0,0,0,230,1269,finalist
15,collector,2,cave,こだま洞くつ,3,7,2,1,1,6,6,9,5,3,2,0,5,2,1,23,3,1,10,67,4,1,13,0,0,0,10,3,0,0,1347,3089,finalist
15,collector,3,brook,しずく湖畔,5,10,3,1,1,8,8,12,12,9,3,0,7,4,3,33,4,3,20,81,2,1,11,0,0,0,21,13,0,0,3547,2557,finalist
15,collector,4,volcano,ほむら火山,8,14,4,1,1,11,12,13,4,2,2,0,8,1,0,2,5,5,10,45,0,0,7,0,0,0,11,0,0,0,3151,5185,finalist
15,collector,5,tower,星晶の塔,12,20,5,1,1,13,14,23,44,39,2,3,11,13,12,207,5,5,62,492,6,1,54,1,0,0,66,68,0,0,2738,2255,finalist
16,rush,1,meadow,はじまり草原,1,4,2,1,1,1,2,5,4,1,2,1,2,2,1,15,0,0,6,27,0,0,11,0,0,0,4,3,0,0,230,897,finalist
16,rush,2,cave,こだま洞くつ,3,7,2,1,1,5,6,9,3,3,0,0,0,2,1,14,0,0,5,23,0,0,9,0,0,0,4,7,0,0,897,1359,finalist
16,rush,3,brook,しずく湖畔,5,10,3,1,1,9,10,13,5,5,0,0,0,3,2,14,0,0,8,22,0,0,6,0,0,0,8,32,0,0,1359,1146,finalist
16,rush,4,volcano,ほむら火山,8,14,4,1,1,13,14,15,4,4,0,0,0,1,0,6,0,0,5,20,0,0,6,0,0,0,4,0,0,0,1146,2711,finalist
16,rush,5,tower,星晶の塔,12,20,5,1,0,15,15,0,51,45,0,6,0,40,40,161,0,0,91,339,0,0,6,0,0,0,169,150,0,0,2711,0,finalist
17,balanced,1,meadow,はじまり草原,1,4,2,1,1,1,2,5,5,3,1,1,2,2,1,14,1,0,8,31,3,1,7,0,0,0,4,2,0,0,230,1112,finalist
17,balanced,2,cave,こだま洞くつ,3,7,2,1,1,6,6,10,6,5,1,0,4,3,2,42,2,0,11,79,4,1,20,0,0,0,5,11,0,0,1190,2675,finalist
17,balanced,3,brook,しずく湖畔,5,10,3,1,1,11,12,15,7,7,0,0,4,3,2,17,2,2,12,40,2,1,7,0,0,0,8,34,0,0,3243,1670,finalist
17,balanced,4,volcano,ほむら火山,8,14,4,1,1,15,13,15,4,3,1,0,3,1,0,3,2,2,7,21,0,0,6,0,0,0,4,0,0,0,1294,3987,finalist
17,balanced,5,tower,星晶の塔,12,20,5,1,1,15,16,23,27,26,1,0,5,12,11,49,2,2,41,132,6,1,8,0,0,0,27,103,0,0,3088,1834,finalist
18,collector,1,meadow,はじまり草原,1,4,2,1,1,1,2,5,5,4,1,0,3,2,1,12,2,0,9,41,2,1,8,0,0,0,5,0,0,0,230,1270,finalist
18,collector,2,cave,こだま洞くつ,3,7,2,1,1,7,7,9,5,4,1,0,2,2,1,25,1,0,8,44,3,1,17,0,0,0,6,4,0,0,1846,2990,finalist
18,collector,3,brook,しずく湖畔,5,10,3,1,1,8,11,13,6,5,1,0,6,2,1,12,5,5,13,49,1,1,7,0,0,0,20,7,0,0,3664,3777,finalist
18,collector,4,volcano,ほむら火山,8,14,4,1,1,13,11,13,4,2,2,0,8,1,0,6,5,5,10,59,0,0,8,0,0,0,20,0,0,0,1995,3890,finalist
18,collector,5,tower,星晶の塔,12,20,5,1,1,13,17,21,18,16,1,1,10,5,4,50,5,5,28,145,1,1,19,0,0,0,32,51,0,0,2055,2294,finalist
19,rush,1,meadow,はじまり草原,1,4,2,1,1,1,2,5,3,1,2,0,2,2,1,15,0,0,5,25,0,0,11,0,0,0,4,3,0,0,230,919,finalist
19,rush,2,cave,こだま洞くつ,3,7,2,1,1,5,6,9,3,3,0,0,0,2,1,11,0,0,5,20,0,0,6,0,0,0,5,10,0,0,919,1902,finalist
19,rush,3,brook,しずく湖畔,5,10,3,1,1,9,10,13,5,5,0,0,0,3,2,13,0,0,8,24,0,0,5,0,0,0,7,30,0,0,1902,1144,finalist
19,rush,4,volcano,ほむら火山,8,14,4,1,1,13,14,15,5,4,0,1,0,1,0,6,0,0,6,23,0,0,6,0,0,0,5,0,0,0,1144,3242,finalist
19,rush,5,tower,星晶の塔,12,20,5,1,0,15,16,0,53,45,0,8,0,40,40,179,0,0,93,353,0,0,6,0,0,0,162,143,0,0,3242,0,finalist
20,balanced,1,meadow,はじまり草原,1,4,2,1,1,1,2,5,3,1,1,1,2,1,0,8,1,0,5,23,1,1,8,0,0,0,3,0,0,0,230,1067,finalist
20,balanced,2,cave,こだま洞くつ,3,7,2,1,1,5,4,9,6,5,1,0,4,3,2,52,2,0,11,102,6,1,19,0,0,0,5,10,0,0,1245,2825,finalist
20,balanced,3,brook,しずく湖畔,5,10,3,1,1,10,10,12,5,4,1,0,5,2,1,10,2,2,9,33,1,1,8,0,0,0,11,8,0,0,3093,3446,finalist
20,balanced,4,volcano,ほむら火山,8,14,4,1,1,12,12,16,8,7,1,0,3,3,2,19,2,2,13,56,1,1,8,0,0,0,19,27,0,0,2670,3894,finalist
20,balanced,5,tower,星晶の塔,12,20,5,1,1,16,17,26,43,40,1,2,6,19,18,90,2,2,64,198,2,1,8,0,0,0,69,125,0,0,3016,2216,finalist
21,collector,1,meadow,はじまり草原,1,4,2,1,1,1,2,5,5,4,1,0,4,2,1,11,2,0,9,38,1,1,7,0,0,0,3,0,0,0,230,1283,finalist
21,collector,2,cave,こだま洞くつ,3,7,2,1,1,7,7,9,5,4,1,0,5,2,1,45,3,0,10,122,3,1,25,0,0,0,5,3,0,0,1859,2849,finalist
21,collector,3,brook,しずく湖畔,5,10,3,1,1,12,12,13,3,0,3,0,8,1,0,9,5,5,9,40,0,0,9,0,0,0,16,0,0,0,4751,6048,finalist
21,collector,4,volcano,ほむら火山,8,14,4,1,1,13,8,13,19,14,2,3,10,5,4,69,5,5,29,207,5,1,20,0,0,0,44,17,0,0,3194,1902,finalist
21,collector,5,tower,星晶の塔,12,20,5,1,1,13,15,22,37,27,2,8,17,9,8,53,5,5,51,214,0,0,14,0,0,0,67,36,0,0,1006,4832,finalist
22,rush,1,meadow,はじまり草原,1,4,2,1,1,1,2,5,3,2,1,0,1,2,1,11,0,0,5,18,0,0,7,0,0,0,2,3,0,0,230,944,finalist
22,rush,2,cave,こだま洞くつ,3,7,2,1,1,5,6,9,3,2,1,0,1,2,1,13,0,0,5,20,0,0,7,0,0,0,4,9,0,0,944,1035,finalist
22,rush,3,brook,しずく湖畔,5,10,3,1,1,9,10,13,5,5,0,0,0,3,2,17,0,0,8,26,0,0,7,0,0,0,7,31,0,0,1035,1125,finalist
22,rush,4,volcano,ほむら火山,8,14,4,1,1,13,14,15,4,4,0,0,0,1,0,5,0,0,5,13,0,0,5,0,0,0,2,0,0,0,1125,2680,finalist
22,rush,5,tower,星晶の塔,12,20,5,1,0,15,16,0,49,45,0,4,0,40,40,175,0,0,89,321,0,0,7,0,0,0,139,145,0,0,2680,0,finalist
23,balanced,1,meadow,はじまり草原,1,4,2,1,1,1,2,5,4,2,2,0,4,2,1,18,2,0,8,40,1,1,11,0,0,0,5,2,0,0,230,1121,finalist
23,balanced,2,cave,こだま洞くつ,3,7,2,1,1,7,7,10,4,3,1,0,3,2,1,23,2,0,8,59,3,1,15,0,0,0,6,8,0,0,1697,2903,finalist
23,balanced,3,brook,しずく湖畔,5,10,3,1,1,11,11,14,5,4,1,0,3,2,1,11,2,0,9,38,1,1,9,0,0,0,9,11,0,0,3171,4549,finalist
23,balanced,4,volcano,ほむら火山,8,14,4,1,1,15,12,14,4,3,1,0,3,1,0,6,2,2,7,32,1,1,7,0,0,0,8,0,0,0,4963,8428,finalist
23,balanced,5,tower,星晶の塔,12,20,5,1,1,14,16,23,20,18,1,1,5,8,7,35,2,2,30,92,0,0,7,0,0,0,35,117,0,0,6527,1860,finalist
24,collector,1,meadow,はじまり草原,1,4,2,1,1,1,2,4,2,0,2,0,3,1,0,8,1,0,4,19,1,1,8,0,0,0,2,0,0,0,230,1078,finalist
24,collector,2,cave,こだま洞くつ,3,7,2,1,1,6,5,9,5,4,1,0,4,2,1,25,3,0,10,70,0,0,13,0,0,0,3,3,0,0,2376,3270,finalist
24,collector,3,brook,しずく湖畔,5,10,3,1,1,10,11,13,6,4,2,0,8,2,1,9,5,5,13,59,1,1,8,0,0,0,20,8,0,0,3932,5123,finalist
24,collector,4,volcano,ほむら火山,8,14,4,1,1,13,11,12,7,5,2,0,8,2,1,11,5,5,14,93,1,1,12,0,0,0,25,8,0,0,2705,2702,finalist
24,collector,5,tower,星晶の塔,12,20,5,1,1,12,16,24,47,39,2,6,13,13,12,192,5,5,65,403,3,1,61,1,0,0,78,61,0,0,1427,2242,finalist
25,rush,1,meadow,はじまり草原,1,4,2,1,1,1,2,5,7,2,1,4,6,2,1,11,0,0,9,36,0,0,6,0,0,0,6,2,0,0,230,908,finalist
25,rush,2,cave,こだま洞くつ,3,7,2,1,1,5,6,9,3,2,1,0,1,2,1,16,0,0,5,26,0,0,10,0,0,0,5,9,0,0,908,983,finalist
25,rush,3,brook,しずく湖畔,5,10,3,1,1,9,9,13,5,5,0,0,0,3,2,18,0,0,8,27,0,0,7,0,0,0,8,29,0,0,983,1125,finalist
25,rush,4,volcano,ほむら火山,8,14,4,1,1,13,14,16,6,6,0,0,0,3,2,14,0,0,9,25,0,0,5,0,0,0,8,24,0,0,1125,1149,finalist
25,rush,5,tower,星晶の塔,12,20,5,1,0,16,17,0,47,45,0,2,0,40,40,186,0,0,87,305,0,0,7,0,0,0,128,133,0,0,1149,0,finalist
26,balanced,1,meadow,はじまり草原,1,4,2,1,1,1,2,5,2,1,1,0,3,1,0,5,2,0,5,23,0,0,8,0,0,0,3,0,0,0,230,1100,finalist
26,balanced,2,cave,こだま洞くつ,3,7,2,1,1,7,7,9,4,3,1,0,3,2,1,27,2,1,8,55,3,1,21,0,0,0,9,8,0,0,1896,2692,finalist
26,balanced,3,brook,しずく湖畔,5,10,3,1,1,7,8,10,3,3,0,0,3,1,0,5,2,1,6,20,0,0,6,0,0,0,4,0,0,0,2683,3922,finalist
26,balanced,4,volcano,ほむら火山,8,14,4,1,1,12,10,12,4,3,1,0,3,1,0,2,2,0,7,23,0,0,7,0,0,0,2,0,0,0,5299,6551,finalist
26,balanced,5,tower,星晶の塔,12,20,5,1,1,14,16,19,9,9,0,0,7,3,2,25,2,2,14,75,0,0,14,0,0,0,12,48,0,0,9265,7486,finalist
27,collector,1,meadow,はじまり草原,1,4,2,1,1,1,2,5,5,4,1,0,3,2,1,11,2,0,9,35,2,1,7,0,0,0,3,0,0,0,230,1279,finalist
27,collector,2,cave,こだま洞くつ,3,7,2,1,1,7,7,10,5,4,1,0,6,2,1,20,5,5,12,78,4,1,11,0,0,0,19,3,0,0,1855,3152,finalist
27,collector,3,brook,しずく湖畔,5,10,3,1,1,10,10,14,15,14,1,0,7,5,4,35,5,5,25,95,3,1,10,0,0,0,29,18,0,0,1665,1365,finalist
27,collector,4,volcano,ほむら火山,8,14,4,1,1,14,12,13,8,5,2,1,8,2,1,11,5,5,15,67,2,1,7,0,0,0,23,0,0,0,723,1661,finalist
27,collector,5,tower,星晶の塔,12,20,5,1,1,13,14,23,44,41,3,0,9,14,13,133,5,5,63,384,8,1,55,1,0,0,63,65,0,0,879,3456,finalist
28,rush,1,meadow,はじまり草原,1,4,2,1,1,1,2,5,3,2,1,0,2,2,1,13,0,0,5,22,0,0,7,0,0,0,3,2,0,0,230,998,finalist
28,rush,2,cave,こだま洞くつ,3,7,2,1,1,5,5,9,4,3,1,0,1,3,2,24,0,0,7,39,0,0,10,0,0,0,7,14,0,0,998,714,finalist
28,rush,3,brook,しずく湖畔,5,10,3,1,1,9,10,12,4,4,0,0,0,2,1,13,0,0,6,22,0,0,7,0,0,0,5,17,0,0,714,1699,finalist
28,rush,4,volcano,ほむら火山,8,14,4,1,1,12,13,15,5,5,0,0,0,2,1,11,0,0,7,23,0,0,6,0,0,0,5,19,0,0,1699,1957,finalist
28,rush,5,tower,星晶の塔,12,20,5,1,0,15,16,0,50,45,0,5,0,40,40,181,0,0,90,363,0,0,9,0,0,0,150,135,0,0,1957,0,finalist
29,balanced,1,meadow,はじまり草原,1,4,2,1,1,1,2,5,4,2,2,0,4,2,1,16,2,0,8,38,3,1,11,0,0,0,6,2,0,0,230,1127,finalist
29,balanced,2,cave,こだま洞くつ,3,7,2,1,1,7,7,10,4,3,1,0,3,2,1,26,2,1,8,50,1,1,15,0,0,0,7,5,0,0,1703,3021,finalist
29,balanced,3,brook,しずく湖畔,5,10,3,1,1,10,8,11,7,6,1,0,4,3,2,14,2,2,12,38,2,1,7,0,0,0,8,19,0,0,3033,2768,finalist
29,balanced,4,volcano,ほむら火山,8,14,4,1,1,11,11,15,6,5,1,0,4,2,1,9,2,2,10,44,1,1,7,0,0,0,13,16,1,0,2144,4134,finalist
29,balanced,5,tower,星晶の塔,12,20,5,1,1,15,15,23,40,30,1,9,16,14,13,76,2,2,56,231,7,1,12,0,0,0,80,74,0,0,3202,1871,finalist
30,collector,1,meadow,はじまり草原,1,4,2,1,1,1,2,5,5,4,1,0,4,2,1,9,3,0,10,49,1,1,12,0,0,0,4,0,0,0,230,1269,finalist
30,collector,2,cave,こだま洞くつ,3,7,2,1,1,7,7,10,5,3,2,0,3,2,1,23,1,0,8,38,2,1,16,0,0,0,5,4,0,0,1923,3511,finalist
30,collector,3,brook,しずく湖畔,5,10,3,1,1,10,9,12,6,4,2,0,4,2,1,11,2,1,10,35,1,1,6,0,0,0,9,6,0,0,3905,4936,finalist
30,collector,4,volcano,ほむら火山,8,14,4,1,1,12,11,13,7,3,4,0,5,2,1,8,1,0,10,34,2,1,6,0,0,0,4,6,0,0,4551,5535,finalist
30,collector,5,tower,星晶の塔,12,20,5,1,1,15,16,18,11,9,2,0,9,3,2,19,5,5,19,125,2,1,34,0,0,0,27,25,0,0,8292,8244,finalist
31,rush,1,meadow,はじまり草原,1,4,2,1,1,1,2,5,3,2,1,0,1,2,1,11,0,0,5,19,0,0,7,0,0,0,2,3,0,0,230,945,finalist
31,rush,2,cave,こだま洞くつ,3,7,2,1,1,5,6,9,4,3,1,0,2,3,2,25,0,0,7,39,0,0,9,0,0,0,8,13,0,0,945,756,finalist
31,rush,3,brook,しずく湖畔,5,10,3,1,1,9,10,13,5,5,0,0,0,3,2,16,0,0,8,27,0,0,6,0,0,0,7,17,0,0,756,2172,finalist
31,rush,4,volcano,ほむら火山,8,14,4,1,1,13,14,16,5,5,0,0,0,2,1,10,0,0,7,21,0,0,5,0,0,0,5,33,0,0,2172,1226,finalist
31,rush,5,tower,星晶の塔,12,20,5,1,0,16,17,0,46,45,0,1,0,40,40,169,0,0,86,329,0,0,8,0,0,0,140,133,0,0,1226,0,finalist
32,balanced,1,meadow,はじまり草原,1,4,2,1,1,1,2,6,4,3,1,0,2,2,1,10,1,0,7,26,1,1,6,0,0,0,2,2,0,0,230,1132,finalist
32,balanced,2,cave,こだま洞くつ,3,7,2,1,1,6,6,10,4,3,1,0,2,2,1,40,1,0,7,67,2,1,20,0,0,0,3,5,0,0,1210,3090,finalist
32,balanced,3,brook,しずく湖畔,5,10,3,1,1,10,11,14,7,6,1,0,3,3,2,11,2,1,12,33,1,1,6,0,0,0,7,31,0,0,3224,2192,finalist
32,balanced,4,volcano,ほむら火山,8,14,4,1,1,14,10,13,4,3,1,0,4,1,0,2,2,2,7,26,0,0,7,0,0,0,4,0,0,0,2136,4345,finalist
32,balanced,5,tower,星晶の塔,12,20,5,1,1,13,14,19,26,16,1,9,16,7,6,33,2,2,35,151,1,1,10,0,0,0,39,57,0,0,3366,1841,finalist
33,collector,1,meadow,はじまり草原,1,4,2,1,1,1,3,6,11,11,0,0,1,4,3,18,1,0,16,45,1,1,8,0,0,0,3,0,0,0,230,1057,finalist
33,collector,2,cave,こだま洞くつ,3,7,2,1,1,7,5,9,5,3,2,0,3,2,1,35,1,0,8,61,3,1,19,0,0,0,3,2,0,0,1255,3252,finalist
33,collector,3,brook,しずく湖畔,5,10,3,1,1,9,7,11,12,10,2,0,7,4,3,22,5,3,21,70,3,1,10,0,0,0,14,12,0,0,3626,2729,finalist
33,collector,4,volcano,ほむら火山,8,14,4,1,1,13,13,15,4,1,3,0,8,1,0,3,5,1,10,70,0,0,26,0,0,0,10,0,0,0,3409,5825,finalist
33,collector,5,tower,星晶の塔,12,20,5,1,1,19,18,22,5,2,3,0,9,1,0,6,5,5,11,67,1,1,9,0,0,0,19,0,0,0,13124,22110,finalist
34,rush,1,meadow,はじまり草原,1,4,2,1,1,1,2,5,3,2,1,0,1,2,1,12,0,0,5,21,0,0,6,0,0,0,3,2,0,0,230,994,finalist
34,rush,2,cave,こだま洞くつ,3,7,2,1,1,5,5,9,4,3,1,0,1,3,2,26,0,0,7,35,0,0,12,0,0,0,7,14,0,0,994,726,finalist
34,rush,3,brook,しずく湖畔,5,10,3,1,1,9,10,11,3,3,0,0,0,1,0,7,0,0,4,12,0,0,7,0,0,0,1,0,0,0,726,2914,finalist
34,rush,4,volcano,ほむら火山,8,14,4,1,1,11,12,15,6,6,0,0,0,3,2,15,0,0,9,30,0,0,6,0,0,0,9,37,0,0,2914,1765,finalist
34,rush,5,tower,星晶の塔,12,20,5,1,0,15,17,0,46,45,0,1,0,40,40,186,0,0,86,310,0,0,8,0,0,0,130,139,0,0,1765,0,finalist
35,balanced,1,meadow,はじまり草原,1,4,2,1,1,1,2,6,4,3,1,0,3,2,1,13,2,0,8,38,1,1,8,0,0,0,2,2,0,0,230,1134,finalist
35,balanced,2,cave,こだま洞くつ,3,7,2,1,1,7,8,10,4,3,1,0,3,2,1,22,2,0,8,58,2,1,15,0,0,0,6,8,0,0,1710,2911,finalist
35,balanced,3,brook,しずく湖畔,5,10,3,1,1,11,12,13,3,2,1,0,3,1,0,12,2,2,6,31,0,0,12,0,0,0,8,0,0,0,3179,5750,finalist
35,balanced,4,volcano,ほむら火山,8,14,4,1,1,13,11,15,10,9,1,0,3,4,3,57,2,2,16,109,3,1,19,0,0,0,18,35,0,0,4453,2701,finalist
35,balanced,5,tower,星晶の塔,12,20,5,1,1,15,16,26,41,40,1,0,3,19,18,94,2,2,62,189,8,1,7,0,0,0,63,119,0,0,2092,2703,finalist
36,collector,1,meadow,はじまり草原,1,4,2,1,1,1,2,5,5,4,1,0,2,2,1,13,1,0,8,35,2,1,8,0,0,0,3,0,0,0,230,1275,finalist
36,collector,2,cave,こだま洞くつ,3,7,2,1,1,5,6,9,5,5,0,0,3,2,1,47,2,0,9,105,2,1,27,0,0,0,3,3,0,0,1353,3006,finalist
36,collector,3,brook,しずく湖畔,5,10,3,1,1,10,11,13,9,6,3,0,8,3,2,24,5,5,17,75,0,0,12,0,0,0,22,17,0,0,3754,3003,finalist
36,collector,4,volcano,ほむら火山,8,14,4,1,1,13,11,14,4,2,2,0,8,1,0,18,5,5,10,74,0,0,18,0,0,0,21,0,0,0,1586,4188,finalist
36,collector,5,tower,星晶の塔,12,20,5,1,1,14,16,22,32,26,3,3,12,9,8,92,5,5,46,216,0,0,23,0,0,0,54,50,0,0,2212,2288,finalist
37,rush,1,meadow,はじまり草原,1,4,2,1,1,1,2,4,2,0,2,0,2,1,0,6,0,0,3,12,0,0,6,0,0,0,1,0,0,0,230,1078,finalist
37,rush,2,cave,こだま洞くつ,3,7,2,1,1,4,5,9,4,4,0,0,0,3,2,19,0,0,7,31,0,0,7,0,0,0,7,16,0,0,1078,982,finalist
37,rush,3,brook,しずく湖畔,5,10,3,1,1,9,10,11,3,3,0,0,0,1,0,6,0,0,4,14,0,0,6,0,0,0,2,0,0,0,982,2962,finalist
37,rush,4,volcano,ほむら火山,8,14,4,1,1,11,12,16,11,10,0,1,0,7,6,37,0,0,18,74,0,0,6,0,0,0,28,47,0,0,2962,1148,finalist
37,rush,5,tower,星晶の塔,12,20,5,1,0,16,17,0,47,45,0,2,0,40,40,162,0,0,87,334,0,0,7,0,0,0,153,131,0,0,1148,0,finalist
38,balanced,1,meadow,はじまり草原,1,4,2,1,1,1,3,6,6,6,0,0,3,3,2,9,2,0,11,36,0,0,7,0,0,0,2,5,0,0,230,884,finalist
38,balanced,2,cave,こだま洞くつ,3,7,2,1,1,8,7,8,2,1,1,0,4,1,0,10,2,0,5,32,1,1,10,0,0,0,1,0,0,0,2430,3190,finalist
38,balanced,3,brook,しずく湖畔,5,10,3,1,1,8,9,12,5,4,1,0,3,2,1,10,2,2,9,32,1,1,6,0,0,0,10,11,0,0,3458,5168,finalist
38,balanced,4,volcano,ほむら火山,8,14,4,1,1,12,13,14,4,3,1,0,3,1,0,7,2,2,7,33,0,0,8,0,0,0,7,0,0,0,4003,4979,finalist
38,balanced,5,tower,星晶の塔,12,20,5,1,1,14,15,28,56,54,1,1,4,26,25,130,2,2,84,256,10,1,7,0,0,0,93,174,0,0,3857,1867,finalist
39,collector,1,meadow,はじまり草原,1,4,2,1,1,1,2,5,5,4,1,0,2,2,1,13,1,0,8,30,3,1,8,0,0,0,2,0,0,0,230,1276,finalist
39,collector,2,cave,こだま洞くつ,3,7,2,1,1,6,4,10,11,9,2,0,5,4,3,52,3,0,18,125,7,1,19,0,0,0,6,8,0,0,1354,2639,finalist
39,collector,3,brook,しずく湖畔,5,10,3,1,1,11,11,13,3,0,3,0,4,1,0,6,1,0,5,19,1,1,7,0,0,0,4,0,0,0,3501,5318,finalist
39,collector,4,volcano,ほむら火山,8,14,4,1,1,14,14,16,12,8,2,2,10,3,2,22,5,5,20,143,3,1,26,0,0,0,35,21,0,0,5525,3548,finalist
39,collector,5,tower,星晶の塔,12,20,5,1,1,16,15,24,43,37,1,5,11,12,11,78,5,5,60,240,0,0,24,0,0,0,65,54,0,0,1875,4478,finalist
40,rush,1,meadow,はじまり草原,1,4,2,1,1,1,2,4,2,0,2,0,2,1,0,10,0,0,3,17,0,0,10,0,0,0,2,0,0,0,230,1078,finalist
40,rush,2,cave,こだま洞くつ,3,7,2,1,1,4,5,9,4,4,0,0,0,3,2,19,0,0,7,35,0,0,8,0,0,0,8,15,0,0,1078,1539,finalist
40,rush,3,brook,しずく湖畔,5,10,3,1,1,9,10,13,4,4,0,0,0,2,1,8,0,0,6,16,0,0,4,0,0,0,3,20,0,0,1539,1643,finalist
40,rush,4,volcano,ほむら火山,8,14,4,1,1,13,14,16,5,5,0,0,0,2,1,9,0,0,7,29,0,0,6,0,0,0,8,31,0,0,1643,1148,finalist
40,rush,5,tower,星晶の塔,12,20,5,1,0,16,17,0,49,45,0,4,0,40,40,163,0,0,89,313,0,0,7,0,0,0,150,132,0,0,1148,0,finalist
41,balanced,1,meadow,はじまり草原,1,4,2,1,1,1,2,6,4,3,1,0,3,2,1,13,2,0,8,34,2,1,7,0,0,0,4,2,0,0,230,1145,finalist
41,balanced,2,cave,こだま洞くつ,3,7,2,1,1,7,8,9,2,1,1,0,3,1,0,7,2,0,5,42,1,1,15,0,0,0,4,0,0,0,1721,3353,finalist
41,balanced,3,brook,しずく湖畔,5,10,3,1,1,7,8,12,5,5,0,0,2,2,1,10,1,0,8,27,1,1,7,0,0,0,4,7,0,0,3621,5425,finalist
41,balanced,4,volcano,ほむら火山,8,14,4,1,1,12,13,14,4,3,1,0,4,1,0,2,2,2,7,24,0,0,7,0,0,0,4,0,0,0,5892,7114,finalist
41,balanced,5,tower,星晶の塔,12,20,5,1,1,14,15,21,15,12,1,2,5,5,4,37,2,2,22,91,1,1,23,0,0,0,18,78,0,0,5510,4079,finalist
42,collector,1,meadow,はじまり草原,1,4,2,1,1,1,2,5,5,4,1,0,2,2,1,13,1,0,8,30,2,1,8,0,0,0,2,0,0,0,230,1276,finalist
42,collector,2,cave,こだま洞くつ,3,7,2,1,1,6,6,10,5,3,2,0,6,2,1,31,4,2,11,86,3,1,22,0,0,0,12,4,0,0,1354,3237,finalist
42,collector,3,brook,しずく湖畔,5,10,3,1,1,8,11,13,9,8,1,0,6,3,2,31,5,5,17,85,2,1,13,0,0,0,23,15,0,0,3336,2465,finalist
42,collector,4,volcano,ほむら火山,8,14,4,1,1,13,12,14,4,0,4,0,9,1,0,5,5,2,10,59,1,1,8,0,0,0,16,0,0,0,1303,4340,finalist
42,collector,5,tower,星晶の塔,12,20,5,1,1,17,17,20,14,11,3,0,10,4,3,84,5,5,23,156,4,1,59,1,0,0,31,40,0,0,6535,5558,finalist
43,rush,1,meadow,はじまり草原,1,4,2,1,1,1,2,5,4,1,2,1,3,2,1,14,0,0,6,26,0,0,9,0,0,0,4,3,0,0,230,897,finalist
43,rush,2,cave,こだま洞くつ,3,7,2,1,1,5,6,9,3,3,0,0,0,2,1,17,0,0,5,24,0,0,10,0,0,0,4,9,0,0,897,1230,finalist
43,rush,3,brook,しずく湖畔,5,10,3,1,1,9,10,11,3,3,0,0,0,1,0,6,0,0,4,14,0,0,6,0,0,0,1,0,0,0,1230,3189,finalist
43,rush,4,volcano,ほむら火山,8,14,4,1,1,11,12,17,16,16,0,0,0,13,12,61,0,0,29,120,0,0,5,0,0,0,47,63,0,0,3189,962,finalist
43,rush,5,tower,星晶の塔,12,20,5,1,0,17,18,0,45,45,0,0,0,40,40,175,0,0,85,342,0,0,6,0,0,0,148,136,0,0,962,0,finalist
44,balanced,1,meadow,はじまり草原,1,4,2,1,1,1,2,6,4,3,1,0,2,2,1,16,1,0,7,31,3,1,9,0,0,0,3,2,0,0,230,1144,finalist
44,balanced,2,cave,こだま洞くつ,3,7,2,1,1,6,5,8,4,3,1,0,3,2,1,33,2,0,8,74,4,1,18,0,0,0,3,5,0,0,1222,3314,finalist
44,balanced,3,brook,しずく湖畔,5,10,3,1,1,9,10,11,3,2,1,0,5,1,0,6,2,2,6,22,1,1,6,0,0,0,5,0,0,0,3582,4982,finalist
44,balanced,4,volcano,ほむら火山,8,14,4,1,1,11,12,15,6,5,1,0,3,2,1,10,2,2,10,41,1,1,10,0,0,0,10,18,0,0,3859,5343,finalist
44,balanced,5,tower,星晶の塔,12,20,5,1,1,15,16,29,72,71,0,1,8,34,33,202,2,2,108,397,18,1,16,0,0,0,123,196,0,0,4138,1838,finalist
45,collector,1,meadow,はじまり草原,1,4,2,1,1,1,2,5,8,4,1,3,3,2,1,13,1,0,11,44,5,1,7,0,0,0,7,0,0,0,230,1205,finalist
45,collector,2,cave,こだま洞くつ,3,7,2,1,1,5,5,9,8,7,1,0,5,3,2,38,3,0,14,118,3,1,18,0,0,0,4,6,0,0,1283,2863,finalist
45,collector,3,brook,しずく湖畔,5,10,3,1,1,11,11,14,6,3,3,0,8,2,1,11,5,5,13,62,1,1,9,0,0,0,19,6,0,0,3505,4942,finalist
45,collector,4,volcano,ほむら火山,8,14,4,1,1,14,14,15,4,2,2,0,7,1,0,6,5,5,10,54,0,0,7,0,0,0,20,0,0,0,2610,3311,finalist
45,collector,5,tower,星晶の塔,12,20,5,1,1,15,15,20,28,22,1,5,13,7,6,31,5,5,40,162,5,1,8,0,0,0,54,46,0,0,1750,2324,finalist
46,rush,1,meadow,はじまり草原,1,4,2,1,1,1,2,5,4,2,1,1,2,2,1,11,0,0,6,22,0,0,7,0,0,0,3,3,0,0,230,920,finalist
46,rush,2,cave,こだま洞くつ,3,7,2,1,1,5,6,8,4,2,1,1,2,2,1,13,0,0,6,29,0,0,7,0,0,0,7,7,0,0,920,1253,finalist
46,rush,3,brook,しずく湖畔,5,10,3,1,1,8,9,11,3,3,0,0,0,1,0,6,0,0,4,15,0,0,6,0,0,0,3,0,0,0,1253,3211,finalist
46,rush,4,volcano,ほむら火山,8,14,4,1,1,11,12,15,6,6,0,0,0,3,2,14,0,0,9,38,0,0,5,0,0,0,15,52,0,0,3211,1167,finalist
46,rush,5,tower,星晶の塔,12,20,5,1,0,15,16,0,54,45,0,9,0,40,40,168,0,0,94,364,0,0,7,0,0,0,182,123,0,0,1167,0,finalist
47,balanced,1,meadow,はじまり草原,1,4,2,1,1,1,2,6,5,3,1,1,3,2,1,9,1,0,8,25,0,0,5,0,0,0,3,2,0,0,230,1110,finalist
47,balanced,2,cave,こだま洞くつ,3,7,2,1,1,6,7,10,4,3,1,0,3,2,1,41,2,0,8,73,3,1,22,0,0,0,3,9,0,0,1188,2807,finalist
47,balanced,3,brook,しずく湖畔,5,10,3,1,1,11,11,12,3,2,1,0,3,1,0,5,2,2,6,16,1,1,5,0,0,0,5,0,0,0,3075,4705,finalist
47,balanced,4,volcano,ほむら火山,8,14,4,1,1,12,10,12,4,3,1,0,4,1,0,5,2,2,7,31,2,1,7,0,0,0,6,0,0,0,3645,5854,finalist
47,balanced,5,tower,星晶の塔,12,20,5,1,1,12,15,21,15,14,1,0,3,6,5,32,2,2,23,69,1,1,7,0,0,0,22,85,0,0,4534,1830,finalist
48,collector,1,meadow,はじまり草原,1,4,2,1,1,1,2,5,5,4,1,0,2,2,1,11,1,0,8,31,2,1,6,0,0,0,3,0,0,0,230,1267,finalist
48,collector,2,cave,こだま洞くつ,3,7,2,1,1,6,6,9,5,5,0,0,4,2,1,31,2,0,9,76,2,1,18,0,0,0,3,3,0,0,1345,2772,finalist
48,collector,3,brook,しずく湖畔,5,10,3,1,1,10,11,12,3,2,1,0,8,1,0,7,5,5,9,41,1,1,7,0,0,0,11,0,0,0,3520,4671,finalist
48,collector,4,volcano,ほむら火山,8,14,4,1,1,12,11,13,4,3,1,0,8,1,0,5,5,5,10,53,2,1,7,0,0,0,11,0,0,0,2466,4679,finalist
48,collector,5,tower,星晶の塔,12,20,5,1,1,13,14,26,61,53,0,8,18,17,16,68,5,5,83,280,9,1,8,0,0,0,65,83,0,0,2472,3214,finalist
49,rush,1,meadow,はじまり草原,1,4,2,1,1,1,2,5,3,2,1,0,1,2,1,11,0,0,5,20,0,0,7,0,0,0,2,3,0,0,230,943,finalist
49,rush,2,cave,こだま洞くつ,3,7,2,1,1,5,6,9,3,2,1,0,1,2,1,15,0,0,5,23,0,0,8,0,0,0,4,9,0,0,943,1016,finalist
49,rush,3,brook,しずく湖畔,5,10,3,1,1,9,10,12,4,4,0,0,0,2,1,12,0,0,6,23,0,0,6,0,0,0,6,20,0,0,1016,1821,finalist
49,rush,4,volcano,ほむら火山,8,14,4,1,1,12,13,14,4,4,0,0,0,1,0,6,0,0,5,17,0,0,6,0,0,0,3,0,0,0,1821,3417,finalist
49,rush,5,tower,星晶の塔,12,20,5,1,0,14,15,0,47,45,0,2,0,40,40,189,0,0,87,326,0,0,7,0,0,0,132,159,0,0,3417,0,finalist
50,balanced,1,meadow,はじまり草原,1,4,2,1,1,1,2,5,4,3,1,0,2,2,1,10,1,0,7,23,1,1,6,0,0,0,4,2,0,0,230,1140,finalist
50,balanced,2,cave,こだま洞くつ,3,7,2,1,1,6,7,10,4,3,1,0,4,2,1,33,2,0,8,68,2,1,17,0,0,0,3,9,0,0,1218,2836,finalist
50,balanced,3,brook,しずく湖畔,5,10,3,1,1,11,11,12,3,3,0,0,4,1,0,7,2,1,6,32,1,1,10,0,0,0,4,0,0,0,3104,4516,finalist
50,balanced,4,volcano,ほむら火山,8,14,4,1,1,14,11,13,6,5,1,0,4,2,1,8,2,1,10,34,1,1,7,0,0,0,5,12,0,0,5213,5209,finalist
50,balanced,5,tower,星晶の塔,12,20,5,1,1,13,16,25,35,30,1,4,8,14,13,82,2,2,51,190,6,1,10,0,0,0,39,106,0,0,4841,5263,finalist
51,collector,1,meadow,はじまり草原,1,4,2,1,1,1,2,5,5,4,1,0,4,2,1,12,3,0,10,48,1,1,9,0,0,0,4,0,0,0,230,1277,finalist
51,collector,2,cave,こだま洞くつ,3,7,2,1,1,7,8,8,2,0,2,0,7,1,0,11,5,5,8,60,0,0,11,0,0,0,17,0,0,0,1931,3655,finalist
51,collector,3,brook,しずく湖畔,5,10,3,1,1,8,9,13,12,10,2,0,7,4,3,31,5,5,21,94,2,1,11,0,0,0,27,15,0,0,1930,1805,finalist
51,collector,4,volcano,ほむら火山,8,14,4,1,1,13,11,14,10,8,2,0,8,3,2,56,5,5,18,127,2,1,20,0,0,0,26,2,0,0,955,2798,finalist
51,collector,5,tower,星晶の塔,12,20,5,1,1,14,14,21,44,32,3,9,17,11,10,181,5,5,60,433,5,1,63,1,0,0,78,46,0,0,1479,2637,finalist
52,rush,1,meadow,はじまり草原,1,4,2,1,1,1,2,5,4,2,1,1,1,2,1,13,0,0,6,26,0,0,7,0,0,0,4,2,0,0,230,972,finalist
52,rush,2,cave,こだま洞くつ,3,7,2,1,1,5,6,9,5,2,1,2,3,2,1,16,0,0,7,39,0,0,8,0,0,0,9,7,0,0,972,1195,finalist
52,rush,3,brook,しずく湖畔,5,10,3,1,1,9,9,12,4,4,0,0,0,2,1,9,0,0,6,19,0,0,5,0,0,0,4,15,0,0,1195,2065,finalist
52,rush,4,volcano,ほむら火山,8,14,4,1,1,12,13,15,5,5,0,0,0,2,1,11,0,0,7,24,0,0,6,0,0,0,6,29,0,0,2065,1663,finalist
52,rush,5,tower,星晶の塔,12,20,5,1,0,15,17,0,46,45,0,1,0,40,40,178,0,0,86,307,0,0,7,0,0,0,131,137,0,0,1663,0,finalist
53,balanced,1,meadow,はじまり草原,1,4,2,1,1,1,2,5,4,2,2,0,3,2,1,12,1,0,7,26,1,1,8,0,0,0,4,2,0,0,230,1123,finalist
53,balanced,2,cave,こだま洞くつ,3,7,2,1,1,6,4,7,4,3,1,0,2,2,1,33,1,0,7,57,1,1,21,0,0,0,4,4,0,0,1621,2841,finalist
53,balanced,3,brook,しずく湖畔,5,10,3,1,1,8,9,10,3,2,1,0,3,1,0,6,2,2,6,25,1,1,6,0,0,0,5,0,0,0,3435,4587,finalist
53,balanced,4,volcano,ほむら火山,8,14,4,1,1,10,11,12,4,3,1,0,3,1,0,3,2,0,7,26,0,0,7,0,0,0,3,0,0,0,3553,4703,finalist
53,balanced,5,tower,星晶の塔,12,20,5,1,1,13,15,22,19,18,1,0,3,8,7,40,2,2,29,97,7,1,9,0,0,0,29,123,0,0,6417,1834,finalist
54,collector,1,meadow,はじまり草原,1,4,2,1,1,1,2,5,5,3,2,0,4,2,1,18,2,0,9,41,3,1,12,0,0,0,4,0,0,0,230,1269,finalist
54,collector,2,cave,こだま洞くつ,3,7,2,1,1,7,8,10,5,4,1,0,2,2,1,28,1,0,8,51,1,1,17,0,0,0,6,4,0,0,2025,2958,finalist
54,collector,3,brook,しずく湖畔,5,10,3,1,1,10,7,9,6,3,3,0,8,2,1,11,5,5,13,45,3,1,6,0,0,0,13,4,0,0,3652,3776,finalist
54,collector,4,volcano,ほむら火山,8,14,4,1,1,9,9,13,8,5,2,1,9,2,1,9,5,5,15,96,1,1,11,0,0,0,26,6,0,0,1995,4422,finalist
54,collector,5,tower,星晶の塔,12,20,5,1,1,13,13,22,38,34,1,3,9,11,10,97,5,5,54,263,2,1,45,0,0,0,59,55,0,0,2335,2695,finalist
55,rush,1,meadow,はじまり草原,1,4,2,1,1,1,2,5,3,2,1,0,2,2,1,10,0,0,5,19,0,0,6,0,0,0,2,3,0,0,230,934,finalist
55,rush,2,cave,こだま洞くつ,3,7,2,1,1,5,6,9,4,3,1,0,2,3,2,24,0,0,7,39,0,0,9,0,0,0,8,13,0,0,934,756,finalist
55,rush,3,brook,しずく湖畔,5,10,3,1,1,9,9,11,3,3,0,0,0,1,0,9,0,0,4,15,0,0,9,0,0,0,2,0,0,0,756,2952,finalist
55,rush,4,volcano,ほむら火山,8,14,4,1,1,11,12,16,12,10,0,2,0,7,6,34,0,0,19,88,0,0,8,0,0,0,32,46,0,0,2952,955,finalist
55,rush,5,tower,星晶の塔,12,20,5,1,0,16,17,0,55,45,0,10,0,40,40,172,0,0,95,379,0,0,8,0,0,0,172,126,0,0,955,0,finalist
56,balanced,1,meadow,はじまり草原,1,4,2,1,1,1,2,5,4,2,2,0,3,2,1,14,1,0,7,28,0,0,9,0,0,0,3,2,0,0,230,1127,finalist
56,balanced,2,cave,こだま洞くつ,3,7,2,1,1,6,7,9,2,1,1,0,4,1,0,12,2,1,5,48,1,1,13,0,0,0,7,0,0,0,1385,3487,finalist
56,balanced,3,brook,しずく湖畔,5,10,3,1,1,9,9,13,7,6,1,0,4,3,2,18,2,2,12,50,1,1,8,0,0,0,14,24,0,0,3187,2574,finalist
56,balanced,4,volcano,ほむら火山,8,14,4,1,1,13,13,14,4,3,1,0,3,1,0,2,2,1,7,24,0,0,7,0,0,0,5,0,0,0,1995,3195,finalist
56,balanced,5,tower,星晶の塔,12,20,5,1,1,16,15,22,22,20,1,1,7,9,8,65,2,2,33,138,3,1,11,0,0,0,41,99,0,0,4094,1862,finalist
57,collector,1,meadow,はじまり草原,1,4,2,1,1,1,2,5,5,3,2,0,3,2,1,14,1,0,8,29,1,1,10,0,0,0,4,0,0,0,230,1260,finalist
57,collector,2,cave,こだま洞くつ,3,7,2,1,1,6,5,10,8,6,2,0,4,3,2,37,2,0,13,75,2,1,20,0,0,0,4,6,0,0,1758,3237,finalist
57,collector,3,brook,しずく湖畔,5,10,3,1,1,10,11,12,6,5,1,0,7,2,1,10,5,5,13,60,1,1,8,0,0,0,20,7,0,0,3505,3396,finalist
57,collector,4,volcano,ほむら火山,8,14,4,1,1,12,13,15,7,6,1,0,8,2,1,11,5,5,14,105,2,1,17,0,0,0,22,10,0,0,1795,3092,finalist
57,collector,5,tower,星晶の塔,12,20,5,1,1,15,14,21,27,23,3,1,9,8,7,52,5,5,40,191,2,1,14,0,0,0,50,56,0,0,1634,2268,finalist
58,rush,1,meadow,はじまり草原,1,4,2,1,1,1,2,5,3,2,1,0,2,2,1,11,0,0,5,21,0,0,7,0,0,0,2,3,0,0,230,941,finalist
58,rush,2,cave,こだま洞くつ,3,7,2,1,1,5,6,10,5,4,0,1,3,3,2,16,0,0,8,36,0,0,7,0,0,0,8,19,0,0,941,522,finalist
58,rush,3,brook,しずく湖畔,5,10,3,1,1,10,10,13,4,3,1,0,1,2,1,11,0,0,6,25,0,0,7,0,0,0,5,18,0,0,522,1244,finalist
58,rush,4,volcano,ほむら火山,8,14,4,1,1,13,14,15,5,5,0,0,0,2,1,11,0,0,7,28,0,0,6,0,0,0,7,26,0,0,1244,1137,finalist
58,rush,5,tower,星晶の塔,12,20,5,1,0,15,17,0,50,45,0,5,0,40,40,178,0,0,90,370,0,0,7,0,0,0,160,121,0,0,1137,0,finalist
59,balanced,1,meadow,はじまり草原,1,4,2,1,1,1,2,6,4,3,1,0,3,2,1,10,2,0,8,33,1,1,8,0,0,0,3,2,0,0,230,1130,finalist
59,balanced,2,cave,こだま洞くつ,3,7,2,1,1,7,8,9,2,1,1,0,3,1,0,13,2,2,5,37,1,1,13,0,0,0,7,0,0,0,1706,3146,finalist
59,balanced,3,brook,しずく湖畔,5,10,3,1,1,9,9,10,3,2,1,0,3,1,0,6,2,2,6,26,1,1,6,0,0,0,7,0,0,0,2437,3477,finalist
59,balanced,4,volcano,ほむら火山,8,14,4,1,1,10,11,16,12,11,1,0,4,5,4,25,2,2,19,85,4,1,8,0,0,0,26,42,0,0,2693,1238,finalist
59,balanced,5,tower,星晶の塔,12,20,5,1,1,16,15,23,34,30,1,3,8,14,13,62,2,2,50,156,3,1,8,0,0,0,61,81,0,0,960,3073,finalist
60,collector,1,meadow,はじまり草原,1,4,2,1,1,1,2,5,5,3,2,0,3,2,1,16,1,0,8,31,3,1,11,0,0,0,3,0,0,0,230,1264,finalist
60,collector,2,cave,こだま洞くつ,3,7,2,1,1,6,4,8,5,3,2,0,4,2,1,29,2,0,9,57,3,1,16,0,0,0,3,2,0,0,1522,3500,finalist
60,collector,3,brook,しずく湖畔,5,10,3,1,1,10,10,11,6,5,1,0,6,2,1,12,5,5,13,54,4,1,8,0,0,0,20,6,0,0,4068,3984,finalist
60,collector,4,volcano,ほむら火山,8,14,4,1,1,11,12,15,7,6,1,0,7,2,1,17,5,5,14,86,1,1,22,0,0,0,22,8,0,0,2105,3441,finalist
60,collector,5,tower,星晶の塔,12,20,5,1,1,15,17,24,41,36,2,3,10,12,11,70,5,5,58,277,2,1,18,0,0,0,64,66,0,0,1819,2623,finalist
61,rush,1,meadow,はじまり草原,1,4,2,1,1,1,3,6,3,3,0,0,1,2,1,7,0,0,5,14,0,0,4,0,0,0,1,5,0,0,230,752,finalist
61,rush,2,cave,こだま洞くつ,3,7,2,1,1,6,6,10,7,4,1,2,3,4,3,31,0,0,11,51,0,0,11,0,0,0,8,13,0,0,752,545,finalist
61,rush,3,brook,しずく湖畔,5,10,3,1,1,10,10,14,6,5,1,0,2,4,3,21,0,0,10,35,0,0,8,0,0,0,11,28,0,0,545,1150,finalist
61,rush,4,volcano,ほむら火山,8,14,4,1,1,14,14,15,4,4,0,0,0,1,0,5,0,0,5,14,0,0,5,0,0,0,1,0,0,0,1150,2411,finalist
61,rush,5,tower,星晶の塔,12,20,5,1,0,15,16,0,47,45,0,2,0,40,40,184,0,0,87,327,0,0,7,0,0,0,134,141,0,0,2411,0,finalist
62,balanced,1,meadow,はじまり草原,1,4,2,1,1,1,2,6,4,3,1,0,3,2,1,9,1,0,7,25,0,0,5,0,0,0,2,2,0,0,230,1139,finalist
62,balanced,2,cave,こだま洞くつ,3,7,2,1,1,6,7,10,4,3,1,0,4,2,1,29,2,0,8,67,2,1,20,0,0,0,8,7,0,0,1217,3167,finalist
62,balanced,3,brook,しずく湖畔,5,10,3,1,1,10,10,13,7,6,1,0,3,3,2,22,2,2,12,48,1,1,8,0,0,0,14,18,0,0,3435,2918,finalist
62,balanced,4,volcano,ほむら火山,8,14,4,1,1,13,12,16,10,7,1,2,5,3,2,39,2,2,15,96,9,1,19,0,0,0,21,28,0,0,2260,2428,finalist
62,balanced,5,tower,星晶の塔,12,20,5,1,1,16,16,24,35,34,1,0,5,16,15,107,2,2,53,207,2,1,18,0,0,0,54,101,0,0,1881,2249,finalist
63,collector,1,meadow,はじまり草原,1,4,2,1,1,1,2,5,2,1,1,0,3,1,0,6,2,0,5,24,1,1,7,0,0,0,2,0,0,0,230,1098,finalist
63,collector,2,cave,こだま洞くつ,3,7,2,1,1,7,6,9,5,3,2,0,5,2,1,28,3,0,10,79,3,1,15,0,0,0,5,2,0,0,1894,3211,finalist
63,collector,3,brook,しずく湖畔,5,10,3,1,1,12,7,8,3,1,2,0,7,1,0,7,5,5,9,37,1,1,7,0,0,0,11,0,0,0,5313,6242,finalist
63,collector,4,volcano,ほむら火山,8,14,4,1,1,8,11,12,4,2,2,0,8,1,0,7,5,5,10,53,1,1,7,0,0,0,18,0,0,0,3295,3970,finalist
63,collector,5,tower,星晶の塔,12,20,5,1,1,12,16,23,35,29,3,3,11,10,9,243,5,5,50,456,5,1,71,2,0,0,63,63,0,0,2097,4471,finalist
64,rush,1,meadow,はじまり草原,1,4,2,1,1,1,2,7,4,3,1,0,1,3,2,18,0,0,7,28,0,0,7,0,0,0,4,8,0,0,230,715,finalist
64,rush,2,cave,こだま洞くつ,3,7,2,1,1,7,7,9,3,2,1,0,1,2,1,12,0,0,5,23,0,0,6,0,0,0,5,9,0,0,715,1422,finalist
64,rush,3,brook,しずく湖畔,5,10,3,1,1,9,10,11,3,3,0,0,0,1,0,6,0,0,4,13,0,0,6,0,0,0,2,0,0,0,1422,2921,finalist
64,rush,4,volcano,ほむら火山,8,14,4,1,1,11,12,15,5,5,0,0,0,2,1,10,0,0,7,24,0,0,5,0,0,0,5,21,0,0,2921,2876,finalist
64,rush,5,tower,星晶の塔,12,20,5,1,0,15,16,0,50,45,0,5,0,40,40,171,0,0,90,335,0,0,7,0,0,0,143,143,0,0,2876,0,finalist
65,balanced,1,meadow,はじまり草原,1,4,2,1,1,1,3,6,6,6,0,0,2,3,2,13,2,1,11,39,0,0,6,0,0,0,3,2,0,0,230,1069,finalist
65,balanced,2,cave,こだま洞くつ,3,7,2,1,1,7,7,11,6,5,1,0,2,3,2,42,1,0,10,63,2,1,23,0,0,0,4,15,0,0,1139,2550,finalist
65,balanced,3,brook,しずく湖畔,5,10,3,1,1,11,8,10,5,4,1,0,4,2,1,8,2,2,9,30,0,0,5,0,0,0,8,10,1,0,2864,3447,finalist
65,balanced,4,volcano,ほむら火山,8,14,4,1,1,10,11,12,4,4,0,0,6,1,0,3,2,2,7,29,0,0,6,0,0,0,4,0,0,0,2670,3737,finalist
65,balanced,5,tower,星晶の塔,12,20,5,1,1,12,13,23,32,30,1,1,4,14,13,68,2,2,48,160,8,1,7,0,0,0,36,105,0,0,2895,3074,finalist
66,collector,1,meadow,はじまり草原,1,4,2,1,1,1,2,5,5,4,1,0,3,2,1,17,2,0,9,50,3,1,11,0,0,0,3,0,0,0,230,1276,finalist
66,collector,2,cave,こだま洞くつ,3,7,2,1,1,7,8,10,5,3,2,0,3,2,1,24,1,0,8,38,2,1,20,0,0,0,4,5,0,0,1852,3084,finalist
66,collector,3,brook,しずく湖畔,5,10,3,1,1,9,11,13,6,5,1,0,6,2,1,8,5,5,13,60,0,0,8,0,0,0,19,8,0,0,3778,3553,finalist
66,collector,4,volcano,ほむら火山,8,14,4,1,1,13,11,13,4,0,4,0,9,1,0,3,5,3,10,53,0,0,8,0,0,0,15,0,0,0,1877,4214,finalist
66,collector,5,tower,星晶の塔,12,20,5,1,1,14,15,21,21,18,2,1,9,6,5,91,5,5,32,200,3,1,39,0,0,0,37,57,0,0,3223,4471,finalist
67,rush,1,meadow,はじまり草原,1,4,2,1,1,1,2,5,3,2,1,0,1,2,1,10,0,0,5,19,0,0,6,0,0,0,2,3,0,0,230,936,finalist
67,rush,2,cave,こだま洞くつ,3,7,2,1,1,5,6,9,3,2,1,0,2,2,1,15,0,0,5,31,0,0,8,0,0,0,6,10,0,0,936,940,finalist
67,rush,3,brook,しずく湖畔,5,10,3,1,1,9,10,12,4,4,0,0,0,2,1,12,0,0,6,19,0,0,6,0,0,0,4,19,0,0,940,1871,finalist
67,rush,4,volcano,ほむら火山,8,14,4,1,1,12,13,15,6,6,0,0,0,3,2,16,0,0,9,29,0,0,6,0,0,0,8,34,0,0,1871,1155,finalist
67,rush,5,tower,星晶の塔,12,20,5,1,0,15,17,0,47,45,0,2,0,40,40,180,0,0,87,351,0,0,7,0,0,0,142,131,0,0,1155,0,finalist
68,balanced,1,meadow,はじまり草原,1,4,2,1,1,1,2,6,4,3,1,0,2,2,1,13,1,0,7,24,2,1,9,0,0,0,2,2,0,0,230,1135,finalist
68,balanced,2,cave,こだま洞くつ,3,7,2,1,1,6,6,10,4,3,1,0,3,2,1,19,2,0,8,40,1,1,11,0,0,0,3,8,0,0,1913,2824,finalist
68,balanced,3,brook,しずく湖畔,5,10,3,1,1,11,11,14,7,6,1,0,4,3,2,13,2,2,12,35,1,1,5,0,0,0,9,22,0,0,3092,2800,finalist
68,balanced,4,volcano,ほむら火山,8,14,4,1,1,14,12,14,4,3,1,0,3,1,0,5,2,2,7,23,1,1,6,0,0,0,4,0,0,0,2169,4358,finalist
68,balanced,5,tower,星晶の塔,12,20,5,1,1,14,16,25,41,40,1,0,4,19,18,79,2,2,62,166,4,1,7,0,0,0,43,132,0,0,3376,3108,finalist
69,collector,1,meadow,はじまり草原,1,4,2,1,1,1,2,5,5,4,1,0,2,2,1,13,1,0,8,30,3,1,7,0,0,0,3,0,0,0,230,1271,finalist
69,collector,2,cave,こだま洞くつ,3,7,2,1,1,5,5,9,5,3,2,0,3,2,1,12,1,0,8,33,0,0,7,0,0,0,5,2,0,0,1349,3284,finalist
69,collector,3,brook,しずく湖畔,5,10,3,1,1,8,10,13,9,8,1,0,7,3,2,17,5,5,17,66,2,1,10,0,0,0,22,14,0,0,3678,3037,finalist
69,collector,4,volcano,ほむら火山,8,14,4,1,1,13,12,13,4,2,2,0,8,1,0,4,5,3,10,54,1,1,8,0,0,0,16,0,0,0,1605,2281,finalist
69,collector,5,tower,星晶の塔,12,20,5,1,1,15,17,22,18,17,0,1,11,5,4,24,5,5,28,109,5,1,8,0,0,0,36,59,0,0,3270,2477,finalist
70,rush,1,meadow,はじまり草原,1,4,2,1,1,1,2,5,3,2,1,0,2,2,1,10,0,0,5,17,0,0,6,0,0,0,2,3,0,0,230,943,finalist
70,rush,2,cave,こだま洞くつ,3,7,2,1,1,5,6,10,4,4,0,0,2,3,2,14,0,0,7,31,0,0,6,0,0,0,7,17,0,0,943,539,finalist
70,rush,3,brook,しずく湖畔,5,10,3,1,1,10,10,14,9,9,0,0,3,7,6,26,0,0,16,45,0,0,5,0,0,0,14,31,0,0,539,1137,finalist
70,rush,4,volcano,ほむら火山,8,14,4,1,1,14,15,15,4,3,1,0,1,1,0,4,0,0,5,13,0,0,5,0,0,0,3,0,0,0,1137,2348,finalist
70,rush,5,tower,星晶の塔,12,20,5,1,1,15,17,26,40,40,0,0,0,36,35,152,0,0,76,236,0,0,6,0,0,0,111,140,0,0,2348,1501,finalist
71,balanced,1,meadow,はじまり草原,1,4,2,1,1,1,2,6,4,2,2,0,4,2,1,14,2,0,8,33,1,1,10,0,0,0,3,2,0,0,230,1118,finalist
71,balanced,2,cave,こだま洞くつ,3,7,2,1,1,7,8,9,2,1,1,0,2,1,0,11,1,0,4,25,1,1,11,0,0,0,3,0,0,0,2574,3312,finalist
71,balanced,3,brook,しずく湖畔,5,10,3,1,1,7,8,11,5,4,1,0,3,2,1,11,2,2,9,32,2,1,7,0,0,0,6,9,0,0,3706,4177,finalist
71,balanced,4,volcano,ほむら火山,8,14,4,1,1,11,11,14,6,5,1,0,3,2,1,8,2,0,10,32,1,1,7,0,0,0,5,11,0,0,3235,4654,finalist
71,balanced,5,tower,星晶の塔,12,20,5,1,1,14,16,22,13,12,1,0,4,5,4,32,2,2,20,83,1,1,11,0,0,0,22,89,0,0,5168,4935,finalist
72,collector,1,meadow,はじまり草原,1,4,2,1,1,1,2,5,5,3,2,0,3,2,1,14,1,0,8,31,2,1,9,0,0,0,3,0,0,0,230,1256,finalist
72,collector,2,cave,こだま洞くつ,3,7,2,1,1,6,6,9,5,5,0,0,2,2,1,43,2,0,9,87,3,1,27,0,0,0,3,3,0,0,1514,3056,finalist
72,collector,3,brook,しずく湖畔,5,10,3,1,1,11,7,11,12,10,2,0,7,4,3,16,5,5,21,60,1,1,7,0,0,0,17,12,0,0,3864,2881,finalist
72,collector,4,volcano,ほむら火山,8,14,4,1,1,11,11,15,10,8,2,0,3,3,2,40,1,0,14,68,4,1,19,0,0,0,10,9,0,0,1523,3834,finalist
72,collector,5,tower,星晶の塔,12,20,5,1,1,16,16,25,47,45,2,0,8,15,14,212,5,5,67,493,8,1,26,0,0,0,68,98,0,0,4991,3202,finalist
73,rush,1,meadow,はじまり草原,1,4,2,1,1,1,2,5,3,2,1,0,1,2,1,11,0,0,5,19,0,0,7,0,0,0,3,2,0,0,230,999,finalist
73,rush,2,cave,こだま洞くつ,3,7,2,1,1,5,6,10,7,6,0,1,2,5,4,21,0,0,12,42,0,0,6,0,0,0,12,17,0,0,999,1381,finalist
73,rush,3,brook,しずく湖畔,5,10,3,1,1,10,10,13,4,3,1,0,1,2,1,9,0,0,6,17,0,0,6,0,0,0,4,19,0,0,1381,1671,finalist
73,rush,4,volcano,ほむら火山,8,14,4,1,1,13,14,16,5,5,0,0,0,2,1,7,0,0,7,15,0,0,4,0,0,0,4,27,0,0,1671,1171,finalist
73,rush,5,tower,星晶の塔,12,20,5,1,1,16,17,23,24,24,0,0,0,20,19,80,0,0,44,126,0,0,5,0,0,0,62,81,0,0,1171,1560,finalist
74,balanced,1,meadow,はじまり草原,1,4,2,1,1,1,2,6,4,3,1,0,2,2,1,14,1,0,7,30,3,1,8,0,0,0,3,2,0,0,230,1135,finalist
74,balanced,2,cave,こだま洞くつ,3,7,2,1,1,6,6,10,6,5,1,0,2,3,2,35,1,0,10,65,2,1,18,0,0,0,4,14,0,0,1213,2516,finalist
74,balanced,3,brook,しずく湖畔,5,10,3,1,1,10,8,13,11,10,1,0,4,5,4,19,2,2,18,45,1,1,5,0,0,0,12,38,0,0,2650,1210,finalist
74,balanced,4,volcano,ほむら火山,8,14,4,1,1,13,14,15,4,4,0,0,6,1,0,4,2,0,7,37,1,1,9,0,0,0,2,0,0,0,938,2735,finalist
74,balanced,5,tower,星晶の塔,12,20,5,1,1,16,17,22,13,12,1,0,3,5,4,30,2,2,20,64,3,1,9,0,0,0,13,89,0,0,4449,1846,finalist
75,collector,1,meadow,はじまり草原,1,4,2,1,1,1,2,5,5,4,1,0,2,2,1,13,1,0,8,29,2,1,7,0,0,0,4,0,0,0,230,1278,finalist
75,collector,2,cave,こだま洞くつ,3,7,2,1,1,6,6,9,5,4,1,0,5,2,1,34,4,0,11,105,3,1,21,0,0,0,5,3,0,0,1356,3135,finalist
75,collector,3,brook,しずく湖畔,5,10,3,1,1,12,13,14,6,4,2,0,7,2,1,11,5,5,13,45,0,0,7,0,0,0,20,9,0,0,5171,5122,finalist
75,collector,4,volcano,ほむら火山,8,14,4,1,1,14,9,11,5,3,2,0,9,1,0,6,5,5,11,59,2,1,8,0,0,0,20,0,0,0,2705,3408,finalist
75,collector,5,tower,星晶の塔,12,20,5,1,1,11,13,19,18,12,2,4,13,4,3,21,5,5,27,119,3,1,7,0,0,0,44,37,0,0,1801,4667,finalist
76,rush,1,meadow,はじまり草原,1,4,2,1,1,1,2,5,7,2,1,4,2,2,1,11,0,0,9,38,0,0,6,0,0,0,6,3,0,0,230,860,finalist
76,rush,2,cave,こだま洞くつ,3,7,2,1,1,5,6,9,4,3,1,0,1,3,2,22,0,0,7,38,0,0,8,0,0,0,8,15,0,0,860,552,finalist
76,rush,3,brook,しずく湖畔,5,10,3,1,1,9,10,13,6,6,0,0,0,4,3,22,0,0,10,34,0,0,6,0,0,0,11,24,0,0,552,1464,finalist
76,rush,4,volcano,ほむら火山,8,14,4,1,1,13,14,16,6,6,0,0,0,3,2,15,0,0,9,30,0,0,6,0,0,0,8,25,0,0,1464,1165,finalist
76,rush,5,tower,星晶の塔,12,20,5,1,0,16,17,0,53,45,0,8,0,40,40,168,0,0,93,338,0,0,7,0,0,0,155,121,0,0,1165,0,finalist
77,balanced,1,meadow,はじまり草原,1,4,2,1,1,1,2,5,4,2,2,0,4,2,1,18,2,0,8,43,4,1,12,0,0,0,5,2,0,0,230,1114,finalist
77,balanced,2,cave,こだま洞くつ,3,7,2,1,1,7,8,9,2,1,1,0,3,1,0,10,2,2,5,39,0,0,11,0,0,0,7,0,0,0,1690,3538,finalist
77,balanced,3,brook,しずく湖畔,5,10,3,1,1,9,10,11,3,2,1,0,3,1,0,7,2,2,6,26,2,1,7,0,0,0,9,0,0,0,2741,3619,finalist
77,balanced,4,volcano,ほむら火山,8,14,4,1,1,11,9,14,12,9,1,2,6,4,3,20,2,2,18,87,3,1,16,0,0,0,25,33,0,0,2803,1532,finalist
77,balanced,5,tower,星晶の塔,12,20,5,1,1,14,15,23,29,26,1,2,6,12,11,57,2,2,43,134,9,1,7,0,0,0,51,75,0,0,1188,3064,finalist
78,collector,1,meadow,はじまり草原,1,4,2,1,1,1,2,5,5,3,2,0,3,2,1,16,1,0,8,32,3,1,11,0,0,0,3,0,0,0,230,1263,finalist
78,collector,2,cave,こだま洞くつ,3,7,2,1,1,6,5,9,5,3,2,0,5,2,1,32,3,0,10,69,1,1,19,0,0,0,5,2,0,0,1521,3568,finalist
78,collector,3,brook,しずく湖畔,5,10,3,1,1,10,11,14,6,5,1,0,7,2,1,9,5,5,13,51,1,1,7,0,0,0,13,7,0,0,4270,5264,finalist
78,collector,4,volcano,ほむら火山,8,14,4,1,1,14,14,15,4,1,3,0,9,1,0,4,5,2,10,51,2,1,7,0,0,0,12,0,0,0,2780,3995,finalist
78,collector,5,tower,星晶の塔,12,20,5,1,1,17,16,24,23,22,1,0,9,7,6,66,5,5,35,152,3,1,24,0,0,0,37,85,0,0,6335,7622,finalist
79,rush,1,meadow,はじまり草原,1,4,2,1,1,1,2,5,2,1,1,0,1,1,0,8,0,0,3,14,0,0,8,0,0,0,1,0,0,0,230,1100,finalist
79,rush,2,cave,こだま洞くつ,3,7,2,1,1,5,5,9,4,3,1,0,1,3,2,21,0,0,7,33,0,0,9,0,0,0,7,16,0,0,1100,772,finalist
79,rush,3,brook,しずく湖畔,5,10,3,1,1,9,10,13,4,4,0,0,0,2,1,11,0,0,6,18,0,0,6,0,0,0,4,20,0,0,772,1599,finalist
79,rush,4,volcano,ほむら火山,8,14,4,1,1,13,14,14,4,4,0,0,0,1,0,6,0,0,5,17,0,0,6,0,0,0,2,0,0,0,1599,3148,finalist
79,rush,5,tower,星晶の塔,12,20,5,1,0,14,16,0,47,45,0,2,0,40,40,171,0,0,87,307,0,0,8,0,0,0,133,153,0,0,3148,0,finalist
80,balanced,1,meadow,はじまり草原,1,4,2,1,1,1,2,6,4,3,1,0,2,2,1,12,1,0,7,26,2,1,8,0,0,0,2,2,0,0,230,1137,finalist
80,balanced,2,cave,こだま洞くつ,3,7,2,1,1,6,5,8,4,3,1,0,4,2,1,27,2,0,8,61,2,1,14,0,0,0,4,6,0,0,1915,2705,finalist
80,balanced,3,brook,しずく湖畔,5,10,3,1,1,9,11,12,3,2,1,0,4,1,0,5,2,2,6,26,1,1,6,0,0,0,5,0,0,0,2973,4571,finalist
80,balanced,4,volcano,ほむら火山,8,14,4,1,1,12,12,15,6,5,1,0,3,2,1,9,2,2,10,34,2,1,6,0,0,0,11,13,0,0,3541,4890,finalist
80,balanced,5,tower,星晶の塔,12,20,5,1,1,15,16,25,37,36,1,0,5,17,16,85,2,2,56,170,5,1,10,0,0,0,60,128,0,0,3788,3035,finalist
81,collector,1,meadow,はじまり草原,1,4,2,1,1,1,2,5,5,4,1,0,3,2,1,13,2,0,9,37,3,1,8,0,0,0,4,0,0,0,230,1271,finalist
81,collector,2,cave,こだま洞くつ,3,7,2,1,1,6,4,7,5,3,2,0,5,2,1,30,3,1,10,71,2,1,16,0,0,0,6,2,0,0,1847,2961,finalist
81,collector,3,brook,しずく湖畔,5,10,3,1,1,9,9,12,6,3,3,0,8,2,1,11,5,5,13,61,1,1,10,0,0,0,21,5,0,0,3874,4927,finalist
81,collector,4,volcano,ほむら火山,8,14,4,1,1,12,13,14,4,3,1,0,7,1,0,8,5,5,10,71,0,0,23,0,0,0,18,0,0,0,2602,3406,finalist
81,collector,5,tower,星晶の塔,12,20,5,1,1,14,13,22,43,37,1,5,11,12,11,150,5,5,60,385,2,1,48,0,0,0,69,60,0,0,1800,2647,finalist
82,rush,1,meadow,はじまり草原,1,4,2,1,1,1,3,6,3,3,0,0,0,2,1,6,0,0,5,14,0,0,3,0,0,0,1,5,0,0,230,733,finalist
82,rush,2,cave,こだま洞くつ,3,7,2,1,1,6,6,9,3,1,2,0,2,2,1,15,0,0,5,24,0,0,9,0,0,0,5,8,0,0,733,978,finalist
82,rush,3,brook,しずく湖畔,5,10,3,1,1,9,10,11,3,3,0,0,0,1,0,5,0,0,4,11,0,0,5,0,0,0,1,0,0,0,978,3181,finalist
82,rush,4,volcano,ほむら火山,8,14,4,1,1,11,12,14,5,5,0,0,0,2,1,10,0,0,7,24,0,0,5,0,0,0,6,18,0,0,3181,3312,finalist
82,rush,5,tower,星晶の塔,12,20,5,1,0,14,15,0,45,45,0,0,0,40,40,174,0,0,85,285,0,0,7,0,0,0,124,161,0,0,3312,0,finalist
83,balanced,1,meadow,はじまり草原,1,4,2,1,1,1,2,5,4,2,2,0,3,2,1,15,1,0,7,31,1,1,8,0,0,0,4,2,0,0,230,1123,finalist
83,balanced,2,cave,こだま洞くつ,3,7,2,1,1,6,7,10,4,3,1,0,3,2,1,21,2,0,8,43,1,1,15,0,0,0,6,8,0,0,1381,2796,finalist
83,balanced,3,brook,しずく湖畔,5,10,3,1,1,8,9,10,3,2,1,0,3,1,0,5,2,2,6,25,1,1,6,0,0,0,5,0,0,0,3324,4696,finalist
83,balanced,4,volcano,ほむら火山,8,14,4,1,1,10,11,13,4,4,0,0,6,1,0,4,2,2,7,35,1,1,7,0,0,0,6,0,0,0,3638,5916,finalist
83,balanced,5,tower,星晶の塔,12,20,5,1,1,13,16,28,59,56,1,2,6,27,26,139,2,2,88,272,10,1,9,0,0,0,90,184,0,0,4583,1888,finalist
84,collector,1,meadow,はじまり草原,1,4,2,1,1,1,2,5,5,4,1,0,2,2,1,12,1,0,8,33,1,1,7,0,0,0,3,0,0,0,230,1273,finalist
84,collector,2,cave,こだま洞くつ,3,7,2,1,1,6,4,9,8,7,1,0,2,3,2,37,1,0,12,88,4,1,18,0,0,0,4,5,0,0,1351,3133,finalist
84,collector,3,brook,しずく湖畔,5,10,3,1,1,10,10,12,6,4,2,0,8,2,1,11,5,5,13,55,1,1,8,0,0,0,13,5,0,0,3507,3703,finalist
84,collector,4,volcano,ほむら火山,8,14,4,1,1,12,12,13,4,2,2,0,9,1,0,3,5,3,10,60,1,1,8,0,0,0,18,0,0,0,1956,2659,finalist
84,collector,5,tower,星晶の塔,12,20,5,1,1,15,16,19,16,9,2,5,13,3,2,22,5,5,24,133,4,1,11,0,0,0,43,19,0,0,3322,3887,finalist
85,rush,1,meadow,はじまり草原,1,4,2,1,1,1,2,5,3,2,1,0,1,2,1,14,0,0,5,23,0,0,8,0,0,0,3,2,0,0,230,992,finalist
85,rush,2,cave,こだま洞くつ,3,7,2,1,1,5,5,9,4,3,1,0,2,3,2,22,0,0,7,39,0,0,8,0,0,0,7,11,0,0,992,1108,finalist
85,rush,3,brook,しずく湖畔,5,10,3,1,1,9,10,11,3,3,0,0,0,1,0,6,0,0,4,12,0,0,6,0,0,0,1,0,0,0,1108,3100,finalist
85,rush,4,volcano,ほむら火山,8,14,4,1,1,11,12,16,7,7,0,0,0,4,3,20,0,0,11,39,0,0,6,0,0,0,13,49,0,0,3100,1177,finalist
85,rush,5,tower,星晶の塔,12,20,5,1,0,16,17,0,51,45,0,6,0,40,40,170,0,0,91,357,0,0,8,0,0,0,155,122,0,0,1177,0,finalist
86,balanced,1,meadow,はじまり草原,1,4,2,1,1,1,3,6,6,6,0,0,3,3,2,12,2,0,11,33,1,1,5,0,0,0,2,5,0,0,230,885,finalist
86,balanced,2,cave,こだま洞くつ,3,7,2,1,1,8,9,9,2,1,1,0,3,1,0,15,2,0,5,31,0,0,15,0,0,0,0,0,0,0,1731,2971,finalist
86,balanced,3,brook,しずく湖畔,5,10,3,1,1,10,11,14,5,5,0,0,5,2,1,10,2,2,9,32,1,1,6,0,0,0,7,9,0,0,3659,5360,finalist
86,balanced,4,volcano,ほむら火山,8,14,4,1,1,14,12,12,4,3,1,0,3,1,0,5,2,2,7,23,1,1,6,0,0,0,5,0,0,0,4151,5144,finalist
86,balanced,5,tower,星晶の塔,12,20,5,1,1,12,15,23,26,24,1,1,5,11,10,57,2,2,39,123,2,1,9,0,0,0,40,107,0,0,3984,1828,finalist
87,collector,1,meadow,はじまり草原,1,4,2,1,1,1,2,5,5,3,2,0,7,2,1,13,5,0,12,46,2,1,10,0,0,0,4,0,0,0,230,1257,finalist
87,collector,2,cave,こだま洞くつ,3,7,2,1,1,9,9,11,2,2,0,0,1,1,0,23,1,0,4,32,2,1,23,0,0,0,3,0,0,0,3117,4647,finalist
87,collector,3,brook,しずく湖畔,5,10,3,1,1,11,8,9,3,2,1,0,8,1,0,5,5,5,9,38,1,1,6,0,0,0,11,0,0,0,5261,6185,finalist
87,collector,4,volcano,ほむら火山,8,14,4,1,1,9,11,14,4,1,3,0,7,1,0,5,4,0,9,57,2,1,19,0,0,0,7,0,0,0,3266,6584,finalist
87,collector,5,tower,星晶の塔,12,20,5,1,1,21,21,21,5,4,1,0,7,1,0,6,5,5,11,46,0,0,8,0,0,0,18,0,0,0,19712,21323,finalist
88,rush,1,meadow,はじまり草原,1,4,2,1,1,1,2,5,3,2,1,0,2,2,1,10,0,0,5,19,0,0,6,0,0,0,2,2,0,0,230,999,finalist
88,rush,2,cave,こだま洞くつ,3,7,2,1,1,5,6,8,5,2,1,2,3,2,1,15,0,0,7,37,0,0,8,0,0,0,9,9,0,0,999,1103,finalist
88,rush,3,brook,しずく湖畔,5,10,3,1,1,8,9,13,5,5,0,0,0,3,2,14,0,0,8,22,0,0,5,0,0,0,8,28,0,0,1103,1144,finalist
88,rush,4,volcano,ほむら火山,8,14,4,1,1,13,14,16,7,7,0,0,0,4,3,20,0,0,11,43,0,0,6,0,0,0,14,26,0,0,1144,1162,finalist
88,rush,5,tower,星晶の塔,12,20,5,1,0,16,17,0,51,45,0,6,0,40,40,166,0,0,91,357,0,0,7,0,0,0,171,135,0,0,1162,0,finalist
89,balanced,1,meadow,はじまり草原,1,4,2,1,1,1,2,6,4,3,1,0,2,2,1,9,1,0,7,23,0,0,5,0,0,0,2,2,0,0,230,1138,finalist
89,balanced,2,cave,こだま洞くつ,3,7,2,1,1,6,5,9,4,3,1,0,3,2,1,31,2,0,8,62,3,1,16,0,0,0,3,5,0,0,1216,3078,finalist
89,balanced,3,brook,しずく湖畔,5,10,3,1,1,10,11,13,5,4,1,0,4,2,1,8,2,1,9,29,2,1,7,0,0,0,5,16,0,0,3586,3649,finalist
89,balanced,4,volcano,ほむら火山,8,14,4,1,1,14,15,15,4,3,1,0,4,1,0,3,2,1,7,24,0,0,6,0,0,0,5,0,0,0,4619,5586,finalist
89,balanced,5,tower,星晶の塔,12,20,5,1,1,16,16,22,13,12,1,0,6,5,4,24,2,2,20,67,2,1,7,0,0,0,22,86,0,0,5173,4925,finalist
90,collector,1,meadow,はじまり草原,1,4,2,1,1,1,2,5,5,4,1,0,6,2,1,10,5,0,12,56,2,1,9,0,0,0,5,0,0,0,230,1279,finalist
90,collector,2,cave,こだま洞くつ,3,7,2,1,1,8,9,12,5,3,2,0,5,2,1,29,3,0,10,65,3,1,23,0,0,0,7,6,0,0,3139,4729,finalist
90,collector,3,brook,しずく湖畔,5,10,3,1,1,15,13,13,3,0,3,0,8,1,0,4,5,5,9,43,0,0,9,0,0,0,17,0,0,0,7791,8168,finalist
90,collector,4,volcano,ほむら火山,8,14,4,1,1,13,10,16,8,5,2,1,9,2,1,12,5,2,15,110,4,1,23,0,0,0,25,7,0,0,4312,9999,finalist
90,collector,5,tower,星晶の塔,12,20,5,1,1,20,19,25,28,24,2,2,9,8,7,191,5,5,41,326,7,1,77,2,0,0,46,122,0,0,14583,3541,finalist
91,rush,1,meadow,はじまり草原,1,4,2,1,1,1,2,5,3,2,1,0,2,2,1,9,0,0,5,15,0,0,5,0,0,0,2,3,0,0,230,935,finalist
91,rush,2,cave,こだま洞くつ,3,7,2,1,1,5,6,9,3,2,1,0,1,2,1,11,0,0,5,19,0,0,6,0,0,0,4,9,0,0,935,1240,finalist
91,rush,3,brook,しずく湖畔,5,10,3,1,1,9,10,12,4,4,0,0,0,2,1,10,0,0,6,20,0,0,5,0,0,0,4,20,0,0,1240,1824,finalist
91,rush,4,volcano,ほむら火山,8,14,4,1,1,12,13,16,7,7,0,0,0,4,3,17,0,0,11,41,0,0,5,0,0,0,14,34,0,0,1824,1178,finalist
91,rush,5,tower,星晶の塔,12,20,5,1,0,16,16,0,46,45,0,1,0,40,40,161,0,0,86,303,0,0,7,0,0,0,147,134,0,0,1178,0,finalist
92,balanced,1,meadow,はじまり草原,1,4,2,1,1,1,2,6,4,3,1,0,3,2,1,9,2,0,8,27,0,0,6,0,0,0,2,2,0,0,230,1134,finalist
92,balanced,2,cave,こだま洞くつ,3,7,2,1,1,7,8,9,2,1,1,0,3,1,0,20,2,1,5,46,1,1,20,0,0,0,4,0,0,0,1710,3330,finalist
92,balanced,3,brook,しずく湖畔,5,10,3,1,1,9,10,12,5,4,1,0,3,2,1,9,2,1,9,40,0,0,8,0,0,0,5,12,0,0,3049,3226,finalist
92,balanced,4,volcano,ほむら火山,8,14,4,1,1,14,12,12,4,3,1,0,4,1,0,7,2,2,7,32,0,0,7,0,0,0,6,0,0,0,4446,5930,finalist
92,balanced,5,tower,星晶の塔,12,20,5,1,1,12,16,29,80,70,1,9,15,34,33,153,2,2,116,341,5,1,8,0,0,0,129,168,0,0,4593,1822,finalist
93,collector,1,meadow,はじまり草原,1,4,2,1,1,1,2,5,6,4,1,1,4,2,1,11,2,0,10,38,1,1,9,0,0,0,4,0,0,0,230,1257,finalist
93,collector,2,cave,こだま洞くつ,3,7,2,1,1,7,7,10,8,7,1,0,4,3,2,45,3,0,14,103,2,1,25,0,0,0,4,7,0,0,1833,2795,finalist
93,collector,3,brook,しずく湖畔,5,10,3,1,1,13,13,14,3,1,2,0,7,1,0,5,5,5,9,41,1,1,8,0,0,0,17,0,0,0,4597,5531,finalist
93,collector,4,volcano,ほむら火山,8,14,4,1,1,14,8,12,12,8,2,2,9,3,2,18,5,5,20,94,0,0,8,0,0,0,31,12,0,0,2920,2213,finalist
93,collector,5,tower,星晶の塔,12,20,5,1,1,12,16,23,32,27,2,3,12,9,8,209,5,5,46,338,3,1,60,2,0,0,55,48,0,0,1170,4815,finalist
94,rush,1,meadow,はじまり草原,1,4,2,1,1,1,2,5,3,2,1,0,2,2,1,9,0,0,5,18,0,0,5,0,0,0,3,2,0,0,230,1002,finalist
94,rush,2,cave,こだま洞くつ,3,7,2,1,1,5,5,10,4,3,1,0,1,3,2,20,0,0,7,31,0,0,8,0,0,0,6,16,0,0,1002,807,finalist
94,rush,3,brook,しずく湖畔,5,10,3,1,1,10,10,12,4,4,0,0,0,2,1,11,0,0,6,19,0,0,6,0,0,0,4,16,0,0,807,1659,finalist
94,rush,4,volcano,ほむら火山,8,14,4,1,1,12,13,14,4,4,0,0,0,1,0,5,0,0,5,16,0,0,5,0,0,0,2,0,0,0,1659,3220,finalist
94,rush,5,tower,星晶の塔,12,20,5,1,0,14,16,0,50,45,0,5,0,40,40,180,0,0,90,347,0,0,7,0,0,0,143,142,0,0,3220,0,finalist
95,balanced,1,meadow,はじまり草原,1,4,2,1,1,1,2,6,4,3,1,0,3,2,1,13,2,0,8,33,2,1,7,0,0,0,5,2,0,0,230,1131,finalist
95,balanced,2,cave,こだま洞くつ,3,7,2,1,1,7,8,10,5,3,1,1,3,2,1,17,1,0,8,38,1,1,13,0,0,0,6,8,0,0,1707,2557,finalist
95,balanced,3,brook,しずく湖畔,5,10,3,1,1,9,10,11,3,3,0,0,5,1,0,6,2,2,6,24,1,1,7,0,0,0,5,0,0,0,2871,3887,finalist
95,balanced,4,volcano,ほむら火山,8,14,4,1,1,11,11,14,6,5,1,0,4,2,1,10,2,2,10,36,1,1,8,0,0,0,10,9,0,0,3011,4816,finalist
95,balanced,5,tower,星晶の塔,12,20,5,1,1,14,17,22,17,16,1,0,3,7,6,33,2,2,26,76,0,0,7,0,0,0,26,86,0,0,3731,2731,finalist
96,collector,1,meadow,はじまり草原,1,4,2,1,1,1,2,5,6,3,2,1,4,2,1,15,1,0,9,33,1,1,11,0,0,0,5,0,0,0,230,1241,finalist
96,collector,2,cave,こだま洞くつ,3,7,2,1,1,6,6,9,5,3,2,0,7,2,1,30,5,0,12,100,4,1,18,0,0,0,12,4,0,0,1739,3365,finalist
96,collector,3,brook,しずく湖畔,5,10,3,1,1,13,13,13,3,1,2,0,7,1,0,4,5,5,9,41,0,0,9,0,0,0,16,0,0,0,5735,6165,finalist
96,collector,4,volcano,ほむら火山,8,14,4,1,1,13,11,14,4,1,3,0,7,1,0,4,4,0,9,46,0,0,8,0,0,0,9,0,0,0,3255,6665,finalist
96,collector,5,tower,星晶の塔,12,20,5,1,1,21,20,22,8,6,2,0,9,2,1,14,5,5,15,84,1,1,17,0,0,0,23,17,0,0,19793,20347,finalist
97,rush,1,meadow,はじまり草原,1,4,2,1,1,1,2,5,3,2,1,0,1,2,1,9,0,0,5,17,0,0,5,0,0,0,2,2,0,0,230,995,finalist
97,rush,2,cave,こだま洞くつ,3,7,2,1,1,5,6,9,3,2,1,0,2,2,1,15,0,0,5,26,0,0,9,0,0,0,7,11,0,0,995,1641,finalist
97,rush,3,brook,しずく湖畔,5,10,3,1,1,9,10,13,6,6,0,0,0,4,3,23,0,0,10,37,0,0,7,0,0,0,11,30,0,0,1641,1438,finalist
97,rush,4,volcano,ほむら火山,8,14,4,1,1,13,14,15,4,4,0,0,0,1,0,6,0,0,5,17,0,0,6,0,0,0,2,0,0,0,1438,2705,finalist
97,rush,5,tower,星晶の塔,12,20,5,1,0,15,16,0,48,45,0,3,0,40,40,188,0,0,88,341,0,0,8,0,0,0,136,148,0,0,2705,0,finalist
98,balanced,1,meadow,はじまり草原,1,4,2,1,1,1,2,5,4,3,1,0,3,2,1,11,2,0,8,32,1,1,6,0,0,0,5,2,0,0,230,1136,finalist
98,balanced,2,cave,こだま洞くつ,3,7,2,1,1,7,7,10,5,3,1,1,4,2,1,12,2,0,9,47,0,0,12,0,0,0,9,6,0,0,1712,2700,finalist
98,balanced,3,brook,しずく湖畔,5,10,3,1,1,8,10,13,5,4,1,0,3,2,1,9,2,1,9,36,1,1,11,0,0,0,8,9,0,0,3148,4863,finalist
98,balanced,4,volcano,ほむら火山,8,14,4,1,1,14,13,14,4,3,1,0,3,1,0,12,2,2,7,34,1,1,12,0,0,0,8,0,0,0,4487,5721,finalist
98,balanced,5,tower,星晶の塔,12,20,5,1,1,14,16,22,24,16,1,7,11,7,6,30,2,2,33,131,0,0,8,0,0,0,51,63,0,0,4431,4071,finalist
99,collector,1,meadow,はじまり草原,1,4,2,1,1,1,2,5,5,3,2,0,7,2,1,17,5,0,12,65,3,1,12,0,0,0,6,0,0,0,230,1258,finalist
99,collector,2,cave,こだま洞くつ,3,7,2,1,1,9,9,11,2,1,1,0,3,1,0,12,1,0,4,31,1,1,12,0,0,0,3,0,0,0,3298,5027,finalist
99,collector,3,brook,しずく湖畔,5,10,3,1,1,11,7,11,12,10,2,0,8,4,3,22,5,5,21,72,0,0,7,0,0,0,17,11,0,0,5721,4124,finalist
99,collector,4,volcano,ほむら火山,8,14,4,1,1,11,11,14,4,1,3,0,6,1,0,3,3,1,8,49,0,0,22,0,0,0,6,0,0,0,2178,5590,finalist
99,collector,5,tower,星晶の塔,12,20,5,1,1,18,18,25,21,18,2,1,10,6,5,72,5,5,32,190,4,1,42,0,0,0,35,84,0,0,10534,12242,finalist
100,rush,1,meadow,はじまり草原,1,4,2,1,1,1,2,5,4,2,1,1,2,2,1,12,0,0,6,25,0,0,7,0,0,0,3,3,0,0,230,910,finalist
100,rush,2,cave,こだま洞くつ,3,7,2,1,1,5,6,10,5,5,0,0,2,4,3,27,0,0,9,42,0,0,8,0,0,0,7,16,0,0,910,784,finalist
100,rush,3,brook,しずく湖畔,5,10,3,1,1,10,10,12,3,2,1,0,1,1,0,6,0,0,4,12,0,0,6,0,0,0,2,0,0,0,784,2721,finalist
100,rush,4,volcano,ほむら火山,8,14,4,1,1,12,13,13,4,4,0,0,0,1,0,5,0,0,5,13,0,0,5,0,0,0,2,0,0,0,2721,4317,finalist
100,rush,5,tower,星晶の塔,12,20,5,1,1,13,15,25,38,37,0,1,0,33,32,132,0,0,71,213,0,0,7,0,0,0,109,146,0,0,4317,2398,finalist
101,balanced,1,meadow,はじまり草原,1,4,2,1,1,1,2,6,4,2,2,0,3,2,1,13,1,0,7,28,1,1,9,0,0,0,3,2,0,0,230,1124,finalist
101,balanced,2,cave,こだま洞くつ,3,7,2,1,1,6,6,9,4,3,1,0,3,2,1,30,2,0,8,64,3,1,17,0,0,0,3,6,0,0,1382,2794,finalist
101,balanced,3,brook,しずく湖畔,5,10,3,1,1,10,11,12,3,3,0,0,5,1,0,5,2,2,6,24,0,0,5,0,0,0,5,0,0,0,3062,4484,finalist
101,balanced,4,volcano,ほむら火山,8,14,4,1,1,12,11,14,7,5,1,1,4,2,1,8,2,2,11,36,1,1,5,0,0,0,8,12,0,0,3473,4542,finalist
101,balanced,5,tower,星晶の塔,12,20,5,1,1,14,14,23,29,28,1,0,3,13,12,96,2,2,44,178,2,1,24,0,0,0,44,111,0,0,3518,1873,finalist
102,collector,1,meadow,はじまり草原,1,4,2,1,1,1,2,5,6,3,2,1,3,2,1,14,1,0,9,36,1,1,10,0,0,0,5,0,0,0,230,1236,finalist
102,collector,2,cave,こだま洞くつ,3,7,2,1,1,6,5,9,5,3,2,0,3,2,1,34,1,0,8,68,4,1,19,0,0,0,4,3,0,0,1494,3504,finalist
102,collector,3,brook,しずく湖畔,5,10,3,1,1,9,9,11,6,3,3,0,8,2,1,9,5,5,13,53,1,1,8,0,0,0,21,4,0,0,3638,3831,finalist
102,collector,4,volcano,ほむら火山,8,14,4,1,1,11,8,12,10,8,2,0,9,3,2,20,5,5,18,100,4,1,12,0,0,0,29,11,0,0,2024,2924,finalist
102,collector,5,tower,星晶の塔,12,20,5,1,1,12,14,23,45,40,1,4,10,13,12,298,5,5,63,477,14,1,60,4,0,0,69,51,0,0,1546,3814,finalist
103,rush,1,meadow,はじまり草原,1,4,2,1,1,1,2,5,3,2,1,0,2,2,1,10,0,0,5,21,0,0,5,0,0,0,2,3,0,0,230,937,finalist
103,rush,2,cave,こだま洞くつ,3,7,2,1,1,5,6,9,4,3,1,0,1,3,2,24,0,0,7,37,0,0,10,0,0,0,7,13,0,0,937,753,finalist
103,rush,3,brook,しずく湖畔,5,10,3,1,1,9,10,13,5,5,0,0,0,3,2,14,0,0,8,24,0,0,5,0,0,0,8,17,0,0,753,2171,finalist
103,rush,4,volcano,ほむら火山,8,14,4,1,1,13,14,16,5,5,0,0,0,2,1,10,0,0,7,20,0,0,5,0,0,0,5,33,0,0,2171,1258,finalist
103,rush,5,tower,星晶の塔,12,20,5,1,0,16,17,0,46,45,0,1,0,40,40,174,0,0,86,311,0,0,8,0,0,0,129,136,0,0,1258,0,finalist
104,balanced,1,meadow,はじまり草原,1,4,2,1,1,1,2,5,4,3,1,0,3,2,1,18,1,0,7,34,4,1,10,0,0,0,4,2,0,0,230,1137,finalist
104,balanced,2,cave,こだま洞くつ,3,7,2,1,1,5,5,8,4,3,1,0,3,2,1,32,2,0,8,71,3,1,16,0,0,0,4,6,0,0,1215,2809,finalist
104,balanced,3,brook,しずく湖畔,5,10,3,1,1,10,11,11,3,2,1,0,3,1,0,4,2,2,6,18,0,0,5,0,0,0,5,0,0,0,3317,4933,finalist
104,balanced,4,volcano,ほむら火山,8,14,4,1,1,11,10,12,4,3,1,0,5,1,0,4,2,2,7,25,0,0,6,0,0,0,5,0,0,0,3821,6037,finalist
104,balanced,5,tower,星晶の塔,12,20,5,1,1,12,14,22,23,22,1,0,3,10,9,56,2,2,35,140,1,1,12,0,0,0,36,112,0,0,4676,1855,finalist
105,collector,1,meadow,はじまり草原,1,4,2,1,1,1,2,5,6,4,1,1,5,2,1,10,3,0,11,51,2,1,9,0,0,0,5,0,0,0,230,1247,finalist
105,collector,2,cave,こだま洞くつ,3,7,2,1,1,8,8,10,5,4,1,0,6,2,1,32,5,4,12,94,3,1,18,0,0,0,19,4,0,0,2801,3287,finalist
105,collector,3,brook,しずく湖畔,5,10,3,1,1,7,8,12,9,8,1,0,5,3,2,11,4,2,16,49,1,1,8,0,0,0,9,9,0,0,2347,3451,finalist
105,collector,4,volcano,ほむら火山,8,14,4,1,1,13,11,14,4,1,3,0,4,1,0,6,1,0,6,24,0,0,6,0,0,0,1,0,0,0,3062,6189,finalist
105,collector,5,tower,星晶の塔,12,20,5,1,1,14,15,21,17,14,3,0,9,5,4,28,5,5,27,101,1,1,9,0,0,0,32,43,0,0,7046,10025,finalist
106,rush,1,meadow,はじまり草原,1,4,2,1,1,1,2,5,3,2,1,0,2,2,1,11,0,0,5,19,0,0,6,0,0,0,3,2,0,0,230,993,finalist
106,rush,2,cave,こだま洞くつ,3,7,2,1,1,5,5,9,5,3,1,1,2,3,2,24,0,0,8,44,0,0,9,0,0,0,11,12,0,0,993,1461,finalist
106,rush,3,brook,しずく湖畔,5,10,3,1,1,9,10,12,4,4,0,0,0,2,1,11,0,0,6,20,0,0,6,0,0,0,4,18,0,0,1461,1690,finalist
106,rush,4,volcano,ほむら火山,8,14,4,1,1,12,13,16,6,6,0,0,0,3,2,15,0,0,9,30,0,0,6,0,0,0,8,31,0,0,1690,1184,finalist
106,rush,5,tower,星晶の塔,12,20,5,1,0,16,17,0,56,45,0,11,0,40,40,170,0,0,96,347,0,0,7,0,0,0,162,118,0,0,1184,0,finalist
107,balanced,1,meadow,はじまり草原,1,4,2,1,1,1,2,6,4,2,2,0,4,2,1,15,2,0,8,34,2,1,9,0,0,0,5,2,0,0,230,1122,finalist
107,balanced,2,cave,こだま洞くつ,3,7,2,1,1,7,7,9,2,1,1,0,4,1,0,9,2,2,5,39,1,1,12,0,0,0,8,0,0,0,1698,3316,finalist
107,balanced,3,brook,しずく湖畔,5,10,3,1,1,9,9,12,7,6,1,0,3,3,2,14,2,1,12,45,1,1,8,0,0,0,12,18,0,0,2569,2245,finalist
107,balanced,4,volcano,ほむら火山,8,14,4,1,1,10,11,13,4,3,1,0,5,1,0,2,2,2,7,30,0,0,7,0,0,0,4,0,0,0,2643,5065,finalist
107,balanced,5,tower,星晶の塔,12,20,5,1,1,13,16,21,26,18,1,7,12,8,7,56,2,2,36,160,0,0,11,0,0,0,44,66,0,0,3924,1845,finalist
108,collector,1,meadow,はじまり草原,1,4,2,1,1,1,2,5,6,4,1,1,5,2,1,12,3,0,11,48,3,1,13,0,0,0,5,0,0,0,230,1256,finalist
108,collector,2,cave,こだま洞くつ,3,7,2,1,1,7,7,10,5,5,0,0,3,2,1,38,1,0,8,80,3,1,23,0,0,0,4,3,0,0,1910,3269,finalist
108,collector,3,brook,しずく湖畔,5,10,3,1,1,10,7,11,6,4,2,0,7,2,1,9,5,5,13,48,1,1,6,0,0,0,13,4,0,0,3583,5024,finalist
108,collector,4,volcano,ほむら火山,8,14,4,1,1,11,11,12,5,1,3,1,9,1,0,6,5,5,11,67,0,0,11,0,0,0,19,0,0,0,2653,3129,finalist
108,collector,5,tower,星晶の塔,12,20,5,1,1,12,14,24,47,43,1,3,8,14,13,126,5,5,66,335,3,1,22,0,0,0,67,72,0,0,1653,2242,finalist
109,rush,1,meadow,はじまり草原,1,4,2,1,1,1,2,5,4,2,1,1,2,2,1,15,0,0,6,27,0,0,9,0,0,0,4,3,0,0,230,908,finalist
109,rush,2,cave,こだま洞くつ,3,7,2,1,1,5,6,9,5,4,0,1,2,3,2,15,0,0,8,33,0,0,6,0,0,0,8,12,0,0,908,734,finalist
109,rush,3,brook,しずく湖畔,5,10,3,1,1,9,10,12,4,3,1,0,1,2,1,11,0,0,6,23,0,0,6,0,0,0,5,16,0,0,734,1827,finalist
109,rush,4,volcano,ほむら火山,8,14,4,1,1,12,13,14,4,4,0,0,0,1,0,6,0,0,5,18,0,0,6,0,0,0,3,0,0,0,1827,3403,finalist
109,rush,5,tower,星晶の塔,12,20,5,1,0,14,16,0,46,45,0,1,0,40,40,169,0,0,86,301,0,0,6,0,0,0,137,157,0,0,3403,0,finalist
110,balanced,1,meadow,はじまり草原,1,4,2,1,1,1,2,5,4,2,2,0,4,2,1,17,2,0,8,42,3,1,11,0,0,0,5,2,0,0,230,1116,finalist
110,balanced,2,cave,こだま洞くつ,3,7,2,1,1,7,7,9,2,1,1,0,3,1,0,12,2,2,5,35,1,1,12,0,0,0,8,0,0,0,1692,3314,finalist
110,balanced,3,brook,しずく湖畔,5,10,3,1,1,9,10,12,5,4,1,0,3,2,1,11,2,2,9,34,1,1,6,0,0,0,12,14,0,0,2567,2878,finalist
110,balanced,4,volcano,ほむら火山,8,14,4,1,1,12,13,15,7,5,1,1,7,2,1,14,2,2,11,59,1,1,10,0,0,0,17,19,0,0,2230,2057,finalist
110,balanced,5,tower,星晶の塔,12,20,5,1,1,15,13,23,50,40,1,9,14,19,18,83,2,2,71,245,9,1,8,0,0,0,99,86,0,0,1594,3333,finalist
111,collector,1,meadow,はじまり草原,1,4,2,1,1,1,2,5,5,4,1,0,2,2,1,9,1,0,8,26,0,0,5,0,0,0,2,0,0,0,230,1277,finalist
111,collector,2,cave,こだま洞くつ,3,7,2,1,1,6,4,9,8,7,1,0,2,3,2,48,1,0,12,97,4,1,18,0,0,0,4,6,0,0,1355,2764,finalist
111,collector,3,brook,しずく湖畔,5,10,3,1,1,10,10,13,12,10,2,0,8,4,3,27,5,5,21,79,3,1,8,0,0,0,27,20,0,0,2898,1964,finalist
111,collector,4,volcano,ほむら火山,8,14,4,1,1,13,14,14,4,2,2,0,3,1,0,5,1,0,6,26,1,1,8,0,0,0,4,0,0,0,1039,1996,finalist
111,collector,5,tower,星晶の塔,12,20,5,1,1,15,14,19,21,18,2,1,9,6,5,43,5,5,32,148,0,0,21,0,0,0,38,49,0,0,3453,2904,finalist
112,rush,1,meadow,はじまり草原,1,4,2,1,1,1,3,6,4,4,0,0,0,3,2,11,0,0,7,20,0,0,4,0,0,0,2,5,0,0,230,871,finalist
112,rush,2,cave,こだま洞くつ,3,7,2,1,1,6,6,9,4,2,2,0,2,3,2,22,0,0,7,32,0,0,9,0,0,0,7,12,0,0,871,731,finalist
112,rush,3,brook,しずく湖畔,5,10,3,1,1,9,10,12,4,4,0,0,0,2,1,11,0,0,6,20,0,0,6,0,0,0,5,15,0,0,731,2153,finalist
112,rush,4,volcano,ほむら火山,8,14,4,1,1,12,13,15,5,5,0,0,0,2,1,9,0,0,7,21,0,0,5,0,0,0,5,28,0,0,2153,1552,finalist
112,rush,5,tower,星晶の塔,12,20,5,1,0,15,16,0,48,45,0,3,0,40,40,183,0,0,88,316,0,0,7,0,0,0,132,131,0,0,1552,0,finalist
113,balanced,1,meadow,はじまり草原,1,4,2,1,1,1,2,5,4,2,2,0,3,2,1,18,1,0,7,30,3,1,11,0,0,0,4,2,0,0,230,1120,finalist
113,balanced,2,cave,こだま洞くつ,3,7,2,1,1,6,5,9,4,3,1,0,2,2,1,32,1,0,7,52,3,1,16,0,0,0,3,5,0,0,1378,3049,finalist
113,balanced,3,brook,しずく湖畔,5,10,3,1,1,9,10,11,3,2,1,0,3,1,0,5,2,2,6,20,1,1,5,0,0,0,5,0,0,0,3443,4605,finalist
113,balanced,4,volcano,ほむら火山,8,14,4,1,1,11,11,11,5,4,1,0,4,1,0,4,2,2,8,25,1,1,6,0,0,0,5,0,0,0,3567,4722,finalist
113,balanced,5,tower,星晶の塔,12,20,5,1,1,11,16,19,9,8,1,0,4,3,2,17,2,2,14,50,3,1,7,0,0,0,15,42,0,0,3658,4288,finalist
114,collector,1,meadow,はじまり草原,1,4,2,1,1,1,2,5,5,3,2,0,3,2,1,14,1,0,8,31,1,1,9,0,0,0,5,0,0,0,230,1263,finalist
114,collector,2,cave,こだま洞くつ,3,7,2,1,1,6,7,10,5,5,0,0,3,2,1,37,3,0,10,93,2,1,21,0,0,0,2,4,0,0,1761,3299,finalist
114,collector,3,brook,しずく湖畔,5,10,3,1,1,11,11,15,12,10,2,0,5,4,3,22,3,1,19,65,0,0,8,0,0,0,16,21,0,0,4001,3669,finalist
114,collector,4,volcano,ほむら火山,8,14,4,1,1,12,12,15,4,0,4,0,6,1,0,7,2,0,7,36,0,0,7,0,0,0,6,0,0,0,3643,7980,finalist
114,collector,5,tower,星晶の塔,12,20,5,1,1,18,19,26,17,15,2,0,9,5,4,48,5,5,27,113,3,1,21,0,0,0,29,71,0,0,13294,15890,finalist
115,rush,1,meadow,はじまり草原,1,4,2,1,1,1,2,5,3,1,2,0,2,2,1,11,0,0,5,20,0,0,8,0,0,0,3,3,0,0,230,921,finalist
115,rush,2,cave,こだま洞くつ,3,7,2,1,1,5,6,9,4,4,0,0,0,3,2,19,0,0,7,28,0,0,7,0,0,0,8,14,0,0,921,714,finalist
115,rush,3,brook,しずく湖畔,5,10,3,1,1,9,10,11,3,3,0,0,0,1,0,6,0,0,4,17,0,0,6,0,0,0,3,0,0,0,714,2913,finalist
115,rush,4,volcano,ほむら火山,8,14,4,1,1,11,13,16,9,8,0,1,0,5,4,23,0,0,14,53,0,0,5,0,0,0,20,45,0,0,2913,1162,finalist
115,rush,5,tower,星晶の塔,12,20,5,1,0,16,17,0,51,45,0,6,0,40,40,168,0,0,91,335,0,0,7,0,0,0,160,105,0,0,1162,0,finalist
116,balanced,1,meadow,はじまり草原,1,4,2,1,1,1,2,5,4,3,1,0,3,2,1,12,2,0,8,39,0,0,8,0,0,0,3,2,0,0,230,1137,finalist
116,balanced,2,cave,こだま洞くつ,3,7,2,1,1,7,7,9,4,3,1,0,2,2,1,17,1,0,7,36,1,1,11,0,0,0,5,6,0,0,1713,2646,finalist
116,balanced,3,brook,しずく湖畔,5,10,3,1,1,7,11,11,3,2,1,0,4,1,0,6,2,2,6,28,0,0,8,0,0,0,8,0,0,0,3200,4368,finalist
116,balanced,4,volcano,ほむら火山,8,14,4,1,1,11,10,14,8,7,1,0,3,3,2,13,2,2,13,59,4,1,7,0,0,0,14,24,0,0,3383,4072,finalist
116,balanced,5,tower,星晶の塔,12,20,5,1,1,14,14,24,37,36,1,0,3,17,16,93,2,2,56,186,4,1,12,0,0,0,57,119,0,0,3154,2194,finalist
117,collector,1,meadow,はじまり草原,1,4,2,1,1,1,2,5,5,3,2,0,3,2,1,15,1,0,8,31,3,1,10,0,0,0,3,0,0,0,230,1257,finalist
117,collector,2,cave,こだま洞くつ,3,7,2,1,1,6,6,9,5,3,2,0,4,2,1,20,2,0,9,45,2,1,16,0,0,0,5,3,0,0,1515,3444,finalist
117,collector,3,brook,しずく湖畔,5,10,3,1,1,10,11,12,3,2,1,0,6,1,0,4,5,5,9,39,0,0,8,0,0,0,16,0,0,0,4012,4689,finalist
117,collector,4,volcano,ほむら火山,8,14,4,1,1,12,11,13,4,1,3,0,8,1,0,3,5,0,10,49,0,0,7,0,0,0,8,0,0,0,2477,4909,finalist
117,collector,5,tower,星晶の塔,12,20,5,1,1,19,18,22,8,6,2,0,10,2,1,13,5,4,15,70,2,1,9,0,0,0,20,10,0,0,13494,20582,finalist
118,rush,1,meadow,はじまり草原,1,4,2,1,1,1,2,5,3,2,1,0,1,2,1,10,0,0,5,17,0,0,7,0,0,0,2,3,0,0,230,942,finalist
118,rush,2,cave,こだま洞くつ,3,7,2,1,1,5,6,10,5,4,1,0,1,4,3,29,0,0,9,40,0,0,8,0,0,0,10,17,0,0,942,1227,finalist
118,rush,3,brook,しずく湖畔,5,10,3,1,1,10,10,14,6,6,0,0,0,4,3,23,0,0,10,33,0,0,6,0,0,0,11,28,0,0,1227,1143,finalist
118,rush,4,volcano,ほむら火山,8,14,4,1,1,14,14,16,5,5,0,0,0,2,1,11,0,0,7,25,0,0,6,0,0,0,6,19,0,0,1143,1176,finalist
118,rush,5,tower,星晶の塔,12,20,5,1,0,16,17,0,47,45,0,2,0,40,40,171,0,0,87,336,0,0,9,0,0,0,145,128,0,0,1176,0,finalist
119,balanced,1,meadow,はじまり草原,1,4,2,1,1,1,2,6,4,3,1,0,2,2,1,11,1,0,7,25,2,1,7,0,0,0,4,2,0,0,230,1141,finalist
119,balanced,2,cave,こだま洞くつ,3,7,2,1,1,5,6,10,6,5,1,0,2,3,2,44,1,0,10,86,2,1,24,0,0,0,4,13,0,0,1219,2547,finalist
119,balanced,3,brook,しずく湖畔,5,10,3,1,1,10,8,10,5,4,1,0,2,2,1,8,1,0,8,21,1,1,5,0,0,0,3,9,0,0,2681,3452,finalist
119,balanced,4,volcano,ほむら火山,8,14,4,1,1,10,10,13,4,3,1,0,3,1,0,2,2,2,7,20,0,0,5,0,0,0,4,0,0,0,3659,5831,finalist
119,balanced,5,tower,星晶の塔,12,20,5,1,1,13,14,20,15,12,1,2,9,5,4,24,2,2,22,86,5,1,7,0,0,0,26,65,0,0,4517,2819,finalist
120,collector,1,meadow,はじまり草原,1,4,2,1,1,1,2,5,5,4,1,0,3,2,1,14,2,0,9,37,3,1,8,0,0,0,3,0,0,0,230,1279,finalist
120,collector,2,cave,こだま洞くつ,3,7,2,1,1,7,7,9,5,5,0,0,2,2,1,33,1,0,8,57,2,1,18,0,0,0,2,3,0,0,2555,2731,finalist
120,collector,3,brook,しずく湖畔,5,10,3,1,1,10,8,10,6,4,2,0,7,2,1,13,5,5,13,48,1,1,8,0,0,0,12,6,0,0,3345,3880,finalist
120,collector,4,volcano,ほむら火山,8,14,4,1,1,10,10,12,4,1,3,0,8,1,0,15,5,4,10,59,1,1,15,0,0,0,16,0,0,0,2050,3877,finalist
120,collector,5,tower,星晶の塔,12,20,5,1,1,12,15,22,35,31,1,3,13,10,9,132,5,5,50,241,4,1,50,1,0,0,54,61,0,0,2583,2271,finalist
121,rush,1,meadow,はじまり草原,1,4,2,1,1,1,2,5,3,2,1,0,1,2,1,10,0,0,5,20,0,0,6,0,0,0,2,2,0,0,230,1003,finalist
121,rush,2,cave,こだま洞くつ,3,7,2,1,1,5,6,9,5,3,1,1,2,3,2,24,0,0,8,43,0,0,9,0,0,0,12,13,0,0,1003,724,finalist
121,rush,3,brook,しずく湖畔,5,10,3,1,1,9,10,11,3,3,0,0,0,1,0,7,0,0,4,14,0,0,7,0,0,0,2,0,0,0,724,2919,finalist
121,rush,4,volcano,ほむら火山,8,14,4,1,1,11,12,16,14,12,0,2,0,9,8,44,0,0,23,96,0,0,6,0,0,0,37,47,0,0,2919,980,finalist
121,rush,5,tower,星晶の塔,12,20,5,1,0,16,17,0,52,45,0,7,0,40,40,172,0,0,92,363,0,0,7,0,0,0,165,116,0,0,980,0,finalist
122,balanced,1,meadow,はじまり草原,1,4,2,1,1,1,2,6,4,3,1,0,2,2,1,11,1,0,7,23,1,1,7,0,0,0,2,2,0,0,230,1139,finalist
122,balanced,2,cave,こだま洞くつ,3,7,2,1,1,6,6,10,6,5,1,0,2,3,2,41,1,0,10,69,2,1,19,0,0,0,4,13,0,0,1217,2298,finalist
122,balanced,3,brook,しずく湖畔,5,10,3,1,1,11,12,14,5,4,1,0,4,2,1,13,2,2,9,30,2,1,7,0,0,0,7,18,0,0,2432,2926,finalist
122,balanced,4,volcano,ほむら火山,8,14,4,1,1,14,11,12,4,3,1,0,3,1,0,3,2,0,7,22,0,0,6,0,0,0,1,0,0,0,2266,3251,finalist
122,balanced,5,tower,星晶の塔,12,20,5,1,1,14,15,21,15,14,1,0,3,6,5,31,2,2,23,74,2,1,7,0,0,0,22,95,0,0,4965,1850,finalist
123,collector,1,meadow,はじまり草原,1,4,2,1,1,1,2,5,5,4,1,0,3,2,1,15,2,0,9,40,1,1,9,0,0,0,3,0,0,0,230,1276,finalist
123,collector,2,cave,こだま洞くつ,3,7,2,1,1,7,5,7,5,3,2,0,4,2,1,30,2,0,9,61,3,1,16,0,0,0,4,2,0,0,2552,3295,finalist
123,collector,3,brook,しずく湖畔,5,10,3,1,1,8,8,13,12,9,3,0,8,4,3,32,5,4,21,94,2,1,11,0,0,0,24,12,0,0,4123,3994,finalist
123,collector,4,volcano,ほむら火山,8,14,4,1,1,13,14,14,5,2,2,1,10,1,0,4,5,5,11,68,0,0,9,0,0,0,23,0,0,0,2521,3803,finalist
123,collector,5,tower,星晶の塔,12,20,5,1,1,14,15,21,22,19,1,2,12,6,5,30,5,5,33,140,3,1,10,0,0,0,45,40,0,0,2009,4514,finalist
124,rush,1,meadow,はじまり草原,1,4,2,1,1,1,2,5,3,2,1,0,1,2,1,9,0,0,5,17,0,0,5,0,0,0,2,3,0,0,230,939,finalist
124,rush,2,cave,こだま洞くつ,3,7,2,1,1,5,6,9,3,2,1,0,1,2,1,17,0,0,5,26,0,0,9,0,0,0,5,9,0,0,939,1024,finalist
124,rush,3,brook,しずく湖畔,5,10,3,1,1,9,10,12,4,4,0,0,0,2,1,11,0,0,6,22,0,0,6,0,0,0,6,20,0,0,1024,1807,finalist
124,rush,4,volcano,ほむら火山,8,14,4,1,1,12,13,15,5,5,0,0,0,2,1,9,0,0,7,22,0,0,5,0,0,0,5,28,0,0,1807,1473,finalist
124,rush,5,tower,星晶の塔,12,20,5,1,0,15,16,0,46,45,0,1,0,40,40,181,0,0,86,340,0,0,7,0,0,0,140,141,0,0,1473,0,finalist
125,balanced,1,meadow,はじまり草原,1,4,2,1,1,1,2,6,5,2,2,1,5,2,1,14,2,0,9,43,1,1,10,0,0,0,4,2,0,0,230,1094,finalist
125,balanced,2,cave,こだま洞くつ,3,7,2,1,1,7,8,9,2,1,1,0,3,1,0,5,2,0,5,32,0,0,13,0,0,0,5,0,0,0,1670,3516,finalist
125,balanced,3,brook,しずく湖畔,5,10,3,1,1,7,10,12,3,2,1,0,3,1,0,8,2,2,6,27,0,0,8,0,0,0,8,0,0,0,4024,6638,finalist
125,balanced,4,volcano,ほむら火山,8,14,4,1,1,12,11,12,4,3,1,0,3,1,0,5,2,2,7,31,0,0,7,0,0,0,7,0,0,0,5141,6117,finalist
125,balanced,5,tower,星晶の塔,12,20,5,1,1,12,13,27,84,69,0,15,20,33,32,177,2,2,119,514,17,1,12,0,0,0,160,153,0,0,4738,1862,finalist
126,collector,1,meadow,はじまり草原,1,4,2,1,1,1,2,5,6,4,1,1,5,2,1,11,3,0,11,43,2,1,9,0,0,0,5,0,0,0,230,1248,finalist
126,collector,2,cave,こだま洞くつ,3,7,2,1,1,7,8,9,2,1,1,0,6,1,0,19,5,5,8,72,2,1,19,0,0,0,18,0,0,0,2602,3664,finalist
126,collector,3,brook,しずく湖畔,5,10,3,1,1,9,10,12,6,5,1,0,6,2,1,13,5,5,13,62,3,1,9,0,0,0,19,7,0,0,1936,2452,finalist
126,collector,4,volcano,ほむら火山,8,14,4,1,1,12,11,14,7,6,1,0,7,2,1,17,5,5,14,83,2,1,9,0,0,0,23,7,0,0,1296,3025,finalist
126,collector,5,tower,星晶の塔,12,20,5,1,1,14,14,20,29,21,2,6,14,7,6,77,5,5,41,243,5,1,20,0,0,0,57,37,0,0,1598,2262,finalist
127,rush,1,meadow,はじまり草原,1,4,2,1,1,1,2,4,2,0,2,0,2,1,0,7,0,0,3,15,0,0,7,0,0,0,2,0,0,0,230,1078,finalist
127,rush,2,cave,こだま洞くつ,3,7,2,1,1,4,5,8,3,3,0,0,0,2,1,15,0,0,5,25,0,0,8,0,0,0,6,8,0,0,1078,1535,finalist
127,rush,3,brook,しずく湖畔,5,10,3,1,1,8,9,11,3,3,0,0,0,1,0,6,0,0,4,11,0,0,6,0,0,0,1,0,0,0,1535,3510,finalist
127,rush,4,volcano,ほむら火山,8,14,4,1,1,11,12,15,10,9,0,1,0,6,5,28,0,0,16,63,0,0,6,0,0,0,22,52,0,0,3510,1193,finalist
127,rush,5,tower,星晶の塔,12,20,5,1,0,15,17,0,47,45,0,2,0,40,40,176,0,0,87,333,0,0,9,0,0,0,140,131,0,0,1193,0,finalist
128,balanced,1,meadow,はじまり草原,1,4,2,1,1,1,2,6,5,3,1,1,4,2,1,13,2,0,9,43,3,1,8,0,0,0,6,2,0,0,230,1112,finalist
128,balanced,2,cave,こだま洞くつ,3,7,2,1,1,6,5,7,4,3,1,0,2,2,1,24,1,0,7,42,1,1,14,0,0,0,3,5,0,0,2388,2780,finalist
128,balanced,3,brook,しずく湖畔,5,10,3,1,1,7,8,9,3,2,1,0,3,1,0,6,2,2,6,28,1,1,8,0,0,0,5,0,0,0,2914,4540,finalist
128,balanced,4,volcano,ほむら火山,8,14,4,1,1,9,10,12,4,3,1,0,3,1,0,4,2,1,7,31,1,1,13,0,0,0,4,0,0,0,3517,5883,finalist
128,balanced,5,tower,星晶の塔,12,20,5,1,1,13,15,20,17,14,1,2,7,6,5,32,2,2,25,88,2,1,8,0,0,0,30,81,0,0,5435,1816,finalist
129,collector,1,meadow,はじまり草原,1,4,2,1,1,1,2,4,2,0,2,0,4,1,0,7,2,0,5,25,1,1,8,0,0,0,3,0,0,0,230,1078,finalist
129,collector,2,cave,こだま洞くつ,3,7,2,1,1,7,7,9,5,4,1,0,3,2,1,27,2,1,9,56,2,1,17,0,0,0,9,4,0,0,2994,3232,finalist
129,collector,3,brook,しずく湖畔,5,10,3,1,1,9,7,11,15,13,2,0,6,5,4,25,4,3,24,76,2,1,9,0,0,0,16,15,0,0,3239,2101,finalist
129,collector,4,volcano,ほむら火山,8,14,4,1,1,13,10,11,5,3,2,0,8,1,0,9,5,5,11,51,0,0,9,0,0,0,10,0,0,0,2840,4137,finalist
129,collector,5,tower,星晶の塔,12,20,5,1,1,11,15,26,59,55,1,3,12,18,17,250,5,5,82,553,4,1,48,0,0,0,83,85,0,0,2186,3175,finalist
130,rush,1,meadow,はじまり草原,1,4,2,1,1,1,2,5,4,2,1,1,2,2,1,11,0,0,6,23,0,0,7,0,0,0,3,2,0,0,230,971,finalist
130,rush,2,cave,こだま洞くつ,3,7,2,1,1,5,6,9,3,2,1,0,1,2,1,10,0,0,5,22,0,0,7,0,0,0,4,9,0,0,971,1055,finalist
130,rush,3,brook,しずく湖畔,5,10,3,1,1,9,10,12,4,4,0,0,0,2,1,9,0,0,6,17,0,0,5,0,0,0,4,21,0,0,1055,1865,finalist
130,rush,4,volcano,ほむら火山,8,14,4,1,1,12,13,15,5,5,0,0,0,2,1,8,0,0,7,16,0,0,4,0,0,0,4,21,0,0,1865,1932,finalist
130,rush,5,tower,星晶の塔,12,20,5,1,0,15,16,0,45,45,0,0,0,40,40,175,0,0,85,293,0,0,6,0,0,0,125,134,0,0,1932,0,finalist
131,balanced,1,meadow,はじまり草原,1,4,2,1,1,1,2,6,4,3,1,0,3,2,1,12,2,0,8,34,1,1,7,0,0,0,2,2,0,0,230,1136,finalist
131,balanced,2,cave,こだま洞くつ,3,7,2,1,1,7,8,9,2,1,1,0,3,1,0,6,2,2,5,30,1,1,8,0,0,0,7,0,0,0,2412,3336,finalist
131,balanced,3,brook,しずく湖畔,5,10,3,1,1,9,10,11,3,2,1,0,3,1,0,6,2,2,6,26,1,1,7,0,0,0,8,0,0,0,2584,3684,finalist
131,balanced,4,volcano,ほむら火山,8,14,4,1,1,11,10,12,6,5,1,0,3,2,1,18,2,2,10,54,3,1,13,0,0,0,13,14,0,0,2853,3505,finalist
131,balanced,5,tower,星晶の塔,12,20,5,1,1,12,13,27,57,55,0,2,7,26,25,127,2,2,85,309,10,1,10,0,0,0,97,164,0,0,2715,3050,finalist
132,collector,1,meadow,はじまり草原,1,4,2,1,1,1,2,5,5,3,2,0,3,2,1,15,1,0,8,33,2,1,9,0,0,0,3,0,0,0,230,1261,finalist
132,collector,2,cave,こだま洞くつ,3,7,2,1,1,6,5,10,8,7,1,0,2,3,2,36,1,0,12,76,2,1,17,0,0,0,5,6,0,0,1519,3028,finalist
132,collector,3,brook,しずく湖畔,5,10,3,1,1,10,10,12,6,4,2,0,7,2,1,8,5,5,13,49,0,0,7,0,0,0,13,5,0,0,3422,3398,finalist
132,collector,4,volcano,ほむら火山,8,14,4,1,1,12,13,13,4,2,2,0,8,1,0,4,5,5,10,52,1,1,7,0,0,0,19,0,0,0,1796,2729,finalist
132,collector,5,tower,星晶の塔,12,20,5,1,1,13,16,22,27,25,1,1,10,8,7,65,5,5,40,185,1,1,20,0,0,0,45,56,0,0,1442,3488,finalist
133,rush,1,meadow,はじまり草原,1,4,2,1,1,1,2,5,3,2,1,0,2,2,1,12,0,0,5,21,0,0,7,0,0,0,2,2,0,0,230,996,finalist
133,rush,2,cave,こだま洞くつ,3,7,2,1,1,5,6,9,4,4,0,0,1,3,2,14,0,0,7,30,0,0,6,0,0,0,5,14,0,0,996,773,finalist
133,rush,3,brook,しずく湖畔,5,10,3,1,1,9,10,12,4,3,1,0,1,2,1,9,0,0,6,18,0,0,5,0,0,0,5,21,0,0,773,1493,finalist
133,rush,4,volcano,ほむら火山,8,14,4,1,1,12,13,14,4,4,0,0,0,1,0,5,0,0,5,14,0,0,5,0,0,0,2,0,0,0,1493,3075,finalist
133,rush,5,tower,星晶の塔,12,20,5,1,1,14,15,25,45,39,0,6,0,35,34,138,0,0,80,240,0,0,6,0,0,0,127,114,0,0,3075,2437,finalist
134,balanced,1,meadow,はじまり草原,1,4,2,1,1,1,2,6,4,3,1,0,3,2,1,14,2,0,8,36,3,1,9,0,0,0,4,2,0,0,230,1137,finalist
134,balanced,2,cave,こだま洞くつ,3,7,2,1,1,7,7,9,4,3,1,0,3,2,1,35,2,0,8,64,3,1,20,0,0,0,5,7,0,0,1713,2686,finalist
134,balanced,3,brook,しずく湖畔,5,10,3,1,1,10,11,13,3,2,1,0,3,1,0,7,2,2,6,27,0,0,7,0,0,0,5,0,0,0,3194,6033,finalist
134,balanced,4,volcano,ほむら火山,8,14,4,1,1,13,11,12,4,3,1,0,3,1,0,3,2,1,7,27,1,1,7,0,0,0,3,0,0,0,4673,5644,finalist
134,balanced,5,tower,星晶の塔,12,20,5,1,1,13,16,27,43,42,1,0,3,20,19,88,2,2,65,194,4,1,6,0,0,0,68,174,0,0,5224,4079,finalist
135,collector,1,meadow,はじまり草原,1,4,2,1,1,1,2,5,5,4,1,0,2,2,1,13,1,0,8,31,0,0,7,0,0,0,2,0,0,0,230,1268,finalist
135,collector,2,cave,こだま洞くつ,3,7,2,1,1,6,5,8,5,4,1,0,7,2,1,28,5,0,12,95,1,1,15,0,0,0,4,3,0,0,1346,2921,finalist
135,collector,3,brook,しずく湖畔,5,10,3,1,1,12,13,13,3,2,1,0,3,1,0,8,1,0,5,18,0,0,8,0,0,0,0,0,0,0,5291,5997,finalist
135,collector,4,volcano,ほむら火山,8,14,4,1,1,16,16,16,4,2,2,0,7,1,0,4,5,5,10,40,0,0,7,0,0,0,10,0,0,0,8904,9897,finalist
135,collector,5,tower,星晶の塔,12,20,5,1,1,16,13,24,32,29,3,0,8,10,9,68,5,5,47,239,4,1,22,0,0,0,52,91,0,0,5225,7372,finalist
136,rush,1,meadow,はじまり草原,1,4,2,1,1,1,2,4,2,0,2,0,2,1,0,9,0,0,3,17,0,0,9,0,0,0,2,0,0,0,230,1078,finalist
136,rush,2,cave,こだま洞くつ,3,7,2,1,1,4,5,9,5,4,0,1,0,3,2,20,0,0,8,43,0,0,8,0,0,0,12,15,0,0,1078,758,finalist
136,rush,3,brook,しずく湖畔,5,10,3,1,1,9,10,12,4,4,0,0,0,2,1,13,0,0,6,24,0,0,7,0,0,0,5,17,0,0,758,1784,finalist
136,rush,4,volcano,ほむら火山,8,14,4,1,1,12,13,16,8,8,0,0,0,5,4,25,0,0,13,54,0,0,6,0,0,0,18,36,0,0,1784,1173,finalist
136,rush,5,tower,星晶の塔,12,20,5,1,0,16,17,0,49,45,0,4,0,40,40,168,0,0,89,326,0,0,6,0,0,0,156,127,0,0,1173,0,finalist
137,balanced,1,meadow,はじまり草原,1,4,2,1,1,1,2,5,4,3,1,0,2,2,1,11,1,0,7,26,0,0,6,0,0,0,4,2,0,0,230,1140,finalist
137,balanced,2,cave,こだま洞くつ,3,7,2,1,1,6,5,10,6,5,1,0,3,3,2,38,2,0,11,75,2,1,23,0,0,0,4,13,0,0,1218,2339,finalist
137,balanced,3,brook,しずく湖畔,5,10,3,1,1,11,11,12,3,2,1,0,3,1,0,5,2,2,6,19,0,0,5,0,0,0,4,0,0,0,2907,4229,finalist
137,balanced,4,volcano,ほむら火山,8,14,4,1,1,12,12,17,10,9,1,0,3,4,3,23,2,2,16,57,1,1,11,0,0,0,18,47,0,0,3276,2430,finalist
137,balanced,5,tower,星晶の塔,12,20,5,1,1,17,16,24,38,36,1,1,4,17,16,98,2,2,57,196,0,0,15,0,0,0,63,103,0,0,1883,2233,finalist
138,collector,1,meadow,はじまり草原,1,4,2,1,1,1,2,5,5,3,2,0,3,2,1,16,1,0,8,35,3,1,11,0,0,0,4,0,0,0,230,1259,finalist
138,collector,2,cave,こだま洞くつ,3,7,2,1,1,6,6,9,5,4,1,0,3,2,1,29,2,0,9,69,2,1,17,0,0,0,9,3,0,0,1757,3100,finalist
138,collector,3,brook,しずく湖畔,5,10,3,1,1,8,10,13,12,11,1,0,6,4,3,33,5,5,21,91,1,1,12,0,0,0,26,22,0,0,3928,2458,finalist
138,collector,4,volcano,ほむら火山,8,14,4,1,1,13,12,14,4,1,3,0,9,1,0,3,5,1,10,54,1,1,7,0,0,0,12,0,0,0,1299,3114,finalist
138,collector,5,tower,星晶の塔,12,20,5,1,1,17,16,23,17,16,1,0,8,5,4,20,5,5,27,150,3,1,19,0,0,0,33,66,0,0,6269,9352,finalist
139,rush,1,meadow,はじまり草原,1,4,2,1,1,1,3,7,4,4,0,0,1,3,2,12,0,0,7,22,0,0,5,0,0,0,2,8,0,0,230,679,finalist
139,rush,2,cave,こだま洞くつ,3,7,2,1,1,7,7,9,3,1,2,0,2,2,1,13,0,0,5,24,0,0,7,0,0,0,5,9,0,0,679,706,finalist
139,rush,3,brook,しずく湖畔,5,10,3,1,1,9,10,12,4,4,0,0,0,2,1,9,0,0,6,16,0,0,5,0,0,0,5,16,0,0,706,1746,finalist
139,rush,4,volcano,ほむら火山,8,14,4,1,1,12,13,14,4,4,0,0,0,1,0,4,0,0,5,13,0,0,4,0,0,0,1,0,0,0,1746,3324,finalist
139,rush,5,tower,星晶の塔,12,20,5,1,0,14,15,0,45,45,0,0,0,40,40,179,0,0,85,292,0,0,7,0,0,0,124,161,0,0,3324,0,finalist
140,balanced,1,meadow,はじまり草原,1,4,2,1,1,1,3,6,4,4,0,0,2,2,1,6,2,1,8,30,1,1,6,0,0,0,2,2,0,0,230,1064,finalist
140,balanced,2,cave,こだま洞くつ,3,7,2,1,1,6,7,10,6,5,1,0,3,3,2,42,1,0,10,64,2,1,19,0,0,0,4,14,0,0,1135,2070,finalist
140,balanced,3,brook,しずく湖畔,5,10,3,1,1,11,8,10,5,4,1,0,3,2,1,7,2,2,9,30,0,0,7,0,0,0,6,8,0,0,2624,3248,finalist
140,balanced,4,volcano,ほむら火山,8,14,4,1,1,10,12,13,4,3,1,0,3,1,0,6,2,2,7,24,0,0,6,0,0,0,8,0,0,0,2516,3779,finalist
140,balanced,5,tower,星晶の塔,12,20,5,1,1,13,13,21,24,22,1,1,4,10,9,45,2,2,36,106,0,0,6,0,0,0,39,90,0,0,2927,3065,finalist
141,collector,1,meadow,はじまり草原,1,4,2,1,1,1,2,5,5,4,1,0,2,2,1,9,1,0,8,26,1,1,6,0,0,0,4,0,0,0,230,1280,finalist
141,collector,2,cave,こだま洞くつ,3,7,2,1,1,6,4,8,5,3,2,0,3,2,1,28,1,0,8,56,3,1,15,0,0,0,3,2,0,0,1358,3378,finalist
141,collector,3,brook,しずく湖畔,5,10,3,1,1,9,10,12,9,8,1,0,6,3,2,17,4,3,16,65,4,1,8,0,0,0,12,15,0,0,3772,3114,finalist
141,collector,4,volcano,ほむら火山,8,14,4,1,1,13,11,13,4,1,3,0,9,1,0,4,5,5,10,50,0,0,7,0,0,0,11,0,0,0,2331,4767,finalist
141,collector,5,tower,星晶の塔,12,20,5,1,1,13,16,23,42,36,2,4,14,12,11,150,5,5,59,325,4,1,33,0,0,0,68,65,0,0,2517,2611,finalist
142,rush,1,meadow,はじまり草原,1,4,2,1,1,1,2,5,3,2,1,0,1,2,1,12,0,0,5,21,0,0,7,0,0,0,2,3,0,0,230,942,finalist
142,rush,2,cave,こだま洞くつ,3,7,2,1,1,5,6,9,3,2,1,0,1,2,1,16,0,0,5,25,0,0,10,0,0,0,5,9,0,0,942,1028,finalist
142,rush,3,brook,しずく湖畔,5,10,3,1,1,9,10,12,4,4,0,0,0,2,1,10,0,0,6,18,0,0,5,0,0,0,5,21,0,0,1028,1838,finalist
142,rush,4,volcano,ほむら火山,8,14,4,1,1,12,13,14,4,4,0,0,0,1,0,6,0,0,5,14,0,0,6,0,0,0,2,0,0,0,1838,3401,finalist
142,rush,5,tower,星晶の塔,12,20,5,1,0,14,15,0,45,45,0,0,0,40,40,198,0,0,85,302,0,0,7,0,0,0,120,165,0,0,3401,0,finalist
143,balanced,1,meadow,はじまり草原,1,4,2,1,1,1,2,5,5,2,2,1,4,2,1,18,1,0,8,39,4,1,11,0,0,0,5,2,0,0,230,1096,finalist
143,balanced,2,cave,こだま洞くつ,3,7,2,1,1,6,5,8,4,3,1,0,3,2,1,23,2,0,8,54,2,1,12,0,0,0,4,5,0,0,2294,2951,finalist
143,balanced,3,brook,しずく湖畔,5,10,3,1,1,9,10,11,3,2,1,0,3,1,0,6,2,2,6,32,2,1,8,0,0,0,8,0,0,0,3219,4856,finalist
143,balanced,4,volcano,ほむら火山,8,14,4,1,1,11,12,14,7,5,1,1,6,2,1,14,2,2,11,61,2,1,9,0,0,0,18,15,0,0,3762,4327,finalist
143,balanced,5,tower,星晶の塔,12,20,5,1,1,14,17,27,41,40,1,0,3,19,18,93,2,2,62,179,6,1,10,0,0,0,64,146,0,0,3352,2214,finalist
144,collector,1,meadow,はじまり草原,1,4,2,1,1,1,2,5,5,4,1,0,2,2,1,12,1,0,8,25,2,1,8,0,0,0,2,0,0,0,230,1272,finalist
144,collector,2,cave,こだま洞くつ,3,7,2,1,1,6,6,10,8,8,0,0,2,3,2,42,1,0,12,104,2,1,22,0,0,0,5,5,0,0,1350,2865,finalist
144,collector,3,brook,しずく湖畔,5,10,3,1,1,11,11,15,15,13,2,0,7,5,4,63,5,4,25,119,0,0,20,0,0,0,27,33,0,0,3179,1305,finalist
144,collector,4,volcano,ほむら火山,8,14,4,1,1,12,13,15,4,2,2,0,7,1,0,6,5,5,10,71,1,1,24,0,0,0,17,0,0,0,992,3202,finalist
144,collector,5,tower,星晶の塔,12,20,5,1,1,15,15,23,44,40,1,3,13,13,12,74,5,5,62,280,12,1,25,0,0,0,70,60,0,0,1692,2288,finalist
145,rush,1,meadow,はじまり草原,1,4,2,1,1,1,2,5,3,2,1,0,1,2,1,12,0,0,5,23,0,0,6,0,0,0,3,2,0,0,230,998,finalist
145,rush,2,cave,こだま洞くつ,3,7,2,1,1,5,6,9,3,2,1,0,1,2,1,19,0,0,5,32,0,0,11,0,0,0,6,10,0,0,998,1713,finalist
145,rush,3,brook,しずく湖畔,5,10,3,1,1,9,10,13,5,5,0,0,0,3,2,20,0,0,8,33,0,0,8,0,0,0,9,30,0,0,1713,1157,finalist
145,rush,4,volcano,ほむら火山,8,14,4,1,1,13,14,14,4,4,0,0,0,1,0,7,0,0,5,16,0,0,7,0,0,0,2,0,0,0,1157,2729,finalist
145,rush,5,tower,星晶の塔,12,20,5,1,0,14,16,0,48,45,0,3,0,40,40,174,0,0,88,357,0,0,9,0,0,0,147,145,0,0,2729,0,finalist
146,balanced,1,meadow,はじまり草原,1,4,2,1,1,1,2,6,4,2,2,0,3,2,1,14,1,0,7,28,1,1,10,0,0,0,3,2,0,0,230,1123,finalist
146,balanced,2,cave,こだま洞くつ,3,7,2,1,1,6,7,10,4,4,0,0,1,2,1,29,1,0,7,56,2,1,18,0,0,0,3,9,0,0,1381,2662,finalist
146,balanced,3,brook,しずく湖畔,5,10,3,1,1,10,11,14,7,6,1,0,3,3,2,11,2,2,12,31,1,1,7,0,0,0,9,24,0,0,2796,2605,finalist
146,balanced,4,volcano,ほむら火山,8,14,4,1,1,14,12,13,4,3,1,0,3,1,0,4,2,0,7,25,1,1,6,0,0,0,2,0,0,0,2018,3003,finalist
146,balanced,5,tower,星晶の塔,12,20,5,1,1,14,15,21,15,14,1,0,6,6,5,27,2,2,23,77,1,1,7,0,0,0,22,102,0,0,4717,1894,finalist
147,collector,1,meadow,はじまり草原,1,4,2,1,1,1,2,5,5,4,1,0,2,2,1,12,1,0,8,29,1,1,7,0,0,0,2,0,0,0,230,1280,finalist
147,collector,2,cave,こだま洞くつ,3,7,2,1,1,6,6,10,8,6,2,0,4,3,2,46,2,0,13,118,4,1,21,0,0,0,4,6,0,0,1358,2948,finalist
147,collector,3,brook,しずく湖畔,5,10,3,1,1,11,7,11,12,11,1,0,7,4,3,18,5,5,21,68,1,1,6,0,0,0,16,11,0,0,3716,2674,finalist
147,collector,4,volcano,ほむら火山,8,14,4,1,1,11,11,13,4,2,2,0,7,1,0,4,5,4,10,99,2,1,23,0,0,0,15,0,0,0,1414,3305,finalist
147,collector,5,tower,星晶の塔,12,20,5,1,1,14,14,19,17,16,1,0,8,5,4,26,5,5,27,104,4,1,8,0,0,0,31,49,0,0,2473,2241,finalist
148,rush,1,meadow,はじまり草原,1,4,2,1,1,1,3,7,5,4,0,1,1,3,2,12,0,0,8,25,0,0,5,0,0,0,3,7,0,0,230,697,finalist
148,rush,2,cave,こだま洞くつ,3,7,2,1,1,7,7,10,5,2,2,1,3,3,2,19,0,0,8,38,0,0,9,0,0,0,10,11,0,0,697,785,finalist
148,rush,3,brook,しずく湖畔,5,10,3,1,1,10,10,13,4,4,0,0,0,2,1,10,0,0,6,20,0,0,6,0,0,0,5,14,0,0,785,2067,finalist
148,rush,4,volcano,ほむら火山,8,14,4,1,1,13,13,15,6,6,0,0,0,3,2,16,0,0,9,30,0,0,6,0,0,0,8,32,0,0,2067,1167,finalist
148,rush,5,tower,星晶の塔,12,20,5,1,0,15,17,0,45,45,0,0,0,40,40,174,0,0,85,300,0,0,7,0,0,0,131,134,0,0,1167,0,finalist
149,balanced,1,meadow,はじまり草原,1,4,2,1,1,1,2,6,4,2,2,0,3,2,1,14,1,0,7,26,2,1,10,0,0,0,3,2,0,0,230,1121,finalist
149,balanced,2,cave,こだま洞くつ,3,7,2,1,1,7,7,9,2,1,1,0,2,1,0,16,1,0,4,29,1,1,16,0,0,0,1,0,0,0,1619,3483,finalist
149,balanced,3,brook,しずく湖畔,5,10,3,1,1,9,10,11,3,2,1,0,5,1,0,5,2,2,6,26,0,0,8,0,0,0,4,0,0,0,3877,4743,finalist
149,balanced,4,volcano,ほむら火山,8,14,4,1,1,11,10,13,6,5,1,0,3,2,1,7,2,2,10,33,0,0,6,0,0,0,6,10,0,0,3674,4181,finalist
149,balanced,5,tower,星晶の塔,12,20,5,1,1,13,15,23,27,26,1,0,4,12,11,105,2,2,41,188,2,1,20,0,0,0,42,107,0,0,3239,3048,finalist
150,collector,1,meadow,はじまり草原,1,4,2,1,1,1,2,5,5,4,1,0,4,2,1,10,3,0,10,44,1,1,13,0,0,0,4,0,0,0,230,1277,finalist
150,collector,2,cave,こだま洞くつ,3,7,2,1,1,7,8,10,5,3,2,0,3,2,1,21,1,0,8,40,0,0,12,0,0,0,6,4,0,0,2631,3513,finalist
150,collector,3,brook,しずく湖畔,5,10,3,1,1,8,10,14,9,7,2,0,7,3,2,25,5,3,17,86,1,1,12,0,0,0,20,11,0,0,3907,4309,finalist
150,collector,4,volcano,ほむら火山,8,14,4,1,1,15,12,15,4,1,3,0,8,1,0,3,5,0,10,79,1,1,23,0,0,0,6,0,0,0,3351,7057,finalist
150,collector,5,tower,星晶の塔,12,20,5,1,1,22,21,24,14,11,3,0,9,4,3,24,5,5,23,82,4,1,8,0,0,0,25,52,0,0,20142,14935,finalist
151,rush,1,meadow,はじまり草原,1,4,2,1,1,1,2,5,3,1,2,0,2,2,1,14,0,0,5,23,0,0,10,0,0,0,3,3,0,0,230,921,finalist
151,rush,2,cave,こだま洞くつ,3,7,2,1,1,5,6,9,3,3,0,0,0,2,1,10,0,0,5,18,0,0,5,0,0,0,3,7,0,0,921,1376,finalist
151,rush,3,brook,しずく湖畔,5,10,3,1,1,9,10,13,5,5,0,0,0,3,2,15,0,0,8,27,0,0,6,0,0,0,7,32,0,0,1376,1161,finalist
151,rush,4,volcano,ほむら火山,8,14,4,1,1,13,14,16,5,5,0,0,0,2,1,10,0,0,7,24,0,0,5,0,0,0,6,23,0,0,1161,1188,finalist
151,rush,5,tower,星晶の塔,12,20,5,1,0,16,17,0,50,45,0,5,0,40,40,163,0,0,90,341,0,0,8,0,0,0,157,123,0,0,1188,0,finalist
152,balanced,1,meadow,はじまり草原,1,4,2,1,1,1,3,6,4,4,0,0,2,2,1,10,2,0,8,31,2,1,6,0,0,0,1,2,0,0,230,1065,finalist
152,balanced,2,cave,こだま洞くつ,3,7,2,1,1,8,6,7,2,1,1,0,3,1,0,13,2,1,5,35,1,1,13,0,0,0,3,0,0,0,2661,3201,finalist
152,balanced,3,brook,しずく湖畔,5,10,3,1,1,8,8,9,3,2,1,0,4,1,0,6,2,2,6,26,0,0,6,0,0,0,5,0,0,0,2951,4288,finalist
152,balanced,4,volcano,ほむら火山,8,14,4,1,1,9,11,13,4,3,1,0,3,1,0,4,2,1,7,31,1,1,9,0,0,0,7,0,0,0,3322,5988,finalist
152,balanced,5,tower,星晶の塔,12,20,5,1,1,13,16,24,31,30,1,0,4,14,13,63,2,2,47,154,5,1,9,0,0,0,49,141,0,0,5496,1850,finalist
153,collector,1,meadow,はじまり草原,1,4,2,1,1,1,2,5,5,4,1,0,4,2,1,11,3,0,10,44,2,1,8,0,0,0,4,0,0,0,230,1272,finalist
153,collector,2,cave,こだま洞くつ,3,7,2,1,1,7,7,10,5,3,2,0,3,2,1,24,1,0,8,45,2,1,17,0,0,0,5,3,0,0,1926,3358,finalist
153,collector,3,brook,しずく湖畔,5,10,3,1,1,10,9,12,6,4,2,0,8,2,1,14,5,5,13,69,5,1,11,0,0,0,20,6,0,0,3752,4818,finalist
153,collector,4,volcano,ほむら火山,8,14,4,1,1,12,12,14,5,3,1,1,9,1,0,5,5,5,11,59,0,0,8,0,0,0,22,0,0,0,2545,3901,finalist
153,collector,5,tower,星晶の塔,12,20,5,1,1,14,13,22,40,33,2,5,14,11,10,267,5,5,56,415,3,1,87,2,0,0,64,56,0,0,2061,2643,finalist
154,rush,1,meadow,はじまり草原,1,4,2,1,1,1,2,5,3,2,1,0,1,2,1,12,0,0,5,20,0,0,7,0,0,0,2,3,0,0,230,939,finalist
154,rush,2,cave,こだま洞くつ,3,7,2,1,1,5,6,9,4,3,1,0,1,3,2,23,0,0,7,35,0,0,8,0,0,0,8,13,0,0,939,752,finalist
154,rush,3,brook,しずく湖畔,5,10,3,1,1,9,10,14,7,7,0,0,0,5,4,26,0,0,12,43,0,0,6,0,0,0,15,33,0,0,752,1136,finalist
154,rush,4,volcano,ほむら火山,8,14,4,1,1,14,15,17,8,8,0,0,0,5,4,24,0,0,13,48,0,0,6,0,0,0,14,25,0,0,1136,945,finalist
154,rush,5,tower,星晶の塔,12,20,5,1,0,17,17,0,49,45,0,4,0,40,40,173,0,0,89,339,0,0,6,0,0,0,159,132,0,0,945,0,finalist
155,balanced,1,meadow,はじまり草原,1,4,2,1,1,1,2,6,4,2,2,0,4,2,1,13,2,0,8,31,1,1,9,0,0,0,3,2,0,0,230,1121,finalist
155,balanced,2,cave,こだま洞くつ,3,7,2,1,1,7,8,9,2,2,0,0,2,1,0,14,2,0,5,43,0,0,15,0,0,0,2,0,0,0,2577,3348,finalist
155,balanced,3,brook,しずく湖畔,5,10,3,1,1,10,11,13,3,2,1,0,3,1,0,4,2,1,6,24,0,0,6,0,0,0,4,0,0,0,3616,6423,finalist
155,balanced,4,volcano,ほむら火山,8,14,4,1,1,13,11,15,10,9,1,0,3,4,3,24,2,2,16,59,1,1,9,0,0,0,11,40,0,0,5860,3395,finalist
155,balanced,5,tower,星晶の塔,12,20,5,1,1,15,16,22,16,14,1,1,4,6,5,30,2,2,24,85,2,1,7,0,0,0,25,77,0,0,2630,4039,finalist
156,collector,1,meadow,はじまり草原,1,4,2,1,1,1,2,6,9,7,1,1,4,3,2,21,2,0,14,56,2,1,8,0,0,0,6,1,0,0,230,1159,finalist
156,collector,2,cave,こだま洞くつ,3,7,2,1,1,7,5,9,5,4,1,0,3,2,1,35,2,0,9,78,2,1,20,0,0,0,2,3,0,0,1735,3228,finalist
156,collector,3,brook,しずく湖畔,5,10,3,1,1,10,10,14,9,7,2,0,7,3,2,24,5,4,17,84,5,1,14,0,0,0,22,13,0,0,3496,4208,finalist
156,collector,4,volcano,ほむら火山,8,14,4,1,1,14,12,12,4,1,3,0,8,1,0,5,5,5,10,58,0,0,8,0,0,0,19,0,0,0,2732,3642,finalist
156,collector,5,tower,星晶の塔,12,20,5,1,1,12,15,24,43,37,1,5,11,12,11,80,5,5,60,413,10,1,27,0,0,0,79,62,0,0,1924,4455,finalist
157,rush,1,meadow,はじまり草原,1,4,2,1,1,1,2,5,3,1,2,0,2,2,1,15,0,0,5,24,0,0,10,0,0,0,3,3,0,0,230,925,finalist
157,rush,2,cave,こだま洞くつ,3,7,2,1,1,5,6,9,3,3,0,0,0,2,1,14,0,0,5,23,0,0,7,0,0,0,5,7,0,0,925,1383,finalist
157,rush,3,brook,しずく湖畔,5,10,3,1,1,9,10,12,5,5,0,0,0,3,2,14,0,0,8,23,0,0,6,0,0,0,8,23,0,0,1383,1851,finalist
157,rush,4,volcano,ほむら火山,8,14,4,1,1,12,13,16,7,7,0,0,0,4,3,20,0,0,11,46,0,0,6,0,0,0,14,34,0,0,1851,1208,finalist
157,rush,5,tower,星晶の塔,12,20,5,1,0,16,17,0,49,45,0,4,0,40,40,167,0,0,89,329,0,0,6,0,0,0,156,134,0,0,1208,0,finalist
158,balanced,1,meadow,はじまり草原,1,4,2,1,1,1,2,6,4,3,1,0,2,2,1,10,1,0,7,25,1,1,7,0,0,0,2,2,0,0,230,1136,finalist
158,balanced,2,cave,こだま洞くつ,3,7,2,1,1,6,7,9,2,1,1,0,3,1,0,12,1,0,4,27,1,1,12,0,0,0,1,0,0,0,1214,3497,finalist
158,balanced,3,brook,しずく湖畔,5,10,3,1,1,7,8,11,5,4,1,0,4,2,1,11,2,2,9,29,2,1,7,0,0,0,7,7,0,0,3631,4239,finalist
158,balanced,4,volcano,ほむら火山,8,14,4,1,1,11,11,12,4,3,1,0,4,1,0,4,2,2,7,22,0,0,5,0,0,0,5,0,0,0,3284,4474,finalist
158,balanced,5,tower,星晶の塔,12,20,5,1,1,12,14,23,31,28,1,2,9,13,12,63,2,2,46,154,9,1,7,0,0,0,51,106,0,0,3466,3051,finalist
159,collector,1,meadow,はじまり草原,1,4,2,1,1,1,3,6,8,8,0,0,1,3,2,15,1,0,12,37,2,1,6,0,0,0,2,0,0,0,230,1159,finalist
159,collector,2,cave,こだま洞くつ,3,7,2,1,1,6,5,10,8,6,2,0,3,3,2,32,1,0,12,57,3,1,16,0,0,0,4,7,0,0,1357,2966,finalist
159,collector,3,brook,しずく湖畔,5,10,3,1,1,10,10,13,9,6,3,0,8,3,2,16,5,5,17,59,0,0,7,0,0,0,22,13,0,0,3100,2483,finalist
159,collector,4,volcano,ほむら火山,8,14,4,1,1,13,13,16,10,8,2,0,8,3,2,21,5,5,18,105,2,1,10,0,0,0,27,13,0,0,1313,2944,finalist
159,collector,5,tower,星晶の塔,12,20,5,1,1,16,14,23,55,48,2,5,12,16,15,127,5,5,76,446,8,1,23,0,0,0,92,57,0,0,1556,3545,finalist
160,rush,1,meadow,はじまり草原,1,4,2,1,1,1,3,6,3,3,0,0,2,2,1,8,0,0,5,17,0,0,4,0,0,0,1,5,0,0,230,778,finalist
160,rush,2,cave,こだま洞くつ,3,7,2,1,1,6,7,13,23,21,0,2,4,20,19,59,0,0,43,107,0,0,4,0,0,0,21,37,0,0,778,534,finalist
160,rush,3,brook,しずく湖畔,5,10,3,1,1,13,13,14,3,1,2,0,2,1,0,5,0,0,4,13,0,0,5,0,0,0,1,0,0,0,534,1812,finalist
160,rush,4,volcano,ほむら火山,8,14,4,1,1,14,15,15,4,4,0,0,0,1,0,6,0,0,5,18,0,0,6,0,0,0,4,0,0,0,1812,2892,finalist
160,rush,5,tower,星晶の塔,12,20,5,1,0,15,16,0,45,45,0,0,0,40,40,165,0,0,85,297,0,0,6,0,0,0,136,161,0,0,2892,0,finalist
161,balanced,1,meadow,はじまり草原,1,4,2,1,1,1,3,7,6,6,0,0,3,3,2,10,2,0,11,36,1,1,6,0,0,0,2,5,0,0,230,889,finalist
161,balanced,2,cave,こだま洞くつ,3,7,2,1,1,8,8,11,7,4,2,1,4,3,2,29,1,0,11,52,1,1,12,0,0,0,7,14,0,0,1665,2042,finalist
161,balanced,3,brook,しずく湖畔,5,10,3,1,1,10,8,10,5,4,1,0,3,2,1,7,2,2,9,25,0,0,5,0,0,0,7,10,0,0,2356,2639,finalist
161,balanced,4,volcano,ほむら火山,8,14,4,1,1,10,11,13,4,4,0,0,6,1,0,4,2,2,7,29,1,1,6,0,0,0,6,0,0,0,2045,4372,finalist
161,balanced,5,tower,星晶の塔,12,20,5,1,1,13,15,22,34,28,1,5,8,13,12,81,2,2,49,187,1,1,17,0,0,0,55,93,0,0,3387,1859,finalist
162,collector,1,meadow,はじまり草原,1,4,2,1,1,1,2,5,5,4,1,0,2,2,1,10,1,0,8,31,2,1,5,0,0,0,3,0,0,0,230,1270,finalist
162,collector,2,cave,こだま洞くつ,3,7,2,1,1,5,5,10,8,7,1,0,3,3,2,35,1,0,12,88,3,1,18,0,0,0,5,6,0,0,1348,3095,finalist
162,collector,3,brook,しずく湖畔,5,10,3,1,1,10,10,14,12,10,2,0,7,4,3,21,5,4,21,73,5,1,8,0,0,0,16,18,0,0,3229,2299,finalist
162,collector,4,volcano,ほむら火山,8,14,4,1,1,14,11,13,4,3,1,0,9,1,0,3,5,5,10,58,0,0,8,0,0,0,11,0,0,0,1588,4259,finalist
162,collector,5,tower,星晶の塔,12,20,5,1,1,13,14,22,41,35,3,3,13,12,11,237,5,5,58,465,8,1,53,2,0,0,66,65,0,0,2250,2309,finalist
163,rush,1,meadow,はじまり草原,1,4,2,1,1,1,2,5,3,2,1,0,1,2,1,9,0,0,5,19,0,0,6,0,0,0,2,3,0,0,230,936,finalist
163,rush,2,cave,こだま洞くつ,3,7,2,1,1,5,6,9,4,2,1,1,2,2,1,13,0,0,6,28,0,0,7,0,0,0,8,9,0,0,936,936,finalist
163,rush,3,brook,しずく湖畔,5,10,3,1,1,9,10,12,4,4,0,0,0,2,1,8,0,0,6,17,0,0,5,0,0,0,5,19,0,0,936,1849,finalist
163,rush,4,volcano,ほむら火山,8,14,4,1,1,12,13,16,5,5,0,0,0,2,1,10,0,0,7,26,0,0,5,0,0,0,7,29,0,0,1849,1441,finalist
163,rush,5,tower,星晶の塔,12,20,5,1,0,16,17,0,49,45,0,4,0,40,40,172,0,0,89,333,0,0,7,0,0,0,147,128,0,0,1441,0,finalist
164,balanced,1,meadow,はじまり草原,1,4,2,1,1,1,2,4,4,0,2,2,5,1,0,11,1,0,6,30,2,1,11,0,0,0,4,0,0,0,230,1021,finalist
164,balanced,2,cave,こだま洞くつ,3,7,2,1,1,5,5,10,6,5,1,0,2,3,2,33,1,0,10,58,3,1,19,0,0,0,4,13,0,0,1379,2796,finalist
164,balanced,3,brook,しずく湖畔,5,10,3,1,1,10,8,10,5,4,1,0,3,2,1,8,2,2,9,26,1,1,5,0,0,0,7,10,0,0,3190,3239,finalist
164,balanced,4,volcano,ほむら火山,8,14,4,1,1,10,10,13,6,5,1,0,4,2,1,18,2,2,10,40,0,0,12,0,0,0,11,9,0,0,2509,3685,finalist
164,balanced,5,tower,星晶の塔,12,20,5,1,1,13,14,25,45,44,1,0,3,21,20,146,2,2,68,296,1,1,17,0,0,0,70,125,0,0,2854,4270,finalist
165,collector,1,meadow,はじまり草原,1,4,2,1,1,1,2,5,5,3,2,0,3,2,1,15,1,0,8,34,1,1,10,0,0,0,3,0,0,0,230,1248,finalist
165,collector,2,cave,こだま洞くつ,3,7,2,1,1,6,6,9,5,4,1,0,4,2,1,30,2,1,9,66,1,1,19,0,0,0,10,4,0,0,1506,3054,finalist
165,collector,3,brook,しずく湖畔,5,10,3,1,1,9,7,11,12,10,2,0,8,4,3,21,5,5,21,69,2,1,8,0,0,0,17,10,0,0,3322,2666,finalist
165,collector,4,volcano,ほむら火山,8,14,4,1,1,11,11,12,4,2,2,0,7,1,0,3,5,5,10,63,0,0,23,0,0,0,15,0,0,0,1409,2110,finalist
165,collector,5,tower,星晶の塔,12,20,5,1,1,12,17,23,33,29,3,1,9,10,9,123,5,5,48,344,3,1,44,0,0,0,52,57,0,0,1115,3511,finalist
166,rush,1,meadow,はじまり草原,1,4,2,1,1,1,3,6,3,3,0,0,1,2,1,7,0,0,5,17,0,0,5,0,0,0,1,4,0,0,230,831,finalist
166,rush,2,cave,こだま洞くつ,3,7,2,1,1,6,6,9,6,3,1,2,4,3,2,14,0,0,9,30,0,0,5,0,0,0,7,10,0,0,831,983,finalist
166,rush,3,brook,しずく湖畔,5,10,3,1,1,9,10,13,5,4,1,0,3,3,2,17,0,0,8,28,0,0,6,0,0,0,8,26,0,0,983,1460,finalist
166,rush,4,volcano,ほむら火山,8,14,4,1,1,13,13,14,4,4,0,0,0,1,0,6,0,0,5,15,0,0,6,0,0,0,2,0,0,0,1460,2728,finalist
166,rush,5,tower,星晶の塔,12,20,5,1,0,14,16,0,49,45,0,4,0,40,40,161,0,0,89,332,0,0,7,0,0,0,148,134,0,0,2728,0,finalist
167,balanced,1,meadow,はじまり草原,1,4,2,1,1,1,2,6,4,3,1,0,3,2,1,10,2,0,8,33,1,1,7,0,0,0,2,2,0,0,230,1137,finalist
167,balanced,2,cave,こだま洞くつ,3,7,2,1,1,7,8,9,2,1,1,0,3,1,0,10,2,2,5,35,1,1,11,0,0,0,7,0,0,0,1713,3149,finalist
167,balanced,3,brook,しずく湖畔,5,10,3,1,1,9,10,13,7,6,1,0,3,3,2,17,2,2,12,49,1,1,9,0,0,0,13,28,0,0,2440,1766,finalist
167,balanced,4,volcano,ほむら火山,8,14,4,1,1,13,14,14,4,3,1,0,3,1,0,7,2,2,7,28,0,0,7,0,0,0,8,0,0,0,1369,2554,finalist
167,balanced,5,tower,星晶の塔,12,20,5,1,1,14,14,24,31,30,1,0,3,14,13,63,2,2,47,150,2,1,6,0,0,0,52,104,0,0,1979,3067,finalist
168,collector,1,meadow,はじまり草原,1,4,2,1,1,1,2,5,6,4,1,1,4,2,1,13,2,0,10,49,4,1,9,0,0,0,5,0,0,0,230,1247,finalist
168,collector,2,cave,こだま洞くつ,3,7,2,1,1,7,7,11,8,7,1,0,4,3,2,36,2,0,13,82,3,1,16,0,0,0,4,9,0,0,1823,2586,finalist
168,collector,3,brook,しずく湖畔,5,10,3,1,1,11,7,12,12,10,2,0,8,4,3,19,5,4,21,70,2,1,11,0,0,0,15,11,0,0,3094,3742,finalist
168,collector,4,volcano,ほむら火山,8,14,4,1,1,12,13,13,4,2,2,0,5,1,0,4,3,2,8,32,0,0,7,0,0,0,8,0,0,0,2428,3440,finalist
168,collector,5,tower,星晶の塔,12,20,5,1,1,16,16,22,27,25,1,1,11,8,7,32,5,5,40,240,2,1,26,0,0,0,55,81,0,0,5122,2597,finalist
169,rush,1,meadow,はじまり草原,1,4,2,1,1,1,2,5,3,2,1,0,1,2,1,11,0,0,5,21,0,0,7,0,0,0,2,3,0,0,230,939,finalist
169,rush,2,cave,こだま洞くつ,3,7,2,1,1,5,6,8,3,2,1,0,1,2,1,15,0,0,5,25,0,0,9,0,0,0,5,9,0,0,939,1022,finalist
169,rush,3,brook,しずく湖畔,5,10,3,1,1,8,9,12,4,4,0,0,0,2,1,11,0,0,6,24,0,0,6,0,0,0,7,17,0,0,1022,2059,finalist
169,rush,4,volcano,ほむら火山,8,14,4,1,1,12,13,16,9,8,0,1,0,5,4,24,0,0,14,57,0,0,6,0,0,0,21,35,0,0,2059,1162,finalist
169,rush,5,tower,星晶の塔,12,20,5,1,0,16,17,0,53,45,0,8,0,40,40,165,0,0,93,339,0,0,7,0,0,0,165,123,0,0,1162,0,finalist
170,balanced,1,meadow,はじまり草原,1,4,2,1,1,1,3,7,6,6,0,0,2,3,2,14,1,0,10,34,2,1,6,0,0,0,2,5,0,0,230,890,finalist
170,balanced,2,cave,こだま洞くつ,3,7,2,1,1,7,7,10,4,3,1,0,3,2,1,42,2,0,8,81,3,1,25,0,0,0,3,6,0,0,1038,2504,finalist
170,balanced,3,brook,しずく湖畔,5,10,3,1,1,11,10,12,5,4,1,0,3,2,1,13,2,2,9,32,0,0,8,0,0,0,6,11,0,0,3072,3371,finalist
170,balanced,4,volcano,ほむら火山,8,14,4,1,1,12,12,16,8,7,1,0,3,3,2,47,2,2,13,78,1,1,21,0,0,0,12,31,0,0,2611,2885,finalist
170,balanced,5,tower,星晶の塔,12,20,5,1,1,16,17,27,53,52,1,0,3,25,24,209,2,2,80,316,10,1,17,0,0,0,83,163,0,0,2235,1822,finalist
171,collector,1,meadow,はじまり草原,1,4,2,1,1,1,2,5,5,4,1,0,6,2,1,12,5,0,12,50,2,1,8,0,0,0,4,0,0,0,230,1277,finalist
171,collector,2,cave,こだま洞くつ,3,7,2,1,1,9,9,12,5,3,2,0,4,2,1,22,2,0,9,45,1,1,16,0,0,0,6,5,0,0,3137,4586,finalist
171,collector,3,brook,しずく湖畔,5,10,3,1,1,9,9,13,6,3,3,0,6,2,1,13,3,0,11,56,1,1,11,0,0,0,10,4,0,0,5314,7237,finalist
171,collector,4,volcano,ほむら火山,8,14,4,1,1,20,20,20,4,1,3,0,4,1,0,23,1,0,6,44,0,0,23,0,0,0,3,0,0,0,19658,21170,finalist
171,collector,5,tower,星晶の塔,12,20,5,1,1,20,17,24,29,26,3,0,8,9,8,304,5,5,43,387,9,1,80,4,0,0,41,132,0,0,21427,6123,finalist
172,rush,1,meadow,はじまり草原,1,4,2,1,1,1,2,5,4,2,1,1,1,2,1,9,0,0,6,23,0,0,5,0,0,0,3,3,0,0,230,917,finalist
172,rush,2,cave,こだま洞くつ,3,7,2,1,1,5,6,10,4,4,0,0,2,3,2,13,0,0,7,27,0,0,5,0,0,0,5,17,0,0,917,734,finalist
172,rush,3,brook,しずく湖畔,5,10,3,1,1,10,10,13,4,3,1,0,1,2,1,11,0,0,6,25,0,0,6,0,0,0,5,15,0,0,734,1603,finalist
172,rush,4,volcano,ほむら火山,8,14,4,1,1,13,14,16,5,5,0,0,0,2,1,10,0,0,7,23,0,0,6,0,0,0,4,30,0,0,1603,1182,finalist
172,rush,5,tower,星晶の塔,12,20,5,1,0,16,17,0,50,45,0,5,0,40,40,180,0,0,90,339,0,0,7,0,0,0,150,122,0,0,1182,0,finalist
173,balanced,1,meadow,はじまり草原,1,4,2,1,1,1,2,5,4,2,2,0,3,2,1,16,1,0,7,31,2,1,11,0,0,0,4,2,0,0,230,1122,finalist
173,balanced,2,cave,こだま洞くつ,3,7,2,1,1,6,7,10,4,3,1,0,3,2,1,18,2,0,8,53,1,1,15,0,0,0,7,8,0,0,1380,3102,finalist
173,balanced,3,brook,しずく湖畔,5,10,3,1,1,10,11,13,5,4,1,0,3,2,1,11,1,0,8,29,1,1,6,0,0,0,6,13,0,0,3370,3635,finalist
173,balanced,4,volcano,ほむら火山,8,14,4,1,1,12,11,12,4,3,1,0,3,1,0,2,2,2,7,23,0,0,7,0,0,0,4,0,0,0,5042,6044,finalist
173,balanced,5,tower,星晶の塔,12,20,5,1,1,12,14,21,19,18,1,0,4,8,7,50,2,2,29,104,5,1,10,0,0,0,30,104,0,0,4681,1881,finalist
174,collector,1,meadow,はじまり草原,1,4,2,1,1,1,2,5,5,4,1,0,2,2,1,11,1,0,8,26,2,1,7,0,0,0,2,0,0,0,230,1269,finalist
174,collector,2,cave,こだま洞くつ,3,7,2,1,1,6,5,9,8,6,2,0,3,3,2,33,1,0,12,86,3,1,18,0,0,0,4,6,0,0,1347,2858,finalist
174,collector,3,brook,しずく湖畔,5,10,3,1,1,10,10,12,6,4,2,0,6,2,1,9,3,2,11,40,0,0,7,0,0,0,8,5,0,0,3252,3420,finalist
174,collector,4,volcano,ほむら火山,8,14,4,1,1,12,10,12,4,2,2,0,7,1,0,13,5,5,10,48,0,0,13,0,0,0,12,0,1,0,2856,5541,finalist
174,collector,5,tower,星晶の塔,12,20,5,1,1,12,16,21,29,22,1,6,16,7,6,93,5,5,41,224,1,1,43,0,0,0,48,45,0,0,2926,2221,finalist
175,rush,1,meadow,はじまり草原,1,4,2,1,1,1,2,5,3,2,1,0,1,2,1,13,0,0,5,21,0,0,7,0,0,0,3,2,0,0,230,1001,finalist
175,rush,2,cave,こだま洞くつ,3,7,2,1,1,5,5,9,8,4,1,3,5,4,3,31,0,0,12,70,0,0,10,0,0,0,17,13,0,0,1001,1446,finalist
175,rush,3,brook,しずく湖畔,5,10,3,1,1,9,10,14,8,8,0,0,0,6,5,32,0,0,14,49,0,0,7,0,0,0,15,30,0,0,1446,1170,finalist
175,rush,4,volcano,ほむら火山,8,14,4,1,1,14,14,16,5,5,0,0,0,2,1,12,0,0,7,29,0,0,6,0,0,0,7,23,0,0,1170,932,finalist
175,rush,5,tower,星晶の塔,12,20,5,1,0,16,18,0,49,45,0,4,0,40,40,166,0,0,89,300,0,0,6,0,0,0,144,124,0,0,932,0,finalist
176,balanced,1,meadow,はじまり草原,1,4,2,1,1,1,2,6,4,2,2,0,4,2,1,14,2,0,8,42,3,1,10,0,0,0,3,2,0,0,230,1121,finalist
176,balanced,2,cave,こだま洞くつ,3,7,2,1,1,7,7,9,2,1,1,0,3,1,0,8,2,0,5,35,0,0,14,0,0,0,5,0,0,0,2397,3314,finalist
176,balanced,3,brook,しずく湖畔,5,10,3,1,1,7,10,14,7,6,1,0,3,3,2,22,2,1,12,51,1,1,10,0,0,0,12,26,0,0,3582,4188,finalist
176,balanced,4,volcano,ほむら火山,8,14,4,1,1,14,13,14,4,3,1,0,5,1,0,4,2,0,7,26,1,1,8,0,0,0,5,0,0,0,3868,4861,finalist
176,balanced,5,tower,星晶の塔,12,20,5,1,1,16,17,29,49,48,1,0,4,23,22,129,2,2,74,270,8,1,11,0,0,0,80,207,0,0,7875,6650,finalist
177,collector,1,meadow,はじまり草原,1,4,2,1,1,1,2,5,5,3,2,0,4,2,1,15,2,0,9,38,3,1,9,0,0,0,5,0,0,0,230,1255,finalist
177,collector,2,cave,こだま洞くつ,3,7,2,1,1,8,8,10,5,4,1,0,5,2,1,30,3,2,10,73,2,1,21,0,0,0,13,5,0,0,3151,3119,finalist
177,collector,3,brook,しずく湖畔,5,10,3,1,1,10,7,9,6,5,1,0,8,2,1,9,5,5,13,52,1,1,6,0,0,0,13,4,0,0,3110,3223,finalist
177,collector,4,volcano,ほむら火山,8,14,4,1,1,9,10,14,7,6,1,0,9,2,1,11,5,5,14,73,1,1,20,0,0,0,13,6,0,0,1703,3947,finalist
177,collector,5,tower,星晶の塔,12,20,5,1,1,14,16,25,56,48,2,6,13,16,15,204,5,5,77,546,4,1,25,0,0,0,91,68,0,0,2085,3170,finalist
178,rush,1,meadow,はじまり草原,1,4,2,1,1,1,3,5,2,2,0,0,0,1,0,5,0,0,3,13,0,0,5,0,0,0,0,0,0,0,230,992,finalist
178,rush,2,cave,こだま洞くつ,3,7,2,1,1,5,5,9,8,3,1,4,6,3,2,17,0,0,11,52,0,0,9,0,0,0,11,11,0,0,992,738,finalist
178,rush,3,brook,しずく湖畔,5,10,3,1,1,9,9,12,4,3,1,0,3,2,1,12,0,0,6,27,0,0,6,0,0,0,6,13,0,0,738,1914,finalist
178,rush,4,volcano,ほむら火山,8,14,4,1,1,12,13,15,5,5,0,0,0,2,1,8,0,0,7,17,0,0,5,0,0,0,4,28,0,0,1914,1622,finalist
178,rush,5,tower,星晶の塔,12,20,5,1,1,15,16,23,28,26,0,2,0,22,21,87,0,0,50,148,0,0,6,0,0,0,76,93,0,0,1622,1511,finalist
179,balanced,1,meadow,はじまり草原,1,4,2,1,1,1,2,6,4,3,1,0,3,2,1,11,2,0,8,34,1,1,8,0,0,0,2,2,0,0,230,1139,finalist
179,balanced,2,cave,こだま洞くつ,3,7,2,1,1,7,8,9,2,1,1,0,3,1,0,12,2,2,5,41,0,0,12,0,0,0,8,0,0,0,1715,3577,finalist
179,balanced,3,brook,しずく湖畔,5,10,3,1,1,9,9,13,7,6,1,0,3,3,2,29,2,2,12,53,1,1,10,0,0,0,14,24,0,0,2771,2077,finalist
179,balanced,4,volcano,ほむら火山,8,14,4,1,1,13,11,12,4,3,1,0,3,1,0,17,2,2,7,39,0,0,17,0,0,0,9,0,0,0,1609,3065,finalist
179,balanced,5,tower,星晶の塔,12,20,5,1,1,12,14,26,49,48,1,0,3,23,22,100,2,2,74,253,6,1,13,0,0,0,81,147,0,0,2375,3416,finalist
180,collector,1,meadow,はじまり草原,1,4,2,1,1,1,3,6,11,11,0,0,1,4,3,22,1,0,16,54,2,1,8,0,0,0,3,0,0,0,230,1152,finalist
180,collector,2,cave,こだま洞くつ,3,7,2,1,1,7,7,10,5,3,2,0,7,2,1,20,5,1,12,116,4,1,20,0,0,0,14,4,0,0,1350,3287,finalist
180,collector,3,brook,しずく湖畔,5,10,3,1,1,13,11,13,6,4,2,0,4,2,1,10,2,1,10,38,2,1,8,0,0,0,9,7,0,0,4813,4737,finalist
180,collector,4,volcano,ほむら火山,8,14,4,1,1,10,10,14,7,5,2,0,6,2,1,17,4,3,13,54,1,1,13,0,0,0,8,6,0,0,4376,6821,finalist
180,collector,5,tower,星晶の塔,12,20,5,1,1,15,16,26,41,36,2,3,12,12,11,254,5,5,58,467,6,1,86,2,0,0,64,85,0,0,5807,7966,finalist
181,rush,1,meadow,はじまり草原,1,4,2,1,1,1,2,5,3,1,2,0,2,2,1,16,0,0,5,24,0,0,10,0,0,0,4,3,0,0,230,927,finalist
181,rush,2,cave,こだま洞くつ,3,7,2,1,1,5,6,9,3,3,0,0,0,2,1,13,0,0,5,21,0,0,8,0,0,0,4,9,0,0,927,1267,finalist
181,rush,3,brook,しずく湖畔,5,10,3,1,1,9,10,12,4,4,0,0,0,2,1,10,0,0,6,17,0,0,6,0,0,0,4,19,0,0,1267,1882,finalist
181,rush,4,volcano,ほむら火山,8,14,4,1,1,12,13,17,7,7,0,0,0,4,3,21,0,0,11,46,0,0,6,0,0,0,14,44,0,0,1882,1194,finalist
181,rush,5,tower,星晶の塔,12,20,5,1,0,17,18,0,49,45,0,4,0,40,40,165,0,0,89,335,0,0,6,0,0,0,152,117,0,0,1194,0,finalist
182,balanced,1,meadow,はじまり草原,1,4,2,1,1,1,2,5,4,3,1,0,3,2,1,10,2,0,8,33,1,1,7,0,0,0,4,2,0,0,230,1144,finalist
182,balanced,2,cave,こだま洞くつ,3,7,2,1,1,7,7,8,2,1,1,0,3,1,0,17,2,2,5,43,2,1,17,0,0,0,8,0,0,0,1720,3162,finalist
182,balanced,3,brook,しずく湖畔,5,10,3,1,1,8,9,10,3,2,1,0,3,1,0,11,2,2,6,31,0,0,11,0,0,0,8,0,0,0,2450,3476,finalist
182,balanced,4,volcano,ほむら火山,8,14,4,1,1,10,11,13,6,5,1,0,3,2,1,10,2,2,10,38,1,1,6,0,0,0,13,11,0,0,2692,3304,finalist
182,balanced,5,tower,星晶の塔,12,20,5,1,1,13,15,28,72,63,0,9,14,30,29,150,2,2,104,451,20,1,9,0,0,0,146,153,0,0,2560,3095,finalist
183,collector,1,meadow,はじまり草原,1,4,2,1,1,1,2,5,6,4,1,1,3,2,1,9,1,0,9,28,0,0,5,0,0,0,3,0,0,0,230,1251,finalist
183,collector,2,cave,こだま洞くつ,3,7,2,1,1,6,6,10,8,6,2,0,7,3,2,43,5,0,16,124,5,1,21,0,0,0,14,6,0,0,1329,2982,finalist
183,collector,3,brook,しずく湖畔,5,10,3,1,1,13,13,14,3,2,1,0,6,1,0,7,5,5,9,49,1,1,9,0,0,0,17,0,0,0,5052,6037,finalist
183,collector,4,volcano,ほむら火山,8,14,4,1,1,14,11,15,8,5,2,1,9,2,1,7,5,0,15,55,0,0,8,0,0,0,13,5,0,0,3188,5405,finalist
183,collector,5,tower,星晶の塔,12,20,5,1,1,22,21,25,17,14,3,0,9,5,4,31,5,5,27,100,2,1,11,0,0,0,30,80,0,0,18490,11625,finalist
184,rush,1,meadow,はじまり草原,1,4,2,1,1,1,2,5,3,2,1,0,1,2,1,10,0,0,5,18,0,0,6,0,0,0,2,3,0,0,230,937,finalist
184,rush,2,cave,こだま洞くつ,3,7,2,1,1,5,6,9,4,3,1,0,1,3,2,17,0,0,7,28,0,0,6,0,0,0,8,13,0,0,937,755,finalist
184,rush,3,brook,しずく湖畔,5,10,3,1,1,9,10,11,3,3,0,0,0,1,0,7,0,0,4,13,0,0,7,0,0,0,2,0,0,0,755,2951,finalist
184,rush,4,volcano,ほむら火山,8,14,4,1,1,11,12,16,6,6,0,0,0,3,2,13,0,0,9,30,0,0,5,0,0,0,7,48,0,0,2951,1154,finalist
184,rush,5,tower,星晶の塔,12,20,5,1,0,16,17,0,58,45,0,13,0,40,40,173,0,0,98,373,0,0,7,0,0,0,165,121,0,0,1154,0,finalist
185,balanced,1,meadow,はじまり草原,1,4,2,1,1,1,3,6,5,4,0,1,3,2,1,11,1,0,8,33,3,1,7,0,0,0,2,3,0,0,230,1008,finalist
185,balanced,2,cave,こだま洞くつ,3,7,2,1,1,6,5,9,6,5,1,0,3,3,2,48,2,0,11,92,3,1,18,0,0,0,5,10,0,0,1156,2336,finalist
185,balanced,3,brook,しずく湖畔,5,10,3,1,1,10,11,14,7,6,1,0,4,3,2,15,2,2,12,46,1,1,8,0,0,0,13,31,0,0,2904,1851,finalist
185,balanced,4,volcano,ほむら火山,8,14,4,1,1,14,14,16,4,3,1,0,3,1,0,8,2,1,7,36,0,0,8,0,0,0,8,0,0,0,1434,3612,finalist
185,balanced,5,tower,星晶の塔,12,20,5,1,1,16,17,22,14,12,1,1,4,5,4,30,2,2,21,71,0,0,10,0,0,0,25,82,0,0,3405,1851,finalist
186,collector,1,meadow,はじまり草原,1,4,2,1,1,1,2,5,5,4,1,0,2,2,1,10,1,0,8,27,1,1,5,0,0,0,3,0,0,0,230,1282,finalist
186,collector,2,cave,こだま洞くつ,3,7,2,1,1,6,6,10,8,8,0,0,1,3,2,43,1,0,12,100,2,1,22,0,0,0,4,5,0,0,1360,3073,finalist
186,collector,3,brook,しずく湖畔,5,10,3,1,1,11,7,8,3,1,2,0,7,1,0,5,5,5,9,31,0,0,5,0,0,0,11,0,0,0,3387,4522,finalist
186,collector,4,volcano,ほむら火山,8,14,4,1,1,8,8,10,12,9,3,0,8,1,0,5,5,5,18,90,3,1,11,0,0,0,19,0,0,0,2389,3017,finalist
186,collector,5,tower,星晶の塔,12,20,5,1,1,10,15,23,36,33,2,1,9,11,10,114,5,5,52,301,4,1,49,0,0,0,57,67,0,0,1594,3859,finalist
187,rush,1,meadow,はじまり草原,1,4,2,1,1,1,2,5,3,1,2,0,2,2,1,13,0,0,5,21,0,0,9,0,0,0,3,3,0,0,230,924,finalist
187,rush,2,cave,こだま洞くつ,3,7,2,1,1,5,6,9,3,3,0,0,0,2,1,13,0,0,5,21,0,0,7,0,0,0,4,9,0,0,924,1036,finalist
187,rush,3,brook,しずく湖畔,5,10,3,1,1,9,10,12,4,4,0,0,0,2,1,9,0,0,6,17,0,0,5,0,0,0,4,19,0,0,1036,1885,finalist
187,rush,4,volcano,ほむら火山,8,14,4,1,1,12,13,16,9,9,0,0,0,6,5,33,0,0,15,62,0,0,6,0,0,0,18,38,0,0,1885,1162,finalist
187,rush,5,tower,星晶の塔,12,20,5,1,0,16,18,0,50,45,0,5,0,40,40,168,0,0,90,367,0,0,8,0,0,0,160,125,0,0,1162,0,finalist
188,balanced,1,meadow,はじまり草原,1,4,2,1,1,1,3,6,6,6,0,0,3,3,2,9,2,0,11,39,1,1,8,0,0,0,2,5,0,0,230,875,finalist
188,balanced,2,cave,こだま洞くつ,3,7,2,1,1,8,7,9,4,3,1,0,2,2,1,18,1,0,7,30,1,1,15,0,0,0,2,9,0,0,1721,2293,finalist
188,balanced,3,brook,しずく湖畔,5,10,3,1,1,9,9,11,5,4,1,0,3,2,1,8,2,2,9,29,2,1,6,0,0,0,7,7,0,0,2907,3273,finalist
188,balanced,4,volcano,ほむら火山,8,14,4,1,1,11,12,15,8,7,1,0,6,3,2,33,2,2,13,65,3,1,20,0,0,0,14,28,0,0,2536,3268,finalist
188,balanced,5,tower,星晶の塔,12,20,5,1,1,15,16,23,31,28,1,2,8,13,12,82,2,2,46,181,7,1,11,0,0,0,53,91,0,0,2531,1838,finalist
189,collector,1,meadow,はじまり草原,1,4,2,1,1,1,2,5,5,3,2,0,3,2,1,15,1,0,8,35,2,1,11,0,0,0,3,0,0,0,230,1267,finalist
189,collector,2,cave,こだま洞くつ,3,7,2,1,1,6,6,9,5,3,2,0,3,2,1,16,1,0,8,37,2,1,12,0,0,0,6,3,0,0,1765,3520,finalist
189,collector,3,brook,しずく湖畔,5,10,3,1,1,10,9,10,3,1,2,0,7,1,0,5,5,5,9,35,0,0,6,0,0,0,17,0,0,0,3654,4404,finalist
189,collector,4,volcano,ほむら火山,8,14,4,1,1,10,10,10,9,6,3,0,8,1,0,5,5,5,15,83,0,0,9,0,0,0,22,0,0,0,2325,3733,finalist
189,collector,5,tower,星晶の塔,12,20,5,1,1,10,13,27,73,65,0,8,15,21,20,92,5,5,99,551,15,1,14,0,0,0,138,101,0,0,1972,3458,finalist
190,rush,1,meadow,はじまり草原,1,4,2,1,1,1,2,5,3,2,1,0,1,2,1,11,0,0,5,19,0,0,7,0,0,0,2,3,0,0,230,944,finalist
190,rush,2,cave,こだま洞くつ,3,7,2,1,1,5,6,9,4,3,1,0,1,3,2,17,0,0,7,32,0,0,7,0,0,0,7,13,0,0,944,767,finalist
190,rush,3,brook,しずく湖畔,5,10,3,1,1,9,10,13,4,4,0,0,0,2,1,9,0,0,6,16,0,0,5,0,0,0,4,21,0,0,767,1507,finalist
190,rush,4,volcano,ほむら火山,8,14,4,1,1,13,14,14,4,4,0,0,0,1,0,5,0,0,5,16,0,0,5,0,0,0,2,0,0,0,1507,3080,finalist
190,rush,5,tower,星晶の塔,12,20,5,1,0,14,15,0,47,45,0,2,0,40,40,171,0,0,87,307,0,0,7,0,0,0,137,149,0,0,3080,0,finalist
191,balanced,1,meadow,はじまり草原,1,4,2,1,1,1,2,6,4,3,1,0,3,2,1,12,2,0,8,35,2,1,6,0,0,0,5,2,0,0,230,1137,finalist
191,balanced,2,cave,こだま洞くつ,3,7,2,1,1,7,7,10,4,4,0,0,4,2,1,22,2,2,8,50,0,0,14,0,0,0,7,10,0,0,1713,2672,finalist
191,balanced,3,brook,しずく湖畔,5,10,3,1,1,10,11,14,7,6,1,0,5,3,2,21,2,2,12,54,0,0,10,0,0,0,14,30,0,0,2070,971,finalist
191,balanced,4,volcano,ほむら火山,8,14,4,1,1,14,14,16,9,7,1,1,5,3,2,29,2,2,14,80,1,1,13,0,0,0,18,15,0,0,753,1237,finalist
191,balanced,5,tower,星晶の塔,12,20,5,1,1,16,16,29,72,70,1,1,4,34,33,196,2,2,108,343,10,1,13,0,0,0,115,171,0,0,959,3029,finalist
192,collector,1,meadow,はじまり草原,1,4,2,1,1,1,2,5,5,4,1,0,2,2,1,12,1,0,8,34,0,0,7,0,0,0,4,0,0,0,230,1278,finalist
192,collector,2,cave,こだま洞くつ,3,7,2,1,1,5,4,8,5,4,1,0,4,2,1,30,3,0,10,90,4,1,17,0,0,0,6,2,0,0,1356,3184,finalist
192,collector,3,brook,しずく湖畔,5,10,3,1,1,10,11,13,6,4,2,0,8,2,1,8,5,4,13,57,0,0,9,0,0,0,12,8,0,0,3886,5249,finalist
192,collector,4,volcano,ほむら火山,8,14,4,1,1,14,14,15,4,1,3,0,8,1,0,5,5,5,10,53,1,1,8,0,0,0,17,0,0,0,3273,3888,finalist
192,collector,5,tower,星晶の塔,12,20,5,1,1,15,12,19,19,15,2,2,12,5,4,26,5,5,29,131,6,1,9,0,0,0,41,44,0,0,2054,4760,finalist
193,rush,1,meadow,はじまり草原,1,4,2,1,1,1,2,5,3,2,1,0,1,2,1,12,0,0,5,25,0,0,8,0,0,0,3,2,0,0,230,995,finalist
193,rush,2,cave,こだま洞くつ,3,7,2,1,1,5,5,8,3,2,1,0,2,2,1,14,0,0,5,28,0,0,7,0,0,0,5,8,0,0,995,1130,finalist
193,rush,3,brook,しずく湖畔,5,10,3,1,1,8,9,12,4,4,0,0,0,2,1,10,0,0,6,17,0,0,5,0,0,0,4,14,0,0,1130,2271,finalist
193,rush,4,volcano,ほむら火山,8,14,4,1,1,12,13,15,5,5,0,0,0,2,1,7,0,0,7,17,0,0,4,0,0,0,3,25,0,0,2271,2070,finalist
193,rush,5,tower,星晶の塔,12,20,5,1,0,15,17,0,45,45,0,0,0,40,40,186,0,0,85,290,0,0,7,0,0,0,124,147,0,0,2070,0,finalist
194,balanced,1,meadow,はじまり草原,1,4,2,1,1,1,2,6,5,2,2,1,4,2,1,15,1,0,8,32,2,1,10,0,0,0,5,2,0,0,230,1097,finalist
194,balanced,2,cave,こだま洞くつ,3,7,2,1,1,7,4,8,4,3,1,0,3,2,1,25,2,0,8,60,3,1,14,0,0,0,4,6,0,0,1595,3207,finalist
194,balanced,3,brook,しずく湖畔,5,10,3,1,1,9,10,11,3,2,1,0,3,1,0,11,2,1,6,29,0,0,11,0,0,0,4,0,0,0,3475,4884,finalist
194,balanced,4,volcano,ほむら火山,8,14,4,1,1,13,13,14,4,3,1,0,4,1,0,4,2,2,7,34,0,0,9,0,0,0,7,0,0,0,5705,6724,finalist
194,balanced,5,tower,星晶の塔,12,20,5,1,1,14,15,23,33,28,1,4,11,13,12,84,2,2,48,210,3,1,20,0,0,0,60,104,0,0,5208,1831,finalist
195,collector,1,meadow,はじまり草原,1,4,2,1,1,1,3,5,7,5,0,2,6,2,1,8,5,5,14,55,3,1,6,0,0,0,8,0,0,0,230,1178,finalist
195,collector,2,cave,こだま洞くつ,3,7,2,1,1,5,6,9,15,9,2,4,8,4,3,50,2,0,21,120,4,1,19,0,0,0,17,0,0,0,624,2366,finalist
195,collector,3,brook,しずく湖畔,5,10,3,1,1,8,9,11,9,7,2,0,7,3,2,22,5,5,17,75,1,1,10,0,0,0,24,13,0,0,3234,2688,finalist
195,collector,4,volcano,ほむら火山,8,14,4,1,1,11,9,12,7,4,3,0,9,2,1,13,5,5,14,91,1,1,18,0,0,0,24,6,0,0,1421,2535,finalist
195,collector,5,tower,星晶の塔,12,20,5,1,1,12,14,23,50,45,2,3,11,15,14,276,5,5,70,596,9,1,77,3,0,0,77,70,0,0,1340,3480,finalist
196,rush,1,meadow,はじまり草原,1,4,2,1,1,1,2,5,4,2,1,1,2,2,1,12,0,0,6,25,0,0,6,0,0,0,4,2,0,0,230,976,finalist
196,rush,2,cave,こだま洞くつ,3,7,2,1,1,5,6,9,3,2,1,0,1,2,1,14,0,0,5,25,0,0,8,0,0,0,5,10,0,0,976,1900,finalist
196,rush,3,brook,しずく湖畔,5,10,3,1,1,9,10,11,3,3,0,0,0,1,0,6,0,0,4,14,0,0,6,0,0,0,1,0,0,0,1900,3161,finalist
196,rush,4,volcano,ほむら火山,8,14,4,1,1,11,12,14,5,5,0,0,0,2,1,10,0,0,7,31,0,0,6,0,0,0,8,24,0,0,3161,2953,finalist
196,rush,5,tower,星晶の塔,12,20,5,1,0,14,16,0,53,45,0,8,0,40,40,173,0,0,93,359,0,0,7,0,0,0,156,143,0,0,2953,0,finalist
197,balanced,1,meadow,はじまり草原,1,4,2,1,1,1,2,6,4,3,1,0,3,2,1,11,2,0,8,31,1,1,7,0,0,0,4,2,0,0,230,1143,finalist
197,balanced,2,cave,こだま洞くつ,3,7,2,1,1,7,8,8,2,1,1,0,3,1,0,7,2,2,5,29,1,1,8,0,0,0,9,0,0,0,2419,3168,finalist
197,balanced,3,brook,しずく湖畔,5,10,3,1,1,8,9,14,9,8,1,0,3,4,3,24,2,2,15,52,1,1,7,0,0,0,17,40,0,0,2454,988,finalist
197,balanced,4,volcano,ほむら火山,8,14,4,1,1,14,14,15,4,3,1,0,4,1,0,4,2,2,7,28,0,0,8,0,0,0,8,0,0,0,766,1961,finalist
197,balanced,5,tower,星晶の塔,12,20,5,1,1,15,15,24,36,32,1,3,6,15,14,74,2,2,53,172,11,1,7,0,0,0,63,94,0,0,1519,3079,finalist
198,collector,1,meadow,はじまり草原,1,4,2,1,1,1,2,5,5,3,2,0,3,2,1,14,1,0,8,28,1,1,10,0,0,0,3,0,0,0,230,1259,finalist
198,collector,2,cave,こだま洞くつ,3,7,2,1,1,6,4,7,5,3,2,0,5,2,1,28,3,0,10,75,2,1,16,0,0,0,4,2,0,0,1517,3074,finalist
198,collector,3,brook,しずく湖畔,5,10,3,1,1,10,10,12,3,0,3,0,8,1,0,6,5,5,9,45,1,1,9,0,0,0,18,0,0,0,3976,5973,finalist
198,collector,4,volcano,ほむら火山,8,14,4,1,1,12,10,12,10,8,2,0,8,3,2,18,5,5,18,101,1,1,10,0,0,0,32,14,1,0,3154,3105,finalist
198,collector,5,tower,星晶の塔,12,20,5,1,1,12,14,22,43,37,1,5,12,12,11,119,5,5,60,342,3,1,26,0,0,0,71,54,0,0,1641,2609,finalist
199,rush,1,meadow,はじまり草原,1,4,2,1,1,1,2,5,4,1,2,1,2,2,1,16,0,0,6,29,0,0,11,0,0,0,4,3,0,0,230,895,finalist
199,rush,2,cave,こだま洞くつ,3,7,2,1,1,5,6,10,4,4,0,0,0,3,2,17,0,0,7,27,0,0,7,0,0,0,7,16,0,0,895,1263,finalist
199,rush,3,brook,しずく湖畔,5,10,3,1,1,10,10,13,5,5,0,0,0,3,2,16,0,0,8,23,0,0,6,0,0,0,8,24,0,0,1263,1427,finalist
199,rush,4,volcano,ほむら火山,8,14,4,1,1,13,14,16,6,6,0,0,0,3,2,15,0,0,9,38,0,0,6,0,0,0,11,25,0,0,1427,1142,finalist
199,rush,5,tower,星晶の塔,12,20,5,1,0,16,17,0,50,45,0,5,0,40,40,167,0,0,90,335,0,0,7,0,0,0,157,122,0,0,1142,0,finalist
200,balanced,1,meadow,はじまり草原,1,4,2,1,1,1,2,6,5,3,1,1,3,2,1,9,2,0,9,34,1,1,7,0,0,0,4,2,0,0,230,1104,finalist
200,balanced,2,cave,こだま洞くつ,3,7,2,1,1,7,8,9,2,1,1,0,3,1,0,16,2,0,5,43,1,1,16,0,0,0,3,0,0,0,1680,3544,finalist
200,balanced,3,brook,しずく湖畔,5,10,3,1,1,10,11,14,5,4,1,0,2,2,1,14,1,0,8,27,1,1,10,0,0,0,4,14,0,0,3812,5355,finalist
200,balanced,4,volcano,ほむら火山,8,14,4,1,1,14,11,12,4,3,1,0,3,1,0,2,2,2,7,20,0,0,6,0,0,0,4,0,0,0,5562,6532,finalist
200,balanced,5,tower,星晶の塔,12,20,5,1,1,12,14,21,18,16,1,1,7,7,6,35,2,2,27,93,0,0,9,0,0,0,22,84,0,0,5060,4991,finalist
201,collector,1,meadow,はじまり草原,1,4,2,1,1,1,2,4,3,0,2,1,4,1,0,7,2,1,6,34,2,1,12,0,0,0,7,0,0,0,230,1051,finalist
201,collector,2,cave,こだま洞くつ,3,7,2,1,1,5,5,8,5,3,2,0,7,2,1,31,5,0,12,97,2,1,16,0,0,0,4,3,0,0,1283,3329,finalist
201,collector,3,brook,しずく湖畔,5,10,3,1,1,12,12,13,3,2,1,0,7,1,0,15,5,3,9,56,0,0,15,0,0,0,7,0,0,0,5699,6199,finalist
201,collector,4,volcano,ほむら火山,8,14,4,1,1,16,16,19,4,0,4,0,7,1,0,3,3,0,8,25,0,0,6,0,0,0,2,0,0,0,6297,12534,finalist
201,collector,5,tower,星晶の塔,12,20,5,1,1,22,20,21,8,5,3,0,8,2,1,12,5,5,15,66,1,1,9,0,0,0,20,13,0,0,20305,19996,finalist
202,rush,1,meadow,はじまり草原,1,4,2,1,1,1,2,5,3,2,1,0,1,2,1,11,0,0,5,19,0,0,6,0,0,0,3,3,0,0,230,944,finalist
202,rush,2,cave,こだま洞くつ,3,7,2,1,1,5,6,11,12,10,0,2,3,9,8,44,0,0,21,84,0,0,7,0,0,0,22,18,0,0,944,1716,finalist
202,rush,3,brook,しずく湖畔,5,10,3,1,1,11,11,14,9,8,1,0,2,7,6,31,0,0,16,53,0,0,6,0,0,0,21,27,0,0,1716,1366,finalist
202,rush,4,volcano,ほむら火山,8,14,4,1,1,14,15,17,5,5,0,0,0,2,1,10,0,0,7,20,0,0,5,0,0,0,7,33,0,0,1366,989,finalist
202,rush,5,tower,星晶の塔,12,20,5,1,0,17,18,0,49,45,0,4,0,40,40,168,0,0,89,327,0,0,6,0,0,0,158,125,0,0,989,0,finalist
203,balanced,1,meadow,はじまり草原,1,4,2,1,1,1,2,6,4,2,2,0,4,2,1,16,2,0,8,41,3,1,11,0,0,0,4,2,0,0,230,1123,finalist
203,balanced,2,cave,こだま洞くつ,3,7,2,1,1,7,7,9,2,1,1,0,3,1,0,11,2,2,5,40,1,1,12,0,0,0,7,0,0,0,1879,3314,finalist
203,balanced,3,brook,しずく湖畔,5,10,3,1,1,9,10,13,7,6,1,0,3,3,2,16,2,2,12,42,2,1,7,0,0,0,14,23,0,0,2567,2349,finalist
203,balanced,4,volcano,ほむら火山,8,14,4,1,1,13,13,14,4,3,1,0,2,1,0,5,1,0,6,20,1,1,5,0,0,0,2,0,0,0,1820,3041,finalist
203,balanced,5,tower,星晶の塔,12,20,5,1,1,14,15,18,12,11,0,1,8,4,3,16,2,2,18,64,2,1,6,0,0,0,16,69,0,0,4498,2277,finalist
204,collector,1,meadow,はじまり草原,1,4,2,1,1,1,2,5,2,1,1,0,4,1,0,7,3,0,6,30,2,1,8,0,0,0,2,0,0,0,230,1097,finalist
204,collector,2,cave,こだま洞くつ,3,7,2,1,1,7,8,9,2,1,1,0,5,1,0,6,3,1,6,57,0,0,15,0,0,0,9,0,0,0,1971,3742,finalist
204,collector,3,brook,しずく湖畔,5,10,3,1,1,7,11,13,6,3,3,0,8,2,1,15,5,5,13,57,1,1,10,0,0,0,20,8,0,0,4761,5055,finalist
204,collector,4,volcano,ほむら火山,8,14,4,1,1,13,11,12,4,3,1,0,9,1,0,6,5,5,10,57,1,1,8,0,0,0,21,0,0,0,2670,3462,finalist
204,collector,5,tower,星晶の塔,12,20,5,1,1,12,17,26,49,43,1,5,13,14,13,163,5,5,68,459,5,1,23,0,0,0,78,66,0,0,1829,5782,finalist
205,rush,1,meadow,はじまり草原,1,4,2,1,1,1,2,5,3,2,1,0,1,2,1,13,0,0,5,22,0,0,7,0,0,0,3,2,0,0,230,997,finalist
205,rush,2,cave,こだま洞くつ,3,7,2,1,1,5,5,9,5,3,1,1,2,3,2,24,0,0,8,45,0,0,9,0,0,0,12,11,0,0,997,807,finalist
205,rush,3,brook,しずく湖畔,5,10,3,1,1,9,10,12,4,4,0,0,0,2,1,11,0,0,6,19,0,0,6,0,0,0,5,17,0,0,807,1865,finalist
205,rush,4,volcano,ほむら火山,8,14,4,1,1,12,13,16,7,7,0,0,0,4,3,20,0,0,11,40,0,0,6,0,0,0,11,35,0,0,1865,1139,finalist
205,rush,5,tower,星晶の塔,12,20,5,1,0,16,17,0,46,45,0,1,0,40,40,177,0,0,86,309,0,0,7,0,0,0,130,135,0,0,1139,0,finalist
206,balanced,1,meadow,はじまり草原,1,4,2,1,1,1,2,5,5,3,1,1,3,2,1,13,1,0,8,34,1,1,8,0,0,0,4,2,0,0,230,1109,finalist
206,balanced,2,cave,こだま洞くつ,3,7,2,1,1,6,4,9,6,5,1,0,2,3,2,36,1,0,10,82,6,1,18,0,0,0,5,12,0,0,1187,2587,finalist
206,balanced,3,brook,しずく湖畔,5,10,3,1,1,10,11,13,5,4,1,0,4,2,1,8,2,2,9,33,0,0,7,0,0,0,6,15,0,0,2721,3160,finalist
206,balanced,4,volcano,ほむら火山,8,14,4,1,1,13,13,15,6,5,1,0,3,2,1,9,2,2,10,38,1,1,8,0,0,0,11,13,0,0,2448,2482,finalist
206,balanced,5,tower,星晶の塔,12,20,5,1,1,15,16,26,40,38,1,1,6,18,17,132,2,2,60,258,3,1,14,0,0,0,65,109,0,0,1923,4258,finalist
207,collector,1,meadow,はじまり草原,1,4,2,1,1,1,2,5,5,3,2,0,4,2,1,11,2,0,9,39,0,0,8,0,0,0,4,0,0,0,230,1256,finalist
207,collector,2,cave,こだま洞くつ,3,7,2,1,1,7,7,8,2,0,2,0,5,1,0,19,3,2,6,47,2,1,19,0,0,0,9,0,0,0,2012,3576,finalist
207,collector,3,brook,しずく湖畔,5,10,3,1,1,8,8,11,12,10,2,0,4,4,3,20,2,1,18,52,2,1,7,0,0,0,10,14,0,0,2904,2474,finalist
207,collector,4,volcano,ほむら火山,8,14,4,1,1,13,10,11,4,3,1,0,8,1,0,4,5,5,10,55,0,0,8,0,0,0,10,0,0,0,3585,4962,finalist
207,collector,5,tower,星晶の塔,12,20,5,1,1,11,15,23,39,37,1,1,10,12,11,174,5,5,56,292,8,1,48,0,0,0,54,75,0,0,2620,2573,finalist
208,rush,1,meadow,はじまり草原,1,4,2,1,1,1,2,5,2,1,1,0,2,1,0,6,0,0,3,14,0,0,6,0,0,0,1,0,0,0,230,1100,finalist
208,rush,2,cave,こだま洞くつ,3,7,2,1,1,5,5,10,5,4,0,1,3,3,2,14,0,0,8,34,0,0,6,0,0,0,8,18,0,0,1100,766,finalist
208,rush,3,brook,しずく湖畔,5,10,3,1,1,10,10,11,3,2,1,0,1,1,0,6,0,0,4,14,0,0,6,0,0,0,1,0,0,0,766,2674,finalist
208,rush,4,volcano,ほむら火山,8,14,4,1,1,11,12,14,5,5,0,0,0,2,1,11,0,0,7,27,0,0,6,0,0,0,8,18,0,0,2674,2826,finalist
208,rush,5,tower,星晶の塔,12,20,5,1,0,14,15,0,47,45,0,2,0,40,40,173,0,0,87,310,0,0,7,0,0,0,141,156,0,0,2826,0,finalist
209,balanced,1,meadow,はじまり草原,1,4,2,1,1,1,3,6,6,6,0,0,3,3,2,10,2,0,11,34,1,1,7,0,0,0,2,5,0,0,230,880,finalist
209,balanced,2,cave,こだま洞くつ,3,7,2,1,1,8,9,9,2,1,1,0,4,1,0,15,2,0,5,46,0,0,18,0,0,0,1,0,0,0,1726,2965,finalist
209,balanced,3,brook,しずく湖畔,5,10,3,1,1,10,8,12,7,6,1,0,4,3,2,14,2,2,12,37,1,1,6,0,0,0,9,15,0,0,3413,4630,finalist
209,balanced,4,volcano,ほむら火山,8,14,4,1,1,12,13,13,4,3,1,0,4,1,0,3,2,0,7,29,0,0,7,0,0,0,2,0,0,0,3586,4809,finalist
209,balanced,5,tower,星晶の塔,12,20,5,1,1,15,16,24,25,24,1,0,6,11,10,58,2,2,38,114,3,1,9,0,0,0,37,140,0,0,7523,1880,finalist
210,collector,1,meadow,はじまり草原,1,4,2,1,1,1,2,5,5,4,1,0,4,2,1,13,2,0,9,41,3,1,8,0,0,0,4,0,0,0,230,1280,finalist
210,collector,2,cave,こだま洞くつ,3,7,2,1,1,7,8,10,5,4,1,0,6,2,1,36,4,0,11,83,2,1,22,0,0,0,6,4,0,0,2556,3182,finalist
210,collector,3,brook,しずく湖畔,5,10,3,1,1,13,7,10,9,7,2,0,6,3,2,14,4,2,16,48,2,1,9,0,0,0,10,8,0,0,5418,4462,finalist
210,collector,4,volcano,ほむら火山,8,14,4,1,1,13,13,17,4,1,3,0,7,1,0,4,4,1,9,47,0,0,9,0,0,0,10,0,0,0,6070,13102,finalist
210,collector,5,tower,星晶の塔,12,20,5,1,1,21,19,22,14,11,3,0,9,4,3,23,5,5,23,96,3,1,8,0,0,0,28,51,0,0,19301,13872,finalist
211,rush,1,meadow,はじまり草原,1,4,2,1,1,1,2,5,3,1,2,0,2,2,1,13,0,0,5,21,0,0,8,0,0,0,4,3,0,0,230,927,finalist
211,rush,2,cave,こだま洞くつ,3,7,2,1,1,5,6,9,3,3,0,0,0,2,1,15,0,0,5,22,0,0,9,0,0,0,5,9,0,0,927,1038,finalist
211,rush,3,brook,しずく湖畔,5,10,3,1,1,9,10,12,4,4,0,0,0,2,1,10,0,0,6,24,0,0,5,0,0,0,3,20,0,0,1038,1812,finalist
211,rush,4,volcano,ほむら火山,8,14,4,1,1,12,13,15,6,5,0,1,0,2,1,10,0,0,8,34,0,0,6,0,0,0,9,28,0,0,1812,1251,finalist
211,rush,5,tower,星晶の塔,12,20,5,1,0,15,16,0,48,45,0,3,0,40,40,162,0,0,88,334,0,0,8,0,0,0,162,127,0,0,1251,0,finalist
212,balanced,1,meadow,はじまり草原,1,4,2,1,1,1,2,6,4,2,2,0,4,2,1,15,2,0,8,37,2,1,10,0,0,0,3,2,0,0,230,1115,finalist
212,balanced,2,cave,こだま洞くつ,3,7,2,1,1,8,8,9,2,1,1,0,3,1,0,7,2,2,5,37,1,1,11,0,0,0,9,0,0,0,2311,3546,finalist
212,balanced,3,brook,しずく湖畔,5,10,3,1,1,9,9,11,5,4,1,0,3,2,1,14,2,2,9,38,2,1,8,0,0,0,12,9,0,0,2747,3351,finalist
212,balanced,4,volcano,ほむら火山,8,14,4,1,1,11,10,11,7,6,1,0,3,1,0,6,2,2,10,37,0,0,7,0,0,0,10,0,0,0,2596,3804,finalist
212,balanced,5,tower,星晶の塔,12,20,5,1,1,11,14,24,49,38,1,10,16,18,17,148,2,2,69,359,8,1,25,0,0,0,95,96,0,0,2947,3021,finalist
213,collector,1,meadow,はじまり草原,1,4,2,1,1,1,2,5,5,4,1,0,6,2,1,12,5,0,12,63,3,1,9,0,0,0,4,0,0,0,230,1283,finalist
213,collector,2,cave,こだま洞くつ,3,7,2,1,1,9,9,12,5,4,1,0,3,2,1,24,1,0,8,45,2,1,15,0,0,0,6,6,0,0,3143,4393,finalist
213,collector,3,brook,しずく湖畔,5,10,3,1,1,10,12,14,6,3,3,0,8,2,1,14,5,4,13,56,0,0,10,0,0,0,18,7,0,0,4907,4768,finalist
213,collector,4,volcano,ほむら火山,8,14,4,1,1,11,14,15,4,2,2,0,9,1,0,3,5,1,10,49,1,1,8,0,0,0,7,0,0,0,5267,6249,finalist
213,collector,5,tower,星晶の塔,12,20,5,1,1,22,21,22,8,6,2,0,7,2,1,12,5,5,15,74,1,1,15,0,0,0,21,13,0,0,18928,19014,finalist
214,rush,1,meadow,はじまり草原,1,4,2,1,1,1,3,6,4,4,0,0,1,3,2,10,0,0,7,19,0,0,4,0,0,0,2,5,0,0,230,860,finalist
214,rush,2,cave,こだま洞くつ,3,7,2,1,1,6,6,9,5,3,2,0,2,4,3,29,0,0,9,43,0,0,8,0,0,0,12,15,0,0,860,680,finalist
214,rush,3,brook,しずく湖畔,5,10,3,1,1,9,10,13,5,5,0,0,0,3,2,16,0,0,8,28,0,0,7,0,0,0,9,29,0,0,680,1140,finalist
214,rush,4,volcano,ほむら火山,8,14,4,1,1,13,14,15,4,4,0,0,0,1,0,6,0,0,5,15,0,0,6,0,0,0,2,0,0,0,1140,2425,finalist
214,rush,5,tower,星晶の塔,12,20,5,1,0,15,16,0,48,45,0,3,0,40,40,179,0,0,88,341,0,0,7,0,0,0,145,143,0,0,2425,0,finalist
215,balanced,1,meadow,はじまり草原,1,4,2,1,1,1,2,6,5,3,1,1,3,2,1,12,1,0,8,31,2,1,9,0,0,0,3,2,0,0,230,1107,finalist
215,balanced,2,cave,こだま洞くつ,3,7,2,1,1,6,7,10,4,3,1,0,2,2,1,18,1,0,7,34,1,1,10,0,0,0,6,8,0,0,1185,3006,finalist
215,balanced,3,brook,しずく湖畔,5,10,3,1,1,8,9,10,3,2,1,0,4,1,0,4,2,2,6,25,0,0,7,0,0,0,5,0,0,0,3140,4338,finalist
215,balanced,4,volcano,ほむら火山,8,14,4,1,1,10,11,15,10,9,1,0,4,4,3,35,2,2,16,68,3,1,14,0,0,0,17,44,0,0,3360,1402,finalist
215,balanced,5,tower,星晶の塔,12,20,5,1,1,15,17,27,52,48,1,3,7,23,22,108,2,2,77,274,3,1,17,0,0,0,95,131,0,0,1086,3059,finalist
216,collector,1,meadow,はじまり草原,1,4,2,1,1,1,2,5,3,1,1,1,3,1,0,6,1,0,5,22,1,1,6,0,0,0,2,0,0,0,230,1066,finalist
216,collector,2,cave,こだま洞くつ,3,7,2,1,1,5,4,9,8,7,1,0,3,3,2,37,1,0,12,97,1,1,14,0,0,0,5,6,0,0,1244,2403,finalist
216,collector,3,brook,しずく湖畔,5,10,3,1,1,9,10,11,3,1,2,0,7,1,0,4,5,5,9,43,0,0,9,0,0,0,11,0,0,0,2777,3997,finalist
216,collector,4,volcano,ほむら火山,8,14,4,1,1,11,11,12,4,0,4,0,9,1,0,4,5,5,10,48,0,0,7,0,0,0,17,0,0,0,2111,3448,finalist
216,collector,5,tower,星晶の塔,12,20,5,1,1,12,15,24,41,39,2,0,7,13,12,131,5,5,59,424,12,1,30,0,0,0,62,77,0,0,1821,3853,finalist
217,rush,1,meadow,はじまり草原,1,4,2,1,1,1,3,6,3,3,0,0,1,2,1,8,0,0,5,18,0,0,5,0,0,0,1,5,0,0,230,777,finalist
217,rush,2,cave,こだま洞くつ,3,7,2,1,1,6,6,9,4,2,2,0,2,3,2,19,0,0,7,30,0,0,7,0,0,0,9,12,0,0,777,709,finalist
217,rush,3,brook,しずく湖畔,5,10,3,1,1,9,10,12,4,4,0,0,0,2,1,11,0,0,6,18,0,0,7,0,0,0,5,20,0,0,709,1524,finalist
217,rush,4,volcano,ほむら火山,8,14,4,1,1,12,13,15,5,5,0,0,0,2,1,9,0,0,7,25,0,0,6,0,0,0,7,28,0,0,1524,1227,finalist
217,rush,5,tower,星晶の塔,12,20,5,1,0,15,17,0,47,45,0,2,0,40,40,178,0,0,87,321,0,0,7,0,0,0,136,134,0,0,1227,0,finalist
218,balanced,1,meadow,はじまり草原,1,4,2,1,1,1,3,6,7,6,0,1,2,3,2,12,2,0,12,46,2,1,7,0,0,0,3,4,0,0,230,901,finalist
218,balanced,2,cave,こだま洞くつ,3,7,2,1,1,8,9,12,6,5,1,0,3,3,2,21,2,1,11,49,2,1,9,0,0,0,9,24,0,0,1727,1563,finalist
218,balanced,3,brook,しずく湖畔,5,10,3,1,1,9,10,12,5,4,1,0,4,2,1,9,1,0,8,26,1,1,6,0,0,0,4,14,0,0,1510,1817,finalist
218,balanced,4,volcano,ほむら火山,8,14,4,1,1,13,11,12,4,3,1,0,3,1,0,2,2,2,7,23,0,0,6,0,0,0,4,0,0,0,3224,4452,finalist
218,balanced,5,tower,星晶の塔,12,20,5,1,1,12,14,23,39,32,1,6,11,15,14,85,2,2,56,214,6,1,12,0,0,0,65,91,0,0,3448,2197,finalist
219,collector,1,meadow,はじまり草原,1,4,2,1,1,1,3,6,8,8,0,0,1,3,2,13,1,0,12,40,0,0,6,0,0,0,2,0,0,0,230,1181,finalist
219,collector,2,cave,こだま洞くつ,3,7,2,1,1,6,4,8,5,3,2,0,3,2,1,32,1,0,8,65,2,1,19,0,0,0,3,3,0,0,1379,3418,finalist
219,collector,3,brook,しずく湖畔,5,10,3,1,1,9,9,11,6,4,2,0,7,2,1,12,5,5,13,54,1,1,8,0,0,0,19,4,0,0,3792,3990,finalist
219,collector,4,volcano,ほむら火山,8,14,4,1,1,11,12,14,7,5,2,0,7,2,1,14,5,5,14,86,3,1,14,0,0,0,22,9,0,0,2108,2128,finalist
219,collector,5,tower,星晶の塔,12,20,5,1,1,14,15,23,39,36,2,1,8,12,11,75,5,5,56,321,5,1,37,0,0,0,59,61,0,0,1125,3806,finalist
220,rush,1,meadow,はじまり草原,1,4,2,1,1,1,2,5,3,1,2,0,2,2,1,16,0,0,5,26,0,0,10,0,0,0,4,3,0,0,230,922,finalist
220,rush,2,cave,こだま洞くつ,3,7,2,1,1,5,6,9,3,3,0,0,0,2,1,15,0,0,5,23,0,0,8,0,0,0,5,9,0,0,922,1725,finalist
220,rush,3,brook,しずく湖畔,5,10,3,1,1,9,10,11,3,3,0,0,0,1,0,6,0,0,4,16,0,0,6,0,0,0,2,0,0,0,1725,3224,finalist
220,rush,4,volcano,ほむら火山,8,14,4,1,1,11,12,16,7,7,0,0,0,4,3,20,0,0,11,48,0,0,6,0,0,0,17,53,0,0,3224,1144,finalist
220,rush,5,tower,星晶の塔,12,20,5,1,0,16,17,0,53,45,0,8,0,40,40,155,0,0,93,337,0,0,7,0,0,0,166,118,0,0,1144,0,finalist
221,balanced,1,meadow,はじまり草原,1,4,2,1,1,1,2,5,4,3,1,0,2,2,1,12,1,0,7,26,2,1,7,0,0,0,3,2,0,0,230,1139,finalist
221,balanced,2,cave,こだま洞くつ,3,7,2,1,1,6,6,9,4,3,1,0,3,2,1,30,2,0,8,65,2,1,17,0,0,0,4,5,0,0,1217,2874,finalist
221,balanced,3,brook,しずく湖畔,5,10,3,1,1,10,11,13,5,4,1,0,4,2,1,8,2,1,9,33,0,0,7,0,0,0,5,14,0,0,3142,3576,finalist
221,balanced,4,volcano,ほむら火山,8,14,4,1,1,14,13,13,4,3,1,0,5,1,0,4,2,2,7,28,1,1,6,0,0,0,5,0,0,0,4386,5617,finalist
221,balanced,5,tower,星晶の塔,12,20,5,1,1,13,13,20,21,18,1,2,6,8,7,44,2,2,31,103,3,1,11,0,0,0,33,90,0,0,4350,1803,finalist
222,collector,1,meadow,はじまり草原,1,4,2,1,1,1,2,5,5,4,1,0,2,2,1,9,1,0,8,27,0,0,5,0,0,0,3,0,0,0,230,1273,finalist
222,collector,2,cave,こだま洞くつ,3,7,2,1,1,6,6,10,8,8,0,0,1,3,2,46,1,0,12,96,2,1,23,0,0,0,4,6,0,0,1351,2941,finalist
222,collector,3,brook,しずく湖畔,5,10,3,1,1,11,7,9,6,4,2,0,7,2,1,10,5,5,13,43,2,1,5,0,0,0,13,4,0,0,3495,3720,finalist
222,collector,4,volcano,ほむら火山,8,14,4,1,1,9,11,13,7,5,2,0,8,2,1,17,5,5,14,87,2,1,12,0,0,0,23,8,0,0,1966,2758,finalist
222,collector,5,tower,星晶の塔,12,20,5,1,1,13,13,21,40,31,1,8,16,10,9,42,5,5,55,299,3,1,15,0,0,0,83,38,0,0,1458,3455,finalist
223,rush,1,meadow,はじまり草原,1,4,2,1,1,1,2,4,2,0,2,0,2,1,0,8,0,0,3,15,0,0,8,0,0,0,2,0,0,0,230,1078,finalist
223,rush,2,cave,こだま洞くつ,3,7,2,1,1,4,5,9,4,4,0,0,0,3,2,20,0,0,7,31,0,0,8,0,0,0,7,12,0,0,1078,1243,finalist
223,rush,3,brook,しずく湖畔,5,10,3,1,1,9,9,11,3,3,0,0,0,1,0,5,0,0,4,12,0,0,5,0,0,0,1,0,0,0,1243,3194,finalist
223,rush,4,volcano,ほむら火山,8,14,4,1,1,11,12,16,12,10,0,2,0,7,6,38,0,0,19,89,0,0,6,0,0,0,33,49,0,0,3194,1184,finalist
223,rush,5,tower,星晶の塔,12,20,5,1,0,16,17,0,46,45,0,1,0,40,40,169,0,0,86,333,0,0,6,0,0,0,146,132,0,0,1184,0,finalist
224,balanced,1,meadow,はじまり草原,1,4,2,1,1,1,2,4,2,0,2,0,4,1,0,10,2,0,5,30,2,1,10,0,0,0,4,0,0,0,230,1078,finalist
224,balanced,2,cave,こだま洞くつ,3,7,2,1,1,6,7,9,4,3,1,0,3,2,1,16,2,1,8,49,3,1,13,0,0,0,9,7,0,0,2054,3105,finalist
224,balanced,3,brook,しずく湖畔,5,10,3,1,1,10,9,12,5,4,1,0,3,2,1,11,2,2,9,36,1,1,7,0,0,0,10,8,0,0,2867,3509,finalist
224,balanced,4,volcano,ほむら火山,8,14,4,1,1,12,11,15,10,9,1,0,3,4,3,20,2,2,16,62,5,1,11,0,0,0,19,34,0,0,2718,2756,finalist
224,balanced,5,tower,星晶の塔,12,20,5,1,1,15,16,21,17,14,1,2,9,6,5,29,2,2,25,105,2,1,9,0,0,0,35,65,0,0,2135,1864,finalist
225,collector,1,meadow,はじまり草原,1,4,2,1,1,1,2,5,6,4,1,1,3,2,1,12,1,0,9,31,3,1,8,0,0,0,3,0,0,0,230,1245,finalist
225,collector,2,cave,こだま洞くつ,3,7,2,1,1,6,6,9,5,3,2,0,6,2,1,15,4,1,11,73,2,1,21,0,0,0,14,3,0,0,1323,2979,finalist
225,collector,3,brook,しずく湖畔,5,10,3,1,1,11,9,12,6,4,2,0,7,2,1,10,5,5,13,60,1,1,9,0,0,0,20,6,0,0,3584,4856,finalist
225,collector,4,volcano,ほむら火山,8,14,4,1,1,12,12,13,5,2,2,1,9,1,0,3,5,5,11,55,0,0,8,0,0,0,22,0,0,0,2565,2895,finalist
225,collector,5,tower,星晶の塔,12,20,5,1,1,13,15,22,30,27,2,1,8,9,8,100,5,5,44,242,2,1,20,0,0,0,47,63,0,0,1530,2307,finalist
226,rush,1,meadow,はじまり草原,1,4,2,1,1,1,3,6,3,3,0,0,0,2,1,6,0,0,5,15,0,0,4,0,0,0,1,4,0,0,230,807,finalist
226,rush,2,cave,こだま洞くつ,3,7,2,1,1,6,6,11,9,9,0,0,2,8,7,27,0,0,17,48,0,0,5,0,0,0,7,20,0,0,807,1372,finalist
226,rush,3,brook,しずく湖畔,5,10,3,1,1,11,11,14,5,4,1,0,3,3,2,13,0,0,8,26,0,0,5,0,0,0,6,24,0,0,1372,1183,finalist
226,rush,4,volcano,ほむら火山,8,14,4,1,1,14,14,16,6,4,1,1,2,2,1,9,0,0,8,30,0,0,5,0,0,0,9,19,0,0,1183,1701,finalist
226,rush,5,tower,星晶の塔,12,20,5,1,0,16,17,0,46,45,0,1,0,40,40,176,0,0,86,314,0,0,7,0,0,0,132,130,0,0,1701,0,finalist
227,balanced,1,meadow,はじまり草原,1,4,2,1,1,1,2,5,4,3,1,0,3,2,1,16,2,0,8,37,3,1,10,0,0,0,5,2,0,0,230,1137,finalist
227,balanced,2,cave,こだま洞くつ,3,7,2,1,1,7,7,11,6,5,1,0,2,3,2,28,1,0,10,51,1,1,12,0,0,0,8,17,0,0,2413,1738,finalist
227,balanced,3,brook,しずく湖畔,5,10,3,1,1,9,10,13,7,6,1,0,3,3,2,12,2,2,12,36,2,1,7,0,0,0,8,26,0,0,2352,1741,finalist
227,balanced,4,volcano,ほむら火山,8,14,4,1,1,13,12,14,4,3,1,0,3,1,0,5,2,0,7,28,1,1,7,0,0,0,2,0,0,0,1350,3795,finalist
227,balanced,5,tower,星晶の塔,12,20,5,1,1,14,14,23,25,24,1,0,4,11,10,83,2,2,38,176,5,1,14,0,0,0,38,112,0,0,4309,4120,finalist
228,collector,1,meadow,はじまり草原,1,4,2,1,1,1,2,5,5,4,1,0,2,2,1,12,1,0,8,31,2,1,8,0,0,0,3,0,0,0,230,1268,finalist
228,collector,2,cave,こだま洞くつ,3,7,2,1,1,6,6,9,5,4,1,0,3,2,1,33,1,0,8,66,1,1,20,0,0,0,2,3,0,0,1346,3337,finalist
228,collector,3,brook,しずく湖畔,5,10,3,1,1,10,7,11,9,7,2,0,8,3,2,12,5,5,17,57,2,1,8,0,0,0,14,9,0,0,3471,3347,finalist
228,collector,4,volcano,ほむら火山,8,14,4,1,1,11,11,14,7,6,1,0,9,2,1,8,5,4,14,61,1,1,11,0,0,0,11,8,0,0,1768,2699,finalist
228,collector,5,tower,星晶の塔,12,20,5,1,1,15,17,24,40,36,2,2,11,12,11,172,5,5,57,359,3,1,26,0,0,0,58,72,0,0,3078,2553,finalist
229,rush,1,meadow,はじまり草原,1,4,2,1,1,1,3,6,3,3,0,0,1,2,1,7,0,0,5,16,0,0,4,0,0,0,1,5,0,0,230,769,finalist
229,rush,2,cave,こだま洞くつ,3,7,2,1,1,6,6,10,7,3,1,3,5,3,2,15,0,0,10,36,0,0,6,0,0,0,8,12,0,0,769,752,finalist
229,rush,3,brook,しずく湖畔,5,10,3,1,1,10,10,12,4,3,1,0,1,2,1,10,0,0,6,19,0,0,6,0,0,0,5,16,0,0,752,1572,finalist
229,rush,4,volcano,ほむら火山,8,14,4,1,1,12,13,14,4,4,0,0,0,1,0,4,0,0,5,13,0,0,4,0,0,0,1,0,0,0,1572,3147,finalist
229,rush,5,tower,星晶の塔,12,20,5,1,1,14,16,25,43,40,0,3,0,36,35,149,0,0,79,255,0,0,7,0,0,0,123,119,0,0,3147,2452,finalist
230,balanced,1,meadow,はじまり草原,1,4,2,1,1,1,2,6,4,3,1,0,2,2,1,13,1,0,7,31,3,1,8,0,0,0,2,2,0,0,230,1138,finalist
230,balanced,2,cave,こだま洞くつ,3,7,2,1,1,6,5,7,2,1,1,0,2,1,0,19,1,0,4,34,2,1,19,0,0,0,2,0,0,0,1216,3296,finalist
230,balanced,3,brook,しずく湖畔,5,10,3,1,1,8,9,13,7,6,1,0,4,3,2,14,1,0,11,42,3,1,7,0,0,0,7,26,0,0,3630,2812,finalist
230,balanced,4,volcano,ほむら火山,8,14,4,1,1,13,14,15,4,4,0,0,6,1,0,2,2,2,7,35,1,1,7,0,0,0,4,0,0,0,3219,5490,finalist
230,balanced,5,tower,星晶の塔,12,20,5,1,1,15,13,20,17,14,1,2,9,6,5,30,2,2,25,94,1,1,13,0,0,0,20,71,0,0,4253,2777,finalist
231,collector,1,meadow,はじまり草原,1,4,2,1,1,1,2,5,5,4,1,0,5,2,1,11,4,0,11,50,1,1,8,0,0,0,3,0,0,0,230,1269,finalist
231,collector,2,cave,こだま洞くつ,3,7,2,1,1,8,8,10,5,4,1,0,6,2,1,24,5,5,12,89,1,1,13,0,0,0,21,4,0,0,3051,3182,finalist
231,collector,3,brook,しずく湖畔,5,10,3,1,1,10,10,15,12,10,2,0,4,4,3,24,1,0,17,62,4,1,9,0,0,0,14,18,0,0,1681,2589,finalist
231,collector,4,volcano,ほむら火山,8,14,4,1,1,12,10,11,5,3,2,0,8,1,0,4,5,5,11,46,0,0,7,0,0,0,10,0,0,0,2796,3497,finalist
231,collector,5,tower,星晶の塔,12,20,5,1,1,11,13,23,46,38,3,5,14,13,12,184,5,5,64,343,2,1,73,1,0,0,66,64,0,0,1847,4502,finalist
232,rush,1,meadow,はじまり草原,1,4,2,1,1,1,2,5,3,1,2,0,2,2,1,15,0,0,5,22,0,0,9,0,0,0,4,3,0,0,230,927,finalist
232,rush,2,cave,こだま洞くつ,3,7,2,1,1,5,6,10,4,4,0,0,0,3,2,20,0,0,7,31,0,0,7,0,0,0,8,14,0,0,927,939,finalist
232,rush,3,brook,しずく湖畔,5,10,3,1,1,10,10,14,7,7,0,0,0,5,4,23,0,0,12,39,0,0,6,0,0,0,13,32,0,0,939,1139,finalist
232,rush,4,volcano,ほむら火山,8,14,4,1,1,14,15,17,5,5,0,0,0,2,1,11,0,0,7,29,0,0,6,0,0,0,7,31,0,0,1139,1191,finalist
232,rush,5,tower,星晶の塔,12,20,5,1,0,17,17,0,51,45,0,6,0,40,40,162,0,0,91,333,0,0,7,0,0,0,165,117,0,0,1191,0,finalist
233,balanced,1,meadow,はじまり草原,1,4,2,1,1,1,2,5,4,3,1,0,3,2,1,12,2,0,8,33,1,1,6,0,0,0,4,2,0,0,230,1136,finalist
233,balanced,2,cave,こだま洞くつ,3,7,2,1,1,7,7,10,4,3,1,0,2,2,1,22,1,0,7,40,3,1,16,0,0,0,5,6,0,0,1712,2969,finalist
233,balanced,3,brook,しずく湖畔,5,10,3,1,1,7,8,10,3,2,1,0,3,1,0,5,2,2,6,20,0,0,5,0,0,0,5,0,0,0,3343,4557,finalist
233,balanced,4,volcano,ほむら火山,8,14,4,1,1,10,11,14,6,5,1,0,6,2,1,12,2,2,10,39,2,1,7,0,0,0,10,16,0,0,3530,4633,finalist
233,balanced,5,tower,星晶の塔,12,20,5,1,1,14,15,22,20,18,1,1,4,8,7,40,2,2,30,95,1,1,9,0,0,0,33,86,0,0,3589,1891,finalist
234,collector,1,meadow,はじまり草原,1,4,2,1,1,1,2,5,5,4,1,0,4,2,1,12,3,0,10,43,1,1,9,0,0,0,3,0,0,0,230,1268,finalist
234,collector,2,cave,こだま洞くつ,3,7,2,1,1,8,8,9,2,0,2,0,6,1,0,8,4,3,7,54,0,0,10,0,0,0,12,0,0,0,2122,3646,finalist
234,collector,3,brook,しずく湖畔,5,10,3,1,1,7,10,12,3,2,1,0,2,1,0,6,1,0,5,20,1,1,7,0,0,0,4,0,0,0,2880,5292,finalist
234,collector,4,volcano,ほむら火山,8,14,4,1,1,10,11,12,7,4,3,0,9,2,1,11,5,0,14,69,2,1,8,0,0,0,12,8,0,0,5499,5651,finalist
234,collector,5,tower,星晶の塔,12,20,5,1,1,22,21,23,11,8,3,0,8,3,2,19,5,5,19,77,2,1,11,0,0,0,23,41,0,0,21236,17451,finalist
235,rush,1,meadow,はじまり草原,1,4,2,1,1,1,2,5,3,2,1,0,1,2,1,10,0,0,5,16,0,0,7,0,0,0,2,3,0,0,230,935,finalist
235,rush,2,cave,こだま洞くつ,3,7,2,1,1,5,6,9,4,3,1,0,1,3,2,20,0,0,7,33,0,0,8,0,0,0,7,13,0,0,935,1443,finalist
235,rush,3,brook,しずく湖畔,5,10,3,1,1,9,10,12,4,4,0,0,0,2,1,10,0,0,6,16,0,0,5,0,0,0,5,16,0,0,1443,1805,finalist
235,rush,4,volcano,ほむら火山,8,14,4,1,1,12,13,16,6,6,0,0,0,3,2,12,0,0,9,29,0,0,4,0,0,0,7,33,0,0,1805,1159,finalist
235,rush,5,tower,星晶の塔,12,20,5,1,0,16,17,0,49,45,0,4,0,40,40,163,0,0,89,306,0,0,6,0,0,0,139,124,0,0,1159,0,finalist
236,balanced,1,meadow,はじまり草原,1,4,2,1,1,1,2,6,4,2,2,0,3,2,1,13,1,0,7,29,1,1,10,0,0,0,3,2,0,0,230,1123,finalist
236,balanced,2,cave,こだま洞くつ,3,7,2,1,1,7,7,10,4,3,1,0,2,2,1,17,1,0,7,33,2,1,11,0,0,0,4,7,0,0,2321,3089,finalist
236,balanced,3,brook,しずく湖畔,5,10,3,1,1,9,9,10,3,2,1,0,3,1,0,6,2,2,6,27,1,1,9,0,0,0,5,0,0,0,3483,4421,finalist
236,balanced,4,volcano,ほむら火山,8,14,4,1,1,10,11,12,4,3,1,0,3,1,0,5,2,2,7,25,0,0,6,0,0,0,8,0,0,0,3425,4610,finalist
236,balanced,5,tower,星晶の塔,12,20,5,1,1,12,13,24,46,40,1,5,12,19,18,83,2,2,67,223,10,1,7,0,0,0,85,113,0,0,3571,3083,finalist
237,collector,1,meadow,はじまり草原,1,4,2,1,1,1,2,4,2,0,2,0,3,1,0,8,1,0,4,20,0,0,8,0,0,0,2,0,0,0,230,1078,finalist
237,collector,2,cave,こだま洞くつ,3,7,2,1,1,5,5,8,5,3,2,0,6,2,1,30,4,0,11,74,2,1,16,0,0,0,3,3,0,0,1436,3339,finalist
237,collector,3,brook,しずく湖畔,5,10,3,1,1,11,12,13,6,3,3,0,8,2,1,10,5,5,13,56,1,1,10,0,0,0,19,8,0,0,5075,5030,finalist
237,collector,4,volcano,ほむら火山,8,14,4,1,1,13,14,15,4,3,1,0,5,1,0,4,3,2,8,51,0,0,20,0,0,0,11,0,0,0,2656,4079,finalist
237,collector,5,tower,星晶の塔,12,20,5,1,1,16,16,25,49,45,2,2,9,15,14,175,5,5,69,494,6,1,29,0,0,0,78,107,0,0,5617,3175,finalist
238,rush,1,meadow,はじまり草原,1,4,2,1,1,1,2,5,3,2,1,0,1,2,1,12,0,0,5,23,0,0,7,0,0,0,2,2,0,0,230,1003,finalist
238,rush,2,cave,こだま洞くつ,3,7,2,1,1,5,6,9,4,3,1,0,1,3,2,21,0,0,7,31,0,0,8,0,0,0,8,14,0,0,1003,743,finalist
238,rush,3,brook,しずく湖畔,5,10,3,1,1,9,10,13,6,6,0,0,0,4,3,20,0,0,10,33,0,0,6,0,0,0,11,27,0,0,743,1478,finalist
238,rush,4,volcano,ほむら火山,8,14,4,1,1,13,14,16,6,6,0,0,0,3,2,16,0,0,9,42,0,0,7,0,0,0,12,25,0,0,1478,1181,finalist
238,rush,5,tower,星晶の塔,12,20,5,1,0,16,17,0,52,45,0,7,0,40,40,159,0,0,92,328,0,0,8,0,0,0,159,128,0,0,1181,0,finalist
239,balanced,1,meadow,はじまり草原,1,4,2,1,1,1,2,6,5,3,1,1,5,2,1,11,2,0,9,38,2,1,7,0,0,0,4,2,0,0,230,1108,finalist
239,balanced,2,cave,こだま洞くつ,3,7,2,1,1,7,7,9,4,3,1,0,3,2,1,16,2,2,8,45,2,1,10,0,0,0,11,6,0,0,1684,2555,finalist
239,balanced,3,brook,しずく湖畔,5,10,3,1,1,9,10,13,7,6,1,0,3,3,2,20,2,2,12,48,3,1,8,0,0,0,14,20,0,0,1980,1778,finalist
239,balanced,4,volcano,ほむら火山,8,14,4,1,1,13,12,13,4,3,1,0,3,1,0,13,2,2,7,38,0,0,13,0,0,0,7,0,0,0,1378,2588,finalist
239,balanced,5,tower,星晶の塔,12,20,5,1,1,13,16,27,60,52,1,7,11,25,24,176,2,2,87,348,5,1,21,0,0,0,106,135,0,0,2005,3110,finalist
240,collector,1,meadow,はじまり草原,1,4,2,1,1,1,2,5,5,4,1,0,3,2,1,10,1,0,8,28,2,1,7,0,0,0,2,0,0,0,230,1284,finalist
240,collector,2,cave,こだま洞くつ,3,7,2,1,1,6,6,10,5,3,2,0,5,2,1,30,3,0,10,71,3,1,15,0,0,0,2,3,0,0,1362,3312,finalist
240,collector,3,brook,しずく湖畔,5,10,3,1,1,11,11,13,3,1,2,0,8,1,0,5,5,4,9,50,0,0,8,0,0,0,17,0,0,0,4274,6104,finalist
240,collector,4,volcano,ほむら火山,8,14,4,1,1,10,11,14,10,7,3,0,8,3,2,18,5,5,18,94,2,1,11,0,0,0,24,13,0,0,3869,4460,finalist
240,collector,5,tower,星晶の塔,12,20,5,1,1,14,15,26,50,46,1,3,9,15,14,173,5,5,70,579,8,1,31,0,0,0,81,65,0,0,2355,5405,finalist
241,rush,1,meadow,はじまり草原,1,4,2,1,1,1,2,5,3,1,2,0,2,2,1,14,0,0,5,22,0,0,10,0,0,0,3,3,0,0,230,924,finalist
241,rush,2,cave,こだま洞くつ,3,7,2,1,1,5,6,9,3,3,0,0,0,2,1,13,0,0,5,21,0,0,8,0,0,0,4,8,0,0,924,1333,finalist
241,rush,3,brook,しずく湖畔,5,10,3,1,1,9,10,12,4,4,0,0,0,2,1,9,0,0,6,15,0,0,5,0,0,0,4,20,0,0,1333,1965,finalist
241,rush,4,volcano,ほむら火山,8,14,4,1,1,12,13,15,5,5,0,0,0,2,1,10,0,0,7,29,0,0,6,0,0,0,9,30,0,0,1965,1558,finalist
241,rush,5,tower,星晶の塔,12,20,5,1,0,15,17,0,49,45,0,4,0,40,40,176,0,0,89,354,0,0,8,0,0,0,157,128,0,0,1558,0,finalist
242,balanced,1,meadow,はじまり草原,1,4,2,1,1,1,2,6,4,3,1,0,3,2,1,10,2,0,8,31,1,1,6,0,0,0,2,2,0,0,230,1141,finalist
242,balanced,2,cave,こだま洞くつ,3,7,2,1,1,7,8,9,2,1,1,0,3,1,0,9,2,2,5,35,1,1,12,0,0,0,7,0,0,0,1717,3345,finalist
242,balanced,3,brook,しずく湖畔,5,10,3,1,1,9,10,12,5,4,1,0,3,2,1,14,2,2,9,37,0,0,7,0,0,0,10,13,0,0,2591,2971,finalist
242,balanced,4,volcano,ほむら火山,8,14,4,1,1,12,13,14,4,3,1,0,4,1,0,5,2,2,7,33,0,0,8,0,0,0,10,0,0,0,2302,3725,finalist
242,balanced,5,tower,星晶の塔,12,20,5,1,1,14,13,23,36,32,1,3,6,15,14,86,2,2,53,190,5,1,11,0,0,0,62,100,0,0,2885,3084,finalist
243,collector,1,meadow,はじまり草原,1,4,2,1,1,1,2,5,6,4,1,1,2,2,1,11,1,0,9,33,3,1,6,0,0,0,4,0,0,0,230,1259,finalist
243,collector,2,cave,こだま洞くつ,3,7,2,1,1,6,4,7,5,3,2,0,7,2,1,31,5,0,12,98,2,1,18,0,0,0,5,2,0,0,1337,2938,finalist
243,collector,3,brook,しずく湖畔,5,10,3,1,1,12,12,13,3,2,1,0,3,1,0,6,2,0,6,22,0,0,7,0,0,0,1,0,0,0,5508,6512,finalist
243,collector,4,volcano,ほむら火山,8,14,4,1,1,16,16,19,4,1,3,0,6,1,0,3,2,0,7,31,0,0,9,0,0,0,1,0,0,0,9126,14836,finalist
243,collector,5,tower,星晶の塔,12,20,5,1,1,22,20,20,5,2,3,0,9,1,0,5,5,5,11,49,0,0,6,0,0,0,18,0,0,0,22950,24949,finalist
244,rush,1,meadow,はじまり草原,1,4,2,1,1,1,2,5,3,2,1,0,2,2,1,11,0,0,5,20,0,0,7,0,0,0,2,3,0,0,230,931,finalist
244,rush,2,cave,こだま洞くつ,3,7,2,1,1,5,6,9,4,2,1,1,2,2,1,12,0,0,6,26,0,0,6,0,0,0,7,7,0,0,931,1245,finalist
244,rush,3,brook,しずく湖畔,5,10,3,1,1,9,9,13,6,6,0,0,0,4,3,18,0,0,10,29,0,0,5,0,0,0,9,30,0,0,1245,1445,finalist
244,rush,4,volcano,ほむら火山,8,14,4,1,1,13,14,15,4,4,0,0,0,1,0,4,0,0,5,13,0,0,4,0,0,0,1,0,0,0,1445,2737,finalist
244,rush,5,tower,星晶の塔,12,20,5,1,0,15,16,0,46,45,0,1,0,40,40,176,0,0,86,306,0,0,7,0,0,0,130,148,0,0,2737,0,finalist
245,balanced,1,meadow,はじまり草原,1,4,2,1,1,1,2,5,4,3,1,0,3,2,1,12,2,0,8,36,3,1,7,0,0,0,4,2,0,0,230,1126,finalist
245,balanced,2,cave,こだま洞くつ,3,7,2,1,1,7,7,9,2,1,1,0,3,1,0,17,2,1,5,45,0,0,17,0,0,0,4,0,0,0,1702,3330,finalist
245,balanced,3,brook,しずく湖畔,5,10,3,1,1,9,10,12,5,4,1,0,3,2,1,18,2,1,9,56,0,0,10,0,0,0,5,12,0,0,3049,3213,finalist
245,balanced,4,volcano,ほむら火山,8,14,4,1,1,14,12,15,10,7,1,2,5,3,2,29,2,2,15,68,0,0,15,0,0,0,12,24,0,0,4435,2912,finalist
245,balanced,5,tower,星晶の塔,12,20,5,1,1,15,15,25,43,40,1,2,4,19,18,131,2,2,64,252,1,1,19,0,0,0,65,110,0,0,2256,3095,finalist
246,collector,1,meadow,はじまり草原,1,4,2,1,1,1,2,5,5,4,1,0,4,2,1,8,3,0,10,40,0,0,11,0,0,0,4,0,0,0,230,1276,finalist
246,collector,2,cave,こだま洞くつ,3,7,2,1,1,7,8,10,5,3,2,0,3,2,1,30,1,0,8,52,3,1,23,0,0,0,5,4,0,0,2630,3290,finalist
246,collector,3,brook,しずく湖畔,5,10,3,1,1,7,11,13,6,4,2,0,5,2,1,14,3,2,11,46,0,0,8,0,0,0,13,8,0,0,3684,4836,finalist
246,collector,4,volcano,ほむら火山,8,14,4,1,1,11,10,11,7,4,3,0,8,1,0,3,5,5,13,60,1,1,7,0,0,0,16,0,1,0,3953,5318,finalist
246,collector,5,tower,星晶の塔,12,20,5,1,1,11,16,23,32,29,3,0,8,10,9,89,5,5,47,358,9,1,20,0,0,0,59,78,0,0,2808,4850,finalist
247,rush,1,meadow,はじまり草原,1,4,2,1,1,1,2,5,3,2,1,0,1,2,1,11,0,0,5,21,0,0,7,0,0,0,2,3,0,0,230,936,finalist
247,rush,2,cave,こだま洞くつ,3,7,2,1,1,5,6,9,3,2,1,0,1,2,1,16,0,0,5,26,0,0,9,0,0,0,5,9,0,0,936,1016,finalist
247,rush,3,brook,しずく湖畔,5,10,3,1,1,9,10,12,4,4,0,0,0,2,1,12,0,0,6,21,0,0,6,0,0,0,5,20,0,0,1016,1802,finalist
247,rush,4,volcano,ほむら火山,8,14,4,1,1,12,13,15,5,5,0,0,0,2,1,10,0,0,7,23,0,0,5,0,0,0,6,19,0,0,1802,2035,finalist
247,rush,5,tower,星晶の塔,12,20,5,1,0,15,16,0,45,45,0,0,0,40,40,177,0,0,85,313,0,0,7,0,0,0,130,144,0,0,2035,0,finalist
248,balanced,1,meadow,はじまり草原,1,4,2,1,1,1,3,6,7,6,0,1,2,3,2,15,1,0,11,42,2,1,7,0,0,0,3,5,0,0,230,874,finalist
248,balanced,2,cave,こだま洞くつ,3,7,2,1,1,7,7,10,4,4,0,0,4,2,1,33,2,0,8,67,2,1,18,0,0,0,5,6,0,0,1022,2733,finalist
248,balanced,3,brook,しずく湖畔,5,10,3,1,1,11,12,15,7,7,0,0,5,3,2,17,2,2,12,38,1,1,8,0,0,0,9,35,0,0,3301,1690,finalist
248,balanced,4,volcano,ほむら火山,8,14,4,1,1,15,12,14,4,3,1,0,4,1,0,4,2,0,7,26,1,1,7,0,0,0,3,0,0,0,1310,3669,finalist
248,balanced,5,tower,星晶の塔,12,20,5,1,1,14,15,24,25,24,1,0,5,11,10,77,2,2,38,169,3,1,19,0,0,0,38,109,0,0,4183,4075,finalist
249,collector,1,meadow,はじまり草原,1,4,2,1,1,1,2,5,6,3,2,1,4,2,1,13,1,0,9,34,1,1,9,0,0,0,5,0,0,0,230,1240,finalist
249,collector,2,cave,こだま洞くつ,3,7,2,1,1,6,6,10,5,3,2,0,3,2,1,26,1,0,8,47,2,1,19,0,0,0,6,4,0,0,1738,3453,finalist
249,collector,3,brook,しずく湖畔,5,10,3,1,1,8,8,12,15,13,2,0,7,5,4,33,5,5,25,106,3,1,10,0,0,0,29,18,0,0,3587,2136,finalist
249,collector,4,volcano,ほむら火山,8,14,4,1,1,12,11,13,7,4,3,0,8,2,1,10,5,5,14,77,3,1,18,0,0,0,23,9,0,0,1130,2434,finalist
249,collector,5,tower,星晶の塔,12,20,5,1,1,13,14,24,54,49,1,4,12,16,15,75,5,5,75,234,9,1,9,0,0,0,81,63,0,0,1285,3491,finalist
250,rush,1,meadow,はじまり草原,1,4,2,1,1,1,2,5,3,1,2,0,2,2,1,13,0,0,5,22,0,0,8,0,0,0,3,3,0,0,230,922,finalist
250,rush,2,cave,こだま洞くつ,3,7,2,1,1,5,6,10,4,4,0,0,0,3,2,20,0,0,7,29,0,0,8,0,0,0,7,14,0,0,922,939,finalist
250,rush,3,brook,しずく湖畔,5,10,3,1,1,10,10,13,4,4,0,0,0,2,1,12,0,0,6,21,0,0,6,0,0,0,5,19,0,0,939,1597,finalist
250,rush,4,volcano,ほむら火山,8,14,4,1,1,13,14,14,4,4,0,0,0,1,0,6,0,0,5,19,0,0,6,0,0,0,4,0,0,0,1597,3185,finalist
250,rush,5,tower,星晶の塔,12,20,5,1,0,14,15,0,55,45,0,10,0,40,40,169,0,0,95,373,0,0,7,0,0,0,175,144,0,0,3185,0,finalist
251,balanced,1,meadow,はじまり草原,1,4,2,1,1,1,2,6,4,3,1,0,2,2,1,11,1,0,7,27,1,1,7,0,0,0,2,2,0,0,230,1142,finalist
251,balanced,2,cave,こだま洞くつ,3,7,2,1,1,6,6,10,6,5,1,0,3,3,2,40,2,0,11,85,5,1,20,0,0,0,5,12,0,0,1220,2550,finalist
251,balanced,3,brook,しずく湖畔,5,10,3,1,1,11,7,10,5,4,1,0,3,2,1,9,2,2,9,29,1,1,5,0,0,0,7,6,0,0,3118,3565,finalist
251,balanced,4,volcano,ほむら火山,8,14,4,1,1,10,12,15,6,5,1,0,3,2,1,6,2,0,10,30,1,1,7,0,0,0,5,15,0,0,2762,3817,finalist
251,balanced,5,tower,星晶の塔,12,20,5,1,1,16,17,23,19,17,0,2,9,7,6,31,2,2,28,106,2,1,10,0,0,0,33,89,0,0,4631,4040,finalist
252,collector,1,meadow,はじまり草原,1,4,2,1,1,1,3,6,9,8,0,1,4,3,2,11,3,2,15,50,1,1,6,0,0,0,5,0,0,0,230,1166,finalist
252,collector,2,cave,こだま洞くつ,3,7,2,1,1,6,7,10,5,5,0,0,6,2,1,23,4,0,11,82,1,1,17,0,0,0,2,3,0,0,1052,2845,finalist
252,collector,3,brook,しずく湖畔,5,10,3,1,1,13,7,11,9,7,2,0,7,3,2,14,5,5,17,59,0,0,10,0,0,0,14,7,0,0,4781,4114,finalist
252,collector,4,volcano,ほむら火山,8,14,4,1,1,11,11,12,4,3,1,0,7,1,0,3,5,5,10,45,0,0,7,0,0,0,10,0,0,0,2173,3545,finalist
252,collector,5,tower,星晶の塔,12,20,5,1,1,12,15,22,28,23,3,2,11,8,7,56,5,5,41,202,0,0,41,0,0,0,48,50,0,0,1872,4837,finalist
253,rush,1,meadow,はじまり草原,1,4,2,1,1,1,2,5,3,1,2,0,2,2,1,11,0,0,5,20,0,0,7,0,0,0,3,3,0,0,230,925,finalist
253,rush,2,cave,こだま洞くつ,3,7,2,1,1,5,6,9,4,4,0,0,0,3,2,21,0,0,7,30,0,0,8,0,0,0,6,14,0,0,925,725,finalist
253,rush,3,brook,しずく湖畔,5,10,3,1,1,9,10,13,4,4,0,0,0,2,1,9,0,0,6,19,0,0,5,0,0,0,3,15,0,0,725,1844,finalist
253,rush,4,volcano,ほむら火山,8,14,4,1,1,13,13,16,8,8,0,0,0,5,4,23,0,0,13,50,0,0,6,0,0,0,17,36,0,0,1844,1164,finalist
253,rush,5,tower,星晶の塔,12,20,5,1,0,16,17,0,47,45,0,2,0,40,40,177,0,0,87,352,0,0,7,0,0,0,150,132,0,0,1164,0,finalist
254,balanced,1,meadow,はじまり草原,1,4,2,1,1,1,2,6,6,3,1,2,3,2,1,8,1,0,9,28,1,1,5,0,0,0,4,2,0,0,230,1097,finalist
254,balanced,2,cave,こだま洞くつ,3,7,2,1,1,6,5,9,6,5,1,0,2,3,2,53,1,0,10,94,5,1,20,0,0,0,5,10,0,0,1175,2671,finalist
254,balanced,3,brook,しずく湖畔,5,10,3,1,1,9,10,12,5,4,1,0,4,2,1,8,2,2,9,27,2,1,6,0,0,0,7,11,0,0,2805,3464,finalist
254,balanced,4,volcano,ほむら火山,8,14,4,1,1,12,11,12,4,3,1,0,4,1,0,3,2,2,7,22,0,0,6,0,0,0,4,0,0,0,2684,3647,finalist
254,balanced,5,tower,星晶の塔,12,20,5,1,1,12,15,20,18,14,1,3,10,6,5,39,2,2,26,118,4,1,10,0,0,0,31,56,0,0,2825,3975,finalist
255,collector,1,meadow,はじまり草原,1,4,2,1,1,1,2,5,5,4,1,0,2,2,1,10,1,0,8,27,2,1,7,0,0,0,2,0,0,0,230,1285,finalist
255,collector,2,cave,こだま洞くつ,3,7,2,1,1,6,6,10,8,8,0,0,5,3,2,44,4,1,15,127,3,1,20,0,0,0,8,5,0,0,1363,3071,finalist
255,collector,3,brook,しずく湖畔,5,10,3,1,1,11,11,16,15,13,2,0,4,5,4,48,2,1,22,95,2,1,25,0,0,0,16,29,0,0,3253,2504,finalist
255,collector,4,volcano,ほむら火山,8,14,4,1,1,14,14,16,7,4,3,0,8,2,1,10,5,0,14,61,1,1,14,0,0,0,10,7,0,0,2411,3673,finalist
255,collector,5,tower,星晶の塔,12,20,5,1,1,23,23,26,11,9,2,0,9,3,2,13,5,5,19,59,1,1,8,0,0,0,23,34,0,0,18958,16811,finalist
256,rush,1,meadow,はじまり草原,1,4,2,1,1,1,2,5,3,2,1,0,1,2,1,11,0,0,5,20,0,0,6,0,0,0,2,3,0,0,230,943,finalist
256,rush,2,cave,こだま洞くつ,3,7,2,1,1,5,6,9,4,3,1,0,1,3,2,21,0,0,7,33,0,0,7,0,0,0,7,13,0,0,943,993,finalist
256,rush,3,brook,しずく湖畔,5,10,3,1,1,9,10,13,4,4,0,0,0,2,1,10,0,0,6,19,0,0,6,0,0,0,5,21,0,0,993,1523,finalist
256,rush,4,volcano,ほむら火山,8,14,4,1,1,13,13,16,8,7,0,1,0,4,3,20,0,0,12,51,0,0,6,0,0,0,17,28,0,0,1523,1165,finalist
256,rush,5,tower,星晶の塔,12,20,5,1,0,16,16,0,51,45,0,6,0,40,40,164,0,0,91,339,0,0,8,0,0,0,167,120,0,0,1165,0,finalist
257,balanced,1,meadow,はじまり草原,1,4,2,1,1,1,2,5,4,2,2,0,3,2,1,16,1,0,7,31,3,1,11,0,0,0,4,2,0,0,230,1121,finalist
257,balanced,2,cave,こだま洞くつ,3,7,2,1,1,6,7,9,2,1,1,0,2,1,0,7,1,0,4,24,0,0,10,0,0,0,3,0,0,0,1379,3483,finalist
257,balanced,3,brook,しずく湖畔,5,10,3,1,1,7,9,10,3,2,1,0,3,1,0,5,2,2,6,21,0,0,6,0,0,0,8,0,0,0,3877,4741,finalist
257,balanced,4,volcano,ほむら火山,8,14,4,1,1,10,9,13,12,9,1,2,7,4,3,21,2,2,18,83,1,1,8,0,0,0,29,28,0,0,3673,2127,finalist
257,balanced,5,tower,星晶の塔,12,20,5,1,1,13,14,27,55,54,1,0,3,26,25,172,2,2,83,367,3,1,15,0,0,0,85,152,0,0,1648,3078,finalist
258,collector,1,meadow,はじまり草原,1,4,2,1,1,1,2,5,5,4,1,0,5,2,1,9,4,0,11,45,1,1,8,0,0,0,4,0,0,0,230,1276,finalist
258,collector,2,cave,こだま洞くつ,3,7,2,1,1,8,9,10,5,4,1,0,6,2,1,26,5,1,12,110,2,1,20,0,0,0,14,6,0,0,2358,3274,finalist
258,collector,3,brook,しずく湖畔,5,10,3,1,1,15,15,15,3,1,2,0,7,1,0,4,5,5,9,47,0,0,11,0,0,0,16,0,0,0,7018,7939,finalist
258,collector,4,volcano,ほむら火山,8,14,4,1,1,15,13,16,4,2,2,0,7,1,0,5,5,2,10,48,2,1,7,0,0,0,13,0,0,0,4192,9986,finalist
258,collector,5,tower,星晶の塔,12,20,5,1,1,21,21,27,23,22,1,0,9,7,6,55,5,5,35,196,2,1,22,0,0,0,38,117,0,0,15505,6118,finalist
259,rush,1,meadow,はじまり草原,1,4,2,1,1,1,2,4,2,0,2,0,2,1,0,7,0,0,3,13,0,0,7,0,0,0,1,0,0,0,230,1078,finalist
259,rush,2,cave,こだま洞くつ,3,7,2,1,1,4,5,10,5,5,0,0,0,4,3,27,0,0,9,45,0,0,7,0,0,0,13,20,0,0,1078,768,finalist
259,rush,3,brook,しずく湖畔,5,10,3,1,1,10,10,12,4,4,0,0,0,2,1,11,0,0,6,19,0,0,6,0,0,0,5,13,0,0,768,1882,finalist
259,rush,4,volcano,ほむら火山,8,14,4,1,1,12,13,17,9,9,0,0,0,6,5,30,0,0,15,62,0,0,6,0,0,0,19,40,0,0,1882,971,finalist
259,rush,5,tower,星晶の塔,12,20,5,1,0,17,17,0,51,45,0,6,0,40,40,163,0,0,91,331,0,0,7,0,0,0,158,127,0,0,971,0,finalist
260,balanced,1,meadow,はじまり草原,1,4,2,1,1,1,2,6,4,3,1,0,3,2,1,12,2,0,8,38,3,1,7,0,0,0,2,2,0,0,230,1143,finalist
260,balanced,2,cave,こだま洞くつ,3,7,2,1,1,7,8,11,6,5,1,0,3,3,2,23,2,1,11,57,2,1,12,0,0,0,11,17,0,0,1719,2044,finalist
260,balanced,3,brook,しずく湖畔,5,10,3,1,1,11,12,14,7,6,1,0,3,3,2,18,2,1,12,50,3,1,9,0,0,0,13,30,0,0,2181,1197,finalist
260,balanced,4,volcano,ほむら火山,8,14,4,1,1,16,15,16,4,3,1,0,6,1,0,6,2,2,7,29,1,1,7,0,0,0,8,0,0,0,2292,3523,finalist
260,balanced,5,tower,星晶の塔,12,20,5,1,1,16,16,26,52,46,1,5,9,22,21,116,2,2,76,261,20,1,8,0,0,0,89,140,0,0,2729,1868,finalist
261,collector,1,meadow,はじまり草原,1,4,2,1,1,1,2,5,5,4,1,0,3,2,1,11,2,0,9,32,1,1,7,0,0,0,4,0,0,0,230,1275,finalist
261,collector,2,cave,こだま洞くつ,3,7,2,1,1,7,7,9,5,4,1,0,4,2,1,29,3,2,10,78,3,1,16,0,0,0,7,4,0,0,1851,3083,finalist
261,collector,3,brook,しずく湖畔,5,10,3,1,1,10,10,14,12,9,3,0,8,4,3,54,5,5,21,105,4,1,31,0,0,0,26,18,0,0,3063,1985,finalist
261,collector,4,volcano,ほむら火山,8,14,4,1,1,14,10,14,10,8,2,0,8,3,2,31,5,5,18,128,2,1,20,0,0,0,28,3,0,0,1049,3843,finalist
261,collector,5,tower,星晶の塔,12,20,5,1,1,14,16,22,33,29,3,1,10,10,9,162,5,5,48,347,8,1,31,0,0,0,52,56,0,0,2030,2578,finalist
262,rush,1,meadow,はじまり草原,1,4,2,1,1,1,2,5,3,2,1,0,1,2,1,10,0,0,5,16,0,0,7,0,0,0,2,3,0,0,230,942,finalist
262,rush,2,cave,こだま洞くつ,3,7,2,1,1,5,6,9,3,2,1,0,2,2,1,13,0,0,5,23,0,0,7,0,0,0,5,10,0,0,942,966,finalist
262,rush,3,brook,しずく湖畔,5,10,3,1,1,9,10,11,3,3,0,0,0,1,0,5,0,0,4,11,0,0,5,0,0,0,2,0,0,0,966,3182,finalist
262,rush,4,volcano,ほむら火山,8,14,4,1,1,11,12,15,7,6,0,1,0,3,2,14,0,0,10,44,0,0,6,0,0,0,17,46,0,0,3182,1142,finalist
262,rush,5,tower,星晶の塔,12,20,5,1,0,15,16,0,49,45,0,4,0,40,40,165,0,0,89,322,0,0,6,0,0,0,154,124,0,0,1142,0,finalist
263,balanced,1,meadow,はじまり草原,1,4,2,1,1,1,2,6,4,3,1,0,3,2,1,11,2,0,8,32,1,1,6,0,0,0,5,2,0,0,230,1142,finalist
263,balanced,2,cave,こだま洞くつ,3,7,2,1,1,7,8,8,2,1,1,0,3,1,0,14,2,2,5,41,1,1,14,0,0,0,7,0,0,0,1718,3170,finalist
263,balanced,3,brook,しずく湖畔,5,10,3,1,1,8,9,11,5,4,1,0,5,2,1,8,2,2,9,39,1,1,7,0,0,0,11,10,0,0,2456,2970,finalist
263,balanced,4,volcano,ほむら火山,8,14,4,1,1,11,12,16,10,9,1,0,5,4,3,27,2,2,16,90,1,1,22,0,0,0,18,37,0,0,2301,1259,finalist
263,balanced,5,tower,星晶の塔,12,20,5,1,1,16,15,25,40,38,1,1,4,18,17,117,2,2,60,263,8,1,12,0,0,0,65,101,0,0,976,4307,finalist
264,collector,1,meadow,はじまり草原,1,4,2,1,1,1,2,5,5,4,1,0,2,2,1,10,1,0,8,23,1,1,6,0,0,0,2,0,0,0,230,1266,finalist
264,collector,2,cave,こだま洞くつ,3,7,2,1,1,6,6,10,8,6,2,0,4,3,2,33,2,0,13,77,5,1,14,0,0,0,11,6,0,0,1344,3103,finalist
264,collector,3,brook,しずく湖畔,5,10,3,1,1,11,11,11,3,1,2,0,7,1,0,6,5,5,9,41,1,1,7,0,0,0,17,0,0,0,3631,4501,finalist
264,collector,4,volcano,ほむら火山,8,14,4,1,1,11,12,16,15,11,2,2,9,4,3,23,5,5,24,144,3,1,21,0,0,0,42,14,0,0,2376,3095,finalist
264,collector,5,tower,星晶の塔,12,20,5,1,1,16,14,23,42,37,1,4,10,12,11,49,5,5,59,190,3,1,15,0,0,0,65,61,0,0,1636,2290,finalist
265,rush,1,meadow,はじまり草原,1,4,2,1,1,1,2,5,3,2,1,0,1,2,1,11,0,0,5,19,0,0,6,0,0,0,3,2,0,0,230,1004,finalist
265,rush,2,cave,こだま洞くつ,3,7,2,1,1,5,5,9,5,3,1,1,2,3,2,16,0,0,8,34,0,0,7,0,0,0,10,12,0,0,1004,749,finalist
265,rush,3,brook,しずく湖畔,5,10,3,1,1,9,10,11,3,3,0,0,0,1,0,6,0,0,4,11,0,0,6,0,0,0,2,0,0,0,749,2924,finalist
265,rush,4,volcano,ほむら火山,8,14,4,1,1,11,12,16,8,8,0,0,0,5,4,22,0,0,13,44,0,0,6,0,0,0,13,50,0,0,2924,1157,finalist
265,rush,5,tower,星晶の塔,12,20,5,1,0,16,17,0,46,45,0,1,0,40,40,170,0,0,86,294,0,0,6,0,0,0,128,130,0,0,1157,0,finalist
266,balanced,1,meadow,はじまり草原,1,4,2,1,1,1,2,6,4,3,1,0,2,2,1,12,1,0,7,29,2,1,6,0,0,0,2,2,0,0,230,1134,finalist
266,balanced,2,cave,こだま洞くつ,3,7,2,1,1,6,6,9,4,3,1,0,3,2,1,36,2,0,8,79,3,1,19,0,0,0,4,5,0,0,1212,2869,finalist
266,balanced,3,brook,しずく湖畔,5,10,3,1,1,10,8,10,5,4,1,0,3,2,1,7,2,2,9,28,1,1,7,0,0,0,6,9,0,0,3377,4064,finalist
266,balanced,4,volcano,ほむら火山,8,14,4,1,1,10,11,13,4,3,1,0,3,1,0,4,2,2,7,27,0,0,7,0,0,0,7,0,0,0,3148,5358,finalist
266,balanced,5,tower,星晶の塔,12,20,5,1,1,13,15,26,42,41,0,1,4,19,18,93,2,2,63,220,3,1,8,0,0,0,72,139,0,0,4151,3094,finalist
267,collector,1,meadow,はじまり草原,1,4,2,1,1,1,2,5,6,4,1,1,2,2,1,12,1,0,9,33,2,1,7,0,0,0,3,0,0,0,230,1255,finalist
267,collector,2,cave,こだま洞くつ,3,7,2,1,1,6,6,10,5,3,2,0,3,2,1,21,1,0,8,35,3,1,16,0,0,0,5,4,0,0,1333,3122,finalist
267,collector,3,brook,しずく湖畔,5,10,3,1,1,10,9,12,9,7,2,0,6,3,2,15,4,3,16,56,2,1,9,0,0,0,18,14,0,0,3516,2904,finalist
267,collector,4,volcano,ほむら火山,8,14,4,1,1,11,13,15,4,2,2,0,7,1,0,13,5,5,10,54,0,0,13,0,0,0,11,0,0,0,2187,4686,finalist
267,collector,5,tower,星晶の塔,12,20,5,1,1,15,16,23,36,30,2,4,13,10,9,190,5,5,51,355,10,1,44,0,0,0,55,58,0,0,2475,2325,finalist
268,rush,1,meadow,はじまり草原,1,4,2,1,1,1,2,5,2,1,1,0,1,1,0,7,0,0,3,12,0,0,7,0,0,0,1,0,0,0,230,1100,finalist
268,rush,2,cave,こだま洞くつ,3,7,2,1,1,5,5,9,6,2,1,3,5,2,1,12,0,0,8,37,0,0,8,0,0,0,12,10,0,0,1100,1087,finalist
268,rush,3,brook,しずく湖畔,5,10,3,1,1,9,9,13,5,5,0,0,0,3,2,15,0,0,8,24,0,0,6,0,0,0,7,27,0,0,1087,1156,finalist
268,rush,4,volcano,ほむら火山,8,14,4,1,1,13,14,15,5,5,0,0,0,2,1,10,0,0,7,19,0,0,5,0,0,0,5,23,0,0,1156,1195,finalist
268,rush,5,tower,星晶の塔,12,20,5,1,0,15,17,0,46,45,0,1,0,40,40,185,0,0,86,302,0,0,6,0,0,0,129,136,0,0,1195,0,finalist
269,balanced,1,meadow,はじまり草原,1,4,2,1,1,1,2,6,4,2,2,0,4,2,1,16,2,0,8,39,3,1,10,0,0,0,4,2,0,0,230,1127,finalist
269,balanced,2,cave,こだま洞くつ,3,7,2,1,1,8,8,9,2,1,1,0,3,1,0,9,2,2,5,31,0,0,9,0,0,0,7,0,0,0,3023,3778,finalist
269,balanced,3,brook,しずく湖畔,5,10,3,1,1,9,9,12,5,4,1,0,3,2,1,15,2,2,9,39,1,1,10,0,0,0,11,8,0,0,2926,3395,finalist
269,balanced,4,volcano,ほむら火山,8,14,4,1,1,12,9,12,7,5,1,1,5,2,1,13,2,2,11,63,1,1,10,0,0,0,18,12,0,0,2630,2619,finalist
269,balanced,5,tower,星晶の塔,12,20,5,1,1,12,13,22,31,28,1,2,3,13,12,84,2,2,46,230,3,1,20,0,0,0,54,86,0,0,2029,3048,finalist
270,collector,1,meadow,はじまり草原,1,4,2,1,1,1,2,5,5,4,1,0,3,2,1,13,2,0,9,45,3,1,8,0,0,0,4,0,0,0,230,1269,finalist
270,collector,2,cave,こだま洞くつ,3,7,2,1,1,7,7,9,5,4,1,0,6,2,1,36,4,0,11,103,1,1,20,0,0,0,4,4,0,0,1845,3007,finalist
270,collector,3,brook,しずく湖畔,5,10,3,1,1,13,13,13,3,1,2,0,7,1,0,18,5,5,9,51,2,1,18,0,0,0,17,0,0,0,5483,6179,finalist
270,collector,4,volcano,ほむら火山,8,14,4,1,1,13,8,14,24,14,2,8,16,5,4,32,5,5,34,197,5,1,11,0,0,0,63,3,0,0,3263,4121,finalist
270,collector,5,tower,星晶の塔,12,20,5,1,1,14,16,23,39,33,2,4,11,11,10,132,5,5,55,297,6,1,64,1,0,0,63,61,0,0,2176,2291,finalist
271,rush,1,meadow,はじまり草原,1,4,2,1,1,1,2,5,3,2,1,0,1,2,1,11,0,0,5,20,0,0,6,0,0,0,3,2,0,0,230,995,finalist
271,rush,2,cave,こだま洞くつ,3,7,2,1,1,5,5,8,3,2,1,0,1,2,1,16,0,0,5,28,0,0,8,0,0,0,6,7,0,0,995,1200,finalist
271,rush,3,brook,しずく湖畔,5,10,3,1,1,8,9,12,4,4,0,0,0,2,1,10,0,0,6,21,0,0,6,0,0,0,4,12,0,0,1200,2445,finalist
271,rush,4,volcano,ほむら火山,8,14,4,1,1,12,13,15,5,5,0,0,0,2,1,11,0,0,7,24,0,0,6,0,0,0,5,30,0,0,2445,1939,finalist
271,rush,5,tower,星晶の塔,12,20,5,1,0,15,16,0,47,45,0,2,0,40,40,179,0,0,87,335,0,0,9,0,0,0,138,141,0,0,1939,0,finalist
272,balanced,1,meadow,はじまり草原,1,4,2,1,1,1,2,4,2,0,2,0,3,1,0,7,1,0,4,19,1,1,7,0,0,0,1,0,0,0,230,1078,finalist
272,balanced,2,cave,こだま洞くつ,3,7,2,1,1,6,6,9,4,3,1,0,4,2,1,25,2,0,8,60,3,1,14,0,0,0,9,5,0,0,1676,3136,finalist
272,balanced,3,brook,しずく湖畔,5,10,3,1,1,10,10,11,3,2,1,0,3,1,0,7,2,2,6,26,1,1,7,0,0,0,8,0,0,0,3404,4830,finalist
272,balanced,4,volcano,ほむら火山,8,14,4,1,1,11,10,13,6,5,1,0,4,2,1,14,2,2,10,45,4,1,9,0,0,0,15,14,0,0,3741,4955,finalist
272,balanced,5,tower,星晶の塔,12,20,5,1,1,13,13,20,19,16,1,2,8,7,6,42,2,2,28,116,2,1,8,0,0,0,38,70,0,0,3838,2810,finalist
273,collector,1,meadow,はじまり草原,1,4,2,1,1,1,2,5,5,4,1,0,2,2,1,13,1,0,8,29,2,1,7,0,0,0,3,0,0,0,230,1269,finalist
273,collector,2,cave,こだま洞くつ,3,7,2,1,1,6,5,10,8,6,2,0,3,3,2,40,1,0,12,85,4,1,19,0,0,0,4,6,0,0,1347,3014,finalist
273,collector,3,brook,しずく湖畔,5,10,3,1,1,10,10,12,6,4,2,0,4,2,1,13,2,1,10,38,3,1,8,0,0,0,6,4,0,0,3408,3628,finalist
273,collector,4,volcano,ほむら火山,8,14,4,1,1,13,10,12,4,1,3,0,7,1,0,14,4,2,9,52,2,1,14,0,0,0,7,0,0,0,3400,5815,finalist
273,collector,5,tower,星晶の塔,12,20,5,1,1,13,15,20,12,10,1,1,11,3,2,17,5,5,20,84,1,1,9,0,0,0,27,25,0,0,5260,7714,finalist
274,rush,1,meadow,はじまり草原,1,4,2,1,1,1,3,7,6,6,0,0,2,5,4,19,0,0,11,31,0,0,4,0,0,0,4,7,0,0,230,723,finalist
274,rush,2,cave,こだま洞くつ,3,7,2,1,1,7,7,10,4,2,1,1,2,2,1,12,0,0,6,23,0,0,7,0,0,0,3,9,0,0,723,1121,finalist
274,rush,3,brook,しずく湖畔,5,10,3,1,1,10,10,13,4,3,1,0,2,2,1,9,0,0,6,21,0,0,5,0,0,0,4,16,0,0,1121,2132,finalist
274,rush,4,volcano,ほむら火山,8,14,4,1,1,13,13,14,4,4,0,0,0,1,0,4,0,0,5,13,0,0,4,0,0,0,1,0,0,0,2132,3438,finalist
274,rush,5,tower,星晶の塔,12,20,5,1,0,14,15,0,45,45,0,0,0,40,40,180,0,0,85,303,0,0,6,0,0,0,136,163,0,0,3438,0,finalist
275,balanced,1,meadow,はじまり草原,1,4,2,1,1,1,2,6,4,3,1,0,3,2,1,13,2,0,8,35,2,1,8,0,0,0,2,2,0,0,230,1141,finalist
275,balanced,2,cave,こだま洞くつ,3,7,2,1,1,7,8,9,2,1,1,0,2,1,0,19,1,0,4,37,1,1,19,0,0,0,2,0,0,0,1717,3575,finalist
275,balanced,3,brook,しずく湖畔,5,10,3,1,1,10,7,10,5,4,1,0,4,2,1,9,2,2,9,32,1,1,7,0,0,0,7,7,0,0,3709,4344,finalist
275,balanced,4,volcano,ほむら火山,8,14,4,1,1,10,11,15,8,7,1,0,4,3,2,19,2,2,13,56,3,1,9,0,0,0,13,31,0,0,3365,3415,finalist
275,balanced,5,tower,星晶の塔,12,20,5,1,1,15,16,22,18,16,1,1,4,7,6,40,2,2,27,91,1,1,9,0,0,0,27,80,0,0,2646,1827,finalist
276,collector,1,meadow,はじまり草原,1,4,2,1,1,1,2,5,5,4,1,0,2,2,1,12,1,0,8,33,1,1,7,0,0,0,4,0,0,0,230,1269,finalist
276,collector,2,cave,こだま洞くつ,3,7,2,1,1,6,4,10,8,6,2,0,3,3,2,34,1,0,12,74,4,1,15,0,0,0,4,6,0,0,1347,3073,finalist
276,collector,3,brook,しずく湖畔,5,10,3,1,1,10,10,13,12,10,2,0,8,4,3,32,5,4,21,117,3,1,19,0,0,0,24,21,1,0,3467,2010,finalist
276,collector,4,volcano,ほむら火山,8,14,4,1,1,13,14,15,4,2,2,0,9,1,0,3,5,5,10,54,0,0,8,0,0,0,18,0,0,0,1414,4023,finalist
276,collector,5,tower,星晶の塔,12,20,5,1,1,15,17,23,36,33,2,1,8,11,10,55,5,5,52,218,8,1,17,0,0,0,57,65,0,0,2125,2576,finalist
277,rush,1,meadow,はじまり草原,1,4,2,1,1,1,2,5,3,2,1,0,2,2,1,13,0,0,5,20,0,0,8,0,0,0,3,2,0,0,230,999,finalist
277,rush,2,cave,こだま洞くつ,3,7,2,1,1,5,5,9,5,3,1,1,3,3,2,27,0,0,8,45,0,0,11,0,0,0,9,15,0,0,999,1473,finalist
277,rush,3,brook,しずく湖畔,5,10,3,1,1,9,10,13,5,5,0,0,0,3,2,16,0,0,8,25,0,0,6,0,0,0,8,24,0,0,1473,1423,finalist
277,rush,4,volcano,ほむら火山,8,14,4,1,1,13,14,14,4,4,0,0,0,1,0,5,0,0,5,14,0,0,5,0,0,0,2,0,0,0,1423,2681,finalist
277,rush,5,tower,星晶の塔,12,20,5,1,0,14,16,0,50,45,0,5,0,40,40,178,0,0,90,327,0,0,7,0,0,0,137,138,0,0,2681,0,finalist
278,balanced,1,meadow,はじまり草原,1,4,2,1,1,1,2,6,4,3,1,0,3,2,1,14,2,0,8,40,1,1,9,0,0,0,2,2,0,0,230,1134,finalist
278,balanced,2,cave,こだま洞くつ,3,7,2,1,1,7,8,9,2,1,1,0,3,1,0,13,2,2,5,38,1,1,13,0,0,0,8,0,0,0,2410,3159,finalist
278,balanced,3,brook,しずく湖畔,5,10,3,1,1,9,10,12,5,4,1,0,3,2,1,18,2,2,9,50,1,1,10,0,0,0,11,13,0,0,2447,2991,finalist
278,balanced,4,volcano,ほむら火山,8,14,4,1,1,12,13,16,11,9,1,1,6,4,3,24,2,1,17,82,3,1,8,0,0,0,23,41,0,0,2318,1262,finalist
278,balanced,5,tower,星晶の塔,12,20,5,1,1,18,17,28,61,60,1,0,4,29,28,136,2,2,92,259,9,1,7,0,0,0,96,169,0,0,2393,1863,finalist
279,collector,1,meadow,はじまり草原,1,4,2,1,1,1,2,5,5,4,1,0,2,2,1,10,1,0,8,28,1,1,6,0,0,0,2,0,0,0,230,1268,finalist
279,collector,2,cave,こだま洞くつ,3,7,2,1,1,6,4,9,8,7,1,0,3,3,2,51,2,0,13,98,4,1,19,0,0,0,4,6,0,0,1346,2841,finalist
279,collector,3,brook,しずく湖畔,5,10,3,1,1,10,11,12,6,4,2,0,7,2,1,8,5,5,13,50,0,0,7,0,0,0,12,8,0,0,3109,3569,finalist
279,collector,4,volcano,ほむら火山,8,14,4,1,1,12,13,14,4,1,3,0,8,1,0,3,5,2,10,47,0,0,8,0,0,0,12,0,0,0,1885,3709,finalist
279,collector,5,tower,星晶の塔,12,20,5,1,1,16,17,17,5,2,3,0,10,1,0,7,5,5,11,67,1,1,8,0,0,0,21,0,0,0,5725,8287,finalist
280,rush,1,meadow,はじまり草原,1,4,2,1,1,1,2,5,3,2,1,0,1,2,1,11,0,0,5,20,0,0,7,0,0,0,2,2,0,0,230,994,finalist
280,rush,2,cave,こだま洞くつ,3,7,2,1,1,5,6,9,4,3,1,0,1,3,2,20,0,0,7,32,0,0,8,0,0,0,8,14,0,0,994,737,finalist
280,rush,3,brook,しずく湖畔,5,10,3,1,1,9,10,12,4,4,0,0,0,2,1,10,0,0,6,17,0,0,6,0,0,0,5,15,0,0,737,1853,finalist
280,rush,4,volcano,ほむら火山,8,14,4,1,1,12,13,14,5,4,0,1,0,1,0,6,0,0,6,23,0,0,6,0,0,0,5,0,0,0,1853,3125,finalist
280,rush,5,tower,星晶の塔,12,20,5,1,0,14,15,0,45,45,0,0,0,40,40,159,0,0,85,283,0,0,6,0,0,0,139,161,0,0,3125,0,finalist
281,balanced,1,meadow,はじまり草原,1,4,2,1,1,1,2,6,4,2,2,0,4,2,1,12,2,0,8,33,1,1,9,0,0,0,5,2,0,0,230,1121,finalist
281,balanced,2,cave,こだま洞くつ,3,7,2,1,1,7,7,10,4,3,1,0,3,2,1,26,2,1,8,55,1,1,19,0,0,0,8,8,0,0,1697,2916,finalist
281,balanced,3,brook,しずく湖畔,5,10,3,1,1,10,11,12,3,2,1,0,3,1,0,6,2,2,6,21,0,0,6,0,0,0,5,0,0,0,2701,4152,finalist
281,balanced,4,volcano,ほむら火山,8,14,4,1,1,12,9,12,4,3,1,0,4,1,0,4,2,2,7,24,0,0,6,0,0,0,5,0,0,0,3216,5587,finalist
281,balanced,5,tower,星晶の塔,12,20,5,1,1,12,15,21,17,16,1,0,3,7,6,36,2,2,26,73,0,0,8,0,0,0,26,85,0,0,4327,2785,finalist
282,collector,1,meadow,はじまり草原,1,4,2,1,1,1,2,5,5,4,1,0,2,2,1,11,1,0,8,30,2,1,8,0,0,0,3,0,0,0,230,1274,finalist
282,collector,2,cave,こだま洞くつ,3,7,2,1,1,5,5,9,5,4,1,0,4,2,1,35,3,0,10,85,2,1,18,0,0,0,3,3,0,0,1352,3342,finalist
282,collector,3,brook,しずく湖畔,5,10,3,1,1,10,11,13,3,2,1,0,5,1,0,5,4,2,8,39,1,1,10,0,0,0,7,0,0,0,4044,6203,finalist
282,collector,4,volcano,ほむら火山,8,14,4,1,1,14,10,13,4,0,4,0,9,1,0,5,5,1,10,53,1,1,9,0,0,0,5,0,0,0,5172,8509,finalist
282,collector,5,tower,星晶の塔,12,20,5,1,1,21,21,23,8,6,2,0,10,2,1,10,5,5,15,69,3,1,7,0,0,0,22,14,0,0,20616,20499,finalist
283,rush,1,meadow,はじまり草原,1,4,2,1,1,1,2,5,5,2,1,2,2,2,1,13,0,0,7,37,0,0,8,0,0,0,4,3,0,0,230,889,finalist
283,rush,2,cave,こだま洞くつ,3,7,2,1,1,5,6,9,3,3,0,0,2,2,1,12,0,0,5,25,0,0,7,0,0,0,5,10,0,0,889,950,finalist
283,rush,3,brook,しずく湖畔,5,10,3,1,1,9,9,12,4,3,1,0,1,2,1,12,0,0,6,21,0,0,6,0,0,0,4,20,0,0,950,1701,finalist
283,rush,4,volcano,ほむら火山,8,14,4,1,1,12,13,15,7,7,0,0,0,4,3,21,0,0,11,40,0,0,6,0,0,0,12,32,0,0,1701,1157,finalist
283,rush,5,tower,星晶の塔,12,20,5,1,0,15,16,0,50,45,0,5,0,40,40,167,0,0,90,348,0,0,8,0,0,0,158,126,0,0,1157,0,finalist
284,balanced,1,meadow,はじまり草原,1,4,2,1,1,1,2,4,2,0,2,0,4,1,0,10,2,0,5,30,2,1,10,0,0,0,4,0,0,0,230,1078,finalist
284,balanced,2,cave,こだま洞くつ,3,7,2,1,1,6,4,7,4,3,1,0,3,2,1,26,2,1,8,53,2,1,13,0,0,0,6,4,0,0,2754,2795,finalist
284,balanced,3,brook,しずく湖畔,5,10,3,1,1,7,9,10,3,2,1,0,3,1,0,5,2,2,6,26,0,0,6,0,0,0,8,0,0,0,2594,4460,finalist
284,balanced,4,volcano,ほむら火山,8,14,4,1,1,10,11,13,6,3,1,2,5,1,0,6,2,2,9,44,1,1,7,0,0,0,15,0,0,0,3454,5066,finalist
284,balanced,5,tower,星晶の塔,12,20,5,1,1,13,15,26,53,49,0,4,9,23,22,105,2,2,78,274,9,1,11,0,0,0,93,146,0,0,3924,2209,finalist
285,collector,1,meadow,はじまり草原,1,4,2,1,1,1,2,4,2,0,2,0,3,1,0,13,1,0,4,28,1,1,13,0,0,0,3,0,0,0,230,1078,finalist
285,collector,2,cave,こだま洞くつ,3,7,2,1,1,4,4,9,8,6,2,0,6,3,2,50,4,0,15,110,2,1,20,0,0,0,5,5,0,0,1436,2982,finalist
285,collector,3,brook,しずく湖畔,5,10,3,1,1,12,12,14,9,7,2,0,6,3,2,22,4,3,16,58,2,1,9,0,0,0,18,14,0,0,5218,3966,finalist
285,collector,4,volcano,ほむら火山,8,14,4,1,1,10,15,17,4,2,2,0,8,1,0,3,5,1,10,47,0,0,7,0,0,0,8,0,0,0,2912,6702,finalist
285,collector,5,tower,星晶の塔,12,20,5,1,1,23,22,22,5,3,2,0,8,1,0,5,5,5,11,42,1,1,6,0,0,0,16,0,0,0,18695,21733,finalist
286,rush,1,meadow,はじまり草原,1,4,2,1,1,1,2,5,3,2,1,0,1,2,1,10,0,0,5,19,0,0,6,0,0,0,3,3,0,0,230,940,finalist
286,rush,2,cave,こだま洞くつ,3,7,2,1,1,5,6,10,6,4,0,2,3,3,2,13,0,0,9,40,0,0,7,0,0,0,10,17,0,0,940,552,finalist
286,rush,3,brook,しずく湖畔,5,10,3,1,1,10,10,12,5,4,1,0,3,3,2,13,0,0,8,26,0,0,5,0,0,0,9,20,0,0,552,1472,finalist
286,rush,4,volcano,ほむら火山,8,14,4,1,1,12,13,16,5,5,0,0,0,2,1,10,0,0,7,25,0,0,5,0,0,0,7,24,0,0,1472,1855,finalist
286,rush,5,tower,星晶の塔,12,20,5,1,0,16,16,0,47,45,0,2,0,40,40,162,0,0,87,287,0,0,6,0,0,0,143,128,0,0,1855,0,finalist
287,balanced,1,meadow,はじまり草原,1,4,2,1,1,1,2,5,4,2,2,0,4,2,1,19,2,0,8,41,3,1,11,0,0,0,4,2,0,0,230,1119,finalist
287,balanced,2,cave,こだま洞くつ,3,7,2,1,1,7,8,9,2,2,0,0,3,1,0,9,2,2,5,34,0,0,10,0,0,0,7,0,0,0,1695,3181,finalist
287,balanced,3,brook,しずく湖畔,5,10,3,1,1,9,10,11,3,2,1,0,4,1,0,7,2,2,6,23,0,0,7,0,0,0,8,0,0,0,2464,3505,finalist
287,balanced,4,volcano,ほむら火山,8,14,4,1,1,11,11,15,13,11,1,1,5,5,4,29,2,2,20,81,1,1,8,0,0,0,27,45,0,0,2715,1233,finalist
287,balanced,5,tower,星晶の塔,12,20,5,1,0,15,17,0,92,85,0,7,10,40,40,173,0,0,132,376,9,1,11,0,0,0,146,180,0,0,956,0,finalist
288,collector,1,meadow,はじまり草原,1,4,2,1,1,1,2,5,5,4,1,0,2,2,1,13,1,0,8,32,3,1,8,0,0,0,3,0,0,0,230,1276,finalist
288,collector,2,cave,こだま洞くつ,3,7,2,1,1,5,4,8,5,3,2,0,5,2,1,26,3,0,10,68,1,1,15,0,0,0,5,2,0,0,1354,3355,finalist
288,collector,3,brook,しずく湖畔,5,10,3,1,1,10,10,12,3,1,2,0,7,1,0,6,5,5,9,50,1,1,8,0,0,0,19,0,0,0,4317,6158,finalist
288,collector,4,volcano,ほむら火山,8,14,4,1,1,12,11,13,7,4,3,0,8,2,1,10,5,5,14,67,2,1,8,0,0,0,22,8,0,0,3252,3634,finalist
288,collector,5,tower,星晶の塔,12,20,5,1,1,13,15,25,54,49,1,4,11,16,15,184,5,5,75,378,4,1,24,0,0,0,77,77,0,0,1920,3246,finalist
289,rush,1,meadow,はじまり草原,1,4,2,1,1,1,2,5,3,2,1,0,2,2,1,10,0,0,5,19,0,0,6,0,0,0,2,3,0,0,230,942,finalist
289,rush,2,cave,こだま洞くつ,3,7,2,1,1,5,6,9,3,2,1,0,2,2,1,12,0,0,5,26,0,0,9,0,0,0,4,7,0,0,942,1364,finalist
289,rush,3,brook,しずく湖畔,5,10,3,1,1,9,9,12,4,4,0,0,0,2,1,11,0,0,6,19,0,0,6,0,0,0,4,16,0,0,1364,2235,finalist
289,rush,4,volcano,ほむら火山,8,14,4,1,1,12,13,14,4,4,0,0,0,1,0,5,0,0,5,12,0,0,5,0,0,0,2,0,0,0,2235,3781,finalist
289,rush,5,tower,星晶の塔,12,20,5,1,0,14,16,0,47,45,0,2,0,40,40,193,0,0,87,311,0,0,7,0,0,0,127,156,0,0,3781,0,finalist
290,balanced,1,meadow,はじまり草原,1,4,2,1,1,1,2,6,4,3,1,0,3,2,1,12,2,0,8,31,2,1,7,0,0,0,2,2,0,0,230,1136,finalist
290,balanced,2,cave,こだま洞くつ,3,7,2,1,1,7,8,9,2,1,1,0,3,1,0,6,2,2,5,45,1,1,22,0,0,0,7,0,0,0,1712,3329,finalist
290,balanced,3,brook,しずく湖畔,5,10,3,1,1,9,10,12,5,4,1,0,3,2,1,16,2,2,9,38,1,1,9,0,0,0,11,14,0,0,2579,2673,finalist
290,balanced,4,volcano,ほむら火山,8,14,4,1,1,12,11,13,6,5,1,0,3,2,1,16,2,0,10,47,1,1,12,0,0,0,9,11,0,0,2071,2884,finalist
290,balanced,5,tower,星晶の塔,12,20,5,1,1,14,16,21,17,14,1,2,5,6,5,54,2,2,25,130,2,1,21,0,0,0,29,77,0,0,4598,2744,finalist
291,collector,1,meadow,はじまり草原,1,4,2,1,1,1,2,5,5,4,1,0,5,2,1,12,4,0,11,52,2,1,8,0,0,0,6,0,0,0,230,1278,finalist
291,collector,2,cave,こだま洞くつ,3,7,2,1,1,7,8,10,5,4,1,0,2,2,1,33,1,0,8,54,3,1,25,0,0,0,6,5,0,0,3060,3337,finalist
291,collector,3,brook,しずく湖畔,5,10,3,1,1,9,9,12,6,6,0,0,5,2,1,9,5,5,13,50,1,1,7,0,0,0,12,7,0,0,4671,4692,finalist
291,collector,4,volcano,ほむら火山,8,14,4,1,1,12,12,13,4,1,3,0,8,1,0,4,5,1,10,53,3,1,9,0,0,0,12,0,0,0,2478,3354,finalist
291,collector,5,tower,星晶の塔,12,20,5,1,1,22,20,21,5,3,2,0,7,1,0,5,5,5,11,52,0,0,7,0,0,0,16,0,0,0,18280,19713,finalist
292,rush,1,meadow,はじまり草原,1,4,2,1,1,1,3,7,4,4,0,0,1,3,2,10,0,0,7,22,0,0,4,0,0,0,2,8,0,0,230,682,finalist
292,rush,2,cave,こだま洞くつ,3,7,2,1,1,7,7,13,20,19,0,1,3,18,17,51,0,0,38,91,0,0,4,0,0,0,18,35,0,0,682,521,finalist
292,rush,3,brook,しずく湖畔,5,10,3,1,1,13,13,15,7,5,2,0,2,5,4,28,0,0,12,42,0,0,7,0,0,0,14,12,0,0,521,1127,finalist
292,rush,4,volcano,ほむら火山,8,14,4,1,1,15,15,16,5,5,0,0,0,2,1,10,0,0,7,24,0,0,5,0,0,0,6,19,0,0,1127,985,finalist
292,rush,5,tower,星晶の塔,12,20,5,1,0,16,18,0,46,45,0,1,0,40,40,175,0,0,86,325,0,0,6,0,0,0,143,132,0,0,985,0,finalist
293,balanced,1,meadow,はじまり草原,1,4,2,1,1,1,2,5,2,1,1,0,2,1,0,9,1,0,4,17,1,1,9,0,0,0,1,0,0,0,230,1097,finalist
293,balanced,2,cave,こだま洞くつ,3,7,2,1,1,5,4,9,6,5,1,0,2,3,2,47,1,0,10,83,3,1,17,0,0,0,5,10,0,0,1275,2639,finalist
293,balanced,3,brook,しずく湖畔,5,10,3,1,1,9,10,11,3,2,1,0,3,1,0,4,2,2,6,21,0,0,5,0,0,0,5,0,0,0,3013,4450,finalist
293,balanced,4,volcano,ほむら火山,8,14,4,1,1,11,12,13,4,4,0,0,6,1,0,3,2,2,7,28,1,1,7,0,0,0,4,0,0,0,3447,4723,finalist
293,balanced,5,tower,星晶の塔,12,20,5,1,1,13,14,19,17,14,1,2,5,6,5,28,2,2,25,76,3,1,7,0,0,0,19,61,0,0,3659,3409,finalist
294,collector,1,meadow,はじまり草原,1,4,2,1,1,1,2,5,5,4,1,0,2,2,1,13,1,0,8,30,2,1,9,0,0,0,3,0,0,0,230,1281,finalist
294,collector,2,cave,こだま洞くつ,3,7,2,1,1,6,4,8,5,3,2,0,7,2,1,27,5,0,12,84,3,1,15,0,0,0,3,3,0,0,1359,3097,finalist
294,collector,3,brook,しずく湖畔,5,10,3,1,1,12,12,13,3,1,2,0,3,1,0,5,1,0,5,25,1,1,9,0,0,0,4,0,0,0,5467,6174,finalist
294,collector,4,volcano,ほむら火山,8,14,4,1,1,15,11,12,4,2,2,0,7,1,0,5,4,3,9,55,0,0,9,0,0,0,16,0,0,0,8581,9825,finalist
294,collector,5,tower,星晶の塔,12,20,5,1,1,16,16,20,9,6,2,1,9,2,1,12,5,5,16,97,4,1,14,0,0,0,27,13,0,0,12353,17944,finalist
295,rush,1,meadow,はじまり草原,1,4,2,1,1,1,2,5,3,2,1,0,1,2,1,11,0,0,5,19,0,0,7,0,0,0,2,3,0,0,230,944,finalist
295,rush,2,cave,こだま洞くつ,3,7,2,1,1,5,6,9,3,2,1,0,1,2,1,16,0,0,5,26,0,0,10,0,0,0,5,9,0,0,944,1733,finalist
295,rush,3,brook,しずく湖畔,5,10,3,1,1,9,9,12,4,4,0,0,0,2,1,11,0,0,6,18,0,0,6,0,0,0,4,20,0,0,1733,1860,finalist
295,rush,4,volcano,ほむら火山,8,14,4,1,1,12,13,15,5,5,0,0,0,2,1,11,0,0,7,26,0,0,6,0,0,0,7,20,0,0,1860,2010,finalist
295,rush,5,tower,星晶の塔,12,20,5,1,0,15,16,0,47,45,0,2,0,40,40,184,0,0,87,337,0,0,7,0,0,0,141,142,0,0,2010,0,finalist
296,balanced,1,meadow,はじまり草原,1,4,2,1,1,1,2,6,4,3,1,0,4,2,1,10,2,0,8,33,0,0,7,0,0,0,2,2,0,0,230,1140,finalist
296,balanced,2,cave,こだま洞くつ,3,7,2,1,1,7,8,9,2,1,1,0,3,1,0,13,2,2,5,33,0,0,13,0,0,0,8,0,0,0,1716,3572,finalist
296,balanced,3,brook,しずく湖畔,5,10,3,1,1,9,9,12,5,4,1,0,5,2,1,11,2,2,9,41,2,1,6,0,0,0,12,8,0,0,2767,3177,finalist
296,balanced,4,volcano,ほむら火山,8,14,4,1,1,12,9,12,8,5,1,2,6,2,1,10,2,2,12,55,2,1,6,0,0,0,21,8,0,0,2461,2702,finalist
296,balanced,5,tower,星晶の塔,12,20,5,1,1,12,12,24,47,44,1,2,7,21,20,99,2,2,70,230,7,1,10,0,0,0,80,116,0,0,2093,3449,finalist
297,collector,1,meadow,はじまり草原,1,4,2,1,1,1,2,5,5,4,1,0,2,2,1,10,1,0,8,27,1,1,6,0,0,0,2,0,0,0,230,1271,finalist
297,collector,2,cave,こだま洞くつ,3,7,2,1,1,6,6,10,8,7,1,0,7,3,2,50,5,0,16,143,2,1,24,0,0,0,4,6,0,0,1349,2709,finalist
297,collector,3,brook,しずく湖畔,5,10,3,1,1,13,13,14,3,1,2,0,6,1,0,6,4,1,8,36,0,0,9,0,0,0,3,0,0,0,4779,5937,finalist
297,collector,4,volcano,ほむら火山,8,14,4,1,1,16,16,20,4,2,2,0,8,1,0,28,5,1,10,74,2,1,28,0,0,0,11,0,0,0,12846,20873,finalist
297,collector,5,tower,星晶の塔,12,20,5,1,1,20,15,21,23,19,4,0,10,7,6,66,5,5,35,170,3,1,26,0,0,0,38,67,0,0,19397,9478,finalist
298,rush,1,meadow,はじまり草原,1,4,2,1,1,1,2,5,4,2,1,1,2,2,1,10,0,0,6,24,0,0,5,0,0,0,4,2,0,0,230,974,finalist
298,rush,2,cave,こだま洞くつ,3,7,2,1,1,5,5,9,4,3,1,0,1,3,2,20,0,0,7,32,0,0,8,0,0,0,7,11,0,0,974,1792,finalist
298,rush,3,brook,しずく湖畔,5,10,3,1,1,9,10,13,5,5,0,0,0,3,2,15,0,0,8,27,0,0,5,0,0,0,8,28,0,0,1792,1464,finalist
298,rush,4,volcano,ほむら火山,8,14,4,1,1,13,14,16,8,7,0,1,0,4,3,18,0,0,12,44,0,0,6,0,0,0,15,33,0,0,1464,1148,finalist
298,rush,5,tower,星晶の塔,12,20,5,1,0,16,17,0,56,45,0,11,0,40,40,165,0,0,96,364,0,0,8,0,0,0,176,114,0,0,1148,0,finalist
299,balanced,1,meadow,はじまり草原,1,4,2,1,1,1,2,6,4,2,2,0,4,2,1,17,2,0,8,40,3,1,11,0,0,0,4,2,0,0,230,1124,finalist
299,balanced,2,cave,こだま洞くつ,3,7,2,1,1,7,8,9,2,1,1,0,3,1,0,7,2,2,5,31,0,0,9,0,0,0,6,0,0,0,2400,3563,finalist
299,balanced,3,brook,しずく湖畔,5,10,3,1,1,9,10,12,5,4,1,0,4,2,1,10,2,1,9,41,0,0,9,0,0,0,13,13,0,0,2760,2910,finalist
299,balanced,4,volcano,ほむら火山,8,14,4,1,1,13,12,16,9,7,1,1,5,3,2,17,2,2,14,60,1,1,7,0,0,0,19,31,0,0,2743,2868,finalist
299,balanced,5,tower,星晶の塔,12,20,5,1,1,16,15,23,30,28,1,1,5,13,12,137,2,2,45,259,3,1,24,0,0,0,54,96,0,0,2222,1881,finalist
300,collector,1,meadow,はじまり草原,1,4,2,1,1,1,2,5,5,3,2,0,3,2,1,17,1,0,8,34,3,1,12,0,0,0,4,0,0,0,230,1254,finalist
300,collector,2,cave,こだま洞くつ,3,7,2,1,1,6,4,7,5,3,2,0,4,2,1,34,2,0,9,77,2,1,20,0,0,0,4,3,0,0,1752,3302,finalist
300,collector,3,brook,しずく湖畔,5,10,3,1,1,9,10,12,9,8,1,0,7,3,2,15,5,5,17,64,1,1,7,0,0,0,23,13,0,0,4070,3161,finalist
300,collector,4,volcano,ほむら火山,8,14,4,1,1,12,10,12,4,0,4,0,5,1,0,4,1,0,6,35,1,1,8,0,0,0,8,0,0,0,1671,4008,finalist
300,collector,5,tower,星晶の塔,12,20,5,1,1,13,17,20,14,12,2,0,8,4,3,26,5,5,23,99,1,1,8,0,0,0,29,38,0,0,4265,5036,finalist
