run,profile,stage_index,stage_id,stage_name,req_level,boss_level,unlock_wins,reached,cleared,entry_highest_level,boss_start_highest_level,clear_highest_level,normalBattles,normalCombatWins,scoutWins,normalLosses,scoutEncounters,bossAttempts,bossLosses,bossTurns,recruitmentBossBattles,recruitmentBossLosses,totalBattles,totalTurns,guardTurns,maxGuardStreak,maxBattleTurns,battles50Plus,guardLoopBattles,stalledBattles,kos,trainingBooks,fusions,levelRecoveryBattles,gold_at_entry,gold_at_clear
1,rush,1,meadow,はじまり草原,1,4,2,1,1,1,2,6,6,2,2,2,2,3,2,27,0,0,9,45,0,0,11,0,0,0,10,8,0,0,230,663
1,rush,2,cave,こだま洞くつ,3,7,2,1,1,6,7,10,6,6,0,0,0,5,4,41,0,0,11,56,0,0,10,0,0,0,14,16,0,0,663,1377
1,rush,3,brook,しずく湖畔,5,10,3,1,1,10,11,14,6,6,0,0,0,4,3,22,0,0,10,34,0,0,6,0,0,0,10,25,0,0,1377,1190
1,rush,4,volcano,ほむら火山,8,14,4,1,1,14,14,23,46,45,0,1,0,42,41,213,0,0,88,340,0,0,6,0,0,0,136,89,0,0,1190,946
1,rush,5,tower,星晶の塔,12,20,5,1,0,23,23,0,85,85,0,0,0,80,80,352,0,0,165,592,0,0,7,0,0,0,258,190,0,0,946,0
1,rush,6,snowfield,霜降り雪原,16,25,4,0,0,0,0,0,0,0,0,0,0,0,0,0,0,0,0,0,0,0,0,0,0,0,0,0,0,0,0,0
1,rush,7,thunder_ruins,雷鳴遺跡,21,31,5,0,0,0,0,0,0,0,0,0,0,0,0,0,0,0,0,0,0,0,0,0,0,0,0,0,0,0,0,0
1,rush,8,prism_sanctuary,虹晶聖域,28,42,6,0,0,0,0,0,0,0,0,0,0,0,0,0,0,0,0,0,0,0,0,0,0,0,0,0,0,0,0,0
1,rush,9,poison_bog,毒霧の沼地,34,48,5,0,0,0,0,0,0,0,0,0,0,0,0,0,0,0,0,0,0,0,0,0,0,0,0,0,0,0,0,0
1,rush,10,machine_city,古代機械都市,39,57,6,0,0,0,0,0,0,0,0,0,0,0,0,0,0,0,0,0,0,0,0,0,0,0,0,0,0,0,0,0
1,rush,11,deep_sea_temple,深海神殿,46,66,6,0,0,0,0,0,0,0,0,0,0,0,0,0,0,0,0,0,0,0,0,0,0,0,0,0,0,0,0,0
1,rush,12,demon_gate,魔界門,54,76,7,0,0,0,0,0,0,0,0,0,0,0,0,0,0,0,0,0,0,0,0,0,0,0,0,0,0,0,0,0
1,rush,13,sky_ruins,天空遺跡,68,86,7,0,0,0,0,0,0,0,0,0,0,0,0,0,0,0,0,0,0,0,0,0,0,0,0,0,0,0,0,0
2,balanced,1,meadow,はじまり草原,1,4,2,1,1,1,2,6,6,4,2,0,3,3,2,39,1,0,10,58,9,4,17,0,0,0,8,5,0,0,230,910
2,balanced,2,cave,こだま洞くつ,3,7,2,1,1,7,7,10,4,3,1,0,3,2,1,22,2,2,8,50,3,2,15,0,0,0,11,8,0,0,1168,2912
2,balanced,3,brook,しずく湖畔,5,10,3,1,1,10,11,14,7,6,1,0,3,3,2,16,2,2,12,42,1,1,8,0,0,0,14,31,0,0,2256,1272
2,balanced,4,volcano,ほむら火山,8,14,4,1,1,14,13,16,10,9,1,0,3,4,3,20,2,2,16,49,2,1,7,0,0,0,17,31,0,0,986,1184
2,balanced,5,tower,星晶の塔,12,20,5,1,1,16,17,21,18,16,1,1,4,7,6,45,2,2,27,122,0,0,12,0,0,0,30,50,0,0,917,1790
2,balanced,6,snowfield,霜降り雪原,16,25,4,1,1,21,21,30,34,33,1,0,3,16,15,122,2,2,52,212,6,1,14,0,0,0,53,141,0,0,1387,3595
2,balanced,7,thunder_ruins,雷鳴遺跡,21,31,5,1,1,30,31,36,29,28,1,0,6,13,12,286,2,2,44,361,7,1,31,0,0,0,47,137,0,0,2785,3094
2,balanced,8,prism_sanctuary,虹晶聖域,28,42,6,1,1,36,37,57,127,118,0,9,17,57,56,319,2,2,186,812,12,1,26,0,0,0,226,678,0,0,2397,4928
2,balanced,9,poison_bog,毒霧の沼地,34,48,5,1,1,57,58,59,5,4,1,0,3,1,0,6,2,2,8,26,0,0,6,0,0,0,8,0,0,0,3817,16714
2,balanced,10,machine_city,古代機械都市,39,57,6,1,1,59,59,73,84,83,1,0,4,40,39,288,2,2,126,520,16,2,18,0,0,0,127,907,0,0,12944,8121
2,balanced,11,deep_sea_temple,深海神殿,46,66,6,1,1,73,74,97,136,134,0,2,10,65,64,2592,2,2,203,3160,74,1,72,37,0,0,222,1664,0,0,6290,14640
2,balanced,12,demon_gate,魔界門,54,76,7,1,0,97,98,0,170,166,1,3,6,80,80,6093,0,0,250,6898,13,1,86,82,0,0,293,326,0,0,11338,0
2,balanced,13,sky_ruins,天空遺跡,68,86,7,0,0,0,0,0,0,0,0,0,0,0,0,0,0,0,0,0,0,0,0,0,0,0,0,0,0,0,0,0
3,collector,1,meadow,はじまり草原,1,4,2,1,1,1,2,6,11,7,1,3,7,3,2,33,4,3,18,105,13,4,14,0,0,0,16,0,0,0,230,1141
3,collector,2,cave,こだま洞くつ,3,7,2,1,1,5,6,11,11,11,0,0,2,4,3,46,2,1,17,106,5,3,15,0,0,0,9,7,0,0,857,2419
3,collector,3,brook,しずく湖畔,5,10,3,1,1,11,11,15,15,13,2,0,7,5,4,33,5,5,25,84,0,0,11,0,0,0,29,24,0,0,2683,1305
3,collector,4,volcano,ほむら火山,8,14,4,1,1,15,13,18,23,20,2,1,8,7,6,147,5,5,35,275,5,1,30,0,0,0,39,28,0,0,691,1612
3,collector,5,tower,星晶の塔,12,20,5,1,1,18,17,22,35,30,2,3,12,10,9,51,5,5,50,296,5,1,17,0,0,0,68,28,0,0,852,3491
3,collector,6,snowfield,霜降り雪原,16,25,4,1,1,22,22,24,7,4,3,0,9,2,1,79,5,5,14,147,2,1,48,0,0,0,22,20,0,0,1845,4619
3,collector,7,thunder_ruins,雷鳴遺跡,21,31,5,1,1,24,25,30,23,21,2,0,8,7,6,143,5,5,35,237,4,1,27,0,0,0,36,97,0,0,2440,3601
3,collector,8,prism_sanctuary,虹晶聖域,28,42,6,1,1,30,32,60,178,168,0,10,17,55,54,909,5,5,238,2327,27,2,60,6,0,0,221,835,0,0,1902,7841
3,collector,9,poison_bog,毒霧の沼地,34,48,5,1,1,60,61,61,5,3,2,0,8,1,0,31,5,5,11,83,0,0,31,0,0,0,16,0,0,0,4140,13460
3,collector,10,machine_city,古代機械都市,39,57,6,1,1,61,61,67,36,32,4,0,10,11,10,325,5,5,52,490,19,2,70,2,0,0,52,326,1,0,7106,13854
3,collector,11,deep_sea_temple,深海神殿,46,66,6,1,1,67,68,100,207,199,2,6,16,66,65,4326,5,5,278,5106,37,2,290,36,0,0,228,2137,0,0,7312,25243
3,collector,12,demon_gate,魔界門,54,76,7,1,1,100,92,97,25,20,2,3,11,6,5,1054,5,5,36,2699,13,2,204,17,0,0,52,383,0,0,13324,15585
3,collector,13,sky_ruins,天空遺跡,68,86,7,1,1,97,89,100,138,133,3,2,10,44,43,13757,5,5,187,14115,25,3,327,44,0,0,159,802,0,0,8227,47969
4,rush,1,meadow,はじまり草原,1,4,2,1,1,1,2,6,4,2,2,0,2,3,2,26,0,0,7,38,0,0,9,0,0,0,7,8,0,0,230,706
4,rush,2,cave,こだま洞くつ,3,7,2,1,1,6,7,12,12,12,0,0,0,11,10,77,0,0,23,102,0,0,8,0,0,0,31,34,0,0,706,563
4,rush,3,brook,しずく湖畔,5,10,3,1,1,12,13,14,4,4,0,0,0,2,1,13,0,0,6,22,0,0,7,0,0,0,5,8,0,0,563,1176
4,rush,4,volcano,ほむら火山,8,14,4,1,1,14,15,23,43,43,0,0,0,40,39,202,0,0,83,305,0,0,6,0,0,0,123,87,0,0,1176,953
4,rush,5,tower,星晶の塔,12,20,5,1,0,23,23,0,85,85,0,0,0,80,80,349,0,0,165,590,0,0,6,0,0,0,259,181,0,0,953,0
4,rush,6,snowfield,霜降り雪原,16,25,4,0,0,0,0,0,0,0,0,0,0,0,0,0,0,0,0,0,0,0,0,0,0,0,0,0,0,0,0,0
4,rush,7,thunder_ruins,雷鳴遺跡,21,31,5,0,0,0,0,0,0,0,0,0,0,0,0,0,0,0,0,0,0,0,0,0,0,0,0,0,0,0,0,0
4,rush,8,prism_sanctuary,虹晶聖域,28,42,6,0,0,0,0,0,0,0,0,0,0,0,0,0,0,0,0,0,0,0,0,0,0,0,0,0,0,0,0,0
4,rush,9,poison_bog,毒霧の沼地,34,48,5,0,0,0,0,0,0,0,0,0,0,0,0,0,0,0,0,0,0,0,0,0,0,0,0,0,0,0,0,0
4,rush,10,machine_city,古代機械都市,39,57,6,0,0,0,0,0,0,0,0,0,0,0,0,0,0,0,0,0,0,0,0,0,0,0,0,0,0,0,0,0
4,rush,11,deep_sea_temple,深海神殿,46,66,6,0,0,0,0,0,0,0,0,0,0,0,0,0,0,0,0,0,0,0,0,0,0,0,0,0,0,0,0,0
4,rush,12,demon_gate,魔界門,54,76,7,0,0,0,0,0,0,0,0,0,0,0,0,0,0,0,0,0,0,0,0,0,0,0,0,0,0,0,0,0
4,rush,13,sky_ruins,天空遺跡,68,86,7,0,0,0,0,0,0,0,0,0,0,0,0,0,0,0,0,0,0,0,0,0,0,0,0,0,0,0,0,0
5,balanced,1,meadow,はじまり草原,1,4,2,1,1,1,3,6,11,5,1,5,8,3,2,23,2,1,16,67,5,3,11,0,0,0,13,4,0,0,230,898
5,balanced,2,cave,こだま洞くつ,3,7,2,1,1,7,5,10,6,5,1,0,3,3,2,35,2,0,11,80,4,2,16,0,0,0,4,13,0,0,869,2750
5,balanced,3,brook,しずく湖畔,5,10,3,1,1,11,11,14,7,6,1,0,3,3,2,19,2,1,12,46,0,0,8,0,0,0,10,24,0,0,3018,2024
5,balanced,4,volcano,ほむら火山,8,14,4,1,1,13,13,14,4,3,1,0,3,1,0,4,2,2,7,20,0,0,5,0,0,0,4,0,0,0,3449,4432
5,balanced,5,tower,星晶の塔,12,20,5,1,1,14,16,23,27,26,1,0,3,12,11,77,2,2,41,140,0,0,16,0,0,0,42,108,0,0,3433,1876
5,balanced,6,snowfield,霜降り雪原,16,25,4,1,1,23,24,30,16,15,1,0,6,7,6,48,2,2,25,105,3,1,10,0,0,0,27,95,0,0,1453,4585
5,balanced,7,thunder_ruins,雷鳴遺跡,21,31,5,1,1,30,29,35,27,26,1,0,5,12,11,333,2,2,41,380,4,1,96,4,0,0,42,144,0,0,3551,3020
5,balanced,8,prism_sanctuary,虹晶聖域,28,42,6,1,1,35,36,52,88,82,0,6,13,39,38,202,2,2,129,453,3,1,13,0,0,0,149,465,0,0,2340,10334
5,balanced,9,poison_bog,毒霧の沼地,34,48,5,1,1,52,53,56,17,16,1,0,4,7,6,53,2,2,26,98,3,2,15,0,0,0,26,225,0,0,8003,12943
5,balanced,10,machine_city,古代機械都市,39,57,6,1,1,56,57,67,54,53,1,0,6,25,24,184,2,2,81,291,7,1,18,0,0,0,83,650,0,0,10024,7211
5,balanced,11,deep_sea_temple,深海神殿,46,66,6,1,1,67,68,77,43,41,1,1,5,19,18,167,2,2,64,285,0,0,22,0,0,0,70,541,0,0,5585,10120
5,balanced,12,demon_gate,魔界門,54,76,7,1,1,77,75,100,113,102,1,10,14,49,48,11981,2,2,164,13593,62,2,327,56,0,0,207,1572,0,0,7838,20326
5,balanced,13,sky_ruins,天空遺跡,68,86,7,1,0,100,100,0,7,6,1,0,1,1,0,400,0,0,8,421,0,0,400,1,0,1,0,0,0,0,15741,0
6,collector,1,meadow,はじまり草原,1,4,2,1,1,1,2,6,12,10,1,1,5,4,3,38,4,3,20,99,6,2,13,0,0,0,16,0,0,0,230,1738
6,collector,2,cave,こだま洞くつ,3,7,2,1,1,7,8,11,8,7,1,0,7,3,2,54,5,5,16,122,8,5,23,0,1,0,24,9,0,0,1264,2167
6,collector,3,brook,しずく湖畔,5,10,3,1,1,11,11,12,6,4,2,0,8,2,1,10,5,5,13,53,0,0,7,0,0,0,20,7,0,0,1145,1541
6,collector,4,volcano,ほむら火山,8,14,4,1,1,12,12,15,16,11,2,3,11,4,3,33,5,5,25,140,9,1,18,0,0,0,39,0,0,0,815,3517
6,collector,5,tower,星晶の塔,12,20,5,1,1,15,14,22,42,40,1,1,10,13,12,83,5,5,60,234,7,2,22,0,0,0,64,52,0,0,1858,2269
6,collector,6,snowfield,霜降り雪原,16,25,4,1,1,22,23,34,55,53,2,0,9,18,17,524,5,5,78,704,19,2,50,1,0,0,71,153,0,0,1200,4179
6,collector,7,thunder_ruins,雷鳴遺跡,21,31,5,1,1,34,33,39,39,35,3,1,4,12,11,359,0,0,51,441,18,2,36,0,0,0,29,128,1,0,2208,3630
6,collector,8,prism_sanctuary,虹晶聖域,28,42,6,1,1,39,40,51,103,94,2,7,16,31,30,235,5,5,139,2387,38,2,42,0,0,0,164,471,0,0,3630,5577
6,collector,9,poison_bog,毒霧の沼地,34,48,5,1,1,51,52,65,86,82,4,0,10,28,27,258,5,5,119,1015,25,2,30,0,0,0,126,598,2,0,2945,8685
6,collector,10,machine_city,古代機械都市,39,57,6,1,1,65,65,79,112,106,2,4,12,35,34,2584,5,5,152,3325,66,2,117,35,0,0,210,900,1,0,4584,8091
6,collector,11,deep_sea_temple,深海神殿,46,66,6,1,1,79,80,91,75,72,0,3,9,23,22,2887,5,5,103,3160,27,1,134,24,0,0,95,791,0,0,4272,15870
6,collector,12,demon_gate,魔界門,54,76,7,1,1,91,92,100,79,71,2,6,14,23,22,3352,5,5,107,6168,28,2,153,49,0,0,133,630,0,0,8377,37183
6,collector,13,sky_ruins,天空遺跡,68,86,7,1,1,100,97,100,34,29,2,3,12,9,8,2181,5,5,48,2510,10,2,248,11,0,0,55,387,0,0,19625,33078
7,rush,1,meadow,はじまり草原,1,4,2,1,1,1,2,6,10,3,1,6,8,3,2,20,0,0,13,47,0,0,8,0,0,0,11,7,0,0,230,686
7,rush,2,cave,こだま洞くつ,3,7,2,1,1,6,7,12,17,15,0,2,4,14,13,76,0,0,31,122,0,0,8,0,0,0,32,33,0,0,686,571
7,rush,3,brook,しずく湖畔,5,10,3,1,1,12,13,14,4,3,1,0,1,2,1,13,0,0,6,22,0,0,7,0,0,0,5,8,0,0,571,1340
7,rush,4,volcano,ほむら火山,8,14,4,1,1,14,14,21,32,32,0,0,0,29,28,146,0,0,61,217,0,0,6,0,0,0,90,75,0,0,1340,969
7,rush,5,tower,星晶の塔,12,20,5,1,0,21,22,0,87,85,0,2,0,80,80,363,0,0,167,572,0,0,7,0,0,0,254,185,0,0,969,0
7,rush,6,snowfield,霜降り雪原,16,25,4,0,0,0,0,0,0,0,0,0,0,0,0,0,0,0,0,0,0,0,0,0,0,0,0,0,0,0,0,0
7,rush,7,thunder_ruins,雷鳴遺跡,21,31,5,0,0,0,0,0,0,0,0,0,0,0,0,0,0,0,0,0,0,0,0,0,0,0,0,0,0,0,0,0
7,rush,8,prism_sanctuary,虹晶聖域,28,42,6,0,0,0,0,0,0,0,0,0,0,0,0,0,0,0,0,0,0,0,0,0,0,0,0,0,0,0,0,0
7,rush,9,poison_bog,毒霧の沼地,34,48,5,0,0,0,0,0,0,0,0,0,0,0,0,0,0,0,0,0,0,0,0,0,0,0,0,0,0,0,0,0
7,rush,10,machine_city,古代機械都市,39,57,6,0,0,0,0,0,0,0,0,0,0,0,0,0,0,0,0,0,0,0,0,0,0,0,0,0,0,0,0,0
7,rush,11,deep_sea_temple,深海神殿,46,66,6,0,0,0,0,0,0,0,0,0,0,0,0,0,0,0,0,0,0,0,0,0,0,0,0,0,0,0,0,0
7,rush,12,demon_gate,魔界門,54,76,7,0,0,0,0,0,0,0,0,0,0,0,0,0,0,0,0,0,0,0,0,0,0,0,0,0,0,0,0,0
7,rush,13,sky_ruins,天空遺跡,68,86,7,0,0,0,0,0,0,0,0,0,0,0,0,0,0,0,0,0,0,0,0,0,0,0,0,0,0,0,0,0
8,balanced,1,meadow,はじまり草原,1,4,2,1,1,1,2,7,9,7,1,1,3,4,3,39,2,0,15,91,10,3,15,0,0,0,9,7,0,0,230,770
8,balanced,2,cave,こだま洞くつ,3,7,2,1,1,9,9,11,4,3,1,0,3,2,1,40,2,2,8,65,3,2,27,0,0,0,10,10,0,0,1546,2504
8,balanced,3,brook,しずく湖畔,5,10,3,1,1,11,11,14,9,8,1,0,3,4,3,28,2,2,15,61,1,1,10,0,0,0,15,28,0,0,1940,1205
8,balanced,4,volcano,ほむら火山,8,14,4,1,1,14,14,19,18,17,1,0,3,8,7,56,2,2,28,106,9,2,8,0,0,0,30,47,0,0,934,1551
8,balanced,5,tower,星晶の塔,12,20,5,1,1,19,19,23,19,18,1,0,4,8,7,43,2,2,29,95,8,1,9,0,0,0,30,43,0,0,1202,3051
8,balanced,6,snowfield,霜降り雪原,16,25,4,1,1,23,23,31,38,37,1,0,5,18,17,126,2,2,58,221,40,5,10,0,1,0,61,169,0,0,2363,2822
8,balanced,7,thunder_ruins,雷鳴遺跡,21,31,5,1,1,31,32,34,9,8,1,0,4,3,2,18,2,2,14,48,3,1,8,0,0,0,14,49,0,0,2186,2993
8,balanced,8,prism_sanctuary,虹晶聖域,28,42,6,1,1,34,33,44,56,51,1,4,11,24,23,112,2,2,82,325,25,2,26,0,0,0,101,291,0,0,2318,7150
8,balanced,9,poison_bog,毒霧の沼地,34,48,5,1,1,44,45,49,13,12,1,0,5,5,4,37,2,2,20,79,4,1,10,0,0,0,20,203,0,0,5537,5847
8,balanced,10,machine_city,古代機械都市,39,57,6,1,1,49,49,56,29,27,1,1,6,12,11,65,2,2,43,139,9,2,8,0,0,0,45,290,0,0,4529,12123
8,balanced,11,deep_sea_temple,深海神殿,46,66,6,1,1,56,57,61,13,11,1,1,6,4,3,29,2,2,19,89,2,1,9,0,0,0,22,217,0,0,9389,17027
8,balanced,12,demon_gate,魔界門,54,76,7,1,1,61,64,84,58,57,0,1,10,26,25,1867,2,2,86,2071,22,2,94,22,0,0,95,1044,0,0,13186,14207
8,balanced,13,sky_ruins,天空遺跡,68,86,7,1,1,84,86,87,7,6,1,0,6,1,0,8,2,2,10,57,0,0,8,0,0,0,11,0,0,0,11003,35325
9,collector,1,meadow,はじまり草原,1,4,2,1,1,1,3,6,9,8,1,0,4,2,1,18,3,1,14,63,5,3,11,0,0,0,7,0,0,4,230,1288
9,collector,2,cave,こだま洞くつ,3,7,2,1,1,7,7,11,12,11,1,0,6,3,2,52,5,5,20,121,9,3,28,0,0,0,22,9,0,4,1710,2750
9,collector,3,brook,しずく湖畔,5,10,3,1,1,11,11,14,26,24,2,0,7,6,5,43,5,5,37,113,3,1,11,0,0,0,32,13,0,8,1452,1316
9,collector,4,volcano,ほむら火山,8,14,4,1,1,14,14,17,26,24,2,0,9,4,3,58,5,5,35,145,3,1,19,0,0,0,27,23,0,13,697,1919
9,collector,5,tower,星晶の塔,12,20,5,1,1,17,17,21,39,36,2,1,10,7,6,37,5,5,51,183,1,1,44,0,0,0,43,17,0,15,1014,3815
9,collector,6,snowfield,霜降り雪原,16,25,4,1,1,21,24,29,39,36,2,1,9,6,5,441,5,5,50,556,12,2,86,5,0,0,38,76,0,19,2016,2980
9,collector,7,thunder_ruins,雷鳴遺跡,21,31,5,1,1,29,29,34,55,53,2,0,8,8,7,547,5,5,68,655,10,1,85,6,0,0,38,83,0,29,1575,3567
9,collector,8,prism_sanctuary,虹晶聖域,28,42,6,1,1,34,35,54,155,137,1,17,25,37,36,343,5,5,197,2110,18,2,102,18,0,0,207,540,0,24,1885,7962
9,collector,9,poison_bog,毒霧の沼地,34,48,5,1,1,54,54,57,35,32,3,0,10,4,3,33,5,5,44,142,0,0,9,0,0,0,28,150,0,21,4203,6598
9,collector,10,machine_city,古代機械都市,39,57,6,1,1,57,55,70,87,80,4,3,12,27,26,219,5,5,119,532,18,2,105,1,0,0,97,987,2,0,3484,13025
9,collector,11,deep_sea_temple,深海神殿,46,66,6,1,1,70,70,92,135,129,3,3,11,43,42,6958,5,5,183,9436,36,2,274,49,0,0,170,1550,0,0,6875,18011
9,collector,12,demon_gate,魔界門,54,76,7,1,1,92,92,95,20,14,2,4,14,4,3,1119,5,5,29,2536,8,1,282,13,0,0,53,224,0,0,9506,15731
9,collector,13,sky_ruins,天空遺跡,68,86,7,1,0,95,95,0,118,108,3,7,10,35,35,8245,0,0,153,8564,31,3,239,35,0,0,135,371,0,0,8304,0
10,rush,1,meadow,はじまり草原,1,4,2,1,1,1,2,6,8,3,1,4,5,3,2,23,0,0,11,43,0,0,10,0,0,0,10,6,0,0,230,760
10,rush,2,cave,こだま洞くつ,3,7,2,1,1,6,6,10,5,4,1,0,2,4,3,36,0,0,9,51,0,0,10,0,0,0,10,16,0,0,760,1393
10,rush,3,brook,しずく湖畔,5,10,3,1,1,10,11,14,5,5,0,0,0,3,2,18,0,0,8,27,0,0,8,0,0,0,8,26,0,0,1393,1139
10,rush,4,volcano,ほむら火山,8,14,4,1,1,14,14,19,22,22,0,0,0,19,18,110,0,0,41,164,0,0,8,0,0,0,56,39,0,0,1139,2149
10,rush,5,tower,星晶の塔,12,20,5,1,0,19,20,0,85,85,0,0,0,80,80,387,0,0,165,600,0,0,7,0,0,0,243,208,0,0,2149,0
10,rush,6,snowfield,霜降り雪原,16,25,4,0,0,0,0,0,0,0,0,0,0,0,0,0,0,0,0,0,0,0,0,0,0,0,0,0,0,0,0,0
10,rush,7,thunder_ruins,雷鳴遺跡,21,31,5,0,0,0,0,0,0,0,0,0,0,0,0,0,0,0,0,0,0,0,0,0,0,0,0,0,0,0,0,0
10,rush,8,prism_sanctuary,虹晶聖域,28,42,6,0,0,0,0,0,0,0,0,0,0,0,0,0,0,0,0,0,0,0,0,0,0,0,0,0,0,0,0,0
10,rush,9,poison_bog,毒霧の沼地,34,48,5,0,0,0,0,0,0,0,0,0,0,0,0,0,0,0,0,0,0,0,0,0,0,0,0,0,0,0,0,0
10,rush,10,machine_city,古代機械都市,39,57,6,0,0,0,0,0,0,0,0,0,0,0,0,0,0,0,0,0,0,0,0,0,0,0,0,0,0,0,0,0
10,rush,11,deep_sea_temple,深海神殿,46,66,6,0,0,0,0,0,0,0,0,0,0,0,0,0,0,0,0,0,0,0,0,0,0,0,0,0,0,0,0,0
10,rush,12,demon_gate,魔界門,54,76,7,0,0,0,0,0,0,0,0,0,0,0,0,0,0,0,0,0,0,0,0,0,0,0,0,0,0,0,0,0
10,rush,13,sky_ruins,天空遺跡,68,86,7,0,0,0,0,0,0,0,0,0,0,0,0,0,0,0,0,0,0,0,0,0,0,0,0,0,0,0,0,0
11,balanced,1,meadow,はじまり草原,1,4,2,1,1,1,2,7,9,7,1,1,4,4,3,40,2,2,15,85,16,4,17,0,0,0,12,7,0,0,230,775
11,balanced,2,cave,こだま洞くつ,3,7,2,1,1,7,7,12,12,11,1,0,4,6,5,57,2,2,20,107,7,2,14,0,0,0,23,29,0,0,601,782
11,balanced,3,brook,しずく湖畔,5,10,3,1,1,12,12,16,15,14,1,0,2,7,6,39,1,0,23,73,6,2,8,0,0,0,22,17,0,0,607,1363
11,balanced,4,volcano,ほむら火山,8,14,4,1,1,14,11,13,4,3,1,0,5,1,0,7,2,2,7,33,0,0,7,0,0,0,5,0,0,0,1570,4711
11,balanced,5,tower,星晶の塔,12,20,5,1,1,13,16,28,62,60,1,1,4,29,28,141,2,2,93,275,9,2,9,0,0,0,97,156,0,0,3649,1890
11,balanced,6,snowfield,霜降り雪原,16,25,4,1,1,28,28,30,10,9,1,0,5,4,3,43,2,2,16,78,1,1,18,0,0,0,19,69,0,0,1465,3691
11,balanced,7,thunder_ruins,雷鳴遺跡,21,31,5,1,1,30,31,38,39,38,1,0,4,18,17,123,2,2,59,214,10,1,24,0,0,0,61,170,0,0,2860,3610
11,balanced,8,prism_sanctuary,虹晶聖域,28,42,6,1,1,38,39,60,138,137,1,0,3,67,66,356,2,2,207,762,19,1,12,0,0,0,220,821,0,0,2796,4909
11,balanced,9,poison_bog,毒霧の沼地,34,48,5,1,1,60,61,63,13,12,1,0,3,5,4,89,2,2,20,124,1,1,23,0,0,0,20,133,0,0,3802,11637
11,balanced,10,machine_city,古代機械都市,39,57,6,1,1,63,64,69,32,31,1,0,5,14,13,119,2,2,48,199,9,2,15,0,0,0,51,384,0,0,9013,8157
11,balanced,11,deep_sea_temple,深海神殿,46,66,6,1,1,69,70,92,122,119,1,2,6,58,57,1281,2,2,182,1689,7,1,68,15,0,0,190,1486,0,0,6318,14904
11,balanced,12,demon_gate,魔界門,54,76,7,1,0,92,94,0,168,166,1,1,4,80,80,17580,0,0,248,18072,14,1,268,80,0,0,250,620,0,0,11543,0
11,balanced,13,sky_ruins,天空遺跡,68,86,7,0,0,0,0,0,0,0,0,0,0,0,0,0,0,0,0,0,0,0,0,0,0,0,0,0,0,0,0,0
12,collector,1,meadow,はじまり草原,1,4,2,1,1,1,3,6,8,7,1,0,6,3,2,26,5,5,16,86,6,3,11,0,0,0,15,0,0,0,230,1157
12,collector,2,cave,こだま洞くつ,3,7,2,1,1,6,7,13,26,26,0,0,7,9,8,169,5,5,40,292,15,2,26,0,0,0,28,15,0,0,613,1311
12,collector,3,brook,しずく湖畔,5,10,3,1,1,13,13,17,21,19,2,0,6,7,6,65,3,2,31,137,3,2,16,0,0,0,29,16,0,0,694,2027
12,collector,4,volcano,ほむら火山,8,14,4,1,1,13,13,16,13,10,3,0,9,4,3,32,5,5,22,107,2,1,12,0,0,0,27,23,0,0,1777,1596
12,collector,5,tower,星晶の塔,12,20,5,1,1,16,17,23,38,36,2,0,9,12,11,143,5,5,55,339,4,2,77,1,0,0,58,38,0,0,844,2280
12,collector,6,snowfield,霜降り雪原,16,25,4,1,1,23,25,29,13,12,1,0,8,4,3,157,5,5,22,231,8,3,54,2,0,0,29,70,0,0,1205,4054
12,collector,7,thunder_ruins,雷鳴遺跡,21,31,5,1,1,29,27,29,9,5,3,1,10,2,1,10,5,5,16,79,3,1,9,0,0,0,28,18,0,0,2142,3752
12,collector,8,prism_sanctuary,虹晶聖域,28,42,6,1,1,29,37,47,51,50,1,0,6,16,15,80,5,5,72,1715,8,2,69,25,0,0,89,271,0,0,1982,5532
12,collector,9,poison_bog,毒霧の沼地,34,48,5,1,1,47,47,48,5,4,1,0,10,1,0,7,5,5,11,65,1,1,8,0,0,0,22,0,0,0,2921,11409
12,collector,10,machine_city,古代機械都市,39,57,6,1,1,48,49,68,107,101,1,5,14,33,32,209,5,5,145,2900,79,2,109,27,0,0,225,883,1,0,6022,8134
12,collector,11,deep_sea_temple,深海神殿,46,66,6,1,1,68,68,80,63,58,2,3,11,19,18,108,5,5,87,3210,29,2,122,26,0,0,105,645,0,0,4294,15986
12,collector,12,demon_gate,魔界門,54,76,7,1,1,80,82,85,27,11,2,14,23,3,2,18,5,5,35,572,7,4,129,3,0,0,76,136,0,0,8438,22782
12,collector,13,sky_ruins,天空遺跡,68,86,7,1,1,85,79,100,109,104,2,3,15,34,33,10400,5,5,148,12311,52,2,354,43,0,0,141,1604,0,0,12025,37427
13,rush,1,meadow,はじまり草原,1,4,2,1,1,1,2,7,17,5,1,11,8,5,4,38,0,0,22,84,0,0,11,0,0,0,20,8,0,0,230,567
13,rush,2,cave,こだま洞くつ,3,7,2,1,1,7,7,10,5,4,1,0,1,4,3,24,0,0,9,38,0,0,7,0,0,0,12,13,0,0,567,696
13,rush,3,brook,しずく湖畔,5,10,3,1,1,10,11,13,4,4,0,0,0,2,1,12,0,0,6,20,0,0,7,0,0,0,4,22,0,0,696,1360
13,rush,4,volcano,ほむら火山,8,14,4,1,1,13,14,19,19,19,0,0,0,16,15,91,0,0,35,136,0,0,7,0,0,0,48,51,0,0,1360,950
13,rush,5,tower,星晶の塔,12,20,5,1,1,19,20,26,38,35,0,3,0,31,30,136,0,0,69,244,0,0,7,0,0,0,106,97,0,0,950,1891
13,rush,6,snowfield,霜降り雪原,16,25,4,1,0,26,28,0,84,84,0,0,0,80,80,392,0,0,164,579,0,0,7,0,0,0,242,294,0,0,1891,0
13,rush,7,thunder_ruins,雷鳴遺跡,21,31,5,0,0,0,0,0,0,0,0,0,0,0,0,0,0,0,0,0,0,0,0,0,0,0,0,0,0,0,0,0
13,rush,8,prism_sanctuary,虹晶聖域,28,42,6,0,0,0,0,0,0,0,0,0,0,0,0,0,0,0,0,0,0,0,0,0,0,0,0,0,0,0,0,0
13,rush,9,poison_bog,毒霧の沼地,34,48,5,0,0,0,0,0,0,0,0,0,0,0,0,0,0,0,0,0,0,0,0,0,0,0,0,0,0,0,0,0
13,rush,10,machine_city,古代機械都市,39,57,6,0,0,0,0,0,0,0,0,0,0,0,0,0,0,0,0,0,0,0,0,0,0,0,0,0,0,0,0,0
13,rush,11,deep_sea_temple,深海神殿,46,66,6,0,0,0,0,0,0,0,0,0,0,0,0,0,0,0,0,0,0,0,0,0,0,0,0,0,0,0,0,0
13,rush,12,demon_gate,魔界門,54,76,7,0,0,0,0,0,0,0,0,0,0,0,0,0,0,0,0,0,0,0,0,0,0,0,0,0,0,0,0,0
13,rush,13,sky_ruins,天空遺跡,68,86,7,0,0,0,0,0,0,0,0,0,0,0,0,0,0,0,0,0,0,0,0,0,0,0,0,0,0,0,0,0
14,balanced,1,meadow,はじまり草原,1,4,2,1,1,1,2,6,9,4,2,3,6,3,2,34,1,0,13,64,10,2,13,0,0,0,12,4,0,0,230,920
14,balanced,2,cave,こだま洞くつ,3,7,2,1,1,6,5,10,8,7,1,0,3,4,3,56,2,2,14,136,9,5,20,0,1,0,11,14,0,0,1178,2555
14,balanced,3,brook,しずく湖畔,5,10,3,1,1,10,11,14,7,6,1,0,3,3,2,19,2,0,12,52,1,1,12,0,0,0,5,29,0,0,1980,1166
14,balanced,4,volcano,ほむら火山,8,14,4,1,1,14,15,19,12,11,1,0,3,5,4,29,2,2,19,67,2,1,10,0,0,0,13,37,0,0,1580,3628
14,balanced,5,tower,星晶の塔,12,20,5,1,1,19,20,24,19,18,1,0,3,8,7,49,2,2,29,104,10,2,8,0,0,0,29,64,0,0,2810,1854
14,balanced,6,snowfield,霜降り雪原,16,25,4,1,1,24,26,32,32,32,0,0,6,15,14,99,2,2,49,180,24,3,9,0,0,0,49,139,0,0,1437,2406
14,balanced,7,thunder_ruins,雷鳴遺跡,21,31,5,1,1,32,33,35,7,7,0,0,7,2,1,11,2,2,11,44,4,4,10,0,0,0,11,48,0,0,1864,5348
14,balanced,8,prism_sanctuary,虹晶聖域,28,42,6,1,1,35,36,56,125,118,0,7,13,57,56,307,2,2,184,713,94,3,9,0,0,0,218,693,0,0,4143,4973
14,balanced,9,poison_bog,毒霧の沼地,34,48,5,1,1,56,57,59,11,10,1,0,3,4,3,31,2,2,17,61,8,3,9,0,0,0,17,169,0,0,3852,10607
14,balanced,10,machine_city,古代機械都市,39,57,6,1,1,59,60,66,28,27,1,0,4,12,11,76,2,2,42,148,15,3,10,0,0,0,42,350,0,0,8215,14242
14,balanced,11,deep_sea_temple,深海神殿,46,66,6,1,1,66,63,65,8,7,1,0,3,2,1,17,2,2,12,51,0,0,11,0,0,0,10,115,0,0,11030,16714
14,balanced,12,demon_gate,魔界門,54,76,7,1,1,65,67,83,47,46,1,0,4,21,20,1607,2,2,70,1798,7,1,89,20,0,0,71,900,0,0,12944,14439
14,balanced,13,sky_ruins,天空遺跡,68,86,7,1,1,83,84,88,13,12,1,0,4,4,3,206,2,2,19,262,0,0,92,2,0,0,17,345,0,0,11183,19032
15,collector,1,meadow,はじまり草原,1,4,2,1,1,1,3,6,8,7,1,0,5,3,2,31,3,1,14,83,8,3,13,0,0,0,10,0,0,0,230,1140
15,collector,2,cave,こだま洞くつ,3,7,2,1,1,7,4,9,11,9,2,0,7,4,3,49,5,4,20,116,7,3,19,0,0,0,15,8,0,0,2186,2070
15,collector,3,brook,しずく湖畔,5,10,3,1,1,10,10,13,12,10,2,0,7,4,3,24,5,5,21,81,7,2,8,0,0,0,17,13,0,0,2077,1339
15,collector,4,volcano,ほむら火山,8,14,4,1,1,13,15,18,13,11,2,0,8,4,3,26,4,3,21,90,12,5,13,0,1,0,15,27,0,0,709,2833
15,collector,5,tower,星晶の塔,12,20,5,1,1,19,16,23,36,32,3,1,11,11,10,159,5,5,52,283,4,2,73,1,0,0,48,56,0,0,2789,2272
15,collector,6,snowfield,霜降り雪原,16,25,4,1,1,23,24,29,21,17,2,2,9,6,5,494,5,5,32,589,9,2,87,6,0,0,40,74,0,0,1201,5592
15,collector,7,thunder_ruins,雷鳴遺跡,21,31,5,1,1,29,29,35,33,31,1,1,8,10,9,745,5,5,48,835,3,1,105,7,0,0,48,110,0,0,2953,3631
15,collector,8,prism_sanctuary,虹晶聖域,28,42,6,1,1,35,35,58,196,137,1,58,45,45,44,1336,5,5,246,3634,29,2,163,30,0,0,283,629,1,0,1918,10452
15,collector,9,poison_bog,毒霧の沼地,34,48,5,1,1,58,58,67,62,58,4,0,9,20,19,327,5,5,87,843,5,1,107,1,0,0,88,456,1,0,5518,14701
15,collector,10,machine_city,古代機械都市,39,57,6,1,1,67,68,78,81,72,3,6,16,24,23,981,5,5,110,1362,27,3,120,8,0,0,90,604,1,0,7759,8080
15,collector,11,deep_sea_temple,深海神殿,46,66,6,1,1,78,78,92,91,86,1,4,10,28,27,5778,5,5,124,6529,32,2,334,26,0,0,108,1042,0,0,4267,11049
15,collector,12,demon_gate,魔界門,54,76,7,1,1,92,93,93,11,4,3,4,12,1,0,153,5,5,17,516,2,2,153,3,0,0,33,0,0,0,5834,18520
15,collector,13,sky_ruins,天空遺跡,68,86,7,1,1,93,94,100,154,146,2,6,15,48,47,14720,5,5,207,15156,30,2,321,48,0,0,186,469,0,0,9776,48637
16,rush,1,meadow,はじまり草原,1,4,2,1,1,1,3,6,5,1,2,2,4,2,1,14,0,0,7,29,0,0,8,0,0,0,7,5,0,0,230,761
16,rush,2,cave,こだま洞くつ,3,7,2,1,1,6,7,10,5,5,0,0,0,4,3,27,0,0,9,40,0,0,8,0,0,0,12,19,0,0,761,518
16,rush,3,brook,しずく湖畔,5,10,3,1,1,10,11,12,3,3,0,0,0,1,0,6,0,0,4,11,0,0,6,0,0,0,2,0,0,0,518,2506
16,rush,4,volcano,ほむら火山,8,14,4,1,1,12,13,21,33,33,0,0,0,30,29,140,0,0,63,228,0,0,6,0,0,0,92,88,0,0,2506,980
16,rush,5,tower,星晶の塔,12,20,5,1,1,21,21,32,79,79,0,0,0,75,74,317,0,0,154,496,0,0,6,0,0,0,244,183,0,0,980,1507
16,rush,6,snowfield,霜降り雪原,16,25,4,1,1,32,32,41,63,63,0,0,0,60,59,316,0,0,123,437,0,0,7,0,0,0,180,226,0,0,1507,2077
16,rush,7,thunder_ruins,雷鳴遺跡,21,31,5,1,0,41,41,0,85,85,0,0,0,80,80,379,0,0,165,582,0,0,6,0,0,0,246,352,0,0,2077,0
16,rush,8,prism_sanctuary,虹晶聖域,28,42,6,0,0,0,0,0,0,0,0,0,0,0,0,0,0,0,0,0,0,0,0,0,0,0,0,0,0,0,0,0
16,rush,9,poison_bog,毒霧の沼地,34,48,5,0,0,0,0,0,0,0,0,0,0,0,0,0,0,0,0,0,0,0,0,0,0,0,0,0,0,0,0,0
16,rush,10,machine_city,古代機械都市,39,57,6,0,0,0,0,0,0,0,0,0,0,0,0,0,0,0,0,0,0,0,0,0,0,0,0,0,0,0,0,0
16,rush,11,deep_sea_temple,深海神殿,46,66,6,0,0,0,0,0,0,0,0,0,0,0,0,0,0,0,0,0,0,0,0,0,0,0,0,0,0,0,0,0
16,rush,12,demon_gate,魔界門,54,76,7,0,0,0,0,0,0,0,0,0,0,0,0,0,0,0,0,0,0,0,0,0,0,0,0,0,0,0,0,0
16,rush,13,sky_ruins,天空遺跡,68,86,7,0,0,0,0,0,0,0,0,0,0,0,0,0,0,0,0,0,0,0,0,0,0,0,0,0,0,0,0,0
17,balanced,1,meadow,はじまり草原,1,4,2,1,1,1,2,6,6,5,1,0,3,3,2,24,2,0,11,64,2,1,13,0,0,0,7,6,0,0,230,861
17,balanced,2,cave,こだま洞くつ,3,7,2,1,1,8,8,10,4,3,1,0,3,2,1,15,2,2,8,41,1,1,9,0,0,0,10,7,0,0,1637,2330
17,balanced,3,brook,しずく湖畔,5,10,3,1,1,10,11,14,7,6,1,0,3,3,2,16,2,2,12,43,1,1,9,0,0,0,13,29,0,0,1805,1333
17,balanced,4,volcano,ほむら火山,8,14,4,1,1,14,14,18,18,17,1,0,5,8,7,52,2,2,28,103,7,1,10,0,0,0,30,27,0,0,1034,2439
17,balanced,5,tower,星晶の塔,12,20,5,1,1,18,18,24,29,28,1,0,3,13,12,103,2,2,44,181,7,1,20,0,0,0,45,81,0,0,1890,3337
17,balanced,6,snowfield,霜降り雪原,16,25,4,1,1,24,25,31,24,23,1,0,5,11,10,103,2,2,37,165,6,1,14,0,0,0,38,128,0,0,2585,2396
17,balanced,7,thunder_ruins,雷鳴遺跡,21,31,5,1,1,31,32,38,31,30,1,0,3,14,13,188,2,2,47,262,10,2,31,0,0,0,47,132,0,0,1856,3088
17,balanced,8,prism_sanctuary,虹晶聖域,28,42,6,1,1,38,39,56,102,97,1,4,6,47,46,262,2,2,151,730,7,2,31,0,0,0,175,579,0,0,2392,7231
17,balanced,9,poison_bog,毒霧の沼地,34,48,5,1,1,56,56,59,13,12,1,0,6,5,4,31,2,2,20,72,3,1,9,0,0,0,22,149,0,0,5601,5797
17,balanced,10,machine_city,古代機械都市,39,57,6,1,1,59,60,73,78,77,1,0,8,37,36,286,2,2,117,540,19,1,18,0,0,0,125,814,0,0,4490,11979
17,balanced,11,deep_sea_temple,深海神殿,46,66,6,1,1,73,71,90,101,97,1,3,6,47,46,2002,2,2,150,2425,37,3,64,32,0,0,165,1246,0,0,9277,17930
17,balanced,12,demon_gate,魔界門,54,76,7,1,1,90,89,93,17,16,1,0,3,6,5,400,2,2,25,462,9,1,68,6,0,0,25,489,0,0,13886,13977
17,balanced,13,sky_ruins,天空遺跡,68,86,7,1,1,93,87,88,8,6,1,1,4,1,0,7,2,2,11,47,1,1,9,0,0,0,12,0,0,0,10824,33434
18,collector,1,meadow,はじまり草原,1,4,2,1,1,1,3,5,7,3,2,2,4,2,1,22,1,0,10,47,4,2,13,0,0,0,9,0,0,0,230,1220
18,collector,2,cave,こだま洞くつ,3,7,2,1,1,5,6,11,11,9,2,0,4,4,3,53,2,1,17,108,13,2,24,0,0,0,14,14,0,0,1478,2425
18,collector,3,brook,しずく湖畔,5,10,3,1,1,11,10,11,3,0,3,0,8,1,0,7,5,5,9,43,0,0,8,0,0,0,17,0,0,0,2268,2845
18,collector,4,volcano,ほむら火山,8,14,4,1,1,11,9,16,24,20,2,2,9,7,6,50,5,5,36,179,5,1,11,0,0,0,47,32,0,0,1504,1931
18,collector,5,tower,星晶の塔,12,20,5,1,1,16,17,21,24,20,3,1,10,7,6,87,5,5,36,182,2,1,44,0,0,0,43,29,0,0,1020,3862
18,collector,6,snowfield,霜降り雪原,16,25,4,1,1,21,22,29,31,29,2,0,9,10,9,490,5,5,46,582,14,2,67,7,0,0,47,100,0,0,2040,3407
18,collector,7,thunder_ruins,雷鳴遺跡,21,31,5,1,1,29,30,33,20,19,1,0,6,6,5,333,5,5,31,386,7,2,82,4,0,0,33,62,0,0,1801,3677
18,collector,8,prism_sanctuary,虹晶聖域,28,42,6,1,1,33,34,53,107,101,1,5,11,33,32,211,5,5,145,1411,16,2,87,14,0,0,140,500,0,0,1943,7915
18,collector,9,poison_bog,毒霧の沼地,34,48,5,1,1,53,54,54,5,2,3,0,8,1,0,6,5,5,11,50,0,0,7,0,0,0,17,0,0,0,4180,9463
18,collector,10,machine_city,古代機械都市,39,57,6,1,1,54,54,68,79,75,3,1,12,25,24,145,5,5,109,1373,43,2,105,10,0,0,161,718,1,0,4995,13064
18,collector,11,deep_sea_temple,深海神殿,46,66,6,1,1,68,67,82,81,74,1,6,14,24,23,1777,5,5,110,4138,34,2,190,29,0,0,128,849,0,0,6896,18174
18,collector,12,demon_gate,魔界門,54,76,7,1,1,82,81,86,45,35,2,8,16,11,10,2224,5,5,61,7050,34,2,208,45,0,0,101,540,0,0,9592,15588
18,collector,13,sky_ruins,天空遺跡,68,86,7,1,1,86,87,92,19,15,4,0,9,5,4,999,5,5,29,1091,9,1,216,5,0,0,31,322,0,0,8228,20751
19,rush,1,meadow,はじまり草原,1,4,2,1,1,1,3,7,9,6,0,3,2,5,4,19,0,0,14,46,0,0,6,0,0,0,7,6,0,0,230,751
19,rush,2,cave,こだま洞くつ,3,7,2,1,1,7,7,11,9,6,2,1,3,7,6,57,0,0,16,79,0,0,10,0,0,0,21,17,0,0,751,1697
19,rush,3,brook,しずく湖畔,5,10,3,1,1,11,11,14,8,8,0,0,0,6,5,35,0,0,14,52,0,0,7,0,0,0,17,27,0,0,1697,1351
19,rush,4,volcano,ほむら火山,8,14,4,1,1,14,15,20,16,16,0,0,0,13,12,79,0,0,29,109,0,0,7,0,0,0,39,57,0,0,1351,1238
19,rush,5,tower,星晶の塔,12,20,5,1,1,20,20,30,64,64,0,0,0,60,59,283,0,0,124,437,0,0,7,0,0,0,186,145,0,0,1238,1554
19,rush,6,snowfield,霜降り雪原,16,25,4,1,0,30,31,0,84,84,0,0,0,80,80,409,0,0,164,594,0,0,8,0,0,0,246,292,0,0,1554,0
19,rush,7,thunder_ruins,雷鳴遺跡,21,31,5,0,0,0,0,0,0,0,0,0,0,0,0,0,0,0,0,0,0,0,0,0,0,0,0,0,0,0,0,0
19,rush,8,prism_sanctuary,虹晶聖域,28,42,6,0,0,0,0,0,0,0,0,0,0,0,0,0,0,0,0,0,0,0,0,0,0,0,0,0,0,0,0,0
19,rush,9,poison_bog,毒霧の沼地,34,48,5,0,0,0,0,0,0,0,0,0,0,0,0,0,0,0,0,0,0,0,0,0,0,0,0,0,0,0,0,0
19,rush,10,machine_city,古代機械都市,39,57,6,0,0,0,0,0,0,0,0,0,0,0,0,0,0,0,0,0,0,0,0,0,0,0,0,0,0,0,0,0
19,rush,11,deep_sea_temple,深海神殿,46,66,6,0,0,0,0,0,0,0,0,0,0,0,0,0,0,0,0,0,0,0,0,0,0,0,0,0,0,0,0,0
19,rush,12,demon_gate,魔界門,54,76,7,0,0,0,0,0,0,0,0,0,0,0,0,0,0,0,0,0,0,0,0,0,0,0,0,0,0,0,0,0
19,rush,13,sky_ruins,天空遺跡,68,86,7,0,0,0,0,0,0,0,0,0,0,0,0,0,0,0,0,0,0,0,0,0,0,0,0,0,0,0,0,0
20,balanced,1,meadow,はじまり草原,1,4,2,1,1,1,2,6,6,5,1,0,2,3,2,29,1,0,10,48,4,2,13,0,0,0,5,6,0,0,230,873
20,balanced,2,cave,こだま洞くつ,3,7,2,1,1,7,5,10,8,7,1,0,4,4,3,38,2,0,14,98,3,2,15,0,0,0,7,15,0,0,951,2514
20,balanced,3,brook,しずく湖畔,5,10,3,1,1,11,11,12,3,2,1,0,3,1,0,8,2,1,6,27,0,0,8,0,0,0,4,0,0,0,2782,3866
20,balanced,4,volcano,ほむら火山,8,14,4,1,1,14,14,15,4,3,1,0,6,1,0,6,2,2,7,32,0,0,7,0,0,0,4,0,0,0,5070,6037
20,balanced,5,tower,星晶の塔,12,20,5,1,1,15,14,19,12,10,1,1,4,4,3,22,2,2,18,59,0,0,8,0,0,0,13,69,0,0,4676,3115
20,balanced,6,snowfield,霜降り雪原,16,25,4,1,1,19,20,23,6,5,1,0,4,2,1,37,2,2,10,63,1,1,20,0,0,0,6,32,0,0,2413,5055
20,balanced,7,thunder_ruins,雷鳴遺跡,21,31,5,1,1,23,25,27,8,7,1,0,4,2,1,15,2,2,12,43,0,0,10,0,0,0,7,41,0,0,3916,7421
20,balanced,8,prism_sanctuary,虹晶聖域,28,42,6,1,1,27,29,48,116,78,0,38,41,37,36,203,2,2,155,591,0,0,45,0,0,0,154,428,0,0,5748,9753
20,balanced,9,poison_bog,毒霧の沼地,34,48,5,1,1,48,48,53,17,16,1,0,3,7,6,27,2,2,26,63,0,0,7,0,0,0,16,206,0,0,7554,12827
20,balanced,10,machine_city,古代機械都市,39,57,6,1,1,53,54,65,60,59,1,0,5,28,27,232,2,2,90,408,12,2,19,0,0,0,89,710,0,0,9934,7195
20,balanced,11,deep_sea_temple,深海神殿,46,66,6,1,1,65,66,67,7,5,1,1,5,1,0,12,2,2,10,58,0,0,12,0,0,0,12,0,0,0,5573,17666
20,balanced,12,demon_gate,魔界門,54,76,7,1,1,67,69,84,46,44,1,1,4,20,19,1858,2,2,68,2012,17,2,136,19,0,0,70,797,0,0,13682,14425
20,balanced,13,sky_ruins,天空遺跡,68,86,7,1,1,84,78,80,8,6,1,1,5,1,0,21,2,2,11,127,0,0,66,1,0,0,9,0,0,0,11171,40150
21,collector,1,meadow,はじまり草原,1,4,2,1,1,1,2,6,8,7,1,0,2,3,2,25,1,0,12,55,3,1,13,0,0,0,6,1,0,0,230,1119
21,collector,2,cave,こだま洞くつ,3,7,2,1,1,6,6,10,8,8,0,0,1,3,2,61,1,0,12,107,6,3,27,0,0,0,5,6,0,0,1197,2772
21,collector,3,brook,しずく湖畔,5,10,3,1,1,11,7,13,21,19,2,0,8,7,6,29,5,5,33,92,2,1,9,0,0,0,23,26,0,0,3326,2206
21,collector,4,volcano,ほむら火山,8,14,4,1,1,13,13,15,7,4,3,0,9,2,1,12,5,5,14,69,1,1,7,0,0,0,21,9,0,0,1166,2213
21,collector,5,tower,星晶の塔,12,20,5,1,1,15,16,26,53,50,3,0,8,17,16,385,5,5,75,509,12,2,84,4,0,0,69,63,0,0,1170,4419
21,collector,6,snowfield,霜降り雪原,16,25,4,1,1,26,27,30,19,17,2,0,8,6,5,555,5,5,30,613,10,2,96,6,0,0,33,79,0,0,2334,2987
21,collector,7,thunder_ruins,雷鳴遺跡,21,31,5,1,1,30,31,33,14,12,2,0,8,4,3,173,5,5,23,229,0,0,103,1,0,0,28,51,0,0,1578,3663
21,collector,8,prism_sanctuary,虹晶聖域,28,42,6,1,1,33,34,52,101,97,2,2,9,32,31,237,5,5,138,2279,27,2,108,27,0,0,137,490,0,0,1936,7808
21,collector,9,poison_bog,毒霧の沼地,34,48,5,1,1,52,52,53,5,1,4,0,10,1,0,5,5,5,11,62,0,0,9,0,0,0,19,0,0,0,4123,12511
21,collector,10,machine_city,古代機械都市,39,57,6,1,1,53,54,65,57,56,1,0,8,18,17,181,5,5,80,1642,17,2,94,15,0,0,85,534,0,0,6604,13005
21,collector,11,deep_sea_temple,深海神殿,46,66,6,1,1,65,62,78,95,73,2,20,25,24,23,1829,5,5,124,3324,25,2,234,28,0,0,192,783,1,0,6865,18197
21,collector,12,demon_gate,魔界門,54,76,7,1,1,78,79,93,65,51,1,13,24,16,15,4254,5,5,86,5684,23,1,288,30,0,0,119,709,0,0,9605,15789
21,collector,13,sky_ruins,天空遺跡,68,86,7,1,1,93,94,100,84,79,3,2,12,26,25,4379,5,5,115,4762,40,1,181,27,0,0,104,529,0,0,8334,44494
22,rush,1,meadow,はじまり草原,1,4,2,1,1,1,3,7,4,3,1,0,1,3,2,21,0,0,7,32,0,0,8,0,0,0,5,9,0,0,230,673
22,rush,2,cave,こだま洞くつ,3,7,2,1,1,7,7,12,18,16,1,1,3,16,15,120,0,0,34,164,0,0,9,0,0,0,50,24,0,0,673,1226
22,rush,3,brook,しずく湖畔,5,10,3,1,1,12,13,15,8,8,0,0,0,6,5,35,0,0,14,48,0,0,8,0,0,0,17,24,0,0,1226,1138
22,rush,4,volcano,ほむら火山,8,14,4,1,1,15,15,24,52,52,0,0,0,49,48,246,0,0,101,396,0,0,6,0,0,0,158,97,0,0,1138,979
22,rush,5,tower,星晶の塔,12,20,5,1,0,24,24,0,85,85,0,0,0,80,80,339,0,0,165,555,0,0,7,0,0,0,259,182,0,0,979,0
22,rush,6,snowfield,霜降り雪原,16,25,4,0,0,0,0,0,0,0,0,0,0,0,0,0,0,0,0,0,0,0,0,0,0,0,0,0,0,0,0,0
22,rush,7,thunder_ruins,雷鳴遺跡,21,31,5,0,0,0,0,0,0,0,0,0,0,0,0,0,0,0,0,0,0,0,0,0,0,0,0,0,0,0,0,0
22,rush,8,prism_sanctuary,虹晶聖域,28,42,6,0,0,0,0,0,0,0,0,0,0,0,0,0,0,0,0,0,0,0,0,0,0,0,0,0,0,0,0,0
22,rush,9,poison_bog,毒霧の沼地,34,48,5,0,0,0,0,0,0,0,0,0,0,0,0,0,0,0,0,0,0,0,0,0,0,0,0,0,0,0,0,0
22,rush,10,machine_city,古代機械都市,39,57,6,0,0,0,0,0,0,0,0,0,0,0,0,0,0,0,0,0,0,0,0,0,0,0,0,0,0,0,0,0
22,rush,11,deep_sea_temple,深海神殿,46,66,6,0,0,0,0,0,0,0,0,0,0,0,0,0,0,0,0,0,0,0,0,0,0,0,0,0,0,0,0,0
22,rush,12,demon_gate,魔界門,54,76,7,0,0,0,0,0,0,0,0,0,0,0,0,0,0,0,0,0,0,0,0,0,0,0,0,0,0,0,0,0
22,rush,13,sky_ruins,天空遺跡,68,86,7,0,0,0,0,0,0,0,0,0,0,0,0,0,0,0,0,0,0,0,0,0,0,0,0,0,0,0,0,0
23,balanced,1,meadow,はじまり草原,1,4,2,1,1,1,3,6,6,4,2,0,4,3,2,38,2,0,11,69,9,3,14,0,0,0,8,5,0,0,230,920
23,balanced,2,cave,こだま洞くつ,3,7,2,1,1,8,9,11,4,3,1,0,3,2,1,21,2,2,8,46,1,1,11,0,0,0,10,11,0,0,2576,2652
23,balanced,3,brook,しずく湖畔,5,10,3,1,1,11,11,14,7,6,1,0,3,3,2,20,2,2,12,42,0,0,8,0,0,0,12,24,0,0,2054,1726
23,balanced,4,volcano,ほむら火山,8,14,4,1,1,14,13,15,10,9,1,0,5,4,3,26,2,2,16,68,2,1,9,0,0,0,19,21,0,0,1337,1248
23,balanced,5,tower,星晶の塔,12,20,5,1,1,15,16,21,14,12,1,1,4,5,4,31,2,2,21,83,2,1,8,0,0,0,25,52,0,0,968,3056
23,balanced,6,snowfield,霜降り雪原,16,25,4,1,1,21,21,29,30,29,1,0,3,14,13,94,2,2,46,170,14,2,9,0,0,0,47,142,0,0,2368,2407
23,balanced,7,thunder_ruins,雷鳴遺跡,21,31,5,1,1,29,30,31,7,6,1,0,4,2,1,10,2,2,11,35,0,0,7,0,0,0,10,38,0,0,1865,3044
23,balanced,8,prism_sanctuary,虹晶聖域,28,42,6,1,1,31,32,52,100,97,1,2,7,47,46,242,2,2,149,540,52,2,11,0,0,0,169,569,0,0,2358,7727
23,balanced,9,poison_bog,毒霧の沼地,34,48,5,1,1,52,53,54,5,4,1,0,5,1,0,6,2,2,8,39,1,1,8,0,0,0,8,0,0,0,5984,12492
23,balanced,10,machine_city,古代機械都市,39,57,6,1,1,54,55,62,34,33,1,0,6,15,14,86,2,2,51,169,8,2,8,0,0,0,51,453,0,0,9674,12003
23,balanced,11,deep_sea_temple,深海神殿,46,66,6,1,1,62,60,84,107,105,1,1,6,51,50,356,2,2,160,788,28,3,15,0,0,0,181,1381,0,0,9296,17021
23,balanced,12,demon_gate,魔界門,54,76,7,1,1,84,85,94,35,34,1,0,3,15,14,164,2,2,52,304,16,2,14,0,0,0,55,674,0,0,13182,14246
23,balanced,13,sky_ruins,天空遺跡,68,86,7,1,1,94,95,100,57,56,1,0,4,26,25,2723,2,2,85,2866,36,2,141,21,0,0,85,583,0,0,11033,36400
24,collector,1,meadow,はじまり草原,1,4,2,1,1,1,2,6,11,9,2,0,3,4,3,66,1,0,16,100,16,3,22,0,0,0,12,1,0,0,230,1022
24,collector,2,cave,こだま洞くつ,3,7,2,1,1,6,7,10,5,4,1,0,4,2,1,33,2,0,9,86,3,3,22,0,0,0,2,3,0,0,1280,3369
24,collector,3,brook,しずく湖畔,5,10,3,1,1,11,7,14,21,19,2,0,7,7,6,41,5,5,33,108,4,3,10,0,0,0,23,27,0,0,3897,2227
24,collector,4,volcano,ほむら火山,8,14,4,1,1,14,14,19,31,30,1,0,6,10,9,117,5,5,46,251,6,1,29,0,0,0,43,26,0,0,1176,3173
24,collector,5,tower,星晶の塔,12,20,5,1,1,19,20,26,36,33,2,1,10,11,10,55,5,5,52,253,8,2,15,0,0,0,58,45,0,0,1677,3206
24,collector,6,snowfield,霜降り雪原,16,25,4,1,1,26,26,35,58,56,2,0,8,19,18,509,5,5,82,764,18,2,72,1,0,0,74,156,1,0,1694,3016
24,collector,7,thunder_ruins,雷鳴遺跡,21,31,5,1,1,35,32,33,8,7,1,0,7,2,1,60,5,5,15,121,1,1,30,0,0,0,21,35,0,0,1594,5824
24,collector,8,prism_sanctuary,虹晶聖域,28,42,6,1,1,33,34,55,125,119,1,5,12,39,38,226,5,5,169,2381,41,2,39,0,0,0,207,593,0,0,3075,5759
24,collector,9,poison_bog,毒霧の沼地,34,48,5,1,1,55,56,56,5,3,2,0,9,1,0,5,5,5,11,61,0,0,8,0,0,0,18,0,0,0,3040,13585
24,collector,10,machine_city,古代機械都市,39,57,6,1,1,56,56,71,84,81,3,0,9,27,26,105,5,5,116,357,26,3,8,0,0,0,94,780,1,0,7171,15142
24,collector,11,deep_sea_temple,深海神殿,46,66,6,1,1,71,71,98,163,157,2,4,11,52,51,2836,5,5,220,4469,60,3,128,35,0,0,224,1808,0,0,7992,12653
24,collector,12,demon_gate,魔界門,54,76,7,1,1,98,87,94,33,25,3,5,16,8,7,1006,5,5,46,1231,17,2,137,9,0,0,66,381,0,0,6680,15653
24,collector,13,sky_ruins,天空遺跡,68,86,7,1,1,94,90,100,88,82,3,3,12,27,26,6209,5,5,120,6463,12,1,247,27,0,0,109,761,0,0,8262,44595
25,rush,1,meadow,はじまり草原,1,4,2,1,1,1,3,7,5,3,1,1,2,3,2,23,0,0,8,35,0,0,9,0,0,0,6,8,0,0,230,704
25,rush,2,cave,こだま洞くつ,3,7,2,1,1,7,7,11,9,8,1,0,2,8,7,69,0,0,17,91,0,0,11,0,0,0,24,16,0,0,704,1700
25,rush,3,brook,しずく湖畔,5,10,3,1,1,11,11,14,8,8,0,0,0,6,5,37,0,0,14,52,0,0,7,0,0,0,17,27,0,0,1700,1332
25,rush,4,volcano,ほむら火山,8,14,4,1,1,14,15,20,22,22,0,0,0,19,18,107,0,0,41,149,0,0,7,0,0,0,56,62,0,0,1332,1240
25,rush,5,tower,星晶の塔,12,20,5,1,1,20,21,31,74,71,0,3,0,67,66,321,0,0,141,519,0,0,7,0,0,0,213,149,0,0,1240,1999
25,rush,6,snowfield,霜降り雪原,16,25,4,1,0,31,32,0,84,84,0,0,0,80,80,438,0,0,164,614,0,0,8,0,0,0,241,292,0,0,1999,0
25,rush,7,thunder_ruins,雷鳴遺跡,21,31,5,0,0,0,0,0,0,0,0,0,0,0,0,0,0,0,0,0,0,0,0,0,0,0,0,0,0,0,0,0
25,rush,8,prism_sanctuary,虹晶聖域,28,42,6,0,0,0,0,0,0,0,0,0,0,0,0,0,0,0,0,0,0,0,0,0,0,0,0,0,0,0,0,0
25,rush,9,poison_bog,毒霧の沼地,34,48,5,0,0,0,0,0,0,0,0,0,0,0,0,0,0,0,0,0,0,0,0,0,0,0,0,0,0,0,0,0
25,rush,10,machine_city,古代機械都市,39,57,6,0,0,0,0,0,0,0,0,0,0,0,0,0,0,0,0,0,0,0,0,0,0,0,0,0,0,0,0,0
25,rush,11,deep_sea_temple,深海神殿,46,66,6,0,0,0,0,0,0,0,0,0,0,0,0,0,0,0,0,0,0,0,0,0,0,0,0,0,0,0,0,0
25,rush,12,demon_gate,魔界門,54,76,7,0,0,0,0,0,0,0,0,0,0,0,0,0,0,0,0,0,0,0,0,0,0,0,0,0,0,0,0,0
25,rush,13,sky_ruins,天空遺跡,68,86,7,0,0,0,0,0,0,0,0,0,0,0,0,0,0,0,0,0,0,0,0,0,0,0,0,0,0,0,0,0
26,balanced,1,meadow,はじまり草原,1,4,2,1,1,1,3,6,6,5,1,0,2,3,2,32,1,0,10,61,11,4,14,0,0,0,7,6,0,0,230,877
26,balanced,2,cave,こだま洞くつ,3,7,2,1,1,7,7,11,6,5,1,0,2,3,2,49,1,0,10,76,7,3,18,0,0,0,11,18,0,0,955,2496
26,balanced,3,brook,しずく湖畔,5,10,3,1,1,10,10,14,11,10,1,0,3,5,4,25,2,2,18,58,8,2,8,0,0,0,13,36,0,0,2630,1193
26,balanced,4,volcano,ほむら火山,8,14,4,1,1,14,15,18,10,9,1,0,3,4,3,21,2,2,16,55,4,2,6,0,0,0,17,26,0,0,924,1249
26,balanced,5,tower,星晶の塔,12,20,5,1,1,18,19,26,37,36,1,0,3,17,16,106,2,2,56,209,3,1,17,0,0,0,56,102,0,0,968,3098
26,balanced,6,snowfield,霜降り雪原,16,25,4,1,1,26,27,30,12,11,1,0,3,5,4,56,2,2,19,95,7,2,19,0,0,0,18,77,0,0,2400,2435
26,balanced,7,thunder_ruins,雷鳴遺跡,21,31,5,1,1,30,29,37,41,40,1,0,4,19,18,311,2,2,62,406,17,2,32,0,0,0,64,169,0,0,1886,3100
26,balanced,8,prism_sanctuary,虹晶聖域,28,42,6,1,1,37,37,54,103,91,1,11,17,44,43,248,2,2,149,706,14,2,35,0,0,0,194,538,0,0,2401,7001
26,balanced,9,poison_bog,毒霧の沼地,34,48,5,1,1,54,54,55,5,4,1,0,3,1,0,6,2,2,8,34,0,0,7,0,0,0,9,0,0,0,5422,15567
26,balanced,10,machine_city,古代機械都市,39,57,6,1,1,55,54,68,76,75,1,0,4,36,35,362,2,2,114,591,36,2,34,0,0,0,119,837,0,0,12056,12156
26,balanced,11,deep_sea_temple,深海神殿,46,66,6,1,1,68,69,83,67,65,1,1,7,31,30,928,2,2,100,1289,50,2,60,14,0,0,118,877,0,0,9415,17006
26,balanced,12,demon_gate,魔界門,54,76,7,1,1,83,83,86,13,10,1,2,5,3,2,186,2,2,18,239,3,1,63,3,0,0,21,340,0,0,13171,14126
26,balanced,13,sky_ruins,天空遺跡,68,86,7,1,1,86,86,100,88,84,1,3,7,40,39,8625,2,2,130,8853,24,2,246,39,0,0,139,1162,0,0,10940,34376
27,collector,1,meadow,はじまり草原,1,4,2,1,1,1,2,7,16,13,1,2,3,5,4,51,1,0,22,108,15,4,15,0,0,0,13,0,0,0,230,1311
27,collector,2,cave,こだま洞くつ,3,7,2,1,1,7,7,11,8,6,2,0,5,3,2,38,3,2,14,82,5,2,19,0,0,0,15,9,0,0,1389,2542
27,collector,3,brook,しずく湖畔,5,10,3,1,1,9,11,14,12,10,2,0,8,4,3,32,5,5,21,89,1,1,11,0,0,0,27,19,0,0,2363,1318
27,collector,4,volcano,ほむら火山,8,14,4,1,1,14,13,14,4,1,3,0,8,1,0,6,5,5,10,46,0,0,7,0,0,0,17,0,0,0,697,3156
27,collector,5,tower,星晶の塔,12,20,5,1,1,14,17,23,35,33,2,0,8,11,10,186,5,5,51,334,16,2,24,0,0,0,53,53,0,0,1667,3464
27,collector,6,snowfield,霜降り雪原,16,25,4,1,1,23,24,30,32,29,2,1,8,10,9,270,5,5,47,556,18,2,31,0,0,0,56,103,1,0,1830,3433
27,collector,7,thunder_ruins,雷鳴遺跡,21,31,5,1,1,30,31,34,17,15,2,0,9,5,4,119,5,5,27,180,3,1,30,0,0,0,28,47,0,0,1814,3683
27,collector,8,prism_sanctuary,虹晶聖域,28,42,6,1,1,34,31,55,130,123,3,4,11,41,40,206,5,5,176,1184,21,2,34,0,0,0,167,608,1,0,1945,7772
27,collector,9,poison_bog,毒霧の沼地,34,48,5,1,1,55,55,56,8,6,2,0,8,2,1,15,5,5,15,65,2,1,9,0,0,0,20,72,0,0,4104,6926
27,collector,10,machine_city,古代機械都市,39,57,6,1,1,56,57,61,21,19,2,0,10,6,5,39,5,5,32,118,8,1,8,0,0,0,32,217,0,0,3657,13030
27,collector,11,deep_sea_temple,深海神殿,46,66,6,1,1,61,62,81,89,85,2,2,9,28,27,263,5,5,122,1706,34,2,119,10,0,0,116,1005,0,0,6879,18216
27,collector,12,demon_gate,魔界門,54,76,7,1,1,81,82,90,35,29,2,4,13,9,8,81,5,5,49,1841,7,3,130,15,0,0,71,490,0,0,9616,15623
27,collector,13,sky_ruins,天空遺跡,68,86,7,1,1,90,84,90,23,18,4,1,11,6,5,109,5,5,34,222,8,2,27,0,0,0,42,387,0,0,8247,20422
28,rush,1,meadow,はじまり草原,1,4,2,1,1,1,3,7,4,2,2,0,2,3,2,33,0,0,7,45,0,0,15,0,0,0,8,8,0,0,230,717
28,rush,2,cave,こだま洞くつ,3,7,2,1,1,7,7,10,6,6,0,0,0,5,4,39,0,0,11,52,0,0,10,0,0,0,14,16,0,0,717,1405
28,rush,3,brook,しずく湖畔,5,10,3,1,1,10,11,14,5,5,0,0,0,3,2,17,0,0,8,26,0,0,7,0,0,0,6,25,0,0,1405,1181
28,rush,4,volcano,ほむら火山,8,14,4,1,1,14,15,22,37,37,0,0,0,34,33,179,0,0,71,277,0,0,6,0,0,0,104,80,0,0,1181,955
28,rush,5,tower,星晶の塔,12,20,5,1,1,22,23,32,77,77,0,0,0,73,72,315,0,0,150,507,0,0,7,0,0,0,227,172,0,0,955,1529
28,rush,6,snowfield,霜降り雪原,16,25,4,1,1,32,33,40,53,53,0,0,0,50,49,268,0,0,103,386,0,0,8,0,0,0,149,198,0,0,1529,2026
28,rush,7,thunder_ruins,雷鳴遺跡,21,31,5,1,0,40,41,0,85,85,0,0,0,80,80,382,0,0,165,608,0,0,7,0,0,0,248,352,0,0,2026,0
28,rush,8,prism_sanctuary,虹晶聖域,28,42,6,0,0,0,0,0,0,0,0,0,0,0,0,0,0,0,0,0,0,0,0,0,0,0,0,0,0,0,0,0
28,rush,9,poison_bog,毒霧の沼地,34,48,5,0,0,0,0,0,0,0,0,0,0,0,0,0,0,0,0,0,0,0,0,0,0,0,0,0,0,0,0,0
28,rush,10,machine_city,古代機械都市,39,57,6,0,0,0,0,0,0,0,0,0,0,0,0,0,0,0,0,0,0,0,0,0,0,0,0,0,0,0,0,0
28,rush,11,deep_sea_temple,深海神殿,46,66,6,0,0,0,0,0,0,0,0,0,0,0,0,0,0,0,0,0,0,0,0,0,0,0,0,0,0,0,0,0
28,rush,12,demon_gate,魔界門,54,76,7,0,0,0,0,0,0,0,0,0,0,0,0,0,0,0,0,0,0,0,0,0,0,0,0,0,0,0,0,0
28,rush,13,sky_ruins,天空遺跡,68,86,7,0,0,0,0,0,0,0,0,0,0,0,0,0,0,0,0,0,0,0,0,0,0,0,0,0,0,0,0,0
29,balanced,1,meadow,はじまり草原,1,4,2,1,1,1,2,6,7,4,2,1,3,3,2,24,1,0,11,56,1,1,14,0,0,0,10,5,0,0,230,886
29,balanced,2,cave,こだま洞くつ,3,7,2,1,1,7,7,11,6,5,1,0,3,3,2,33,2,2,11,71,6,3,14,0,0,0,14,18,0,0,1384,2519
29,balanced,3,brook,しずく湖畔,5,10,3,1,1,11,12,14,7,7,0,0,5,3,2,19,2,2,12,49,3,1,7,0,0,0,14,26,0,0,1951,1160
29,balanced,4,volcano,ほむら火山,8,14,4,1,1,14,15,18,14,13,1,0,5,6,5,37,2,2,22,95,8,2,10,0,0,0,28,33,0,0,899,1222
29,balanced,5,tower,星晶の塔,12,20,5,1,1,18,17,22,23,22,1,0,7,10,9,50,2,2,35,129,14,2,9,0,0,0,43,61,0,0,947,1831
29,balanced,6,snowfield,霜降り雪原,16,25,4,1,1,22,22,27,16,15,1,0,3,7,6,61,2,2,25,113,5,1,16,0,0,0,27,93,0,0,1419,3697
29,balanced,7,thunder_ruins,雷鳴遺跡,21,31,5,1,1,27,28,33,21,20,1,0,4,9,8,140,2,2,32,198,9,1,28,0,0,0,33,102,0,0,2864,3600
29,balanced,8,prism_sanctuary,虹晶聖域,28,42,6,1,1,33,34,50,78,76,0,2,7,36,35,220,2,2,116,655,13,1,31,0,0,0,139,448,0,0,2788,4888
29,balanced,9,poison_bog,毒霧の沼地,34,48,5,1,1,50,50,56,23,22,1,0,3,10,9,69,2,2,35,128,9,1,13,0,0,0,36,260,0,0,3786,8079
29,balanced,10,machine_city,古代機械都市,39,57,6,1,1,56,56,65,46,45,1,0,3,21,20,154,2,2,69,313,17,2,12,0,0,0,72,476,0,0,6257,8238
29,balanced,11,deep_sea_temple,深海神殿,46,66,6,1,1,65,64,85,102,101,1,0,3,49,48,3139,2,2,153,3407,61,1,118,28,0,0,158,1306,0,0,6380,14770
29,balanced,12,demon_gate,魔界門,54,76,7,1,1,85,85,92,39,28,1,10,16,12,11,1522,2,2,53,1709,30,2,131,12,0,0,82,437,0,0,11439,21461
29,balanced,13,sky_ruins,天空遺跡,68,86,7,1,1,92,93,100,66,64,1,1,4,30,29,4207,2,2,98,4414,30,2,147,30,0,0,99,712,0,0,16620,36347
30,collector,1,meadow,はじまり草原,1,4,2,1,1,1,2,6,8,7,1,0,4,3,2,30,2,1,13,72,7,3,15,0,0,0,9,1,0,0,230,1120
30,collector,2,cave,こだま洞くつ,3,7,2,1,1,6,6,10,8,7,1,0,3,3,2,43,2,0,13,97,7,3,21,0,0,0,7,7,0,0,1764,2560
30,collector,3,brook,しずく湖畔,5,10,3,1,1,11,12,14,12,11,1,0,8,4,3,37,5,5,21,97,7,2,13,0,0,0,26,21,0,0,3068,1873
30,collector,4,volcano,ほむら火山,8,14,4,1,1,14,12,16,13,9,4,0,9,4,3,46,5,5,22,131,4,1,15,0,0,0,30,22,0,0,990,3132
30,collector,5,tower,星晶の塔,12,20,5,1,1,16,17,22,39,33,2,4,11,11,10,95,5,5,55,299,5,2,31,0,0,0,64,41,0,0,1655,2298
30,collector,6,snowfield,霜降り雪原,16,25,4,1,1,22,22,25,15,10,3,2,10,4,3,174,5,5,24,287,9,2,55,2,0,0,33,42,0,0,1215,3760
30,collector,7,thunder_ruins,雷鳴遺跡,21,31,5,1,1,25,28,34,29,27,2,0,8,9,8,222,5,5,43,311,7,2,59,1,0,0,44,93,0,0,1986,5885
30,collector,8,prism_sanctuary,虹晶聖域,28,42,6,1,1,34,34,52,98,94,2,2,11,31,30,846,5,5,134,1914,29,2,68,7,0,0,147,488,1,0,3108,5712
30,collector,9,poison_bog,毒霧の沼地,34,48,5,1,1,52,51,54,14,11,3,0,10,4,3,158,5,5,23,339,8,2,54,2,0,0,36,130,1,0,3016,11408
30,collector,10,machine_city,古代機械都市,39,57,6,1,1,54,55,56,6,6,0,0,11,1,0,11,5,5,12,80,0,0,11,0,0,0,22,0,0,0,6022,22983
30,collector,11,deep_sea_temple,深海神殿,46,66,6,1,1,56,58,81,110,105,0,5,14,34,33,2662,5,5,149,3695,35,2,137,36,0,0,179,1216,0,0,12131,11297
30,collector,12,demon_gate,魔界門,54,76,7,1,1,81,82,95,54,50,2,2,14,16,15,3095,5,5,75,3318,28,2,215,16,0,0,73,774,0,0,5963,15491
30,collector,13,sky_ruins,天空遺跡,68,86,7,1,1,95,91,100,43,40,3,0,12,13,12,4448,5,5,61,4680,15,2,358,14,0,0,56,674,0,0,8177,25361
31,rush,1,meadow,はじまり草原,1,4,2,1,1,1,2,7,11,6,1,4,6,6,5,50,0,0,17,79,0,0,11,0,0,0,16,9,0,0,230,571
31,rush,2,cave,こだま洞くつ,3,7,2,1,1,7,7,15,32,31,0,1,3,30,29,154,0,0,62,226,0,0,7,0,0,0,62,40,0,0,571,1460
31,rush,3,brook,しずく湖畔,5,10,3,1,1,15,15,17,9,8,1,0,1,7,6,37,0,0,16,55,0,0,7,0,0,0,19,24,0,0,1460,1152
31,rush,4,volcano,ほむら火山,8,14,4,1,1,17,18,22,25,25,0,0,0,22,21,117,0,0,47,162,0,0,7,0,0,0,65,53,0,0,1152,967
31,rush,5,tower,星晶の塔,12,20,5,1,1,22,22,33,84,81,0,3,0,77,76,362,0,0,161,573,0,0,6,0,0,0,244,176,0,0,967,1493
31,rush,6,snowfield,霜降り雪原,16,25,4,1,0,33,33,0,84,84,0,0,0,80,80,428,0,0,164,649,0,0,8,0,0,0,248,293,0,0,1493,0
31,rush,7,thunder_ruins,雷鳴遺跡,21,31,5,0,0,0,0,0,0,0,0,0,0,0,0,0,0,0,0,0,0,0,0,0,0,0,0,0,0,0,0,0
31,rush,8,prism_sanctuary,虹晶聖域,28,42,6,0,0,0,0,0,0,0,0,0,0,0,0,0,0,0,0,0,0,0,0,0,0,0,0,0,0,0,0,0
31,rush,9,poison_bog,毒霧の沼地,34,48,5,0,0,0,0,0,0,0,0,0,0,0,0,0,0,0,0,0,0,0,0,0,0,0,0,0,0,0,0,0
31,rush,10,machine_city,古代機械都市,39,57,6,0,0,0,0,0,0,0,0,0,0,0,0,0,0,0,0,0,0,0,0,0,0,0,0,0,0,0,0,0
31,rush,11,deep_sea_temple,深海神殿,46,66,6,0,0,0,0,0,0,0,0,0,0,0,0,0,0,0,0,0,0,0,0,0,0,0,0,0,0,0,0,0
31,rush,12,demon_gate,魔界門,54,76,7,0,0,0,0,0,0,0,0,0,0,0,0,0,0,0,0,0,0,0,0,0,0,0,0,0,0,0,0,0
31,rush,13,sky_ruins,天空遺跡,68,86,7,0,0,0,0,0,0,0,0,0,0,0,0,0,0,0,0,0,0,0,0,0,0,0,0,0,0,0,0,0
32,balanced,1,meadow,はじまり草原,1,4,2,1,1,1,2,6,6,4,2,0,3,3,2,37,1,0,10,61,8,3,18,0,0,0,9,5,0,0,230,908
32,balanced,2,cave,こだま洞くつ,3,7,2,1,1,7,8,13,8,8,0,0,2,4,3,74,2,2,14,115,4,2,24,0,0,0,16,31,0,0,2106,1611
32,balanced,3,brook,しずく湖畔,5,10,3,1,1,13,13,14,5,4,1,0,3,2,1,10,2,2,9,34,0,0,6,0,0,0,11,14,0,0,1248,1220
32,balanced,4,volcano,ほむら火山,8,14,4,1,1,14,15,22,40,39,1,0,3,19,18,176,2,2,61,267,5,1,16,0,0,0,62,76,0,0,946,1229
32,balanced,5,tower,星晶の塔,12,20,5,1,1,22,21,27,37,34,1,2,7,16,15,106,2,2,55,225,7,2,22,0,0,0,62,80,0,0,953,1805
32,balanced,6,snowfield,霜降り雪原,16,25,4,1,1,27,28,29,4,3,1,0,4,1,0,11,2,2,7,36,0,0,11,0,0,0,7,0,0,0,1399,7165
32,balanced,7,thunder_ruins,雷鳴遺跡,21,31,5,1,1,29,29,38,45,44,1,0,5,21,20,424,2,2,68,540,6,1,37,0,0,0,71,225,0,0,5550,3614
32,balanced,8,prism_sanctuary,虹晶聖域,28,42,6,1,1,38,39,56,108,103,1,4,7,50,49,302,2,2,160,760,15,1,31,0,0,0,175,611,0,0,2800,4921
32,balanced,9,poison_bog,毒霧の沼地,34,48,5,1,1,56,57,59,13,12,1,0,4,5,4,40,2,2,20,85,1,1,10,0,0,0,20,147,0,0,3812,8040
32,balanced,10,machine_city,古代機械都市,39,57,6,1,1,59,58,66,49,47,1,1,8,22,21,179,2,2,73,345,27,4,20,0,0,0,81,528,0,0,6227,7213
32,balanced,11,deep_sea_temple,深海神殿,46,66,6,1,1,66,67,69,13,11,1,1,5,4,3,30,2,2,19,88,3,1,9,0,0,0,22,173,0,0,5587,15754
32,balanced,12,demon_gate,魔界門,54,76,7,1,1,69,71,84,44,41,0,3,12,18,17,1712,2,2,64,1883,20,1,134,17,0,0,75,755,0,0,12201,21197
32,balanced,13,sky_ruins,天空遺跡,68,86,7,1,1,84,86,88,10,8,1,1,7,2,1,80,2,2,14,141,1,1,72,1,0,0,14,311,0,0,16416,19319
33,collector,1,meadow,はじまり草原,1,4,2,1,1,1,3,6,12,9,2,1,3,4,3,43,1,0,17,76,8,3,13,0,0,0,12,0,0,0,230,1028
33,collector,2,cave,こだま洞くつ,3,7,2,1,1,7,8,12,11,10,1,0,6,4,3,111,5,5,20,176,11,3,32,0,0,0,25,14,0,0,2226,2046
33,collector,3,brook,しずく湖畔,5,10,3,1,1,12,12,15,15,13,2,0,7,5,4,36,5,4,25,97,5,4,10,0,0,0,29,9,0,0,1081,2215
33,collector,4,volcano,ほむら火山,8,14,4,1,1,11,12,14,7,5,2,0,9,2,1,10,5,5,14,70,2,2,9,0,0,0,21,6,0,0,1537,2834
33,collector,5,tower,星晶の塔,12,20,5,1,1,14,14,22,35,33,2,0,9,11,10,104,5,5,51,346,7,2,43,0,0,0,54,49,0,0,1497,3521
33,collector,6,snowfield,霜降り雪原,16,25,4,1,1,22,23,28,22,20,2,0,9,7,6,248,5,5,34,324,5,1,47,0,0,0,38,81,0,0,1860,3368
33,collector,7,thunder_ruins,雷鳴遺跡,21,31,5,1,1,28,30,31,11,8,3,0,9,3,2,21,5,5,19,86,2,1,9,0,0,0,27,39,0,0,1779,3705
33,collector,8,prism_sanctuary,虹晶聖域,28,42,6,1,1,31,32,50,97,87,0,10,15,28,27,159,5,5,130,2752,39,2,66,40,0,0,175,418,0,0,1957,7787
33,collector,9,poison_bog,毒霧の沼地,34,48,5,1,1,50,50,50,5,2,3,0,9,1,0,6,5,5,11,61,2,2,11,0,0,0,20,0,0,0,4112,9334
33,collector,10,machine_city,古代機械都市,39,57,6,1,1,50,53,63,55,52,2,1,12,17,16,122,5,5,77,706,21,2,87,5,0,0,80,504,0,0,4928,12910
33,collector,11,deep_sea_temple,深海神殿,46,66,6,1,1,63,64,85,108,102,3,3,11,34,33,328,5,5,147,4902,51,2,210,30,0,0,176,1172,0,0,6815,18242
33,collector,12,demon_gate,魔界門,54,76,7,1,1,85,86,100,61,56,2,3,12,18,17,336,5,5,84,5097,22,2,266,31,0,0,127,931,0,0,9629,15556
33,collector,13,sky_ruins,天空遺跡,68,86,7,1,1,100,88,100,101,98,2,1,11,32,31,9385,5,5,138,9807,28,2,307,33,0,0,125,930,0,0,8212,44994
34,rush,1,meadow,はじまり草原,1,4,2,1,1,1,2,7,4,3,1,0,1,3,2,23,0,0,7,35,0,0,9,0,0,0,5,9,0,0,230,662
34,rush,2,cave,こだま洞くつ,3,7,2,1,1,7,7,16,38,38,0,0,1,37,36,201,0,0,75,290,0,0,8,0,0,0,75,54,0,0,662,515
34,rush,3,brook,しずく湖畔,5,10,3,1,1,16,16,17,3,2,1,0,2,1,0,6,0,0,4,13,0,0,6,0,0,0,2,0,0,0,515,1798
34,rush,4,volcano,ほむら火山,8,14,4,1,1,17,17,21,20,20,0,0,0,17,16,93,0,0,37,139,0,0,7,0,0,0,54,48,0,0,1798,947
34,rush,5,tower,星晶の塔,12,20,5,1,1,21,22,31,70,70,0,0,0,66,65,302,0,0,136,447,0,0,6,0,0,0,199,166,0,0,947,1512
34,rush,6,snowfield,霜降り雪原,16,25,4,1,1,31,32,37,30,30,0,0,0,27,26,128,0,0,57,181,0,0,6,0,0,0,80,128,0,0,1512,2555
34,rush,7,thunder_ruins,雷鳴遺跡,21,31,5,1,0,37,37,0,85,85,0,0,0,80,80,376,0,0,165,531,0,0,7,0,0,0,241,351,0,0,2555,0
34,rush,8,prism_sanctuary,虹晶聖域,28,42,6,0,0,0,0,0,0,0,0,0,0,0,0,0,0,0,0,0,0,0,0,0,0,0,0,0,0,0,0,0
34,rush,9,poison_bog,毒霧の沼地,34,48,5,0,0,0,0,0,0,0,0,0,0,0,0,0,0,0,0,0,0,0,0,0,0,0,0,0,0,0,0,0
34,rush,10,machine_city,古代機械都市,39,57,6,0,0,0,0,0,0,0,0,0,0,0,0,0,0,0,0,0,0,0,0,0,0,0,0,0,0,0,0,0
34,rush,11,deep_sea_temple,深海神殿,46,66,6,0,0,0,0,0,0,0,0,0,0,0,0,0,0,0,0,0,0,0,0,0,0,0,0,0,0,0,0,0
34,rush,12,demon_gate,魔界門,54,76,7,0,0,0,0,0,0,0,0,0,0,0,0,0,0,0,0,0,0,0,0,0,0,0,0,0,0,0,0,0
34,rush,13,sky_ruins,天空遺跡,68,86,7,0,0,0,0,0,0,0,0,0,0,0,0,0,0,0,0,0,0,0,0,0,0,0,0,0,0,0,0,0
35,balanced,1,meadow,はじまり草原,1,4,2,1,1,1,2,6,6,4,2,0,3,3,2,35,1,0,10,57,8,2,13,0,0,0,7,5,0,0,230,901
35,balanced,2,cave,こだま洞くつ,3,7,2,1,1,7,7,11,6,5,1,0,3,3,2,35,2,0,11,75,3,3,14,0,0,0,10,16,0,0,1159,2643
35,balanced,3,brook,しずく湖畔,5,10,3,1,1,9,12,15,7,6,1,0,4,3,2,21,2,2,12,52,2,1,10,0,0,0,14,29,0,0,3171,1849
35,balanced,4,volcano,ほむら火山,8,14,4,1,1,15,13,16,8,7,1,0,3,3,2,37,2,2,13,63,5,2,19,0,0,0,13,21,0,0,1433,2414
35,balanced,5,tower,星晶の塔,12,20,5,1,1,16,17,21,9,8,1,0,5,3,2,18,2,2,14,52,0,0,7,0,0,0,14,49,0,0,1870,2392
35,balanced,6,snowfield,霜降り雪原,16,25,4,1,1,21,20,24,10,9,1,0,3,4,3,48,2,2,16,82,1,1,23,0,0,0,17,41,0,0,1853,4643
35,balanced,7,thunder_ruins,雷鳴遺跡,21,31,5,1,1,24,25,30,15,14,1,0,4,6,5,197,2,2,23,240,2,1,69,2,0,0,24,110,0,0,3596,5317
35,balanced,8,prism_sanctuary,虹晶聖域,28,42,6,1,1,30,31,46,78,64,0,14,22,30,29,227,2,2,110,563,8,1,23,0,0,0,153,353,0,0,4118,4970
35,balanced,9,poison_bog,毒霧の沼地,34,48,5,1,1,46,46,51,13,12,1,0,4,5,4,38,2,2,20,83,2,1,10,0,0,0,21,179,0,0,3850,10660
35,balanced,10,machine_city,古代機械都市,39,57,6,1,1,51,52,63,55,53,1,1,4,25,24,242,2,2,82,359,4,1,37,0,0,0,83,576,0,0,8256,14210
35,balanced,11,deep_sea_temple,深海神殿,46,66,6,1,1,63,63,80,79,75,1,3,6,36,35,2584,2,2,117,2785,23,1,134,22,0,0,125,987,0,0,11005,10026
35,balanced,12,demon_gate,魔界門,54,76,7,1,1,80,82,99,79,70,1,8,13,33,32,7910,2,2,114,9032,38,1,274,40,0,0,147,1138,0,0,7765,14483
35,balanced,13,sky_ruins,天空遺跡,68,86,7,1,0,99,100,0,171,166,1,4,7,80,80,22915,0,0,251,23381,0,0,287,80,0,0,256,0,0,0,11217,0
36,collector,1,meadow,はじまり草原,1,4,2,1,1,1,2,6,9,6,2,1,4,3,2,32,1,0,13,65,8,2,13,0,0,0,9,0,0,0,230,1144
36,collector,2,cave,こだま洞くつ,3,7,2,1,1,6,5,10,8,7,1,0,4,3,2,44,3,1,14,106,9,4,21,0,0,0,8,6,0,0,1402,3016
36,collector,3,brook,しずく湖畔,5,10,3,1,1,11,11,14,12,10,2,0,7,4,3,49,5,5,21,102,3,1,24,0,0,0,24,27,0,0,3166,1405
36,collector,4,volcano,ほむら火山,8,14,4,1,1,14,13,19,26,23,2,1,8,8,7,110,5,5,39,226,4,2,42,0,0,0,41,32,0,0,743,2768
36,collector,5,tower,星晶の塔,12,20,5,1,1,19,19,21,15,12,2,1,8,4,3,44,5,5,24,117,3,1,24,0,0,0,32,23,0,0,1462,2644
36,collector,6,snowfield,霜降り雪原,16,25,4,1,1,21,22,28,23,20,2,1,8,7,6,285,5,5,35,359,6,2,51,1,0,0,39,73,0,0,1397,2951
36,collector,7,thunder_ruins,雷鳴遺跡,21,31,5,1,1,28,27,29,11,7,4,0,9,3,2,111,5,5,19,182,3,2,54,2,0,0,24,39,0,0,1559,5856
36,collector,8,prism_sanctuary,虹晶聖域,28,42,6,1,1,29,29,50,101,95,1,5,15,31,30,207,5,5,137,1748,36,2,66,21,0,0,159,476,0,0,3092,5670
36,collector,9,poison_bog,毒霧の沼地,34,48,5,1,1,50,50,51,5,2,3,0,9,1,0,11,5,5,11,139,4,2,77,1,0,0,20,0,0,0,2994,16572
36,collector,10,machine_city,古代機械都市,39,57,6,1,1,51,51,66,77,74,1,2,12,24,23,174,5,5,106,1233,46,3,92,9,0,0,160,672,1,0,8747,15065
36,collector,11,deep_sea_temple,深海神殿,46,66,6,1,1,66,64,80,107,91,2,14,23,30,29,1255,5,5,142,2924,33,2,189,22,0,0,188,984,0,0,7952,11089
36,collector,12,demon_gate,魔界門,54,76,7,1,1,80,82,82,15,5,2,8,16,1,0,126,5,5,21,725,4,3,126,5,0,0,46,0,0,0,5854,19865
36,collector,13,sky_ruins,天空遺跡,68,86,7,1,0,82,83,0,256,246,1,9,15,80,80,18266,0,0,336,18904,83,2,234,80,0,0,279,1162,0,0,10486,0
37,rush,1,meadow,はじまり草原,1,4,2,1,1,1,2,7,4,3,1,0,1,3,2,28,0,0,7,42,0,0,11,0,0,0,5,8,0,0,230,713
37,rush,2,cave,こだま洞くつ,3,7,2,1,1,7,7,11,10,9,1,0,1,9,8,89,0,0,19,111,0,0,14,0,0,0,26,17,0,0,713,1687
37,rush,3,brook,しずく湖畔,5,10,3,1,1,11,11,15,8,8,0,0,0,6,5,36,0,0,14,53,0,0,7,0,0,0,16,26,0,0,1687,1358
37,rush,4,volcano,ほむら火山,8,14,4,1,1,15,15,19,15,15,0,0,0,12,11,67,0,0,27,91,0,0,7,0,0,0,35,42,0,0,1358,1861
37,rush,5,tower,星晶の塔,12,20,5,1,0,19,20,0,85,85,0,0,0,80,80,393,0,0,165,587,0,0,8,0,0,0,246,204,0,0,1861,0
37,rush,6,snowfield,霜降り雪原,16,25,4,0,0,0,0,0,0,0,0,0,0,0,0,0,0,0,0,0,0,0,0,0,0,0,0,0,0,0,0,0
37,rush,7,thunder_ruins,雷鳴遺跡,21,31,5,0,0,0,0,0,0,0,0,0,0,0,0,0,0,0,0,0,0,0,0,0,0,0,0,0,0,0,0,0
37,rush,8,prism_sanctuary,虹晶聖域,28,42,6,0,0,0,0,0,0,0,0,0,0,0,0,0,0,0,0,0,0,0,0,0,0,0,0,0,0,0,0,0
37,rush,9,poison_bog,毒霧の沼地,34,48,5,0,0,0,0,0,0,0,0,0,0,0,0,0,0,0,0,0,0,0,0,0,0,0,0,0,0,0,0,0
37,rush,10,machine_city,古代機械都市,39,57,6,0,0,0,0,0,0,0,0,0,0,0,0,0,0,0,0,0,0,0,0,0,0,0,0,0,0,0,0,0
37,rush,11,deep_sea_temple,深海神殿,46,66,6,0,0,0,0,0,0,0,0,0,0,0,0,0,0,0,0,0,0,0,0,0,0,0,0,0,0,0,0,0
37,rush,12,demon_gate,魔界門,54,76,7,0,0,0,0,0,0,0,0,0,0,0,0,0,0,0,0,0,0,0,0,0,0,0,0,0,0,0,0,0
37,rush,13,sky_ruins,天空遺跡,68,86,7,0,0,0,0,0,0,0,0,0,0,0,0,0,0,0,0,0,0,0,0,0,0,0,0,0,0,0,0,0
38,balanced,1,meadow,はじまり草原,1,4,2,1,1,1,3,6,6,2,2,2,4,2,1,25,2,0,10,68,15,3,14,0,0,0,10,3,0,0,230,1021
38,balanced,2,cave,こだま洞くつ,3,7,2,1,1,7,7,11,6,6,0,0,3,3,2,59,2,2,11,92,6,2,23,0,0,0,15,18,0,0,2297,1854
38,balanced,3,brook,しずく湖畔,5,10,3,1,1,11,11,15,13,12,1,0,3,6,5,37,2,2,21,77,0,0,8,0,0,0,24,28,0,0,1437,1187
38,balanced,4,volcano,ほむら火山,8,14,4,1,1,15,15,19,14,13,1,0,4,6,5,70,2,2,22,119,8,2,18,0,0,0,26,42,0,0,920,1523
38,balanced,5,tower,星晶の塔,12,20,5,1,1,19,20,31,71,69,0,2,9,33,32,214,2,2,106,414,9,2,15,0,0,0,115,141,0,0,1181,3561
38,balanced,6,snowfield,霜降り雪原,16,25,4,1,1,31,30,31,6,5,1,0,4,2,1,69,2,2,10,103,1,1,40,0,0,0,11,61,0,0,2758,3247
38,balanced,7,thunder_ruins,雷鳴遺跡,21,31,5,1,1,31,31,36,23,22,1,0,7,10,9,96,2,2,35,177,9,2,16,0,0,0,36,108,0,0,2516,3025
38,balanced,8,prism_sanctuary,虹晶聖域,28,42,6,1,1,36,37,61,154,150,0,4,12,73,72,493,2,2,229,1076,31,2,19,0,0,0,243,874,0,0,2343,7246
38,balanced,9,poison_bog,毒霧の沼地,34,48,5,1,1,61,62,62,5,4,1,0,3,1,0,14,2,2,8,38,0,0,14,0,0,0,8,0,0,0,5612,15742
38,balanced,10,machine_city,古代機械都市,39,57,6,1,1,62,63,64,8,7,1,0,3,2,1,33,2,2,12,64,1,1,18,0,0,0,11,198,0,0,12191,13299
38,balanced,11,deep_sea_temple,深海神殿,46,66,6,1,1,64,65,96,164,163,1,0,7,80,79,654,2,2,246,1235,71,1,21,0,0,0,257,2123,0,0,10300,16798
38,balanced,12,demon_gate,魔界門,54,76,7,1,0,96,97,0,167,166,1,0,2,80,80,754,0,0,247,1496,47,1,26,0,0,0,270,490,0,0,13010,0
38,balanced,13,sky_ruins,天空遺跡,68,86,7,0,0,0,0,0,0,0,0,0,0,0,0,0,0,0,0,0,0,0,0,0,0,0,0,0,0,0,0,0
39,collector,1,meadow,はじまり草原,1,4,2,1,1,1,3,7,11,10,1,0,2,4,3,50,1,0,16,86,10,4,17,0,0,0,8,0,0,0,230,1024
39,collector,2,cave,こだま洞くつ,3,7,2,1,1,7,7,11,8,6,2,0,7,3,2,43,5,4,16,112,0,0,23,0,0,0,20,9,0,0,1102,2654
39,collector,3,brook,しずく湖畔,5,10,3,1,1,10,10,14,15,13,2,0,8,5,4,31,5,5,25,102,4,1,11,0,0,0,32,15,0,0,1987,1356
39,collector,4,volcano,ほむら火山,8,14,4,1,1,14,15,19,29,27,1,1,8,9,8,139,5,5,43,302,12,2,33,0,0,0,50,32,0,0,717,1599
39,collector,5,tower,星晶の塔,12,20,5,1,1,19,18,25,41,40,1,0,8,13,12,173,5,5,59,400,5,2,25,0,0,0,62,41,0,0,846,4428
39,collector,6,snowfield,霜降り雪原,16,25,4,1,1,25,26,36,61,58,3,0,8,20,19,862,5,5,86,1032,14,1,93,4,0,0,75,169,0,0,2339,2936
39,collector,7,thunder_ruins,雷鳴遺跡,21,31,5,1,1,36,35,41,38,35,3,0,8,12,11,386,5,5,55,504,15,2,35,0,0,0,51,112,0,0,1551,3728
39,collector,8,prism_sanctuary,虹晶聖域,28,42,6,1,1,41,40,54,134,84,3,47,56,28,27,448,5,5,167,1930,31,2,54,4,0,0,285,393,1,0,1969,7750
39,collector,9,poison_bog,毒霧の沼地,34,48,5,1,1,54,54,58,20,17,3,0,9,6,5,240,5,5,31,640,10,2,57,1,0,0,50,184,1,0,4092,6624
39,collector,10,machine_city,古代機械都市,39,57,6,1,1,58,59,60,6,6,0,0,11,1,0,34,5,5,12,112,0,0,34,0,0,0,23,0,0,0,3498,17480
39,collector,11,deep_sea_temple,深海神殿,46,66,6,1,1,60,61,86,122,117,0,5,16,38,37,3250,5,5,165,3842,44,2,122,33,0,0,199,1360,0,0,9227,19137
39,collector,12,demon_gate,魔界門,54,76,7,1,1,86,87,98,49,49,0,0,12,15,14,2033,5,5,69,2292,25,1,142,16,0,0,67,859,0,0,10101,15955
39,collector,13,sky_ruins,天空遺跡,68,86,7,1,0,98,99,0,193,192,1,0,5,63,63,9319,0,0,256,9824,70,2,149,63,0,0,190,16,0,0,8422,0
40,rush,1,meadow,はじまり草原,1,4,2,1,1,1,3,7,4,3,1,0,1,3,2,21,0,0,7,32,0,0,8,0,0,0,5,9,0,0,230,673
40,rush,2,cave,こだま洞くつ,3,7,2,1,1,7,7,12,12,12,0,0,2,11,10,64,0,0,23,93,0,0,9,0,0,0,22,34,0,0,673,545
40,rush,3,brook,しずく湖畔,5,10,3,1,1,12,13,14,4,3,1,0,1,2,1,10,0,0,6,16,0,0,5,0,0,0,4,7,0,0,545,1159
40,rush,4,volcano,ほむら火山,8,14,4,1,1,14,15,21,33,33,0,0,0,30,29,152,0,0,63,222,0,0,7,0,0,0,94,77,0,0,1159,990
40,rush,5,tower,星晶の塔,12,20,5,1,0,21,22,0,85,85,0,0,0,80,80,346,0,0,165,556,0,0,7,0,0,0,250,186,0,0,990,0
40,rush,6,snowfield,霜降り雪原,16,25,4,0,0,0,0,0,0,0,0,0,0,0,0,0,0,0,0,0,0,0,0,0,0,0,0,0,0,0,0,0
40,rush,7,thunder_ruins,雷鳴遺跡,21,31,5,0,0,0,0,0,0,0,0,0,0,0,0,0,0,0,0,0,0,0,0,0,0,0,0,0,0,0,0,0
40,rush,8,prism_sanctuary,虹晶聖域,28,42,6,0,0,0,0,0,0,0,0,0,0,0,0,0,0,0,0,0,0,0,0,0,0,0,0,0,0,0,0,0
40,rush,9,poison_bog,毒霧の沼地,34,48,5,0,0,0,0,0,0,0,0,0,0,0,0,0,0,0,0,0,0,0,0,0,0,0,0,0,0,0,0,0
40,rush,10,machine_city,古代機械都市,39,57,6,0,0,0,0,0,0,0,0,0,0,0,0,0,0,0,0,0,0,0,0,0,0,0,0,0,0,0,0,0
40,rush,11,deep_sea_temple,深海神殿,46,66,6,0,0,0,0,0,0,0,0,0,0,0,0,0,0,0,0,0,0,0,0,0,0,0,0,0,0,0,0,0
40,rush,12,demon_gate,魔界門,54,76,7,0,0,0,0,0,0,0,0,0,0,0,0,0,0,0,0,0,0,0,0,0,0,0,0,0,0,0,0,0
40,rush,13,sky_ruins,天空遺跡,68,86,7,0,0,0,0,0,0,0,0,0,0,0,0,0,0,0,0,0,0,0,0,0,0,0,0,0,0,0,0,0
41,balanced,1,meadow,はじまり草原,1,4,2,1,1,1,2,6,6,4,2,0,4,3,2,43,2,0,11,93,12,3,19,0,0,0,11,5,0,0,230,909
41,balanced,2,cave,こだま洞くつ,3,7,2,1,1,8,8,10,4,3,1,0,3,2,1,34,2,2,8,65,4,2,18,0,0,0,12,10,0,0,2565,2495
41,balanced,3,brook,しずく湖畔,5,10,3,1,1,10,11,14,7,6,1,0,3,3,2,18,2,2,12,45,0,0,7,0,0,0,14,25,0,0,1933,1736
41,balanced,4,volcano,ほむら火山,8,14,4,1,1,14,13,18,18,17,1,0,3,8,7,46,2,2,28,92,4,1,7,0,0,0,30,28,0,0,1345,2446
41,balanced,5,tower,星晶の塔,12,20,5,1,1,18,18,21,9,8,1,0,3,3,2,21,2,2,14,50,0,0,9,0,0,0,15,43,0,0,1895,3073
41,balanced,6,snowfield,霜降り雪原,16,25,4,1,1,21,21,24,12,9,1,2,6,4,3,25,2,2,18,90,5,3,13,0,0,0,25,42,0,0,2381,2700
41,balanced,7,thunder_ruins,雷鳴遺跡,21,31,5,1,1,24,27,34,31,30,1,0,5,14,13,347,2,2,47,429,1,1,48,0,0,0,51,165,0,0,2091,3515
41,balanced,8,prism_sanctuary,虹晶聖域,28,42,6,1,1,34,35,50,80,71,1,8,13,34,33,251,2,2,116,530,0,0,25,0,0,0,135,421,0,0,2723,7017
41,balanced,9,poison_bog,毒霧の沼地,34,48,5,1,1,50,51,53,11,10,1,0,5,4,3,23,2,2,17,60,0,0,8,0,0,0,17,132,0,0,5434,6563
41,balanced,10,machine_city,古代機械都市,39,57,6,1,1,53,52,60,36,35,1,0,4,16,15,165,2,2,54,250,7,1,25,0,0,0,55,405,0,0,5083,12134
41,balanced,11,deep_sea_temple,深海神殿,46,66,6,1,1,60,61,80,87,83,1,3,7,40,39,2075,2,2,129,2317,20,3,152,17,0,0,139,1054,0,0,9397,17048
41,balanced,12,demon_gate,魔界門,54,76,7,1,1,80,82,96,70,54,1,15,21,25,24,5696,2,2,97,6070,34,1,297,26,0,0,132,806,0,0,13203,14332
41,balanced,13,sky_ruins,天空遺跡,68,86,7,1,0,96,97,0,169,166,1,2,3,80,80,25654,0,0,249,26092,0,0,322,80,0,0,251,421,0,0,11100,0
42,collector,1,meadow,はじまり草原,1,4,2,1,1,1,2,5,5,3,2,0,6,2,1,23,4,3,11,95,9,2,15,0,0,0,17,0,0,0,230,1264
42,collector,2,cave,こだま洞くつ,3,7,2,1,1,6,6,11,11,10,1,0,7,4,3,91,5,5,20,166,6,2,31,0,0,0,25,11,0,0,1361,2329
42,collector,3,brook,しずく湖畔,5,10,3,1,1,11,11,12,3,2,1,0,6,1,0,10,5,5,9,51,1,1,10,0,0,0,17,0,0,0,1231,2188
42,collector,4,volcano,ほむら火山,8,14,4,1,1,12,12,18,39,34,3,2,10,12,11,94,5,5,56,233,8,2,19,0,0,0,58,25,0,0,1156,1601
42,collector,5,tower,星晶の塔,12,20,5,1,1,18,14,20,32,26,3,3,12,9,8,48,5,5,46,204,3,1,31,0,0,0,53,38,0,0,846,2221
42,collector,6,snowfield,霜降り雪原,16,25,4,1,1,20,21,28,31,29,2,0,9,10,9,606,5,5,46,892,20,2,76,8,0,0,56,113,1,0,1174,4092
42,collector,7,thunder_ruins,雷鳴遺跡,21,31,5,1,1,28,29,33,26,23,3,0,8,8,7,160,5,5,39,228,5,1,84,1,0,0,40,75,0,0,2161,4200
42,collector,8,prism_sanctuary,虹晶聖域,28,42,6,1,1,33,34,55,129,119,1,9,16,39,38,282,5,5,173,2124,17,2,102,21,0,0,181,593,0,0,2218,5611
42,collector,9,poison_bog,毒霧の沼地,34,48,5,1,1,55,55,56,5,2,3,0,8,1,0,4,5,5,11,44,0,0,6,0,0,0,18,0,0,0,2963,10354
42,collector,10,machine_city,古代機械都市,39,57,6,1,1,56,56,74,117,112,2,3,10,37,36,386,5,5,159,1941,46,3,116,12,0,0,211,981,1,0,5466,8081
42,collector,11,deep_sea_temple,深海神殿,46,66,6,1,1,74,75,82,45,37,2,6,14,12,11,1539,5,5,62,3685,12,2,241,23,0,0,79,411,0,0,4267,16033
42,collector,12,demon_gate,魔界門,54,76,7,1,0,82,83,0,272,245,2,25,17,80,80,20786,0,0,352,49097,294,3,313,246,0,0,513,968,1,0,8463,0
42,collector,13,sky_ruins,天空遺跡,68,86,7,0,0,0,0,0,0,0,0,0,0,0,0,0,0,0,0,0,0,0,0,0,0,0,0,0,0,0,0,0
43,rush,1,meadow,はじまり草原,1,4,2,1,1,1,2,7,4,2,2,0,2,3,2,33,0,0,7,47,0,0,14,0,0,0,8,8,0,0,230,709
43,rush,2,cave,こだま洞くつ,3,7,2,1,1,7,7,11,10,10,0,0,0,9,8,66,0,0,19,87,0,0,9,0,0,0,26,17,0,0,709,1721
43,rush,3,brook,しずく湖畔,5,10,3,1,1,11,12,14,5,5,0,0,0,3,2,18,0,0,8,32,0,0,7,0,0,0,8,26,0,0,1721,1164
43,rush,4,volcano,ほむら火山,8,14,4,1,1,14,15,22,39,39,0,0,0,36,35,179,0,0,75,301,0,0,7,0,0,0,117,84,0,0,1164,979
43,rush,5,tower,星晶の塔,12,20,5,1,0,22,23,0,86,85,0,1,0,80,80,343,0,0,166,552,0,0,6,0,0,0,269,180,0,0,979,0
43,rush,6,snowfield,霜降り雪原,16,25,4,0,0,0,0,0,0,0,0,0,0,0,0,0,0,0,0,0,0,0,0,0,0,0,0,0,0,0,0,0
43,rush,7,thunder_ruins,雷鳴遺跡,21,31,5,0,0,0,0,0,0,0,0,0,0,0,0,0,0,0,0,0,0,0,0,0,0,0,0,0,0,0,0,0
43,rush,8,prism_sanctuary,虹晶聖域,28,42,6,0,0,0,0,0,0,0,0,0,0,0,0,0,0,0,0,0,0,0,0,0,0,0,0,0,0,0,0,0
43,rush,9,poison_bog,毒霧の沼地,34,48,5,0,0,0,0,0,0,0,0,0,0,0,0,0,0,0,0,0,0,0,0,0,0,0,0,0,0,0,0,0
43,rush,10,machine_city,古代機械都市,39,57,6,0,0,0,0,0,0,0,0,0,0,0,0,0,0,0,0,0,0,0,0,0,0,0,0,0,0,0,0,0
43,rush,11,deep_sea_temple,深海神殿,46,66,6,0,0,0,0,0,0,0,0,0,0,0,0,0,0,0,0,0,0,0,0,0,0,0,0,0,0,0,0,0
43,rush,12,demon_gate,魔界門,54,76,7,0,0,0,0,0,0,0,0,0,0,0,0,0,0,0,0,0,0,0,0,0,0,0,0,0,0,0,0,0
43,rush,13,sky_ruins,天空遺跡,68,86,7,0,0,0,0,0,0,0,0,0,0,0,0,0,0,0,0,0,0,0,0,0,0,0,0,0,0,0,0,0
44,balanced,1,meadow,はじまり草原,1,4,2,1,1,1,2,6,8,5,1,2,3,3,2,22,1,0,12,48,5,2,9,0,0,0,8,5,0,0,230,881
44,balanced,2,cave,こだま洞くつ,3,7,2,1,1,7,7,10,4,3,1,0,3,2,1,26,2,2,8,55,1,1,15,0,0,0,10,6,0,0,959,2711
44,balanced,3,brook,しずく湖畔,5,10,3,1,1,10,11,14,9,8,1,0,3,4,3,37,2,2,15,62,1,1,15,0,0,0,16,34,0,0,2100,1177
44,balanced,4,volcano,ほむら火山,8,14,4,1,1,14,13,16,10,9,1,0,3,4,3,49,2,2,16,80,1,1,15,0,0,0,17,19,0,0,912,1923
44,balanced,5,tower,星晶の塔,12,20,5,1,1,16,16,24,35,34,1,0,3,16,15,85,2,2,53,188,14,3,9,0,0,0,61,87,0,0,1490,2222
44,balanced,6,snowfield,霜降り雪原,16,25,4,1,1,24,25,34,43,42,0,1,7,20,19,200,2,2,65,317,16,1,32,0,0,0,70,174,0,0,1722,3572
44,balanced,7,thunder_ruins,雷鳴遺跡,21,31,5,1,1,34,34,37,13,12,1,0,4,5,4,40,2,2,20,77,4,1,9,0,0,0,21,72,0,0,2767,3091
44,balanced,8,prism_sanctuary,虹晶聖域,28,42,6,1,1,37,35,50,82,77,1,4,8,37,36,170,2,2,121,391,21,2,7,0,0,0,137,459,0,0,2395,4960
44,balanced,9,poison_bog,毒霧の沼地,34,48,5,1,1,50,51,52,7,7,0,0,7,2,1,12,2,2,11,45,4,3,8,0,0,0,12,88,0,0,3842,8116
44,balanced,10,machine_city,古代機械都市,39,57,6,1,1,52,54,63,48,48,0,0,8,22,21,130,2,2,72,253,29,1,8,0,0,0,76,564,0,0,6286,7242
44,balanced,11,deep_sea_temple,深海神殿,46,66,6,1,1,63,64,80,75,73,1,1,7,35,34,213,2,2,112,402,65,2,8,0,0,0,125,921,0,0,5609,14796
44,balanced,12,demon_gate,魔界門,54,76,7,1,1,80,78,87,29,28,1,0,4,12,11,85,2,2,43,188,15,2,10,0,0,0,51,629,0,0,11459,21088
44,balanced,13,sky_ruins,天空遺跡,68,86,7,1,1,87,88,100,87,86,1,0,5,41,40,5715,2,2,130,6005,23,2,179,34,0,0,133,1102,0,0,16332,36226
45,collector,1,meadow,はじまり草原,1,4,2,1,1,1,2,6,10,7,1,2,5,3,2,30,3,1,16,84,9,4,13,0,0,0,11,0,0,0,230,1152
45,collector,2,cave,こだま洞くつ,3,7,2,1,1,7,7,11,11,9,2,0,3,4,3,63,1,0,16,90,3,2,24,0,0,0,12,17,0,0,1590,1639
45,collector,3,brook,しずく湖畔,5,10,3,1,1,10,11,14,12,11,1,0,6,4,3,22,3,2,19,78,0,0,9,0,0,0,20,20,1,0,2473,1350
45,collector,4,volcano,ほむら火山,8,14,4,1,1,14,10,12,7,4,3,0,8,2,1,10,5,5,14,59,0,0,8,0,0,0,20,7,0,0,2453,4075
45,collector,5,tower,星晶の塔,12,20,5,1,1,12,17,21,21,18,2,1,10,6,5,43,5,5,32,150,5,2,20,0,0,0,40,38,0,0,2152,2654
45,collector,6,snowfield,霜降り雪原,16,25,4,1,1,21,21,30,37,35,2,0,9,12,11,295,5,5,54,482,15,2,29,0,0,0,52,117,0,0,1402,5604
45,collector,7,thunder_ruins,雷鳴遺跡,21,31,5,1,1,30,30,31,5,2,3,0,9,1,0,6,5,5,11,45,0,0,6,0,0,0,18,0,1,0,2960,5459
45,collector,8,prism_sanctuary,虹晶聖域,28,42,6,1,1,31,32,53,133,114,0,19,17,37,36,264,5,5,175,2193,35,2,74,4,0,0,276,535,0,0,2882,10454
45,collector,9,poison_bog,毒霧の沼地,34,48,5,1,1,53,54,55,5,3,2,0,8,1,0,4,5,5,11,64,0,0,9,0,0,0,20,0,0,0,5518,18253
45,collector,10,machine_city,古代機械都市,39,57,6,1,1,55,56,67,68,66,0,2,13,21,20,213,5,5,94,853,20,2,104,5,0,0,89,651,0,0,9635,8381
45,collector,11,deep_sea_temple,深海神殿,46,66,6,1,1,67,57,80,119,111,3,5,13,37,36,3571,5,5,161,5739,31,2,331,36,0,0,161,1236,0,0,4425,12177
45,collector,12,demon_gate,魔界門,54,76,7,1,1,80,81,100,88,80,2,6,15,26,25,8840,5,5,119,20523,60,2,394,89,0,0,163,1043,0,0,6428,20942
45,collector,13,sky_ruins,天空遺跡,68,86,7,1,0,100,100,0,18,13,3,2,6,4,3,1596,0,0,22,1931,0,0,400,7,0,1,21,0,0,0,11053,0
46,rush,1,meadow,はじまり草原,1,4,2,1,1,1,3,7,7,4,1,2,4,4,3,25,0,0,11,44,0,0,7,0,0,0,9,8,0,0,230,702
46,rush,2,cave,こだま洞くつ,3,7,2,1,1,7,7,10,5,4,1,0,1,4,3,27,0,0,9,43,0,0,7,0,0,0,11,15,0,0,702,1417
46,rush,3,brook,しずく湖畔,5,10,3,1,1,10,11,13,4,4,0,0,0,2,1,13,0,0,6,20,0,0,7,0,0,0,5,19,0,0,1417,1530
46,rush,4,volcano,ほむら火山,8,14,4,1,1,13,14,17,13,13,0,0,0,10,9,56,0,0,23,72,0,0,7,0,0,0,29,35,0,0,1530,960
46,rush,5,tower,星晶の塔,12,20,5,1,1,17,19,27,43,43,0,0,0,39,38,174,0,0,82,266,0,0,7,0,0,0,117,129,0,0,960,1895
46,rush,6,snowfield,霜降り雪原,16,25,4,1,0,27,28,0,84,84,0,0,0,80,80,387,0,0,164,572,0,0,7,0,0,0,242,288,0,0,1895,0
46,rush,7,thunder_ruins,雷鳴遺跡,21,31,5,0,0,0,0,0,0,0,0,0,0,0,0,0,0,0,0,0,0,0,0,0,0,0,0,0,0,0,0,0
46,rush,8,prism_sanctuary,虹晶聖域,28,42,6,0,0,0,0,0,0,0,0,0,0,0,0,0,0,0,0,0,0,0,0,0,0,0,0,0,0,0,0,0
46,rush,9,poison_bog,毒霧の沼地,34,48,5,0,0,0,0,0,0,0,0,0,0,0,0,0,0,0,0,0,0,0,0,0,0,0,0,0,0,0,0,0
46,rush,10,machine_city,古代機械都市,39,57,6,0,0,0,0,0,0,0,0,0,0,0,0,0,0,0,0,0,0,0,0,0,0,0,0,0,0,0,0,0
46,rush,11,deep_sea_temple,深海神殿,46,66,6,0,0,0,0,0,0,0,0,0,0,0,0,0,0,0,0,0,0,0,0,0,0,0,0,0,0,0,0,0
46,rush,12,demon_gate,魔界門,54,76,7,0,0,0,0,0,0,0,0,0,0,0,0,0,0,0,0,0,0,0,0,0,0,0,0,0,0,0,0,0
46,rush,13,sky_ruins,天空遺跡,68,86,7,0,0,0,0,0,0,0,0,0,0,0,0,0,0,0,0,0,0,0,0,0,0,0,0,0,0,0,0,0
47,balanced,1,meadow,はじまり草原,1,4,2,1,1,1,3,7,9,7,1,1,2,4,3,46,1,0,14,74,9,3,15,0,0,0,8,7,0,0,230,768
47,balanced,2,cave,こだま洞くつ,3,7,2,1,1,7,7,11,6,6,0,0,4,3,2,40,2,2,11,78,7,3,16,0,0,0,9,11,0,0,846,2555
47,balanced,3,brook,しずく湖畔,5,10,3,1,1,11,11,14,7,6,1,0,3,3,2,32,2,2,12,52,0,0,12,0,0,0,8,20,0,0,1980,1757
47,balanced,4,volcano,ほむら火山,8,14,4,1,1,14,13,20,28,27,1,0,6,13,12,96,2,2,43,164,2,1,21,0,0,0,30,65,0,0,1362,1213
47,balanced,5,tower,星晶の塔,12,20,5,1,1,20,19,24,25,24,1,0,3,11,10,50,2,2,38,97,1,1,8,0,0,0,37,57,0,0,940,1852
47,balanced,6,snowfield,霜降り雪原,16,25,4,1,1,24,25,29,10,9,1,0,3,4,3,25,2,2,16,52,2,1,7,0,0,0,15,70,0,0,1435,3592
47,balanced,7,thunder_ruins,雷鳴遺跡,21,31,5,1,1,29,29,36,35,34,1,0,3,16,15,383,2,2,53,434,10,2,63,5,0,0,52,158,0,0,2782,3091
47,balanced,8,prism_sanctuary,虹晶聖域,28,42,6,1,1,36,37,45,42,41,1,0,3,19,18,97,2,2,63,185,4,1,10,0,0,0,64,262,0,0,2395,4872
47,balanced,9,poison_bog,毒霧の沼地,34,48,5,1,1,45,46,48,9,8,1,0,6,3,2,24,2,2,14,68,2,1,14,0,0,0,18,148,0,0,3774,8024
47,balanced,10,machine_city,古代機械都市,39,57,6,1,1,48,49,53,20,19,1,0,4,8,7,52,2,2,30,108,8,2,16,0,0,0,31,252,0,0,6215,7375
47,balanced,11,deep_sea_temple,深海神殿,46,66,6,1,1,53,54,77,95,91,1,3,10,44,43,256,2,2,141,543,41,2,10,0,0,0,156,1125,0,0,5712,14900
47,balanced,12,demon_gate,魔界門,54,76,7,1,1,77,77,92,62,58,1,3,10,27,26,3802,2,2,91,5188,56,2,152,36,0,0,115,1054,0,0,11539,21342
47,balanced,13,sky_ruins,天空遺跡,68,86,7,1,1,92,94,100,102,101,0,1,10,48,47,7819,2,2,152,8121,100,2,167,48,0,0,169,691,0,0,16528,38153
48,collector,1,meadow,はじまり草原,1,4,2,1,1,1,2,6,8,6,2,0,5,3,2,35,3,0,14,93,8,2,14,0,0,0,12,1,0,0,230,1122
48,collector,2,cave,こだま洞くつ,3,7,2,1,1,9,8,11,8,6,2,0,6,3,2,49,4,3,15,101,5,2,22,0,0,0,19,12,0,0,3246,2714
48,collector,3,brook,しずく湖畔,5,10,3,1,1,8,11,16,18,16,2,0,4,6,5,44,1,0,25,94,7,2,11,0,0,0,21,15,0,0,1985,3433
48,collector,4,volcano,ほむら火山,8,14,4,1,1,13,13,17,14,10,3,1,9,4,3,28,5,5,23,121,7,2,30,0,0,0,28,23,0,0,3640,3025
48,collector,5,tower,星晶の塔,12,20,5,1,1,17,17,22,24,21,2,1,11,7,6,107,5,5,36,244,3,2,21,0,0,0,42,41,0,0,1598,4466
48,collector,6,snowfield,霜降り雪原,16,25,4,1,1,22,23,26,13,11,2,0,8,4,3,173,5,5,22,267,5,2,49,0,0,0,28,63,0,0,2359,3426
48,collector,7,thunder_ruins,雷鳴遺跡,21,31,5,1,1,26,27,33,26,25,1,0,7,8,7,297,5,5,39,375,6,1,59,1,0,0,38,84,0,0,1810,8384
48,collector,8,prism_sanctuary,虹晶聖域,28,42,6,1,1,33,34,54,108,104,1,3,10,34,33,320,5,5,147,2185,42,2,39,0,0,0,168,544,0,0,4426,12649
48,collector,9,poison_bog,毒霧の沼地,34,48,5,1,1,54,54,57,14,11,3,0,10,4,3,30,5,5,23,166,2,1,23,0,0,0,33,179,1,0,6678,6633
48,collector,10,machine_city,古代機械都市,39,57,6,1,1,57,58,63,30,29,1,0,10,9,8,161,5,5,44,648,15,2,40,0,0,0,59,265,0,0,3503,8359
48,collector,11,deep_sea_temple,深海神殿,46,66,6,1,1,63,63,80,81,74,1,6,15,24,23,2106,5,5,110,2512,18,2,143,24,0,0,120,816,0,0,4414,11087
48,collector,12,demon_gate,魔界門,54,76,7,1,1,80,73,73,9,5,2,2,11,1,0,97,5,5,15,165,0,0,97,1,0,0,24,0,0,0,5853,26069
48,collector,13,sky_ruins,天空遺跡,68,86,7,1,1,73,75,80,21,18,1,2,12,5,4,508,5,5,31,637,4,1,104,5,0,0,39,391,0,0,13759,20891
49,rush,1,meadow,はじまり草原,1,4,2,1,1,1,2,6,13,4,1,8,9,4,3,32,0,0,17,68,0,0,11,0,0,0,16,6,0,0,230,703
49,rush,2,cave,こだま洞くつ,3,7,2,1,1,6,6,10,5,4,1,0,1,4,3,35,0,0,9,50,0,0,9,0,0,0,11,15,0,0,703,1411
49,rush,3,brook,しずく湖畔,5,10,3,1,1,10,11,14,6,6,0,0,0,4,3,21,0,0,10,35,0,0,6,0,0,0,10,26,0,0,1411,1149
49,rush,4,volcano,ほむら火山,8,14,4,1,1,14,14,19,20,20,0,0,0,17,16,106,0,0,37,142,0,0,7,0,0,0,50,48,0,0,1149,1862
49,rush,5,tower,星晶の塔,12,20,5,1,1,19,20,32,82,82,0,0,0,78,77,394,0,0,160,594,0,0,7,0,0,0,235,198,0,0,1862,1547
49,rush,6,snowfield,霜降り雪原,16,25,4,1,1,32,32,41,63,63,0,0,0,60,59,359,0,0,123,499,0,0,8,0,0,0,181,226,0,0,1547,2061
49,rush,7,thunder_ruins,雷鳴遺跡,21,31,5,1,1,41,41,48,56,56,0,0,0,52,51,283,0,0,108,387,0,0,8,0,0,0,155,242,0,0,2061,3869
49,rush,8,prism_sanctuary,虹晶聖域,28,42,6,1,0,48,49,0,88,86,0,2,0,80,80,329,0,0,168,649,0,0,7,0,0,0,278,543,0,0,3869,0
49,rush,9,poison_bog,毒霧の沼地,34,48,5,0,0,0,0,0,0,0,0,0,0,0,0,0,0,0,0,0,0,0,0,0,0,0,0,0,0,0,0,0
49,rush,10,machine_city,古代機械都市,39,57,6,0,0,0,0,0,0,0,0,0,0,0,0,0,0,0,0,0,0,0,0,0,0,0,0,0,0,0,0,0
49,rush,11,deep_sea_temple,深海神殿,46,66,6,0,0,0,0,0,0,0,0,0,0,0,0,0,0,0,0,0,0,0,0,0,0,0,0,0,0,0,0,0
49,rush,12,demon_gate,魔界門,54,76,7,0,0,0,0,0,0,0,0,0,0,0,0,0,0,0,0,0,0,0,0,0,0,0,0,0,0,0,0,0
49,rush,13,sky_ruins,天空遺跡,68,86,7,0,0,0,0,0,0,0,0,0,0,0,0,0,0,0,0,0,0,0,0,0,0,0,0,0,0,0,0,0
50,balanced,1,meadow,はじまり草原,1,4,2,1,1,1,3,7,7,4,2,1,3,3,2,37,1,0,11,61,9,3,16,0,0,0,9,5,0,0,230,909
50,balanced,2,cave,こだま洞くつ,3,7,2,1,1,7,7,10,4,3,1,0,3,2,1,23,2,2,8,48,2,2,13,0,0,0,11,8,0,0,1167,2711
50,balanced,3,brook,しずく湖畔,5,10,3,1,1,10,11,12,3,2,1,0,3,1,0,5,2,2,6,23,0,0,6,0,0,0,8,0,0,0,2100,3556
50,balanced,4,volcano,ほむら火山,8,14,4,1,1,12,11,17,22,21,1,0,3,10,9,76,2,2,34,138,12,2,16,0,0,0,39,52,0,0,2755,2425
50,balanced,5,tower,星晶の塔,12,20,5,1,1,17,17,22,20,18,1,1,6,8,7,43,2,2,30,115,10,3,9,0,0,0,37,56,0,0,1878,1873
50,balanced,6,snowfield,霜降り雪原,16,25,4,1,1,22,22,31,32,32,0,0,6,15,14,102,2,2,49,193,16,2,9,0,0,0,53,143,0,0,1452,3634
50,balanced,7,thunder_ruins,雷鳴遺跡,21,31,5,1,1,31,32,35,13,12,1,0,4,5,4,33,2,2,20,68,5,2,8,0,0,0,20,79,0,0,2815,3068
50,balanced,8,prism_sanctuary,虹晶聖域,28,42,6,1,1,35,36,58,137,131,1,5,11,64,63,348,2,2,203,792,63,4,13,0,0,0,235,763,0,0,2376,4932
50,balanced,9,poison_bog,毒霧の沼地,34,48,5,1,1,58,59,60,5,4,1,0,4,1,0,6,2,2,8,32,0,0,8,0,0,0,8,0,0,0,3821,14128
50,balanced,10,machine_city,古代機械都市,39,57,6,1,1,60,60,62,8,7,1,0,3,2,1,12,2,2,12,39,1,1,6,0,0,0,11,104,0,0,10942,16202
50,balanced,11,deep_sea_temple,深海神殿,46,66,6,1,1,62,61,88,132,129,1,2,6,63,62,384,2,2,197,766,73,3,12,0,0,0,217,1662,0,0,12548,14789
50,balanced,12,demon_gate,魔界門,54,76,7,1,1,88,90,100,75,73,0,2,11,34,33,230,2,2,111,496,46,4,12,0,0,0,136,784,0,0,11454,33453
50,balanced,13,sky_ruins,天空遺跡,68,86,7,1,0,100,100,0,167,166,1,0,3,80,80,568,0,0,247,962,96,2,10,0,0,0,249,0,0,0,25907,0
51,collector,1,meadow,はじまり草原,1,4,2,1,1,1,2,6,12,10,1,1,4,4,3,37,2,1,18,77,5,2,14,0,0,0,11,0,0,0,230,1032
51,collector,2,cave,こだま洞くつ,3,7,2,1,1,7,8,12,11,9,2,0,4,4,3,53,2,1,17,86,4,2,17,0,0,0,16,15,0,0,987,1877
51,collector,3,brook,しずく湖畔,5,10,3,1,1,12,10,14,15,13,2,0,7,5,4,54,4,3,24,109,7,2,19,0,0,0,24,15,0,0,2046,2210
51,collector,4,volcano,ほむら火山,8,14,4,1,1,15,15,19,16,14,2,0,7,5,4,37,5,4,26,131,5,2,23,0,0,0,29,32,0,0,1714,2825
51,collector,5,tower,星晶の塔,12,20,5,1,1,20,18,25,41,39,2,0,7,13,12,201,5,5,59,419,14,2,72,2,0,0,58,54,0,0,1952,3186
51,collector,6,snowfield,霜降り雪原,16,25,4,1,1,25,26,31,28,24,4,0,9,9,8,407,5,5,42,487,9,1,57,6,0,0,42,94,0,0,1683,5112
51,collector,7,thunder_ruins,雷鳴遺跡,21,31,5,1,1,31,30,33,17,14,3,0,9,5,4,140,5,5,27,211,3,1,60,2,0,0,32,60,0,0,2699,4225
51,collector,8,prism_sanctuary,虹晶聖域,28,42,6,1,1,33,34,59,149,147,0,2,6,48,47,281,5,5,202,3891,38,2,98,47,0,0,203,751,0,0,2231,10387
51,collector,9,poison_bog,毒霧の沼地,34,48,5,1,1,59,60,61,5,2,3,0,9,1,0,9,5,5,11,52,0,0,9,0,0,0,17,0,0,0,5484,21262
51,collector,10,machine_city,古代機械都市,39,57,6,1,1,61,57,76,127,120,3,4,11,40,39,355,5,5,172,1428,33,3,121,7,0,0,146,1064,1,0,11223,9289
51,collector,11,deep_sea_temple,深海神殿,46,66,6,1,1,76,76,88,86,75,3,8,16,25,24,5183,5,5,116,7361,20,2,319,34,0,0,127,799,0,0,4904,11205
51,collector,12,demon_gate,魔界門,54,76,7,1,1,88,89,98,85,75,1,9,18,24,23,7155,5,5,114,18033,53,2,383,90,0,0,162,1061,0,0,5915,15530
51,collector,13,sky_ruins,天空遺跡,68,86,7,1,0,98,99,0,133,119,3,11,14,39,39,15457,0,0,172,18118,19,2,398,67,0,0,161,118,0,0,8197,0
52,rush,1,meadow,はじまり草原,1,4,2,1,1,1,2,5,3,1,2,0,2,2,1,23,0,0,5,33,0,0,12,0,0,0,5,3,0,0,230,925
52,rush,2,cave,こだま洞くつ,3,7,2,1,1,5,6,10,6,6,0,0,0,5,4,36,0,0,11,52,0,0,9,0,0,0,13,21,0,0,925,672
52,rush,3,brook,しずく湖畔,5,10,3,1,1,10,11,13,4,4,0,0,0,2,1,10,0,0,6,15,0,0,6,0,0,0,4,10,0,0,672,2160
52,rush,4,volcano,ほむら火山,8,14,4,1,1,13,14,23,53,52,0,1,0,49,48,252,0,0,102,412,0,0,6,0,0,0,165,99,0,0,2160,994
52,rush,5,tower,星晶の塔,12,20,5,1,0,23,24,0,85,85,0,0,0,80,80,349,0,0,165,547,0,0,7,0,0,0,242,197,0,0,994,0
52,rush,6,snowfield,霜降り雪原,16,25,4,0,0,0,0,0,0,0,0,0,0,0,0,0,0,0,0,0,0,0,0,0,0,0,0,0,0,0,0,0
52,rush,7,thunder_ruins,雷鳴遺跡,21,31,5,0,0,0,0,0,0,0,0,0,0,0,0,0,0,0,0,0,0,0,0,0,0,0,0,0,0,0,0,0
52,rush,8,prism_sanctuary,虹晶聖域,28,42,6,0,0,0,0,0,0,0,0,0,0,0,0,0,0,0,0,0,0,0,0,0,0,0,0,0,0,0,0,0
52,rush,9,poison_bog,毒霧の沼地,34,48,5,0,0,0,0,0,0,0,0,0,0,0,0,0,0,0,0,0,0,0,0,0,0,0,0,0,0,0,0,0
52,rush,10,machine_city,古代機械都市,39,57,6,0,0,0,0,0,0,0,0,0,0,0,0,0,0,0,0,0,0,0,0,0,0,0,0,0,0,0,0,0
52,rush,11,deep_sea_temple,深海神殿,46,66,6,0,0,0,0,0,0,0,0,0,0,0,0,0,0,0,0,0,0,0,0,0,0,0,0,0,0,0,0,0
52,rush,12,demon_gate,魔界門,54,76,7,0,0,0,0,0,0,0,0,0,0,0,0,0,0,0,0,0,0,0,0,0,0,0,0,0,0,0,0,0
52,rush,13,sky_ruins,天空遺跡,68,86,7,0,0,0,0,0,0,0,0,0,0,0,0,0,0,0,0,0,0,0,0,0,0,0,0,0,0,0,0,0
53,balanced,1,meadow,はじまり草原,1,4,2,1,1,1,2,7,6,5,1,0,3,3,2,24,2,0,11,65,5,2,14,0,0,0,7,6,0,0,230,875
53,balanced,2,cave,こだま洞くつ,3,7,2,1,1,8,8,10,4,3,1,0,3,2,1,26,2,2,8,58,6,4,14,0,0,0,12,9,0,0,1651,2224
53,balanced,3,brook,しずく湖畔,5,10,3,1,1,10,11,14,7,6,1,0,3,3,2,21,2,2,12,47,1,1,9,0,0,0,14,31,0,0,1724,1347
53,balanced,4,volcano,ほむら火山,8,14,4,1,1,14,15,19,22,21,1,0,3,10,9,63,2,2,34,116,12,2,10,0,0,0,36,41,0,0,1044,1504
53,balanced,5,tower,星晶の塔,12,20,5,1,1,19,19,24,27,24,1,2,7,11,10,54,2,2,40,137,8,1,9,0,0,0,45,60,0,0,1166,3413
53,balanced,6,snowfield,霜降り雪原,16,25,4,1,1,24,25,31,26,26,0,0,6,12,11,78,2,2,40,145,14,2,8,0,0,0,42,137,0,0,2644,2463
53,balanced,7,thunder_ruins,雷鳴遺跡,21,31,5,1,1,31,32,35,13,13,0,0,6,5,4,29,2,2,20,65,6,2,8,0,0,0,21,71,0,0,1908,3166
53,balanced,8,prism_sanctuary,虹晶聖域,28,42,6,1,1,35,36,56,117,114,0,3,7,55,54,244,2,2,174,597,44,4,8,0,0,0,207,673,0,0,2453,7123
53,balanced,9,poison_bog,毒霧の沼地,34,48,5,1,1,56,57,59,9,8,1,0,3,3,2,18,2,2,14,48,2,1,6,0,0,0,14,117,0,0,5517,5878
53,balanced,10,machine_city,古代機械都市,39,57,6,1,1,59,58,67,48,47,1,0,3,22,21,137,2,2,72,249,27,2,8,0,0,0,72,536,0,0,4553,11946
53,balanced,11,deep_sea_temple,深海神殿,46,66,6,1,1,67,65,79,63,61,1,1,3,29,28,187,2,2,94,365,56,2,8,0,0,0,100,827,0,0,9252,17226
53,balanced,12,demon_gate,魔界門,54,76,7,1,1,79,81,88,23,22,1,0,4,9,8,58,2,2,34,132,7,2,7,0,0,0,36,555,0,0,13340,14108
53,balanced,13,sky_ruins,天空遺跡,68,86,7,1,1,88,79,88,27,26,1,0,7,11,10,70,2,2,40,158,7,1,8,0,0,0,46,604,0,0,10927,20061
54,collector,1,meadow,はじまり草原,1,4,2,1,1,1,3,6,8,7,1,0,2,3,2,29,1,0,12,50,5,5,17,0,1,0,5,1,0,0,230,1164
54,collector,2,cave,こだま洞くつ,3,7,2,1,1,7,7,12,11,10,1,0,2,4,3,57,1,0,16,82,5,1,22,0,0,0,12,18,0,0,1242,1859
54,collector,3,brook,しずく湖畔,5,10,3,1,1,11,13,15,9,8,1,0,4,3,2,15,2,1,14,44,1,1,7,0,0,0,12,18,0,0,2233,1632
54,collector,4,volcano,ほむら火山,8,14,4,1,1,13,12,14,4,2,2,0,9,1,0,15,5,5,10,69,1,1,15,0,0,0,13,0,0,0,1644,3852
54,collector,5,tower,星晶の塔,12,20,5,1,1,14,15,21,20,18,2,0,9,6,5,33,5,5,31,127,6,2,12,0,0,0,33,50,0,0,2034,2242
54,collector,6,snowfield,霜降り雪原,16,25,4,1,1,21,21,27,20,17,2,1,9,6,5,85,5,5,31,226,6,1,29,0,0,0,39,76,0,0,1185,2889
54,collector,7,thunder_ruins,雷鳴遺跡,21,31,5,1,1,27,28,31,11,9,2,0,10,3,2,25,5,5,19,86,3,2,10,0,0,0,23,39,0,0,1526,6380
54,collector,8,prism_sanctuary,虹晶聖域,28,42,6,1,1,31,38,49,63,61,2,0,10,20,19,122,5,5,88,318,20,3,10,0,0,0,83,322,0,0,3369,5721
54,collector,9,poison_bog,毒霧の沼地,34,48,5,1,1,49,49,51,11,8,3,0,9,3,2,20,5,5,19,85,3,1,10,0,0,0,23,63,0,0,3021,11450
54,collector,10,machine_city,古代機械都市,39,57,6,1,1,51,52,58,27,23,4,0,11,8,7,60,5,5,40,159,6,1,11,0,0,0,40,290,0,0,6043,15151
54,collector,11,deep_sea_temple,深海神殿,46,66,6,1,1,58,54,87,160,147,3,10,17,49,48,3769,5,5,214,5957,34,2,277,36,0,0,223,1664,0,0,7997,11057
54,collector,12,demon_gate,魔界門,54,76,7,1,1,87,88,100,224,218,2,4,16,72,71,21746,5,5,301,32966,88,2,323,133,0,0,287,821,0,0,5838,37586
54,collector,13,sky_ruins,天空遺跡,68,86,7,1,0,100,100,0,155,152,2,1,4,50,50,16110,0,0,205,18541,16,2,323,74,0,0,163,0,0,0,19837,0
55,rush,1,meadow,はじまり草原,1,4,2,1,1,1,3,7,10,10,0,0,0,9,8,42,0,0,19,65,0,0,7,0,0,0,8,8,0,0,230,669
55,rush,2,cave,こだま洞くつ,3,7,2,1,1,7,8,13,29,21,1,7,8,21,20,104,0,0,50,177,0,0,6,0,0,0,48,22,0,0,669,1438
55,rush,3,brook,しずく湖畔,5,10,3,1,1,13,13,18,19,19,0,0,3,17,16,71,0,0,36,108,0,0,5,0,0,0,34,44,0,0,1438,1151
55,rush,4,volcano,ほむら火山,8,14,4,1,1,18,18,21,18,17,1,0,1,15,14,78,0,0,33,124,0,0,7,0,0,0,45,46,0,0,1151,978
55,rush,5,tower,星晶の塔,12,20,5,1,0,21,22,0,87,85,0,2,0,80,80,356,0,0,167,597,0,0,7,0,0,0,275,177,0,0,978,0
55,rush,6,snowfield,霜降り雪原,16,25,4,0,0,0,0,0,0,0,0,0,0,0,0,0,0,0,0,0,0,0,0,0,0,0,0,0,0,0,0,0
55,rush,7,thunder_ruins,雷鳴遺跡,21,31,5,0,0,0,0,0,0,0,0,0,0,0,0,0,0,0,0,0,0,0,0,0,0,0,0,0,0,0,0,0
55,rush,8,prism_sanctuary,虹晶聖域,28,42,6,0,0,0,0,0,0,0,0,0,0,0,0,0,0,0,0,0,0,0,0,0,0,0,0,0,0,0,0,0
55,rush,9,poison_bog,毒霧の沼地,34,48,5,0,0,0,0,0,0,0,0,0,0,0,0,0,0,0,0,0,0,0,0,0,0,0,0,0,0,0,0,0
55,rush,10,machine_city,古代機械都市,39,57,6,0,0,0,0,0,0,0,0,0,0,0,0,0,0,0,0,0,0,0,0,0,0,0,0,0,0,0,0,0
55,rush,11,deep_sea_temple,深海神殿,46,66,6,0,0,0,0,0,0,0,0,0,0,0,0,0,0,0,0,0,0,0,0,0,0,0,0,0,0,0,0,0
55,rush,12,demon_gate,魔界門,54,76,7,0,0,0,0,0,0,0,0,0,0,0,0,0,0,0,0,0,0,0,0,0,0,0,0,0,0,0,0,0
55,rush,13,sky_ruins,天空遺跡,68,86,7,0,0,0,0,0,0,0,0,0,0,0,0,0,0,0,0,0,0,0,0,0,0,0,0,0,0,0,0,0
56,balanced,1,meadow,はじまり草原,1,4,2,1,1,1,2,7,6,5,1,0,2,3,2,24,1,0,10,43,5,2,9,0,0,0,5,6,0,0,230,868
56,balanced,2,cave,こだま洞くつ,3,7,2,1,1,7,7,11,6,6,0,0,3,3,2,60,1,0,10,101,5,2,28,0,0,0,5,16,0,0,946,2337
56,balanced,3,brook,しずく湖畔,5,10,3,1,1,12,12,14,5,5,0,0,4,2,1,12,2,2,9,37,1,1,7,0,0,0,7,13,0,0,2651,2540
56,balanced,4,volcano,ほむら火山,8,14,4,1,1,14,14,18,8,8,0,0,6,3,2,19,2,2,13,53,5,2,8,0,0,0,10,40,0,0,1968,1230
56,balanced,5,tower,星晶の塔,12,20,5,1,1,18,15,22,24,22,1,1,4,10,9,42,2,2,36,100,4,1,6,0,0,0,25,61,0,0,954,3023
56,balanced,6,snowfield,霜降り雪原,16,25,4,1,1,22,23,26,8,7,1,0,3,3,2,63,2,2,13,90,0,0,26,0,0,0,13,70,0,0,2342,3660
56,balanced,7,thunder_ruins,雷鳴遺跡,21,31,5,1,1,26,30,34,22,20,1,1,6,9,8,212,2,2,33,282,2,1,67,1,0,0,37,98,0,0,2835,3080
56,balanced,8,prism_sanctuary,虹晶聖域,28,42,6,1,1,34,36,50,74,72,0,2,10,34,33,210,2,2,110,422,1,1,21,0,0,0,121,433,0,0,2386,7009
56,balanced,9,poison_bog,毒霧の沼地,34,48,5,1,1,50,48,50,9,8,1,0,3,3,2,25,2,2,14,51,0,0,11,0,0,0,15,121,0,0,5428,5872
56,balanced,10,machine_city,古代機械都市,39,57,6,1,1,50,51,61,44,43,1,0,3,20,19,247,2,2,66,328,6,1,21,0,0,0,64,493,0,0,4548,12132
56,balanced,11,deep_sea_temple,深海神殿,46,66,6,1,1,61,62,86,118,112,0,6,14,54,53,1990,2,2,174,2364,30,1,186,13,0,0,196,1374,0,0,9396,17125
56,balanced,12,demon_gate,魔界門,54,76,7,1,1,86,87,100,57,56,1,0,5,26,25,3740,2,2,85,4194,45,2,152,28,0,0,95,1017,0,0,13262,17140
56,balanced,13,sky_ruins,天空遺跡,68,86,7,1,0,100,100,0,167,166,1,0,3,80,80,12446,0,0,247,12996,76,2,158,81,0,0,247,0,0,0,13274,0
57,collector,1,meadow,はじまり草原,1,4,2,1,1,1,2,6,12,9,2,1,4,4,3,54,1,0,17,92,9,3,18,0,0,0,13,0,0,0,230,1029
57,collector,2,cave,こだま洞くつ,3,7,2,1,1,6,6,10,8,7,1,0,2,3,2,38,1,0,12,71,7,4,18,0,0,0,4,8,0,0,1287,2695
57,collector,3,brook,しずく湖畔,5,10,3,1,1,10,10,14,15,13,2,0,8,5,4,36,5,5,25,96,3,1,10,0,0,0,29,26,0,0,3089,1322
57,collector,4,volcano,ほむら火山,8,14,4,1,1,14,13,15,9,5,2,2,10,2,1,16,5,5,16,85,4,2,10,0,0,0,28,10,0,0,699,2494
57,collector,5,tower,星晶の塔,12,20,5,1,1,15,16,22,39,37,1,1,8,12,11,65,5,5,56,347,6,2,17,0,0,0,65,51,0,0,1318,3475
57,collector,6,snowfield,霜降り雪原,16,25,4,1,1,22,23,33,49,47,2,0,7,16,15,459,5,5,70,636,8,1,49,0,0,0,63,142,0,0,1835,2963
57,collector,7,thunder_ruins,雷鳴遺跡,21,31,5,1,1,33,33,35,8,5,3,0,3,2,1,8,0,0,10,26,2,2,5,0,0,0,4,30,1,0,1566,3700
57,collector,8,prism_sanctuary,虹晶聖域,28,42,6,1,1,35,34,59,626,164,1,461,454,54,53,609,5,5,685,4933,64,2,47,0,0,0,1133,757,0,0,3700,7805
57,collector,9,poison_bog,毒霧の沼地,34,48,5,1,1,59,60,61,11,8,3,0,9,3,2,27,5,5,19,93,3,1,11,0,0,0,24,129,0,0,4121,6738
57,collector,10,machine_city,古代機械都市,39,57,6,1,0,61,61,0,72,54,4,14,15,18,18,131,0,0,90,667,29,2,51,3,0,0,97,427,1,0,3557,0
57,collector,11,deep_sea_temple,深海神殿,46,66,6,0,0,0,0,0,0,0,0,0,0,0,0,0,0,0,0,0,0,0,0,0,0,0,0,0,0,0,0,0
57,collector,12,demon_gate,魔界門,54,76,7,0,0,0,0,0,0,0,0,0,0,0,0,0,0,0,0,0,0,0,0,0,0,0,0,0,0,0,0,0
57,collector,13,sky_ruins,天空遺跡,68,86,7,0,0,0,0,0,0,0,0,0,0,0,0,0,0,0,0,0,0,0,0,0,0,0,0,0,0,0,0,0
58,rush,1,meadow,はじまり草原,1,4,2,1,1,1,2,7,8,5,1,2,4,5,4,33,0,0,13,53,0,0,8,0,0,0,11,9,0,0,230,597
58,rush,2,cave,こだま洞くつ,3,7,2,1,1,7,7,12,9,8,1,0,1,8,7,56,0,0,17,79,0,0,8,0,0,0,23,30,0,0,597,677
58,rush,3,brook,しずく湖畔,5,10,3,1,1,12,12,15,13,13,0,0,0,11,10,62,0,0,24,89,0,0,7,0,0,0,32,16,0,0,677,1328
58,rush,4,volcano,ほむら火山,8,14,4,1,1,15,16,24,56,56,0,0,0,53,52,266,0,0,109,412,0,0,6,0,0,0,165,103,0,0,1328,975
58,rush,5,tower,星晶の塔,12,20,5,1,0,24,24,0,85,85,0,0,0,80,80,351,0,0,165,559,0,0,7,0,0,0,260,181,0,0,975,0
58,rush,6,snowfield,霜降り雪原,16,25,4,0,0,0,0,0,0,0,0,0,0,0,0,0,0,0,0,0,0,0,0,0,0,0,0,0,0,0,0,0
58,rush,7,thunder_ruins,雷鳴遺跡,21,31,5,0,0,0,0,0,0,0,0,0,0,0,0,0,0,0,0,0,0,0,0,0,0,0,0,0,0,0,0,0
58,rush,8,prism_sanctuary,虹晶聖域,28,42,6,0,0,0,0,0,0,0,0,0,0,0,0,0,0,0,0,0,0,0,0,0,0,0,0,0,0,0,0,0
58,rush,9,poison_bog,毒霧の沼地,34,48,5,0,0,0,0,0,0,0,0,0,0,0,0,0,0,0,0,0,0,0,0,0,0,0,0,0,0,0,0,0
58,rush,10,machine_city,古代機械都市,39,57,6,0,0,0,0,0,0,0,0,0,0,0,0,0,0,0,0,0,0,0,0,0,0,0,0,0,0,0,0,0
58,rush,11,deep_sea_temple,深海神殿,46,66,6,0,0,0,0,0,0,0,0,0,0,0,0,0,0,0,0,0,0,0,0,0,0,0,0,0,0,0,0,0
58,rush,12,demon_gate,魔界門,54,76,7,0,0,0,0,0,0,0,0,0,0,0,0,0,0,0,0,0,0,0,0,0,0,0,0,0,0,0,0,0
58,rush,13,sky_ruins,天空遺跡,68,86,7,0,0,0,0,0,0,0,0,0,0,0,0,0,0,0,0,0,0,0,0,0,0,0,0,0,0,0,0,0
59,balanced,1,meadow,はじまり草原,1,4,2,1,1,1,2,6,8,4,2,2,5,3,2,34,1,0,12,61,3,1,14,0,0,0,11,5,0,0,230,869
59,balanced,2,cave,こだま洞くつ,3,7,2,1,1,7,7,11,6,5,1,0,3,3,2,38,2,0,11,73,3,2,21,0,0,0,6,16,0,0,2067,2463
59,balanced,3,brook,しずく湖畔,5,10,3,1,1,12,12,15,7,6,1,0,3,3,2,24,2,2,12,48,5,4,11,0,0,0,9,26,0,0,2991,1868
59,balanced,4,volcano,ほむら火山,8,14,4,1,1,15,12,15,8,7,1,0,3,3,2,17,2,2,13,44,5,2,7,0,0,0,9,21,0,0,1447,3156
59,balanced,5,tower,星晶の塔,12,20,5,1,1,15,16,23,27,27,0,0,7,12,11,53,2,2,41,140,11,2,8,0,0,0,30,89,0,0,2445,1792
59,balanced,6,snowfield,霜降り雪原,16,25,4,1,1,23,23,37,74,73,1,0,3,36,35,317,2,2,112,492,15,2,20,0,0,0,112,260,0,0,1388,2433
59,balanced,7,thunder_ruins,雷鳴遺跡,21,31,5,1,1,37,37,43,33,32,1,0,3,15,14,135,2,2,50,185,7,2,19,0,0,0,49,142,0,0,1885,5213
59,balanced,8,prism_sanctuary,虹晶聖域,28,42,6,1,1,43,43,63,136,135,1,0,4,66,65,319,2,2,204,849,12,1,33,0,0,0,238,843,0,0,4038,4928
59,balanced,9,poison_bog,毒霧の沼地,34,48,5,1,1,63,63,66,19,18,1,0,3,8,7,68,2,2,29,118,0,0,17,0,0,0,29,216,0,0,3817,10635
59,balanced,10,machine_city,古代機械都市,39,57,6,1,1,66,67,79,86,85,1,0,5,41,40,254,2,2,129,457,20,2,13,0,0,0,132,868,0,0,8236,14382
59,balanced,11,deep_sea_temple,深海神殿,46,66,6,1,1,79,79,100,132,131,1,0,3,64,63,2343,2,2,198,2677,11,1,67,35,0,0,203,1743,0,0,11139,9847
59,balanced,12,demon_gate,魔界門,54,76,7,1,1,100,100,100,45,44,1,0,3,20,19,883,2,2,67,1026,0,0,76,11,0,0,70,0,0,0,7627,29364
59,balanced,13,sky_ruins,天空遺跡,68,86,7,1,0,100,100,0,84,80,1,3,7,38,38,3048,0,0,122,3284,0,0,82,38,0,0,130,0,0,0,22741,0
60,collector,1,meadow,はじまり草原,1,4,2,1,1,1,2,6,8,7,1,0,2,3,2,31,1,0,12,61,5,4,18,0,0,0,6,1,0,0,230,1119
60,collector,2,cave,こだま洞くつ,3,7,2,1,1,6,6,10,5,4,1,0,2,2,1,24,1,0,8,65,1,1,15,0,0,0,2,3,0,0,1197,3420
60,collector,3,brook,しずく湖畔,5,10,3,1,1,10,10,14,12,11,1,0,8,4,3,30,5,5,21,98,1,1,10,0,0,0,25,18,0,0,3554,2418
60,collector,4,volcano,ほむら火山,8,14,4,1,1,14,14,15,4,2,2,0,8,1,0,5,5,5,10,58,0,0,14,0,0,0,20,0,0,0,1278,2692
60,collector,5,tower,星晶の塔,12,20,5,1,1,15,13,22,35,34,1,0,8,11,10,70,5,5,51,172,3,2,12,0,0,0,51,55,0,0,1422,3861
60,collector,6,snowfield,霜降り雪原,16,25,4,1,1,22,23,32,46,43,3,0,8,15,14,392,5,5,66,536,16,2,44,0,0,0,60,142,0,0,2040,2893
60,collector,7,thunder_ruins,雷鳴遺跡,21,31,5,1,1,32,32,33,5,3,2,0,10,1,0,4,5,5,11,43,0,0,6,0,0,0,16,0,0,0,1529,4314
60,collector,8,prism_sanctuary,虹晶聖域,28,42,6,1,0,33,0,0,821,0,1,820,671,0,0,0,0,0,821,6035,133,2,28,0,0,0,1642,0,1,0,2279,0
60,collector,9,poison_bog,毒霧の沼地,34,48,5,0,0,0,0,0,0,0,0,0,0,0,0,0,0,0,0,0,0,0,0,0,0,0,0,0,0,0,0,0
60,collector,10,machine_city,古代機械都市,39,57,6,0,0,0,0,0,0,0,0,0,0,0,0,0,0,0,0,0,0,0,0,0,0,0,0,0,0,0,0,0
60,collector,11,deep_sea_temple,深海神殿,46,66,6,0,0,0,0,0,0,0,0,0,0,0,0,0,0,0,0,0,0,0,0,0,0,0,0,0,0,0,0,0
60,collector,12,demon_gate,魔界門,54,76,7,0,0,0,0,0,0,0,0,0,0,0,0,0,0,0,0,0,0,0,0,0,0,0,0,0,0,0,0,0
60,collector,13,sky_ruins,天空遺跡,68,86,7,0,0,0,0,0,0,0,0,0,0,0,0,0,0,0,0,0,0,0,0,0,0,0,0,0,0,0,0,0
61,rush,1,meadow,はじまり草原,1,4,2,1,1,1,2,7,5,4,1,0,1,4,3,28,0,0,9,45,0,0,8,0,0,0,6,8,0,0,230,711
61,rush,2,cave,こだま洞くつ,3,7,2,1,1,7,7,11,10,9,1,0,1,9,8,69,0,0,19,91,0,0,10,0,0,0,26,21,0,0,711,1400
61,rush,3,brook,しずく湖畔,5,10,3,1,1,11,12,14,4,4,0,0,0,2,1,13,0,0,6,23,0,0,7,0,0,0,5,21,0,0,1400,1135
61,rush,4,volcano,ほむら火山,8,14,4,1,1,14,14,21,37,36,0,1,0,33,32,170,0,0,70,287,0,0,7,0,0,0,107,69,0,0,1135,1006
61,rush,5,tower,星晶の塔,12,20,5,1,0,21,22,0,85,85,0,0,0,80,80,340,0,0,165,563,0,0,7,0,0,0,262,196,0,0,1006,0
61,rush,6,snowfield,霜降り雪原,16,25,4,0,0,0,0,0,0,0,0,0,0,0,0,0,0,0,0,0,0,0,0,0,0,0,0,0,0,0,0,0
61,rush,7,thunder_ruins,雷鳴遺跡,21,31,5,0,0,0,0,0,0,0,0,0,0,0,0,0,0,0,0,0,0,0,0,0,0,0,0,0,0,0,0,0
61,rush,8,prism_sanctuary,虹晶聖域,28,42,6,0,0,0,0,0,0,0,0,0,0,0,0,0,0,0,0,0,0,0,0,0,0,0,0,0,0,0,0,0
61,rush,9,poison_bog,毒霧の沼地,34,48,5,0,0,0,0,0,0,0,0,0,0,0,0,0,0,0,0,0,0,0,0,0,0,0,0,0,0,0,0,0
61,rush,10,machine_city,古代機械都市,39,57,6,0,0,0,0,0,0,0,0,0,0,0,0,0,0,0,0,0,0,0,0,0,0,0,0,0,0,0,0,0
61,rush,11,deep_sea_temple,深海神殿,46,66,6,0,0,0,0,0,0,0,0,0,0,0,0,0,0,0,0,0,0,0,0,0,0,0,0,0,0,0,0,0
61,rush,12,demon_gate,魔界門,54,76,7,0,0,0,0,0,0,0,0,0,0,0,0,0,0,0,0,0,0,0,0,0,0,0,0,0,0,0,0,0
61,rush,13,sky_ruins,天空遺跡,68,86,7,0,0,0,0,0,0,0,0,0,0,0,0,0,0,0,0,0,0,0,0,0,0,0,0,0,0,0,0,0
62,balanced,1,meadow,はじまり草原,1,4,2,1,1,1,3,7,8,5,1,2,5,3,2,28,2,2,13,75,12,3,13,0,0,0,12,5,0,0,230,897
62,balanced,2,cave,こだま洞くつ,3,7,2,1,1,7,7,11,10,9,1,0,3,5,4,57,2,2,17,117,5,1,22,0,0,0,21,18,0,0,696,1609
62,balanced,3,brook,しずく湖畔,5,10,3,1,1,11,12,17,25,25,0,0,5,12,11,78,2,2,39,139,9,2,8,0,0,0,41,43,0,0,1247,1408
62,balanced,4,volcano,ほむら火山,8,14,4,1,1,17,17,19,6,5,1,0,4,2,1,9,1,0,9,30,0,0,6,0,0,0,4,29,0,0,1092,1519
62,balanced,5,tower,星晶の塔,12,20,5,1,1,14,20,24,23,22,1,0,3,10,9,61,2,2,35,115,11,2,10,0,0,0,35,64,0,0,2016,2227
62,balanced,6,snowfield,霜降り雪原,16,25,4,1,1,24,25,30,14,13,1,0,3,6,5,53,2,2,22,106,2,1,18,0,0,0,22,91,0,0,1725,3632
62,balanced,7,thunder_ruins,雷鳴遺跡,21,31,5,1,1,30,27,30,13,12,1,0,3,5,4,66,2,2,20,95,3,1,24,0,0,0,19,71,0,0,2814,3532
62,balanced,8,prism_sanctuary,虹晶聖域,28,42,6,1,1,30,31,48,77,76,0,1,6,36,35,197,2,2,115,591,14,2,28,0,0,0,140,454,0,0,2736,4922
62,balanced,9,poison_bog,毒霧の沼地,34,48,5,1,1,48,49,50,5,4,1,0,6,1,0,6,2,2,8,45,1,1,8,0,0,0,11,0,0,0,3813,13166
62,balanced,10,machine_city,古代機械都市,39,57,6,1,1,50,51,57,31,29,1,1,9,13,12,82,2,2,46,177,3,1,12,0,0,0,56,413,0,0,10197,7239
62,balanced,11,deep_sea_temple,深海神殿,46,66,6,1,1,57,57,81,104,101,1,2,6,49,48,2635,2,2,155,2944,45,2,111,27,0,0,164,1255,0,0,5607,15761
62,balanced,12,demon_gate,魔界門,54,76,7,1,1,81,83,97,55,54,1,0,3,25,24,2937,2,2,82,3230,24,1,130,26,0,0,87,1036,0,0,12206,21430
62,balanced,13,sky_ruins,天空遺跡,68,86,7,1,0,97,98,0,169,166,1,2,5,80,80,11010,0,0,249,11482,0,0,138,80,0,0,253,243,0,0,16596,0
63,collector,1,meadow,はじまり草原,1,4,2,1,1,1,2,6,11,10,1,0,6,4,3,46,5,4,20,140,8,4,16,0,0,0,17,1,0,0,230,1054
63,collector,2,cave,こだま洞くつ,3,7,2,1,1,6,5,10,8,7,1,0,6,3,2,37,4,1,15,117,2,1,15,0,0,0,8,7,0,0,711,2400
63,collector,3,brook,しずく湖畔,5,10,3,1,1,11,11,16,15,12,3,0,8,5,4,31,5,5,25,95,4,1,10,0,0,0,28,26,0,0,2954,3432
63,collector,4,volcano,ほむら火山,8,14,4,1,1,16,16,17,4,1,3,0,9,1,0,13,5,5,10,70,4,4,13,0,0,0,19,0,0,0,1813,4017
63,collector,5,tower,星晶の塔,12,20,5,1,1,17,15,20,27,25,1,1,7,8,7,61,5,5,40,226,10,2,47,0,0,0,45,34,0,0,2121,2627
63,collector,6,snowfield,霜降り雪原,16,25,4,1,1,20,21,30,39,35,2,2,9,12,11,688,5,5,56,794,19,1,78,8,0,0,57,107,0,0,1388,5084
63,collector,7,thunder_ruins,雷鳴遺跡,21,31,5,1,1,30,30,31,8,6,2,0,9,2,1,66,5,5,15,131,1,1,60,1,0,0,24,26,0,0,2685,4924
63,collector,8,prism_sanctuary,虹晶聖域,28,42,6,1,1,31,32,52,98,94,2,2,10,31,30,222,5,5,134,2569,20,2,85,31,0,0,141,492,0,0,2601,10317
63,collector,9,poison_bog,毒霧の沼地,34,48,5,1,1,52,52,55,14,11,3,0,9,4,3,24,5,5,23,215,3,1,23,0,0,0,36,165,1,0,5447,13675
63,collector,10,machine_city,古代機械都市,39,57,6,1,1,55,56,63,45,40,2,3,11,13,12,98,5,5,63,1010,17,2,120,1,0,0,92,378,0,0,7218,8218
63,collector,11,deep_sea_temple,深海神殿,46,66,6,1,1,63,65,85,103,99,0,4,11,32,31,1697,5,5,140,6221,44,2,189,41,0,0,164,1109,0,0,4339,10987
63,collector,12,demon_gate,魔界門,54,76,7,1,1,85,79,80,16,8,2,6,14,2,1,388,5,5,23,1414,6,2,196,9,0,0,46,103,0,0,5800,17299
63,collector,13,sky_ruins,天空遺跡,68,86,7,1,0,80,82,0,254,245,2,7,12,80,80,28356,0,0,334,28965,67,2,367,80,0,0,273,1265,0,0,9132,0
64,rush,1,meadow,はじまり草原,1,4,2,1,1,1,2,6,6,3,1,2,3,3,2,24,0,0,9,41,0,0,10,0,0,0,7,7,0,0,230,707
64,rush,2,cave,こだま洞くつ,3,7,2,1,1,6,6,10,5,4,1,0,1,4,3,30,0,0,9,40,0,0,9,0,0,0,10,15,0,0,707,1404
64,rush,3,brook,しずく湖畔,5,10,3,1,1,10,11,14,6,6,0,0,0,4,3,23,0,0,10,32,0,0,7,0,0,0,10,27,0,0,1404,1138
64,rush,4,volcano,ほむら火山,8,14,4,1,1,14,15,18,13,13,0,0,0,10,9,57,0,0,23,81,0,0,7,0,0,0,29,40,0,0,1138,977
64,rush,5,tower,星晶の塔,12,20,5,1,1,18,19,30,63,63,0,0,0,59,58,289,0,0,122,411,0,0,7,0,0,0,175,159,0,0,977,1519
64,rush,6,snowfield,霜降り雪原,16,25,4,1,1,30,30,38,48,48,0,0,0,45,44,260,0,0,93,347,0,0,7,0,0,0,134,182,0,0,1519,2113
64,rush,7,thunder_ruins,雷鳴遺跡,21,31,5,1,1,38,38,45,47,47,0,0,0,43,42,241,0,0,90,308,0,0,7,0,0,0,128,206,0,0,2113,3861
64,rush,8,prism_sanctuary,虹晶聖域,28,42,6,1,0,45,46,0,86,86,0,0,0,80,80,347,0,0,166,583,0,0,6,0,0,0,261,564,0,0,3861,0
64,rush,9,poison_bog,毒霧の沼地,34,48,5,0,0,0,0,0,0,0,0,0,0,0,0,0,0,0,0,0,0,0,0,0,0,0,0,0,0,0,0,0
64,rush,10,machine_city,古代機械都市,39,57,6,0,0,0,0,0,0,0,0,0,0,0,0,0,0,0,0,0,0,0,0,0,0,0,0,0,0,0,0,0
64,rush,11,deep_sea_temple,深海神殿,46,66,6,0,0,0,0,0,0,0,0,0,0,0,0,0,0,0,0,0,0,0,0,0,0,0,0,0,0,0,0,0
64,rush,12,demon_gate,魔界門,54,76,7,0,0,0,0,0,0,0,0,0,0,0,0,0,0,0,0,0,0,0,0,0,0,0,0,0,0,0,0,0
64,rush,13,sky_ruins,天空遺跡,68,86,7,0,0,0,0,0,0,0,0,0,0,0,0,0,0,0,0,0,0,0,0,0,0,0,0,0,0,0,0,0
65,balanced,1,meadow,はじまり草原,1,4,2,1,1,1,2,6,16,5,1,10,10,3,2,24,1,0,20,75,6,3,11,0,0,0,16,3,0,0,230,904
65,balanced,2,cave,こだま洞くつ,3,7,2,1,1,7,7,11,6,5,1,0,3,3,2,55,2,1,11,93,12,4,31,0,0,0,12,18,0,0,982,2346
65,balanced,3,brook,しずく湖畔,5,10,3,1,1,10,12,15,7,6,1,0,3,3,2,19,2,2,12,47,1,1,8,0,0,0,13,29,0,0,2439,1511
65,balanced,4,volcano,ほむら火山,8,14,4,1,1,15,15,17,6,5,1,0,3,2,1,12,2,2,10,38,0,0,8,0,0,0,11,27,0,0,1171,1246
65,balanced,5,tower,星晶の塔,12,20,5,1,1,17,17,26,41,41,0,0,7,19,18,104,2,2,62,214,12,2,14,0,0,0,65,94,0,0,966,4300
65,balanced,6,snowfield,霜降り雪原,16,25,4,1,1,26,27,30,14,13,1,0,3,6,5,64,2,2,22,106,6,2,22,0,0,0,23,97,0,0,3330,2479
65,balanced,7,thunder_ruins,雷鳴遺跡,21,31,5,1,1,30,31,36,23,23,0,0,7,10,9,148,2,2,35,199,6,1,29,0,0,0,35,104,0,0,1921,3095
65,balanced,8,prism_sanctuary,虹晶聖域,28,42,6,1,1,36,39,55,93,91,1,1,4,44,43,264,2,2,139,755,38,2,35,0,0,0,160,550,0,0,2398,7132
65,balanced,9,poison_bog,毒霧の沼地,34,48,5,1,1,55,56,57,5,4,1,0,4,1,0,5,2,2,8,34,0,0,8,0,0,0,9,0,0,0,5524,11980
65,balanced,10,machine_city,古代機械都市,39,57,6,1,1,57,58,65,38,37,1,0,4,17,16,119,2,2,57,207,16,2,13,0,0,0,59,502,0,0,9278,12735
65,balanced,11,deep_sea_temple,深海神殿,46,66,6,1,1,65,63,87,116,115,1,0,3,56,55,1691,2,2,174,2191,47,2,61,26,0,0,194,1500,0,0,9863,16968
65,balanced,12,demon_gate,魔界門,54,76,7,1,1,87,89,100,69,65,0,4,13,30,29,1973,2,2,101,2531,57,2,69,35,0,0,129,866,0,0,13141,24163
65,balanced,13,sky_ruins,天空遺跡,68,86,7,1,0,100,100,0,167,166,1,0,1,80,80,5694,0,0,247,6077,22,1,72,80,0,0,241,0,0,0,18713,0
66,collector,1,meadow,はじまり草原,1,4,2,1,1,1,2,8,17,16,1,0,3,6,5,74,2,0,25,131,11,3,18,0,0,0,12,1,0,0,230,1395
66,collector,2,cave,こだま洞くつ,3,7,2,1,1,9,10,12,8,7,1,0,4,3,2,49,3,1,14,97,2,1,24,0,0,0,8,15,0,0,2821,2347
66,collector,3,brook,しずく湖畔,5,10,3,1,1,13,5,13,18,15,3,0,8,6,5,39,5,5,29,120,4,3,10,0,0,0,35,23,1,0,2318,2985
66,collector,4,volcano,ほむら火山,8,14,4,1,1,13,14,17,13,10,3,0,9,4,3,107,5,5,22,198,2,1,34,0,0,0,28,26,0,0,1577,1621
66,collector,5,tower,星晶の塔,12,20,5,1,1,17,17,23,38,32,3,3,11,11,10,230,5,5,54,356,7,2,85,2,0,0,56,48,0,0,858,2306
66,collector,6,snowfield,霜降り雪原,16,25,4,1,1,23,25,29,17,15,1,1,7,5,4,453,5,5,27,520,6,2,95,5,0,0,34,70,0,0,1219,5169
66,collector,7,thunder_ruins,雷鳴遺跡,21,31,5,1,1,29,29,33,23,21,2,0,8,7,6,279,5,5,35,355,6,1,93,2,0,0,37,80,0,0,2730,3699
66,collector,8,prism_sanctuary,虹晶聖域,28,42,6,1,1,33,34,54,122,110,1,11,19,36,35,348,5,5,163,3007,25,2,113,28,0,0,182,531,0,0,1955,10281
66,collector,9,poison_bog,毒霧の沼地,34,48,5,1,1,54,54,61,36,32,3,1,10,11,10,125,5,5,52,289,12,2,22,0,0,0,63,292,1,0,5428,13775
66,collector,10,machine_city,古代機械都市,39,57,6,1,1,61,61,67,39,36,3,0,9,12,11,156,5,5,56,300,12,2,27,0,0,0,64,354,0,0,7271,8045
66,collector,11,deep_sea_temple,深海神殿,46,66,6,1,1,67,66,81,74,68,4,2,11,23,22,3583,5,5,102,3792,13,2,326,23,0,0,93,856,0,0,4247,10999
66,collector,12,demon_gate,魔界門,54,76,7,1,0,81,82,0,73,66,1,6,11,21,20,6541,0,0,94,7137,28,1,400,24,0,1,83,948,0,0,5807,0
66,collector,13,sky_ruins,天空遺跡,68,86,7,0,0,0,0,0,0,0,0,0,0,0,0,0,0,0,0,0,0,0,0,0,0,0,0,0,0,0,0,0
67,rush,1,meadow,はじまり草原,1,4,2,1,1,1,2,6,13,3,1,9,7,3,2,20,0,0,16,51,0,0,9,0,0,0,14,7,0,0,230,660
67,rush,2,cave,こだま洞くつ,3,7,2,1,1,6,7,11,10,9,1,0,2,9,8,65,0,0,19,88,0,0,9,0,0,0,26,16,0,0,660,1709
67,rush,3,brook,しずく湖畔,5,10,3,1,1,11,11,13,4,4,0,0,0,2,1,10,0,0,6,17,0,0,5,0,0,0,5,21,0,0,1709,1401
67,rush,4,volcano,ほむら火山,8,14,4,1,1,13,14,22,47,47,0,0,0,44,43,207,0,0,91,353,0,0,6,0,0,0,147,83,0,0,1401,960
67,rush,5,tower,星晶の塔,12,20,5,1,0,22,23,0,85,85,0,0,0,80,80,345,0,0,165,527,0,0,7,0,0,0,260,193,0,0,960,0
67,rush,6,snowfield,霜降り雪原,16,25,4,0,0,0,0,0,0,0,0,0,0,0,0,0,0,0,0,0,0,0,0,0,0,0,0,0,0,0,0,0
67,rush,7,thunder_ruins,雷鳴遺跡,21,31,5,0,0,0,0,0,0,0,0,0,0,0,0,0,0,0,0,0,0,0,0,0,0,0,0,0,0,0,0,0
67,rush,8,prism_sanctuary,虹晶聖域,28,42,6,0,0,0,0,0,0,0,0,0,0,0,0,0,0,0,0,0,0,0,0,0,0,0,0,0,0,0,0,0
67,rush,9,poison_bog,毒霧の沼地,34,48,5,0,0,0,0,0,0,0,0,0,0,0,0,0,0,0,0,0,0,0,0,0,0,0,0,0,0,0,0,0
67,rush,10,machine_city,古代機械都市,39,57,6,0,0,0,0,0,0,0,0,0,0,0,0,0,0,0,0,0,0,0,0,0,0,0,0,0,0,0,0,0
67,rush,11,deep_sea_temple,深海神殿,46,66,6,0,0,0,0,0,0,0,0,0,0,0,0,0,0,0,0,0,0,0,0,0,0,0,0,0,0,0,0,0
67,rush,12,demon_gate,魔界門,54,76,7,0,0,0,0,0,0,0,0,0,0,0,0,0,0,0,0,0,0,0,0,0,0,0,0,0,0,0,0,0
67,rush,13,sky_ruins,天空遺跡,68,86,7,0,0,0,0,0,0,0,0,0,0,0,0,0,0,0,0,0,0,0,0,0,0,0,0,0,0,0,0,0
68,balanced,1,meadow,はじまり草原,1,4,2,1,1,1,3,6,6,4,2,0,3,3,2,32,1,0,10,50,9,4,13,0,0,0,8,5,0,0,230,907
68,balanced,2,cave,こだま洞くつ,3,7,2,1,1,7,7,11,6,6,0,0,2,3,2,37,2,2,11,67,2,1,16,0,0,0,14,17,0,0,1165,2410
68,balanced,3,brook,しずく湖畔,5,10,3,1,1,11,12,14,5,4,1,0,4,2,1,14,2,2,9,37,0,0,10,0,0,0,10,17,0,0,1867,1561
68,balanced,4,volcano,ほむら火山,8,14,4,1,1,14,14,20,26,25,1,0,3,12,11,137,2,2,40,200,6,1,22,0,0,0,39,64,0,0,1210,1533
68,balanced,5,tower,星晶の塔,12,20,5,1,1,20,19,26,39,38,1,0,4,18,17,134,2,2,59,242,7,1,12,0,0,0,62,94,0,0,1188,1854
68,balanced,6,snowfield,霜降り雪原,16,25,4,1,1,26,27,34,35,33,1,1,4,16,15,187,2,2,53,293,3,1,26,0,0,0,55,130,0,0,1437,3620
68,balanced,7,thunder_ruins,雷鳴遺跡,21,31,5,1,1,34,34,41,41,40,1,0,6,19,18,204,2,2,62,295,5,1,29,0,0,0,62,183,0,0,2804,3147
68,balanced,8,prism_sanctuary,虹晶聖域,28,42,6,1,1,41,42,58,104,101,1,2,5,49,48,328,2,2,155,719,14,2,31,0,0,0,166,591,0,0,2438,5679
68,balanced,9,poison_bog,毒霧の沼地,34,48,5,1,1,58,58,60,9,8,1,0,4,3,2,24,2,2,14,60,3,2,12,0,0,0,15,113,0,0,4399,8141
68,balanced,10,machine_city,古代機械都市,39,57,6,1,1,60,59,69,62,61,1,0,4,29,28,234,2,2,93,439,25,2,14,0,0,0,98,670,0,0,6306,8292
68,balanced,11,deep_sea_temple,深海神殿,46,66,6,1,1,69,69,85,86,85,1,0,4,41,40,1562,2,2,129,1864,42,2,63,24,0,0,134,1078,0,0,6422,16000
68,balanced,12,demon_gate,魔界門,54,76,7,1,1,85,86,100,86,84,1,1,5,40,39,2778,2,2,128,3613,79,2,74,48,0,0,157,1052,0,0,12391,33847
68,balanced,13,sky_ruins,天空遺跡,68,86,7,1,0,100,100,0,160,159,1,0,1,77,77,17614,0,0,237,18046,78,2,257,77,0,0,233,0,0,0,26212,0
69,collector,1,meadow,はじまり草原,1,4,2,1,1,1,3,8,18,17,0,1,1,6,5,39,1,0,25,85,8,3,12,0,0,0,6,0,0,0,230,1381
69,collector,2,cave,こだま洞くつ,3,7,2,1,1,8,4,9,11,9,2,0,5,4,3,57,3,1,18,127,9,3,21,0,0,0,10,8,0,0,2429,2344
69,collector,3,brook,しずく湖畔,5,10,3,1,1,10,10,13,9,7,2,0,7,3,2,17,5,5,17,68,3,2,8,0,0,0,23,9,0,0,2571,3100
69,collector,4,volcano,ほむら火山,8,14,4,1,1,13,11,15,10,7,3,0,8,3,2,23,5,5,18,79,2,1,14,0,0,0,23,19,0,0,1637,3132
69,collector,5,tower,星晶の塔,12,20,5,1,1,15,16,21,32,28,1,3,11,9,8,70,5,5,46,291,9,2,22,0,0,0,58,41,0,0,1655,2246
69,collector,6,snowfield,霜降り雪原,16,25,4,1,1,21,22,32,49,47,2,0,7,16,15,498,5,5,70,676,15,2,51,2,0,0,62,136,0,0,1188,2852
69,collector,7,thunder_ruins,雷鳴遺跡,21,31,5,1,1,32,32,34,8,7,1,0,7,2,1,33,5,5,15,81,0,0,29,0,0,0,20,22,0,0,1506,5831
69,collector,8,prism_sanctuary,虹晶聖域,28,42,6,1,1,34,35,48,65,61,2,2,11,20,19,124,5,5,90,853,18,3,37,0,0,0,103,329,0,0,3079,5589
69,collector,9,poison_bog,毒霧の沼地,34,48,5,1,1,48,49,50,5,3,2,0,10,1,0,9,5,5,11,66,2,2,9,0,0,0,20,0,0,0,2951,17196
69,collector,10,machine_city,古代機械都市,39,57,6,1,1,50,50,54,19,15,3,1,10,5,4,26,5,5,29,103,0,0,9,0,0,0,34,186,0,0,9077,15176
69,collector,11,deep_sea_temple,深海神殿,46,66,6,1,1,54,55,87,155,150,0,5,15,49,48,872,5,5,209,3261,74,2,61,32,0,0,235,1734,0,0,8010,10935
69,collector,12,demon_gate,魔界門,54,76,7,1,1,87,88,96,36,32,2,2,11,10,9,636,5,5,51,2512,43,2,65,40,0,0,86,503,0,0,5772,16754
69,collector,13,sky_ruins,天空遺跡,68,86,7,1,1,96,96,100,95,94,0,1,13,30,29,2154,5,5,130,2485,44,2,76,31,0,0,115,360,0,0,8843,46673
70,rush,1,meadow,はじまり草原,1,4,2,1,1,1,3,6,14,2,1,11,8,2,1,15,0,0,16,58,0,0,10,0,0,0,15,5,0,0,230,679
70,rush,2,cave,こだま洞くつ,3,7,2,1,1,6,6,12,15,15,0,0,2,14,13,77,0,0,29,109,0,0,7,0,0,0,27,26,0,0,679,1277
70,rush,3,brook,しずく湖畔,5,10,3,1,1,12,12,14,4,3,1,0,1,2,1,12,0,0,6,20,0,0,7,0,0,0,4,18,0,0,1277,1364
70,rush,4,volcano,ほむら火山,8,14,4,1,1,14,15,21,31,31,0,0,0,28,27,147,0,0,59,214,0,0,6,0,0,0,85,76,0,0,1364,981
70,rush,5,tower,星晶の塔,12,20,5,1,1,21,22,32,79,78,0,1,0,74,73,337,0,0,153,552,0,0,9,0,0,0,236,170,0,0,981,1532
70,rush,6,snowfield,霜降り雪原,16,25,4,1,1,32,33,41,64,64,0,0,0,61,60,366,0,0,125,511,0,0,8,0,0,0,183,226,0,0,1532,2077
70,rush,7,thunder_ruins,雷鳴遺跡,21,31,5,1,0,41,42,0,85,85,0,0,0,80,80,428,0,0,165,606,0,0,7,0,0,0,240,347,0,0,2077,0
70,rush,8,prism_sanctuary,虹晶聖域,28,42,6,0,0,0,0,0,0,0,0,0,0,0,0,0,0,0,0,0,0,0,0,0,0,0,0,0,0,0,0,0
70,rush,9,poison_bog,毒霧の沼地,34,48,5,0,0,0,0,0,0,0,0,0,0,0,0,0,0,0,0,0,0,0,0,0,0,0,0,0,0,0,0,0
70,rush,10,machine_city,古代機械都市,39,57,6,0,0,0,0,0,0,0,0,0,0,0,0,0,0,0,0,0,0,0,0,0,0,0,0,0,0,0,0,0
70,rush,11,deep_sea_temple,深海神殿,46,66,6,0,0,0,0,0,0,0,0,0,0,0,0,0,0,0,0,0,0,0,0,0,0,0,0,0,0,0,0,0
70,rush,12,demon_gate,魔界門,54,76,7,0,0,0,0,0,0,0,0,0,0,0,0,0,0,0,0,0,0,0,0,0,0,0,0,0,0,0,0,0
70,rush,13,sky_ruins,天空遺跡,68,86,7,0,0,0,0,0,0,0,0,0,0,0,0,0,0,0,0,0,0,0,0,0,0,0,0,0,0,0,0,0
71,balanced,1,meadow,はじまり草原,1,4,2,1,1,1,3,6,11,4,2,5,8,3,2,32,1,0,15,72,5,1,12,0,0,0,13,4,0,0,230,883
71,balanced,2,cave,こだま洞くつ,3,7,2,1,1,7,8,11,6,6,0,0,2,3,2,43,2,2,11,87,5,3,22,0,0,0,8,16,0,0,1381,2664
71,balanced,3,brook,しずく湖畔,5,10,3,1,1,11,10,14,9,8,1,0,2,4,3,36,1,0,14,61,2,2,15,0,0,0,8,26,0,0,2064,1164
71,balanced,4,volcano,ほむら火山,8,14,4,1,1,12,12,15,6,6,0,0,6,2,1,7,2,2,10,31,0,0,6,0,0,0,7,16,0,0,1631,2370
71,balanced,5,tower,星晶の塔,12,20,5,1,1,15,14,20,15,14,1,0,3,6,5,33,2,2,23,73,0,0,11,0,0,0,14,57,0,0,1836,3057
71,balanced,6,snowfield,霜降り雪原,16,25,4,1,1,20,21,28,24,23,1,0,5,11,10,160,2,2,37,249,1,1,23,0,0,0,39,124,0,0,2369,2530
71,balanced,7,thunder_ruins,雷鳴遺跡,21,31,5,1,1,28,28,36,41,40,1,0,4,19,18,159,2,2,62,241,1,1,29,0,0,0,64,169,0,0,1960,3119
71,balanced,8,prism_sanctuary,虹晶聖域,28,42,6,1,0,36,37,0,197,166,0,31,31,80,80,469,0,0,277,1255,1,1,34,0,0,0,357,946,0,0,2416,0
71,balanced,9,poison_bog,毒霧の沼地,34,48,5,0,0,0,0,0,0,0,0,0,0,0,0,0,0,0,0,0,0,0,0,0,0,0,0,0,0,0,0,0
71,balanced,10,machine_city,古代機械都市,39,57,6,0,0,0,0,0,0,0,0,0,0,0,0,0,0,0,0,0,0,0,0,0,0,0,0,0,0,0,0,0
71,balanced,11,deep_sea_temple,深海神殿,46,66,6,0,0,0,0,0,0,0,0,0,0,0,0,0,0,0,0,0,0,0,0,0,0,0,0,0,0,0,0,0
71,balanced,12,demon_gate,魔界門,54,76,7,0,0,0,0,0,0,0,0,0,0,0,0,0,0,0,0,0,0,0,0,0,0,0,0,0,0,0,0,0
71,balanced,13,sky_ruins,天空遺跡,68,86,7,0,0,0,0,0,0,0,0,0,0,0,0,0,0,0,0,0,0,0,0,0,0,0,0,0,0,0,0,0
72,collector,1,meadow,はじまり草原,1,4,2,1,1,1,3,5,7,3,2,2,4,2,1,21,1,0,10,47,5,3,13,0,0,0,8,0,0,0,230,1215
72,collector,2,cave,こだま洞くつ,3,7,2,1,1,6,6,10,8,8,0,0,4,3,2,44,3,2,14,119,8,4,26,0,0,0,8,6,0,0,1713,3140
72,collector,3,brook,しずく湖畔,5,10,3,1,1,11,7,13,18,17,1,0,7,6,5,38,5,5,29,104,4,2,13,0,0,0,20,23,0,0,2567,1340
72,collector,4,volcano,ほむら火山,8,14,4,1,1,13,14,15,7,6,1,0,9,2,1,9,5,5,14,65,7,6,13,0,1,0,14,7,0,0,710,2921
72,collector,5,tower,星晶の塔,12,20,5,1,1,15,16,24,41,40,1,0,9,13,12,70,5,5,59,183,8,1,8,0,0,0,54,56,0,0,1543,3453
72,collector,6,snowfield,霜降り雪原,16,25,4,1,1,24,25,27,7,5,2,0,8,2,1,48,5,5,14,108,2,1,26,0,0,0,20,21,0,0,1824,5095
72,collector,7,thunder_ruins,雷鳴遺跡,21,31,5,1,1,27,27,31,20,19,1,0,6,6,5,151,5,5,31,221,6,2,37,0,0,0,31,88,0,0,2691,3645
72,collector,8,prism_sanctuary,虹晶聖域,28,42,6,1,1,31,32,53,117,111,0,6,16,36,35,297,5,5,158,966,16,2,39,0,0,0,152,548,0,0,1926,7752
72,collector,9,poison_bog,毒霧の沼地,34,48,5,1,1,53,53,55,11,7,4,0,9,3,2,44,5,5,19,113,3,1,17,0,0,0,23,117,0,0,4092,7728
72,collector,10,machine_city,古代機械都市,39,57,6,1,1,55,55,67,66,63,3,0,10,21,20,88,5,5,92,293,25,2,7,0,0,0,68,557,1,0,4079,13049
72,collector,11,deep_sea_temple,深海神殿,46,66,6,1,1,67,49,82,79,73,2,4,14,24,23,1773,5,5,108,2011,26,1,96,23,0,0,93,841,0,0,6888,18122
72,collector,12,demon_gate,魔界門,54,76,7,1,1,82,72,77,21,17,2,2,11,5,4,507,5,5,31,710,4,1,119,6,0,0,36,337,0,0,9565,15492
72,collector,13,sky_ruins,天空遺跡,68,86,7,1,1,77,78,96,68,65,2,1,12,21,20,5388,5,5,94,5916,37,2,281,23,0,0,84,1216,0,0,8177,20183
73,rush,1,meadow,はじまり草原,1,4,2,1,1,1,3,8,13,10,0,3,3,9,8,41,0,0,22,76,0,0,7,0,0,0,11,10,0,0,230,650
73,rush,2,cave,こだま洞くつ,3,7,2,1,1,8,8,11,9,6,2,1,3,7,6,54,0,0,16,77,0,0,11,0,0,0,22,18,0,0,650,1258
73,rush,3,brook,しずく湖畔,5,10,3,1,1,11,12,15,13,13,0,0,0,11,10,65,0,0,24,87,0,0,8,0,0,0,32,27,0,0,1258,1188
73,rush,4,volcano,ほむら火山,8,14,4,1,1,15,15,18,12,12,0,0,0,9,8,52,0,0,21,73,0,0,7,0,0,0,26,40,0,0,1188,1272
73,rush,5,tower,星晶の塔,12,20,5,1,1,18,19,30,66,64,0,2,0,60,59,300,0,0,126,464,0,0,7,0,0,0,190,151,0,0,1272,1551
73,rush,6,snowfield,霜降り雪原,16,25,4,1,1,30,30,41,80,80,0,0,0,77,76,403,0,0,157,569,0,0,8,0,0,0,231,276,0,0,1551,2059
73,rush,7,thunder_ruins,雷鳴遺跡,21,31,5,1,1,41,42,48,49,49,0,0,0,45,44,248,0,0,94,329,0,0,8,0,0,0,134,215,0,0,2059,3888
73,rush,8,prism_sanctuary,虹晶聖域,28,42,6,1,0,48,49,0,91,86,0,5,0,80,80,350,0,0,171,643,0,0,7,0,0,0,268,533,0,0,3888,0
73,rush,9,poison_bog,毒霧の沼地,34,48,5,0,0,0,0,0,0,0,0,0,0,0,0,0,0,0,0,0,0,0,0,0,0,0,0,0,0,0,0,0
73,rush,10,machine_city,古代機械都市,39,57,6,0,0,0,0,0,0,0,0,0,0,0,0,0,0,0,0,0,0,0,0,0,0,0,0,0,0,0,0,0
73,rush,11,deep_sea_temple,深海神殿,46,66,6,0,0,0,0,0,0,0,0,0,0,0,0,0,0,0,0,0,0,0,0,0,0,0,0,0,0,0,0,0
73,rush,12,demon_gate,魔界門,54,76,7,0,0,0,0,0,0,0,0,0,0,0,0,0,0,0,0,0,0,0,0,0,0,0,0,0,0,0,0,0
73,rush,13,sky_ruins,天空遺跡,68,86,7,0,0,0,0,0,0,0,0,0,0,0,0,0,0,0,0,0,0,0,0,0,0,0,0,0,0,0,0,0
74,balanced,1,meadow,はじまり草原,1,4,2,1,1,1,2,6,6,5,1,0,2,3,2,29,1,0,10,51,7,3,13,0,0,0,6,6,0,0,230,871
74,balanced,2,cave,こだま洞くつ,3,7,2,1,1,7,7,11,6,5,1,0,4,3,2,48,2,2,11,85,7,3,19,0,0,0,9,19,0,0,949,1906
74,balanced,3,brook,しずく湖畔,5,10,3,1,1,11,10,13,7,6,1,0,4,3,2,23,2,1,12,49,0,0,10,0,0,0,8,21,0,0,1477,1175
74,balanced,4,volcano,ほむら火山,8,14,4,1,1,13,12,19,22,21,1,0,3,10,9,73,2,2,34,161,6,2,14,0,0,0,39,61,0,0,1217,1288
74,balanced,5,tower,星晶の塔,12,20,5,1,1,19,19,24,23,22,1,0,5,10,9,46,2,2,35,120,3,1,8,0,0,0,42,46,0,0,998,3417
74,balanced,6,snowfield,霜降り雪原,16,25,4,1,1,24,23,27,10,9,1,0,4,4,3,25,2,2,16,70,1,1,8,0,0,0,18,93,0,0,2647,2466
74,balanced,7,thunder_ruins,雷鳴遺跡,21,31,5,1,1,27,28,35,35,34,1,0,3,16,15,236,2,2,53,307,10,1,31,0,0,0,52,146,0,0,1911,3175
74,balanced,8,prism_sanctuary,虹晶聖域,28,42,6,1,1,35,36,54,101,95,1,5,9,46,45,316,2,2,149,771,6,1,33,0,0,0,171,564,0,0,2459,7096
74,balanced,9,poison_bog,毒霧の沼地,34,48,5,1,1,54,55,58,17,16,1,0,3,7,6,46,2,2,26,94,0,0,8,0,0,0,26,187,0,0,5496,9478
74,balanced,10,machine_city,古代機械都市,39,57,6,1,1,58,59,68,51,49,1,1,5,23,22,195,2,2,76,322,16,2,17,0,0,0,79,518,0,0,7341,12091
74,balanced,11,deep_sea_temple,深海神殿,46,66,6,1,1,68,67,85,86,85,1,0,5,41,40,1758,2,2,129,2226,41,1,66,28,0,0,143,1134,0,0,9365,17064
74,balanced,12,demon_gate,魔界門,54,76,7,1,1,85,85,100,62,60,1,1,4,28,27,2070,2,2,92,2286,32,2,83,28,0,0,103,1129,0,0,13215,14359
74,balanced,13,sky_ruins,天空遺跡,68,86,7,1,1,100,100,100,47,44,1,2,8,20,19,2260,2,2,69,2400,6,2,224,20,0,0,75,0,0,0,11120,37822
75,collector,1,meadow,はじまり草原,1,4,2,1,1,1,3,7,17,13,1,3,2,5,4,63,1,0,23,118,17,3,19,0,0,0,13,0,0,0,230,2030
75,collector,2,cave,こだま洞くつ,3,7,2,1,1,8,8,11,8,6,2,0,5,3,2,36,3,0,14,90,7,2,16,0,0,0,13,9,0,0,2308,2555
75,collector,3,brook,しずく湖畔,5,10,3,1,1,12,9,12,6,4,2,0,7,2,1,10,5,5,13,61,1,1,9,0,0,0,21,4,0,0,3417,4458
75,collector,4,volcano,ほむら火山,8,14,4,1,1,12,12,15,7,4,3,0,8,2,1,11,5,5,14,62,2,1,7,0,0,0,21,9,0,0,2355,4713
75,collector,5,tower,星晶の塔,12,20,5,1,1,15,14,21,29,28,1,0,7,9,8,40,5,5,43,139,1,1,15,0,0,0,45,45,0,0,2489,2638
75,collector,6,snowfield,霜降り雪原,16,25,4,1,1,21,22,33,52,50,2,0,8,17,16,497,5,5,74,690,15,1,48,0,0,0,67,140,0,0,1394,5136
75,collector,7,thunder_ruins,雷鳴遺跡,21,31,5,1,1,33,33,36,14,13,1,0,7,4,3,99,5,5,23,150,2,1,30,0,0,0,26,65,0,0,2712,3620
75,collector,8,prism_sanctuary,虹晶聖域,28,42,6,1,1,36,35,53,119,94,2,23,26,31,30,543,5,5,155,2259,51,3,55,8,0,0,238,436,1,0,1912,10379
75,collector,9,poison_bog,毒霧の沼地,34,48,5,1,1,53,51,57,26,25,1,0,10,8,7,334,5,5,39,460,11,2,47,0,0,0,58,268,1,0,5479,13557
75,collector,10,machine_city,古代機械都市,39,57,6,1,1,57,55,55,6,6,0,0,11,1,0,19,5,5,12,98,0,0,19,0,0,0,22,0,0,0,7157,16242
75,collector,11,deep_sea_temple,深海神殿,46,66,6,1,1,55,58,75,77,71,1,5,16,23,22,1341,5,5,105,1684,18,2,69,23,0,0,139,811,0,0,8573,11105
75,collector,12,demon_gate,魔界門,54,76,7,1,1,75,76,86,39,33,1,5,17,10,9,1258,5,5,54,1507,15,1,133,11,0,0,63,521,0,0,5862,15814
75,collector,13,sky_ruins,天空遺跡,68,86,7,1,1,86,83,98,61,59,2,0,11,19,18,4625,5,5,85,4877,39,3,273,20,0,0,76,1148,0,0,8347,20772
76,rush,1,meadow,はじまり草原,1,4,2,1,1,1,2,6,6,3,1,2,3,3,2,22,0,0,9,39,0,0,9,0,0,0,7,8,0,0,230,668
76,rush,2,cave,こだま洞くつ,3,7,2,1,1,6,7,11,5,4,1,0,1,4,3,32,0,0,9,43,0,0,9,0,0,0,12,24,0,0,668,699
76,rush,3,brook,しずく湖畔,5,10,3,1,1,11,11,14,9,9,0,0,0,7,6,39,0,0,16,58,0,0,6,0,0,0,19,17,0,0,699,1144
76,rush,4,volcano,ほむら火山,8,14,4,1,1,14,15,20,20,20,0,0,0,17,16,100,0,0,37,139,0,0,7,0,0,0,50,60,0,0,1144,1266
76,rush,5,tower,星晶の塔,12,20,5,1,1,20,20,30,66,66,0,0,0,62,61,306,0,0,128,479,0,0,8,0,0,0,196,148,0,0,1266,1519
76,rush,6,snowfield,霜降り雪原,16,25,4,1,1,30,31,41,80,80,0,0,0,77,76,400,0,0,157,562,0,0,8,0,0,0,230,275,0,0,1519,2078
76,rush,7,thunder_ruins,雷鳴遺跡,21,31,5,1,1,41,42,46,33,33,0,0,0,29,28,147,0,0,62,211,0,0,8,0,0,0,86,155,0,0,2078,3850
76,rush,8,prism_sanctuary,虹晶聖域,28,42,6,1,0,46,47,0,92,86,0,6,0,80,80,304,0,0,172,656,0,0,7,0,0,0,297,546,0,0,3850,0
76,rush,9,poison_bog,毒霧の沼地,34,48,5,0,0,0,0,0,0,0,0,0,0,0,0,0,0,0,0,0,0,0,0,0,0,0,0,0,0,0,0,0
76,rush,10,machine_city,古代機械都市,39,57,6,0,0,0,0,0,0,0,0,0,0,0,0,0,0,0,0,0,0,0,0,0,0,0,0,0,0,0,0,0
76,rush,11,deep_sea_temple,深海神殿,46,66,6,0,0,0,0,0,0,0,0,0,0,0,0,0,0,0,0,0,0,0,0,0,0,0,0,0,0,0,0,0
76,rush,12,demon_gate,魔界門,54,76,7,0,0,0,0,0,0,0,0,0,0,0,0,0,0,0,0,0,0,0,0,0,0,0,0,0,0,0,0,0
76,rush,13,sky_ruins,天空遺跡,68,86,7,0,0,0,0,0,0,0,0,0,0,0,0,0,0,0,0,0,0,0,0,0,0,0,0,0,0,0,0,0
77,balanced,1,meadow,はじまり草原,1,4,2,1,1,1,2,6,4,2,2,0,3,2,1,19,1,0,7,39,2,1,12,0,0,0,6,2,0,0,230,1125
77,balanced,2,cave,こだま洞くつ,3,7,2,1,1,6,6,10,6,5,1,0,2,3,2,53,1,0,10,79,11,2,20,0,0,0,10,15,0,0,1383,2549
77,balanced,3,brook,しずく湖畔,5,10,3,1,1,10,11,13,5,4,1,0,4,2,1,14,2,2,9,42,1,1,10,0,0,0,11,16,0,0,2943,2845
77,balanced,4,volcano,ほむら火山,8,14,4,1,1,13,13,14,4,3,1,0,3,1,0,6,2,2,7,29,0,0,6,0,0,0,10,0,0,0,2204,3184
77,balanced,5,tower,星晶の塔,12,20,5,1,1,14,16,23,26,24,1,1,5,11,10,58,2,2,39,141,5,2,9,0,0,0,41,87,0,0,2466,3058
77,balanced,6,snowfield,霜降り雪原,16,25,4,1,1,23,24,29,26,25,1,0,3,12,11,76,2,2,40,142,2,1,21,0,0,0,43,108,0,0,2369,2467
77,balanced,7,thunder_ruins,雷鳴遺跡,21,31,5,1,1,29,31,38,39,38,1,0,6,18,17,108,2,2,59,168,9,1,9,0,0,0,59,193,0,0,1911,3061
77,balanced,8,prism_sanctuary,虹晶聖域,28,42,6,1,1,38,39,50,58,57,1,0,5,27,26,137,2,2,87,301,20,2,11,0,0,0,96,347,0,0,2371,7043
77,balanced,9,poison_bog,毒霧の沼地,34,48,5,1,1,50,51,51,5,4,1,0,3,1,0,6,2,2,8,28,1,1,6,0,0,0,8,0,0,0,5455,12546
77,balanced,10,machine_city,古代機械都市,39,57,6,1,1,51,50,57,26,25,1,0,4,11,10,66,2,2,39,136,9,2,9,0,0,0,41,396,0,0,9717,11997
77,balanced,11,deep_sea_temple,深海神殿,46,66,6,1,1,57,58,73,58,57,1,0,6,27,26,202,2,2,87,416,27,1,14,0,0,0,93,800,0,0,9292,16907
77,balanced,12,demon_gate,魔界門,54,76,7,1,1,73,74,96,82,80,1,1,5,38,37,774,2,2,122,1116,14,1,158,3,0,0,134,1376,0,0,13094,14250
77,balanced,13,sky_ruins,天空遺跡,68,86,7,1,1,96,98,100,17,16,1,0,7,6,5,520,2,2,25,603,0,0,162,3,0,0,29,420,0,0,11036,23304
78,collector,1,meadow,はじまり草原,1,4,2,1,1,1,2,6,9,6,2,1,4,3,2,39,2,0,14,79,13,3,15,0,0,0,12,0,0,0,230,1146
78,collector,2,cave,こだま洞くつ,3,7,2,1,1,7,7,11,8,7,1,0,6,3,2,67,5,5,16,138,1,1,27,0,0,0,22,9,0,0,2602,2497
78,collector,3,brook,しずく湖畔,5,10,3,1,1,11,11,14,12,11,1,0,7,4,3,31,5,5,21,92,0,0,13,0,0,0,27,15,0,0,1320,1319
78,collector,4,volcano,ほむら火山,8,14,4,1,1,14,11,17,22,20,2,0,4,7,6,40,2,1,31,134,3,2,19,0,0,0,27,28,0,0,697,1633
78,collector,5,tower,星晶の塔,12,20,5,1,1,18,17,24,34,30,2,2,10,10,9,256,5,5,49,366,6,1,66,3,0,0,51,55,0,0,2895,2268
78,collector,6,snowfield,霜降り雪原,16,25,4,1,1,24,23,27,19,18,1,0,6,6,5,387,5,5,30,609,11,2,80,5,0,0,42,73,1,0,1199,3277
78,collector,7,thunder_ruins,雷鳴遺跡,21,31,5,1,1,27,30,35,23,20,3,0,9,7,6,417,5,5,35,493,5,1,107,3,0,0,38,78,0,0,1731,5852
78,collector,8,prism_sanctuary,虹晶聖域,28,42,6,1,1,35,33,56,158,132,3,23,25,44,43,471,5,5,207,2838,26,2,133,20,0,0,230,637,1,0,3090,5822
78,collector,9,poison_bog,毒霧の沼地,34,48,5,1,1,56,56,57,5,3,2,0,8,1,0,4,5,5,11,47,0,0,7,0,0,0,18,0,0,0,3074,13812
78,collector,10,machine_city,古代機械都市,39,57,6,1,1,57,58,65,47,42,3,2,10,14,13,190,5,5,66,999,12,2,112,6,0,0,66,419,0,0,7291,15365
78,collector,11,deep_sea_temple,深海神殿,46,66,6,1,1,65,66,80,90,79,2,9,17,26,25,2876,5,5,121,6461,20,2,316,43,0,0,135,870,0,0,8111,11128
78,collector,12,demon_gate,魔界門,54,76,7,1,1,80,81,100,112,100,3,9,18,33,32,9737,5,5,150,25028,68,2,391,121,0,0,201,1224,0,0,5874,26138
78,collector,13,sky_ruins,天空遺跡,68,86,7,1,1,100,100,100,36,31,3,2,11,10,9,2350,5,5,51,2729,13,1,244,12,0,0,55,0,0,0,13795,42539
79,rush,1,meadow,はじまり草原,1,4,2,1,1,1,2,6,15,3,1,11,11,3,2,21,0,0,18,60,0,0,8,0,0,0,16,6,0,0,230,700
79,rush,2,cave,こだま洞くつ,3,7,2,1,1,6,7,10,7,6,1,0,1,6,5,56,0,0,13,72,0,0,11,0,0,0,17,16,0,0,700,1383
79,rush,3,brook,しずく湖畔,5,10,3,1,1,10,11,14,7,7,0,0,0,5,4,28,0,0,12,39,0,0,6,0,0,0,13,27,0,0,1383,1145
79,rush,4,volcano,ほむら火山,8,14,4,1,1,14,15,18,10,10,0,0,0,7,6,44,0,0,17,62,0,0,7,0,0,0,20,37,0,0,1145,957
79,rush,5,tower,星晶の塔,12,20,5,1,1,18,19,29,62,62,0,0,0,58,57,287,0,0,120,438,0,0,7,0,0,0,174,156,0,0,957,1576
79,rush,6,snowfield,霜降り雪原,16,25,4,1,1,29,30,39,57,57,0,0,0,54,53,324,0,0,111,448,0,0,8,0,0,0,161,206,0,0,1576,2063
79,rush,7,thunder_ruins,雷鳴遺跡,21,31,5,1,0,39,39,0,85,85,0,0,0,80,80,476,0,0,165,633,0,0,7,0,0,0,240,358,0,0,2063,0
79,rush,8,prism_sanctuary,虹晶聖域,28,42,6,0,0,0,0,0,0,0,0,0,0,0,0,0,0,0,0,0,0,0,0,0,0,0,0,0,0,0,0,0
79,rush,9,poison_bog,毒霧の沼地,34,48,5,0,0,0,0,0,0,0,0,0,0,0,0,0,0,0,0,0,0,0,0,0,0,0,0,0,0,0,0,0
79,rush,10,machine_city,古代機械都市,39,57,6,0,0,0,0,0,0,0,0,0,0,0,0,0,0,0,0,0,0,0,0,0,0,0,0,0,0,0,0,0
79,rush,11,deep_sea_temple,深海神殿,46,66,6,0,0,0,0,0,0,0,0,0,0,0,0,0,0,0,0,0,0,0,0,0,0,0,0,0,0,0,0,0
79,rush,12,demon_gate,魔界門,54,76,7,0,0,0,0,0,0,0,0,0,0,0,0,0,0,0,0,0,0,0,0,0,0,0,0,0,0,0,0,0
79,rush,13,sky_ruins,天空遺跡,68,86,7,0,0,0,0,0,0,0,0,0,0,0,0,0,0,0,0,0,0,0,0,0,0,0,0,0,0,0,0,0
80,balanced,1,meadow,はじまり草原,1,4,2,1,1,1,3,7,8,5,1,2,4,3,2,24,1,0,12,56,6,2,10,0,0,0,7,5,0,0,230,901
80,balanced,2,cave,こだま洞くつ,3,7,2,1,1,7,7,11,6,5,1,0,3,3,2,48,2,0,11,109,12,5,25,0,1,0,6,16,0,0,979,2479
80,balanced,3,brook,しずく湖畔,5,10,3,1,1,12,12,13,3,3,0,0,3,1,0,12,2,2,6,25,0,0,12,0,0,0,5,0,0,0,2747,3624
80,balanced,4,volcano,ほむら火山,8,14,4,1,1,13,12,19,24,23,1,0,3,11,10,78,2,2,37,127,5,1,10,0,0,0,25,69,0,0,2808,2464
80,balanced,5,tower,星晶の塔,12,20,5,1,1,19,20,28,49,48,1,0,3,23,22,178,2,2,74,336,3,1,16,0,0,0,74,135,0,0,1909,1887
80,balanced,6,snowfield,霜降り雪原,16,25,4,1,1,28,29,30,4,3,1,0,4,1,0,27,2,2,7,61,0,0,27,0,0,0,10,0,0,0,1462,6050
80,balanced,7,thunder_ruins,雷鳴遺跡,21,31,5,1,1,30,30,37,31,30,1,0,4,14,13,243,2,2,47,328,9,1,34,0,0,0,48,161,0,0,4686,5317
80,balanced,8,prism_sanctuary,虹晶聖域,28,42,6,1,1,37,35,49,75,73,1,1,4,35,34,223,2,2,112,531,4,1,32,0,0,0,121,465,0,0,4118,4798
80,balanced,9,poison_bog,毒霧の沼地,34,48,5,1,1,49,50,52,7,6,1,0,5,2,1,16,2,2,11,47,2,2,12,0,0,0,12,81,0,0,3717,10633
80,balanced,10,machine_city,古代機械都市,39,57,6,1,1,52,53,64,50,49,1,0,3,23,22,190,2,2,75,332,5,1,16,0,0,0,76,597,0,0,8236,14291
80,balanced,11,deep_sea_temple,深海神殿,46,66,6,1,1,64,65,94,160,157,1,2,5,77,76,4071,2,2,239,4743,57,2,127,48,0,0,259,2008,0,0,11068,9976
80,balanced,12,demon_gate,魔界門,54,76,7,1,1,94,95,100,164,162,1,1,7,79,78,10691,2,2,245,11750,109,2,138,86,0,0,280,504,0,0,7726,29510
80,balanced,13,sky_ruins,天空遺跡,68,86,7,1,0,100,100,0,85,84,1,0,1,39,39,9382,0,0,124,9625,0,0,254,39,0,0,120,0,0,0,22853,0
81,collector,1,meadow,はじまり草原,1,4,2,1,1,1,3,6,10,6,2,2,5,3,2,35,3,2,16,96,8,2,15,0,0,0,18,0,0,0,230,1127
81,collector,2,cave,こだま洞くつ,3,7,2,1,1,6,6,11,11,11,0,0,2,4,3,71,1,0,16,125,11,5,25,0,1,0,6,11,0,0,1131,2086
81,collector,3,brook,しずく湖畔,5,10,3,1,1,12,12,17,21,19,2,0,8,7,6,62,5,5,33,133,0,0,13,0,0,0,33,32,0,0,2460,1566
81,collector,4,volcano,ほむら火山,8,14,4,1,1,17,15,16,4,1,3,0,8,1,0,4,5,5,10,50,0,0,8,0,0,0,17,0,0,0,829,2462
81,collector,5,tower,星晶の塔,12,20,5,1,1,16,17,22,24,21,2,1,10,7,6,34,5,5,36,133,5,1,18,0,0,0,41,29,0,0,1301,3912
81,collector,6,snowfield,霜降り雪原,16,25,4,1,1,22,22,31,40,39,1,0,6,13,12,127,5,5,58,231,9,1,23,0,0,0,53,129,0,0,2066,2916
81,collector,7,thunder_ruins,雷鳴遺跡,21,31,5,1,1,31,32,34,8,8,0,0,8,2,1,12,5,5,15,57,3,1,7,0,0,0,21,27,0,0,1540,3666
81,collector,8,prism_sanctuary,虹晶聖域,28,42,6,1,1,34,35,57,130,125,1,4,11,41,40,202,5,5,176,649,44,2,26,0,0,0,195,629,0,0,1936,7725
81,collector,9,poison_bog,毒霧の沼地,34,48,5,1,1,57,57,58,5,2,3,0,8,1,0,5,5,5,11,53,0,0,7,0,0,0,17,0,0,0,4079,11110
81,collector,10,machine_city,古代機械都市,39,57,6,1,1,58,58,67,48,45,3,0,9,15,14,86,5,5,68,215,14,2,8,0,0,0,64,461,0,0,5865,13198
81,collector,11,deep_sea_temple,深海神殿,46,66,6,1,1,67,63,87,120,115,2,3,11,38,37,1533,5,5,163,2720,19,2,138,29,0,0,159,1340,0,0,6967,19560
81,collector,12,demon_gate,魔界門,54,76,7,1,1,87,80,85,35,20,2,13,21,6,5,476,5,5,46,1448,9,1,194,13,0,0,81,274,0,0,10325,15597
81,collector,13,sky_ruins,天空遺跡,68,86,7,1,1,85,85,85,8,3,4,1,10,1,0,77,5,5,14,143,1,1,77,1,0,0,22,0,0,0,8233,27122
82,rush,1,meadow,はじまり草原,1,4,2,1,1,1,2,6,5,3,1,1,2,3,2,20,0,0,8,35,0,0,8,0,0,0,6,8,0,0,230,686
82,rush,2,cave,こだま洞くつ,3,7,2,1,1,6,6,11,11,10,1,0,1,10,9,74,0,0,21,98,0,0,9,0,0,0,30,21,0,0,686,1363
82,rush,3,brook,しずく湖畔,5,10,3,1,1,11,12,12,3,3,0,0,0,1,0,8,0,0,4,12,0,0,8,0,0,0,2,0,0,0,1363,2492
82,rush,4,volcano,ほむら火山,8,14,4,1,1,12,13,23,50,50,0,0,0,47,46,236,0,0,97,378,0,0,7,0,0,0,151,111,0,0,2492,996
82,rush,5,tower,星晶の塔,12,20,5,1,0,23,23,0,85,85,0,0,0,80,80,335,0,0,165,550,0,0,6,0,0,0,270,185,0,0,996,0
82,rush,6,snowfield,霜降り雪原,16,25,4,0,0,0,0,0,0,0,0,0,0,0,0,0,0,0,0,0,0,0,0,0,0,0,0,0,0,0,0,0
82,rush,7,thunder_ruins,雷鳴遺跡,21,31,5,0,0,0,0,0,0,0,0,0,0,0,0,0,0,0,0,0,0,0,0,0,0,0,0,0,0,0,0,0
82,rush,8,prism_sanctuary,虹晶聖域,28,42,6,0,0,0,0,0,0,0,0,0,0,0,0,0,0,0,0,0,0,0,0,0,0,0,0,0,0,0,0,0
82,rush,9,poison_bog,毒霧の沼地,34,48,5,0,0,0,0,0,0,0,0,0,0,0,0,0,0,0,0,0,0,0,0,0,0,0,0,0,0,0,0,0
82,rush,10,machine_city,古代機械都市,39,57,6,0,0,0,0,0,0,0,0,0,0,0,0,0,0,0,0,0,0,0,0,0,0,0,0,0,0,0,0,0
82,rush,11,deep_sea_temple,深海神殿,46,66,6,0,0,0,0,0,0,0,0,0,0,0,0,0,0,0,0,0,0,0,0,0,0,0,0,0,0,0,0,0
82,rush,12,demon_gate,魔界門,54,76,7,0,0,0,0,0,0,0,0,0,0,0,0,0,0,0,0,0,0,0,0,0,0,0,0,0,0,0,0,0
82,rush,13,sky_ruins,天空遺跡,68,86,7,0,0,0,0,0,0,0,0,0,0,0,0,0,0,0,0,0,0,0,0,0,0,0,0,0,0,0,0,0
83,balanced,1,meadow,はじまり草原,1,4,2,1,1,1,3,7,7,4,2,1,3,3,2,35,1,0,11,67,6,2,13,0,0,0,10,5,0,0,230,918
83,balanced,2,cave,こだま洞くつ,3,7,2,1,1,7,7,12,8,8,0,0,2,4,3,55,2,2,14,92,3,1,24,0,0,0,15,16,0,0,1176,2578
83,balanced,3,brook,しずく湖畔,5,10,3,1,1,12,12,13,3,2,1,0,3,1,0,11,2,2,6,34,1,1,11,0,0,0,10,0,0,0,1997,2875
83,balanced,4,volcano,ほむら火山,8,14,4,1,1,13,13,19,24,23,1,0,3,11,10,66,2,2,37,132,4,1,12,0,0,0,43,64,0,0,2227,1541
83,balanced,5,tower,星晶の塔,12,20,5,1,1,19,18,27,43,42,1,0,3,20,19,94,2,2,65,186,5,1,8,0,0,0,66,109,0,0,1195,1826
83,balanced,6,snowfield,霜降り雪原,16,25,4,1,1,27,26,30,14,13,1,0,3,6,5,78,2,2,22,114,0,0,30,0,0,0,23,73,0,0,1415,4121
83,balanced,7,thunder_ruins,雷鳴遺跡,21,31,5,1,1,30,30,36,27,26,1,0,3,12,11,93,2,2,41,153,0,0,14,0,0,0,41,130,0,0,3192,3182
83,balanced,8,prism_sanctuary,虹晶聖域,28,42,6,1,1,36,36,56,139,119,1,19,22,58,57,320,2,2,199,930,21,1,28,0,0,0,252,683,0,0,2465,4923
83,balanced,9,poison_bog,毒霧の沼地,34,48,5,1,1,56,56,58,9,8,1,0,5,3,2,40,2,2,14,84,1,1,24,0,0,0,18,114,0,0,3814,8126
83,balanced,10,machine_city,古代機械都市,39,57,6,1,1,58,59,65,36,35,1,0,4,16,15,143,2,2,54,240,12,3,23,0,0,0,57,433,0,0,6293,7294
83,balanced,11,deep_sea_temple,深海神殿,46,66,6,1,1,65,66,94,154,151,1,2,5,74,73,2570,2,2,230,3008,65,3,76,34,0,0,245,1899,0,0,5649,14670
83,balanced,12,demon_gate,魔界門,54,76,7,1,1,94,95,100,31,30,1,0,3,13,12,900,2,2,46,996,24,2,77,12,0,0,45,535,0,0,11361,27978
83,balanced,13,sky_ruins,天空遺跡,68,86,7,1,1,100,97,100,61,60,1,0,5,28,27,4392,2,2,91,4552,53,2,175,27,0,0,93,503,0,0,21667,37734
84,collector,1,meadow,はじまり草原,1,4,2,1,1,1,2,6,8,6,2,0,3,3,2,21,1,0,12,50,5,3,9,0,0,0,8,1,0,0,230,1121
84,collector,2,cave,こだま洞くつ,3,7,2,1,1,6,7,10,5,3,2,0,7,2,1,18,5,5,12,92,1,1,22,0,0,0,20,4,0,0,1379,3573
84,collector,3,brook,しずく湖畔,5,10,3,1,1,10,9,12,15,12,3,0,8,5,4,34,5,5,25,93,2,1,9,0,0,0,28,11,0,0,1887,1523
84,collector,4,volcano,ほむら火山,8,14,4,1,1,12,12,17,13,11,2,0,8,4,3,59,5,5,22,137,8,3,23,0,0,0,29,28,0,0,807,2150
84,collector,5,tower,星晶の塔,12,20,5,1,1,17,15,20,26,23,3,0,8,8,7,43,5,5,39,134,6,1,8,0,0,0,41,23,0,0,1137,2628
84,collector,6,snowfield,霜降り雪原,16,25,4,1,1,20,21,28,28,25,3,0,8,9,8,165,5,5,42,324,8,1,31,0,0,0,42,92,0,0,1388,4559
84,collector,7,thunder_ruins,雷鳴遺跡,21,31,5,1,1,28,29,30,5,4,1,0,8,1,0,5,5,5,11,51,0,0,8,0,0,0,17,0,0,0,2408,5410
84,collector,8,prism_sanctuary,虹晶聖域,28,42,6,1,1,30,31,52,107,101,1,5,12,33,32,199,5,5,145,1031,31,3,43,0,0,0,157,512,0,0,2857,5594
84,collector,9,poison_bog,毒霧の沼地,34,48,5,1,1,52,52,54,8,6,2,0,8,2,1,30,5,5,15,84,1,1,21,0,0,0,20,51,0,0,2955,12549
84,collector,10,machine_city,古代機械都市,39,57,6,1,1,54,51,60,42,39,3,0,10,13,12,54,5,5,60,226,29,3,8,0,0,0,52,380,1,0,6624,8057
84,collector,11,deep_sea_temple,深海神殿,46,66,6,1,1,60,61,84,119,116,1,2,10,38,37,267,5,5,162,631,35,3,65,1,0,0,142,1306,0,0,4254,15695
84,collector,12,demon_gate,魔界門,54,76,7,1,1,84,85,88,19,11,2,6,15,3,2,137,5,5,27,377,5,2,67,4,0,0,45,185,0,0,8285,22621
84,collector,13,sky_ruins,天空遺跡,68,86,7,1,1,88,90,100,52,50,2,0,10,16,15,2172,5,5,73,2344,5,2,169,13,0,0,69,902,0,0,11939,28441
85,rush,1,meadow,はじまり草原,1,4,2,1,1,1,3,7,9,9,0,0,0,8,7,29,0,0,17,48,0,0,5,0,0,0,7,9,0,0,230,585
85,rush,2,cave,こだま洞くつ,3,7,2,1,1,7,8,13,17,16,1,0,2,16,15,80,0,0,33,118,0,0,8,0,0,0,31,32,0,0,585,525
85,rush,3,brook,しずく湖畔,5,10,3,1,1,13,13,15,4,3,1,0,1,2,1,10,0,0,6,19,0,0,6,0,0,0,5,13,0,0,525,1172
85,rush,4,volcano,ほむら火山,8,14,4,1,1,15,15,18,11,11,0,0,0,8,7,35,0,0,19,60,0,0,6,0,0,0,25,39,0,0,1172,1268
85,rush,5,tower,星晶の塔,12,20,5,1,1,18,19,28,47,46,0,1,0,42,41,173,0,0,89,273,0,0,6,0,0,0,133,120,0,0,1268,1509
85,rush,6,snowfield,霜降り雪原,16,25,4,1,1,28,28,35,38,38,0,0,0,35,34,164,0,0,73,223,0,0,6,0,0,0,105,158,0,0,1509,2076
85,rush,7,thunder_ruins,雷鳴遺跡,21,31,5,1,0,35,36,0,85,85,0,0,0,80,80,326,0,0,165,454,0,0,7,0,0,0,240,344,0,0,2076,0
85,rush,8,prism_sanctuary,虹晶聖域,28,42,6,0,0,0,0,0,0,0,0,0,0,0,0,0,0,0,0,0,0,0,0,0,0,0,0,0,0,0,0,0
85,rush,9,poison_bog,毒霧の沼地,34,48,5,0,0,0,0,0,0,0,0,0,0,0,0,0,0,0,0,0,0,0,0,0,0,0,0,0,0,0,0,0
85,rush,10,machine_city,古代機械都市,39,57,6,0,0,0,0,0,0,0,0,0,0,0,0,0,0,0,0,0,0,0,0,0,0,0,0,0,0,0,0,0
85,rush,11,deep_sea_temple,深海神殿,46,66,6,0,0,0,0,0,0,0,0,0,0,0,0,0,0,0,0,0,0,0,0,0,0,0,0,0,0,0,0,0
85,rush,12,demon_gate,魔界門,54,76,7,0,0,0,0,0,0,0,0,0,0,0,0,0,0,0,0,0,0,0,0,0,0,0,0,0,0,0,0,0
85,rush,13,sky_ruins,天空遺跡,68,86,7,0,0,0,0,0,0,0,0,0,0,0,0,0,0,0,0,0,0,0,0,0,0,0,0,0,0,0,0,0
86,balanced,1,meadow,はじまり草原,1,4,2,1,1,1,3,6,5,2,2,1,5,2,1,26,2,0,9,57,10,4,16,0,0,0,9,3,0,0,230,1048
86,balanced,2,cave,こだま洞くつ,3,7,2,1,1,7,8,11,6,5,1,0,3,3,2,51,2,1,11,89,2,1,23,0,0,0,12,17,0,0,2504,2211
86,balanced,3,brook,しずく湖畔,5,10,3,1,1,11,12,14,5,4,1,0,3,2,1,15,2,2,9,30,0,0,8,0,0,0,10,17,0,0,2328,2200
86,balanced,4,volcano,ほむら火山,8,14,4,1,1,14,14,20,18,17,1,0,3,8,7,50,2,2,28,105,5,2,16,0,0,0,31,44,0,0,1704,3618
86,balanced,5,tower,星晶の塔,12,20,5,1,1,20,19,23,21,20,1,0,3,9,8,43,2,2,32,107,1,1,10,0,0,0,34,67,0,0,2802,1831
86,balanced,6,snowfield,霜降り雪原,16,25,4,1,1,23,24,29,20,19,1,0,4,9,8,109,2,2,31,167,7,2,21,0,0,0,34,104,0,0,1419,2506
86,balanced,7,thunder_ruins,雷鳴遺跡,21,31,5,1,1,29,30,33,11,10,1,0,3,4,3,25,2,2,17,56,1,1,10,0,0,0,17,54,0,0,1942,5710
86,balanced,8,prism_sanctuary,虹晶聖域,28,42,6,1,1,33,32,60,216,157,1,58,59,77,76,436,2,2,295,1419,33,2,29,0,0,0,442,904,0,0,4422,5706
86,balanced,9,poison_bog,毒霧の沼地,34,48,5,1,1,60,60,62,7,6,1,0,3,2,1,20,2,2,11,47,0,0,13,0,0,0,11,89,0,0,4420,10576
86,balanced,10,machine_city,古代機械都市,39,57,6,1,1,62,63,65,8,7,1,0,3,2,1,10,2,2,12,39,2,1,6,0,0,0,12,210,0,0,8191,14566
86,balanced,11,deep_sea_temple,深海神殿,46,66,6,1,1,65,63,80,76,75,1,0,4,36,35,253,2,2,114,502,27,1,13,0,0,0,121,1035,0,0,11281,10053
86,balanced,12,demon_gate,魔界門,54,76,7,1,0,80,82,0,168,166,1,1,4,80,80,11476,0,0,248,12002,20,2,202,59,0,0,254,1222,0,0,7786,0
86,balanced,13,sky_ruins,天空遺跡,68,86,7,0,0,0,0,0,0,0,0,0,0,0,0,0,0,0,0,0,0,0,0,0,0,0,0,0,0,0,0,0
87,collector,1,meadow,はじまり草原,1,4,2,1,1,1,3,6,8,6,2,0,4,3,2,41,2,0,13,87,11,3,18,0,0,0,11,1,0,0,230,1168
87,collector,2,cave,こだま洞くつ,3,7,2,1,1,7,8,12,11,9,2,0,7,4,3,76,5,4,20,151,10,2,25,0,0,0,24,16,0,0,2624,2086
87,collector,3,brook,しずく湖畔,5,10,3,1,1,12,12,14,9,8,1,0,8,3,2,27,5,5,17,89,3,2,10,0,0,0,24,9,0,0,1587,1318
87,collector,4,volcano,ほむら火山,8,14,4,1,1,14,12,18,29,25,3,1,7,6,5,54,2,1,37,117,3,1,19,0,0,0,28,34,0,9,697,2799
87,collector,5,tower,星晶の塔,12,20,5,1,1,18,17,21,32,30,2,0,10,5,4,27,5,5,42,138,9,5,11,0,1,0,32,37,0,15,2721,2573
87,collector,6,snowfield,霜降り雪原,16,25,4,1,1,21,22,29,43,41,2,0,8,8,7,199,5,5,56,324,14,2,30,0,0,0,39,91,0,18,1360,5515
87,collector,7,thunder_ruins,雷鳴遺跡,21,31,5,1,1,29,27,29,35,33,2,0,10,2,1,12,5,5,42,144,2,2,24,0,0,0,24,20,1,27,2912,4840
87,collector,8,prism_sanctuary,虹晶聖域,28,42,6,1,1,29,9,42,54,44,1,9,16,14,13,68,5,5,73,1149,13,2,65,16,0,0,104,290,1,0,2556,10454
87,collector,9,poison_bog,毒霧の沼地,34,48,5,1,1,42,42,52,41,39,2,0,10,13,12,80,5,5,59,463,12,2,30,0,0,0,71,322,1,0,5518,14487
87,collector,10,machine_city,古代機械都市,39,57,6,1,1,52,53,60,33,32,1,0,10,10,9,98,5,5,48,417,11,2,45,0,0,0,57,328,0,0,7648,8179
87,collector,11,deep_sea_temple,深海神殿,46,66,6,1,1,60,61,80,100,89,1,10,17,29,28,933,5,5,134,4614,30,2,176,43,0,0,165,980,0,0,4318,11110
87,collector,12,demon_gate,魔界門,54,76,7,1,1,80,82,87,27,17,2,8,17,5,4,969,5,5,37,3192,17,2,196,20,0,0,73,224,0,0,5865,15554
87,collector,13,sky_ruins,天空遺跡,68,86,7,1,0,87,88,0,258,245,2,11,18,80,80,19128,0,0,338,27166,110,2,254,138,0,0,343,823,0,0,8210,0
88,rush,1,meadow,はじまり草原,1,4,2,1,1,1,3,10,16,16,0,0,0,15,14,69,0,0,31,104,0,0,7,0,0,0,14,18,0,0,230,477
88,rush,2,cave,こだま洞くつ,3,7,2,1,1,10,10,12,5,3,2,0,2,4,3,32,0,0,9,42,0,0,10,0,0,0,11,19,0,0,477,780
88,rush,3,brook,しずく湖畔,5,10,3,1,1,12,12,15,13,13,0,0,0,11,10,59,0,0,24,80,0,0,7,0,0,0,32,20,0,0,780,1161
88,rush,4,volcano,ほむら火山,8,14,4,1,1,15,16,18,10,10,0,0,0,7,6,36,0,0,17,55,0,0,7,0,0,0,20,37,0,0,1161,1301
88,rush,5,tower,星晶の塔,12,20,5,1,1,18,19,30,62,62,0,0,0,58,57,267,0,0,120,407,0,0,6,0,0,0,174,155,0,0,1301,1545
88,rush,6,snowfield,霜降り雪原,16,25,4,1,1,30,30,40,68,68,0,0,0,65,64,328,0,0,133,464,0,0,7,0,0,0,194,248,0,0,1545,2049
88,rush,7,thunder_ruins,雷鳴遺跡,21,31,5,1,1,40,41,48,54,54,0,0,0,50,49,251,0,0,104,338,0,0,7,0,0,0,149,232,0,0,2049,3905
88,rush,8,prism_sanctuary,虹晶聖域,28,42,6,1,0,48,48,0,90,86,0,4,0,80,80,311,0,0,170,597,0,0,6,0,0,0,280,540,0,0,3905,0
88,rush,9,poison_bog,毒霧の沼地,34,48,5,0,0,0,0,0,0,0,0,0,0,0,0,0,0,0,0,0,0,0,0,0,0,0,0,0,0,0,0,0
88,rush,10,machine_city,古代機械都市,39,57,6,0,0,0,0,0,0,0,0,0,0,0,0,0,0,0,0,0,0,0,0,0,0,0,0,0,0,0,0,0
88,rush,11,deep_sea_temple,深海神殿,46,66,6,0,0,0,0,0,0,0,0,0,0,0,0,0,0,0,0,0,0,0,0,0,0,0,0,0,0,0,0,0
88,rush,12,demon_gate,魔界門,54,76,7,0,0,0,0,0,0,0,0,0,0,0,0,0,0,0,0,0,0,0,0,0,0,0,0,0,0,0,0,0
88,rush,13,sky_ruins,天空遺跡,68,86,7,0,0,0,0,0,0,0,0,0,0,0,0,0,0,0,0,0,0,0,0,0,0,0,0,0,0,0,0,0
89,balanced,1,meadow,はじまり草原,1,4,2,1,1,1,2,6,10,5,1,4,3,3,2,25,1,0,14,62,9,3,11,0,0,0,10,4,0,0,230,915
89,balanced,2,cave,こだま洞くつ,3,7,2,1,1,7,7,11,6,6,0,0,1,3,2,26,1,0,10,62,3,2,12,0,0,0,5,17,0,0,993,2310
89,balanced,3,brook,しずく湖畔,5,10,3,1,1,12,12,15,9,8,1,0,4,4,3,17,2,2,15,41,3,1,6,0,0,0,11,37,0,0,2624,1154
89,balanced,4,volcano,ほむら火山,8,14,4,1,1,15,13,15,6,5,1,0,3,2,1,13,2,2,10,35,3,2,7,0,0,0,7,15,0,0,895,1966
89,balanced,5,tower,星晶の塔,12,20,5,1,1,15,16,22,22,20,1,1,8,9,8,41,2,2,33,117,4,1,7,0,0,0,36,63,0,0,1524,3065
89,balanced,6,snowfield,霜降り雪原,16,25,4,1,1,22,23,27,11,9,1,1,6,4,3,20,2,2,17,69,0,0,9,0,0,0,21,82,0,0,2375,2773
89,balanced,7,thunder_ruins,雷鳴遺跡,21,31,5,1,1,27,30,37,35,34,1,0,3,16,15,232,2,2,53,290,3,1,56,1,0,0,54,152,0,0,2149,3048
89,balanced,8,prism_sanctuary,虹晶聖域,28,42,6,1,1,37,38,50,64,63,1,0,4,30,29,158,2,2,96,305,5,1,15,0,0,0,102,385,0,0,2362,7041
89,balanced,9,poison_bog,毒霧の沼地,34,48,5,1,1,50,51,52,5,4,1,0,3,1,0,5,2,2,8,26,0,0,5,0,0,0,8,0,0,0,5454,12544
89,balanced,10,machine_city,古代機械都市,39,57,6,1,1,52,53,63,44,43,1,0,3,20,19,133,2,2,66,216,19,2,11,0,0,0,67,561,0,0,9715,12047
89,balanced,11,deep_sea_temple,深海神殿,46,66,6,1,1,63,61,76,63,61,1,1,5,29,28,962,2,2,94,1147,18,1,63,15,0,0,99,847,0,0,9330,17164
89,balanced,12,demon_gate,魔界門,54,76,7,1,1,76,78,89,42,38,1,3,6,17,16,2915,2,2,61,4421,28,2,204,27,0,0,79,782,0,0,13293,14162
89,balanced,13,sky_ruins,天空遺跡,68,86,7,1,0,89,86,0,169,166,1,2,4,80,80,18660,0,0,249,19117,107,2,239,80,0,0,250,1120,0,0,10968,0
90,collector,1,meadow,はじまり草原,1,4,2,1,1,1,2,7,15,13,1,1,3,5,4,64,1,0,21,108,12,4,17,0,0,0,10,0,0,0,230,1305
90,collector,2,cave,こだま洞くつ,3,7,2,1,1,8,8,12,11,9,2,0,7,4,3,61,5,4,20,137,10,3,23,0,0,0,23,15,0,0,2283,1931
90,collector,3,brook,しずく湖畔,5,10,3,1,1,10,10,12,6,4,2,0,7,2,1,10,5,5,13,50,0,0,7,0,0,0,20,6,0,0,1753,1630
90,collector,4,volcano,ほむら火山,8,14,4,1,1,12,11,16,22,20,2,0,9,7,6,53,5,5,34,224,6,1,13,0,0,0,48,28,0,0,862,1624
90,collector,5,tower,星晶の塔,12,20,5,1,1,16,17,21,23,21,2,0,7,7,6,45,5,5,35,135,1,1,12,0,0,0,37,32,0,0,859,3496
90,collector,6,snowfield,霜降り雪原,16,25,4,1,1,21,22,30,34,33,1,0,8,11,10,553,5,5,50,676,14,2,70,6,0,0,50,111,0,0,1847,2995
90,collector,7,thunder_ruins,雷鳴遺跡,21,31,5,1,1,30,30,32,8,7,1,0,9,2,1,131,5,5,15,208,4,2,74,2,0,0,23,23,0,0,1582,3560
90,collector,8,prism_sanctuary,虹晶聖域,28,42,6,1,1,32,32,58,178,148,2,28,24,49,48,711,5,5,232,2700,36,2,123,20,0,0,246,729,1,0,1881,7851
90,collector,9,poison_bog,毒霧の沼地,34,48,5,1,1,58,58,61,17,14,3,0,9,5,4,44,5,5,27,100,1,1,16,0,0,0,29,170,0,0,4144,6731
90,collector,10,machine_city,古代機械都市,39,57,6,1,1,61,61,63,15,12,3,0,9,4,3,65,5,5,24,131,0,0,45,0,0,0,29,110,0,0,3555,12871
90,collector,11,deep_sea_temple,深海神殿,46,66,6,1,1,63,63,80,95,91,2,2,11,30,29,1556,5,5,130,4626,33,2,252,30,0,0,136,1078,0,0,6794,18152
90,collector,12,demon_gate,魔界門,54,76,7,1,1,80,81,89,46,44,2,0,10,14,13,2075,5,5,65,7709,38,2,269,52,0,0,91,800,0,0,9582,15573
90,collector,13,sky_ruins,天空遺跡,68,86,7,1,1,89,90,100,72,69,1,2,12,22,21,6586,5,5,99,10051,49,2,319,44,0,0,114,809,0,0,8221,41115
91,rush,1,meadow,はじまり草原,1,4,2,1,1,1,3,7,8,4,1,3,4,4,3,30,0,0,12,51,0,0,9,0,0,0,10,8,0,0,230,681
91,rush,2,cave,こだま洞くつ,3,7,2,1,1,7,7,12,11,10,1,0,1,10,9,94,0,0,21,119,0,0,12,0,0,0,29,23,0,0,681,1273
91,rush,3,brook,しずく湖畔,5,10,3,1,1,12,12,15,5,5,0,0,0,3,2,16,0,0,8,26,0,0,6,0,0,0,7,20,0,0,1273,1147
91,rush,4,volcano,ほむら火山,8,14,4,1,1,15,15,21,28,28,0,0,0,25,24,137,0,0,53,205,0,0,7,0,0,0,75,62,0,0,1147,986
91,rush,5,tower,星晶の塔,12,20,5,1,0,21,22,0,85,85,0,0,0,80,80,383,0,0,165,603,0,0,8,0,0,0,245,192,0,0,986,0
91,rush,6,snowfield,霜降り雪原,16,25,4,0,0,0,0,0,0,0,0,0,0,0,0,0,0,0,0,0,0,0,0,0,0,0,0,0,0,0,0,0
91,rush,7,thunder_ruins,雷鳴遺跡,21,31,5,0,0,0,0,0,0,0,0,0,0,0,0,0,0,0,0,0,0,0,0,0,0,0,0,0,0,0,0,0
91,rush,8,prism_sanctuary,虹晶聖域,28,42,6,0,0,0,0,0,0,0,0,0,0,0,0,0,0,0,0,0,0,0,0,0,0,0,0,0,0,0,0,0
91,rush,9,poison_bog,毒霧の沼地,34,48,5,0,0,0,0,0,0,0,0,0,0,0,0,0,0,0,0,0,0,0,0,0,0,0,0,0,0,0,0,0
91,rush,10,machine_city,古代機械都市,39,57,6,0,0,0,0,0,0,0,0,0,0,0,0,0,0,0,0,0,0,0,0,0,0,0,0,0,0,0,0,0
91,rush,11,deep_sea_temple,深海神殿,46,66,6,0,0,0,0,0,0,0,0,0,0,0,0,0,0,0,0,0,0,0,0,0,0,0,0,0,0,0,0,0
91,rush,12,demon_gate,魔界門,54,76,7,0,0,0,0,0,0,0,0,0,0,0,0,0,0,0,0,0,0,0,0,0,0,0,0,0,0,0,0,0
91,rush,13,sky_ruins,天空遺跡,68,86,7,0,0,0,0,0,0,0,0,0,0,0,0,0,0,0,0,0,0,0,0,0,0,0,0,0,0,0,0,0
92,balanced,1,meadow,はじまり草原,1,4,2,1,1,1,3,6,11,4,2,5,8,3,2,35,1,0,15,69,9,3,16,0,0,0,13,4,0,0,230,881
92,balanced,2,cave,こだま洞くつ,3,7,2,1,1,7,7,11,6,5,1,0,2,3,2,44,1,0,10,69,9,2,18,0,0,0,9,16,0,0,1379,2634
92,balanced,3,brook,しずく湖畔,5,10,3,1,1,10,12,14,5,5,0,0,5,2,1,18,2,2,9,41,1,1,12,0,0,0,10,14,0,0,3028,2861
92,balanced,4,volcano,ほむら火山,8,14,4,1,1,14,14,17,8,7,1,0,5,3,2,18,2,2,13,49,2,2,8,0,0,0,17,34,0,0,2216,1631
92,balanced,5,tower,星晶の塔,12,20,5,1,1,17,16,25,37,36,1,0,6,17,16,93,2,2,56,185,17,2,7,0,0,0,56,89,0,0,1264,4337
92,balanced,6,snowfield,霜降り雪原,16,25,4,1,1,25,24,27,8,7,1,0,4,3,2,39,2,2,13,67,4,2,20,0,0,0,15,85,0,0,3359,2425
92,balanced,7,thunder_ruins,雷鳴遺跡,21,31,5,1,1,27,28,31,15,14,1,0,7,6,5,37,2,2,23,79,9,2,7,0,0,0,24,64,0,0,1878,3488
92,balanced,8,prism_sanctuary,虹晶聖域,28,42,6,1,1,31,32,46,65,57,1,7,11,27,26,118,2,2,94,378,31,2,8,0,0,0,130,334,0,0,2702,7132
92,balanced,9,poison_bog,毒霧の沼地,34,48,5,1,1,46,46,47,5,4,1,0,6,1,0,6,2,2,8,39,0,0,6,0,0,0,8,0,0,0,5524,12195
92,balanced,10,machine_city,古代機械都市,39,57,6,1,1,47,49,60,48,47,1,0,3,22,21,122,2,2,72,240,15,1,8,0,0,0,72,596,0,0,9445,12166
92,balanced,11,deep_sea_temple,深海神殿,46,66,6,1,1,60,62,89,139,136,0,3,11,66,65,402,2,2,207,866,144,3,8,0,0,0,275,1711,0,0,9423,16858
92,balanced,12,demon_gate,魔界門,54,76,7,1,1,89,91,100,94,93,0,1,10,44,43,282,2,2,140,593,43,3,8,0,0,0,169,795,0,0,13056,28637
92,balanced,13,sky_ruins,天空遺跡,68,86,7,1,0,100,100,0,167,166,1,0,2,80,80,574,0,0,247,994,108,3,9,0,0,0,252,0,0,0,22177,0
93,collector,1,meadow,はじまり草原,1,4,2,1,1,1,3,8,18,17,0,1,6,6,5,42,5,5,29,116,3,2,9,0,0,0,11,0,0,0,230,1400
93,collector,2,cave,こだま洞くつ,3,7,2,1,1,8,8,13,26,24,2,0,3,9,8,158,1,0,36,223,16,3,23,0,0,0,24,12,0,0,741,1969
93,collector,3,brook,しずく湖畔,5,10,3,1,1,13,13,16,12,10,2,0,7,4,3,24,5,5,21,80,8,4,9,0,0,0,17,27,0,0,2943,1619
93,collector,4,volcano,ほむら火山,8,14,4,1,1,16,12,15,13,10,3,0,8,4,3,20,5,5,22,73,4,1,7,0,0,0,17,10,0,0,856,1625
93,collector,5,tower,星晶の塔,12,20,5,1,1,15,13,19,27,23,3,1,10,8,7,65,5,5,40,196,5,1,28,0,0,0,44,32,0,0,859,2333
93,collector,6,snowfield,霜降り雪原,16,25,4,1,1,19,23,29,22,21,1,0,7,7,6,360,5,5,34,449,10,1,66,4,0,0,37,86,0,0,1233,4076
93,collector,7,thunder_ruins,雷鳴遺跡,21,31,5,1,1,29,30,34,20,18,2,0,7,6,5,125,5,5,31,200,3,2,56,1,0,0,31,77,0,0,2153,3635
93,collector,8,prism_sanctuary,虹晶聖域,28,42,6,1,1,34,35,51,88,83,1,4,11,27,26,172,5,5,120,2175,27,2,71,29,0,0,138,417,0,0,1921,5775
93,collector,9,poison_bog,毒霧の沼地,34,48,5,1,1,51,50,54,17,13,4,0,9,5,4,26,5,5,27,225,5,2,26,0,0,0,38,143,1,0,3050,8704
93,collector,10,machine_city,古代機械都市,39,57,6,1,1,54,54,59,27,27,0,0,11,8,7,70,5,5,40,622,12,2,91,1,0,0,58,259,0,0,4596,8207
93,collector,11,deep_sea_temple,深海神殿,46,66,6,1,1,59,58,72,62,56,1,5,14,18,17,1383,5,5,85,1806,13,3,87,18,0,0,100,619,0,0,4334,16085
93,collector,12,demon_gate,魔界門,54,76,7,1,1,72,73,77,16,13,3,0,9,4,3,354,5,5,25,456,2,1,91,4,0,0,31,304,0,0,8491,23211
93,collector,13,sky_ruins,天空遺跡,68,86,7,1,1,77,78,100,86,82,3,1,11,27,26,6994,5,5,118,7423,43,2,289,28,0,0,101,1555,0,0,12250,23880
94,rush,1,meadow,はじまり草原,1,4,2,1,1,1,2,7,5,4,1,0,1,4,3,31,0,0,9,45,0,0,10,0,0,0,7,8,0,0,230,703
94,rush,2,cave,こだま洞くつ,3,7,2,1,1,7,7,12,11,10,1,0,1,10,9,81,0,0,21,112,0,0,9,0,0,0,29,24,0,0,703,1276
94,rush,3,brook,しずく湖畔,5,10,3,1,1,12,12,15,6,6,0,0,0,4,3,24,0,0,10,38,0,0,7,0,0,0,11,20,0,0,1276,1360
94,rush,4,volcano,ほむら火山,8,14,4,1,1,15,15,20,19,19,0,0,0,16,15,86,0,0,35,133,0,0,7,0,0,0,48,59,0,0,1360,1258
94,rush,5,tower,星晶の塔,12,20,5,1,0,20,21,0,88,85,0,3,0,80,80,359,0,0,168,595,0,0,7,0,0,0,256,186,0,0,1258,0
94,rush,6,snowfield,霜降り雪原,16,25,4,0,0,0,0,0,0,0,0,0,0,0,0,0,0,0,0,0,0,0,0,0,0,0,0,0,0,0,0,0
94,rush,7,thunder_ruins,雷鳴遺跡,21,31,5,0,0,0,0,0,0,0,0,0,0,0,0,0,0,0,0,0,0,0,0,0,0,0,0,0,0,0,0,0
94,rush,8,prism_sanctuary,虹晶聖域,28,42,6,0,0,0,0,0,0,0,0,0,0,0,0,0,0,0,0,0,0,0,0,0,0,0,0,0,0,0,0,0
94,rush,9,poison_bog,毒霧の沼地,34,48,5,0,0,0,0,0,0,0,0,0,0,0,0,0,0,0,0,0,0,0,0,0,0,0,0,0,0,0,0,0
94,rush,10,machine_city,古代機械都市,39,57,6,0,0,0,0,0,0,0,0,0,0,0,0,0,0,0,0,0,0,0,0,0,0,0,0,0,0,0,0,0
94,rush,11,deep_sea_temple,深海神殿,46,66,6,0,0,0,0,0,0,0,0,0,0,0,0,0,0,0,0,0,0,0,0,0,0,0,0,0,0,0,0,0
94,rush,12,demon_gate,魔界門,54,76,7,0,0,0,0,0,0,0,0,0,0,0,0,0,0,0,0,0,0,0,0,0,0,0,0,0,0,0,0,0
94,rush,13,sky_ruins,天空遺跡,68,86,7,0,0,0,0,0,0,0,0,0,0,0,0,0,0,0,0,0,0,0,0,0,0,0,0,0,0,0,0,0
95,balanced,1,meadow,はじまり草原,1,4,2,1,1,1,3,6,14,5,1,8,8,3,2,26,1,0,18,77,9,4,14,0,0,0,14,4,0,0,230,860
95,balanced,2,cave,こだま洞くつ,3,7,2,1,1,7,6,11,6,5,1,0,4,3,2,43,2,0,11,113,7,5,23,0,1,0,7,14,0,0,938,2452
95,balanced,3,brook,しずく湖畔,5,10,3,1,1,11,10,13,7,6,1,0,4,3,2,22,2,2,12,51,0,0,10,0,0,0,9,22,0,0,2720,1938
95,balanced,4,volcano,ほむら火山,8,14,4,1,1,13,12,18,16,15,1,0,3,7,6,56,2,2,25,104,1,1,15,0,0,0,26,46,0,0,1502,3642
95,balanced,5,tower,星晶の塔,12,20,5,1,1,18,18,23,26,24,1,1,7,11,10,49,2,2,39,154,8,2,8,0,0,0,48,69,0,0,2821,2209
95,balanced,6,snowfield,霜降り雪原,16,25,4,1,1,23,25,31,26,26,0,0,6,12,11,84,2,2,40,174,9,2,16,0,0,0,46,121,0,0,1711,2489
95,balanced,7,thunder_ruins,雷鳴遺跡,21,31,5,1,1,31,31,36,19,18,1,0,3,8,7,40,2,2,29,77,4,1,6,0,0,0,29,90,0,0,1929,5281
95,balanced,8,prism_sanctuary,虹晶聖域,28,42,6,1,0,36,37,0,171,165,1,5,3,80,80,373,0,0,251,965,81,5,30,0,1,0,287,991,0,0,4091,0
95,balanced,9,poison_bog,毒霧の沼地,34,48,5,0,0,0,0,0,0,0,0,0,0,0,0,0,0,0,0,0,0,0,0,0,0,0,0,0,0,0,0,0
95,balanced,10,machine_city,古代機械都市,39,57,6,0,0,0,0,0,0,0,0,0,0,0,0,0,0,0,0,0,0,0,0,0,0,0,0,0,0,0,0,0
95,balanced,11,deep_sea_temple,深海神殿,46,66,6,0,0,0,0,0,0,0,0,0,0,0,0,0,0,0,0,0,0,0,0,0,0,0,0,0,0,0,0,0
95,balanced,12,demon_gate,魔界門,54,76,7,0,0,0,0,0,0,0,0,0,0,0,0,0,0,0,0,0,0,0,0,0,0,0,0,0,0,0,0,0
95,balanced,13,sky_ruins,天空遺跡,68,86,7,0,0,0,0,0,0,0,0,0,0,0,0,0,0,0,0,0,0,0,0,0,0,0,0,0,0,0,0,0
96,collector,1,meadow,はじまり草原,1,4,2,1,1,1,3,6,8,6,2,0,3,3,2,37,1,0,12,57,8,3,16,0,0,0,7,1,0,0,230,1156
96,collector,2,cave,こだま洞くつ,3,7,2,1,1,7,5,10,8,7,1,0,3,3,2,40,1,0,12,90,3,3,18,0,0,0,4,7,0,0,1414,2689
96,collector,3,brook,しずく湖畔,5,10,3,1,1,10,10,14,18,15,3,0,8,6,5,37,5,5,29,105,4,2,9,0,0,0,33,27,0,0,3083,1323
96,collector,4,volcano,ほむら火山,8,14,4,1,1,14,15,18,16,15,1,0,8,5,4,117,5,5,26,187,7,2,31,0,0,0,31,29,0,0,700,1611
96,collector,5,tower,星晶の塔,12,20,5,1,1,18,19,24,26,25,1,0,6,8,7,35,5,5,39,236,5,1,14,0,0,0,52,38,0,0,852,3433
96,collector,6,snowfield,霜降り雪原,16,25,4,1,1,24,22,28,22,21,1,0,8,7,6,125,5,5,34,238,5,2,30,0,0,0,37,78,0,0,1814,3379
96,collector,7,thunder_ruins,雷鳴遺跡,21,31,5,1,1,28,27,31,20,18,2,0,7,6,5,67,5,5,31,141,7,2,17,0,0,0,32,58,0,0,1785,3625
96,collector,8,prism_sanctuary,虹晶聖域,28,42,6,1,1,31,31,54,122,119,1,2,10,39,38,269,5,5,166,988,26,2,32,0,0,0,155,604,0,0,1915,7778
96,collector,9,poison_bog,毒霧の沼地,34,48,5,1,1,54,54,55,5,2,3,0,8,1,0,10,5,5,11,59,0,0,10,0,0,0,17,0,0,0,4107,13850
96,collector,10,machine_city,古代機械都市,39,57,6,1,1,55,55,61,27,24,3,0,10,8,7,103,5,5,40,199,2,1,31,0,0,0,39,262,0,0,7311,12784
96,collector,11,deep_sea_temple,深海神殿,46,66,6,1,1,61,61,78,78,75,3,0,9,25,24,1105,5,5,108,1908,29,2,160,23,0,0,100,922,0,0,6747,18185
96,collector,12,demon_gate,魔界門,54,76,7,1,1,78,80,98,76,68,2,6,15,22,21,2517,5,5,103,8455,43,2,235,61,0,0,134,1008,0,0,9599,15304
96,collector,13,sky_ruins,天空遺跡,68,86,7,1,0,98,99,0,249,244,3,2,5,80,80,20536,0,0,329,27790,85,3,260,162,0,0,283,53,0,0,8078,0
97,rush,1,meadow,はじまり草原,1,4,2,1,1,1,2,7,5,3,1,1,1,3,2,28,0,0,8,43,0,0,13,0,0,0,6,8,0,0,230,704
97,rush,2,cave,こだま洞くつ,3,7,2,1,1,7,7,10,8,7,1,0,1,7,6,57,0,0,15,76,0,0,10,0,0,0,21,16,0,0,704,1384
97,rush,3,brook,しずく湖畔,5,10,3,1,1,10,11,14,7,7,0,0,0,5,4,25,0,0,12,41,0,0,7,0,0,0,13,26,0,0,1384,1180
97,rush,4,volcano,ほむら火山,8,14,4,1,1,14,15,22,39,39,0,0,0,36,35,184,0,0,75,313,0,0,7,0,0,0,119,83,0,0,1180,966
97,rush,5,tower,星晶の塔,12,20,5,1,0,22,22,0,86,85,0,1,0,80,80,348,0,0,166,590,0,0,7,0,0,0,266,183,0,0,966,0
97,rush,6,snowfield,霜降り雪原,16,25,4,0,0,0,0,0,0,0,0,0,0,0,0,0,0,0,0,0,0,0,0,0,0,0,0,0,0,0,0,0
97,rush,7,thunder_ruins,雷鳴遺跡,21,31,5,0,0,0,0,0,0,0,0,0,0,0,0,0,0,0,0,0,0,0,0,0,0,0,0,0,0,0,0,0
97,rush,8,prism_sanctuary,虹晶聖域,28,42,6,0,0,0,0,0,0,0,0,0,0,0,0,0,0,0,0,0,0,0,0,0,0,0,0,0,0,0,0,0
97,rush,9,poison_bog,毒霧の沼地,34,48,5,0,0,0,0,0,0,0,0,0,0,0,0,0,0,0,0,0,0,0,0,0,0,0,0,0,0,0,0,0
97,rush,10,machine_city,古代機械都市,39,57,6,0,0,0,0,0,0,0,0,0,0,0,0,0,0,0,0,0,0,0,0,0,0,0,0,0,0,0,0,0
97,rush,11,deep_sea_temple,深海神殿,46,66,6,0,0,0,0,0,0,0,0,0,0,0,0,0,0,0,0,0,0,0,0,0,0,0,0,0,0,0,0,0
97,rush,12,demon_gate,魔界門,54,76,7,0,0,0,0,0,0,0,0,0,0,0,0,0,0,0,0,0,0,0,0,0,0,0,0,0,0,0,0,0
97,rush,13,sky_ruins,天空遺跡,68,86,7,0,0,0,0,0,0,0,0,0,0,0,0,0,0,0,0,0,0,0,0,0,0,0,0,0,0,0,0,0
98,balanced,1,meadow,はじまり草原,1,4,2,1,1,1,2,7,11,7,1,3,5,4,3,43,2,1,17,84,12,3,14,0,0,0,13,6,0,0,230,788
98,balanced,2,cave,こだま洞くつ,3,7,2,1,1,6,7,12,6,5,1,0,3,3,2,40,2,2,11,81,3,1,16,0,0,0,13,19,0,0,1472,2166
98,balanced,3,brook,しずく湖畔,5,10,3,1,1,12,12,13,5,4,1,0,3,2,1,11,2,2,9,37,2,1,9,0,0,0,11,17,0,0,1679,1195
98,balanced,4,volcano,ほむら火山,8,14,4,1,1,13,13,17,8,7,1,0,3,3,2,26,2,2,13,68,2,1,14,0,0,0,18,30,0,0,926,1239
98,balanced,5,tower,星晶の塔,12,20,5,1,1,17,17,20,11,10,1,0,3,4,3,22,2,2,17,54,0,0,7,0,0,0,18,41,0,0,961,1842
98,balanced,6,snowfield,霜降り雪原,16,25,4,1,1,20,21,27,18,18,0,0,6,8,7,72,2,2,28,125,1,1,22,0,0,0,31,97,0,0,1427,3972
98,balanced,7,thunder_ruins,雷鳴遺跡,21,31,5,1,1,27,28,32,15,15,0,0,3,6,5,70,2,2,23,106,1,1,20,0,0,0,23,87,0,0,3077,3064
98,balanced,8,prism_sanctuary,虹晶聖域,28,42,6,1,1,32,33,48,72,71,1,0,3,34,33,184,2,2,108,484,7,1,60,2,0,0,110,445,0,0,2374,4863
98,balanced,9,poison_bog,毒霧の沼地,34,48,5,1,1,48,49,52,9,8,1,0,3,3,2,19,2,2,14,47,1,1,9,0,0,0,15,147,0,0,3767,8011
98,balanced,10,machine_city,古代機械都市,39,57,6,1,1,52,52,63,54,53,1,0,3,25,24,177,2,2,81,289,13,1,18,0,0,0,80,549,0,0,6204,7283
98,balanced,11,deep_sea_temple,深海神殿,46,66,6,1,1,63,64,86,103,101,1,1,4,49,48,564,2,2,154,861,0,0,50,1,0,0,160,1293,0,0,5641,14917
98,balanced,12,demon_gate,魔界門,54,76,7,1,1,86,87,100,75,70,1,4,9,33,32,6310,2,2,110,6673,5,1,352,31,0,0,121,937,0,0,11552,30919
98,balanced,13,sky_ruins,天空遺跡,68,86,7,1,1,100,100,100,16,12,1,3,6,4,3,842,2,2,22,937,1,1,339,3,0,0,27,0,0,0,23944,40492
99,collector,1,meadow,はじまり草原,1,4,2,1,1,1,2,7,15,13,1,1,4,5,4,56,1,0,21,107,8,3,14,0,0,0,11,0,0,0,230,1294
99,collector,2,cave,こだま洞くつ,3,7,2,1,1,7,8,11,8,7,1,0,6,3,2,51,5,2,16,126,2,1,22,0,0,0,11,9,0,0,2072,2539
99,collector,3,brook,しずく湖畔,5,10,3,1,1,12,12,17,15,13,2,0,8,5,4,50,5,5,25,116,3,2,15,0,0,0,27,31,0,0,2499,2655
99,collector,4,volcano,ほむら火山,8,14,4,1,1,17,14,15,4,2,2,0,8,1,0,5,5,5,10,55,0,0,8,0,0,0,19,0,0,0,1403,2426
99,collector,5,tower,星晶の塔,12,20,5,1,1,15,17,21,17,15,2,0,8,5,4,33,5,5,27,149,5,2,39,0,0,0,34,32,0,0,1282,2272
99,collector,6,snowfield,霜降り雪原,16,25,4,1,1,21,21,29,28,25,3,0,9,9,8,260,5,5,42,359,10,2,53,3,0,0,45,89,0,0,1201,5152
99,collector,7,thunder_ruins,雷鳴遺跡,21,31,5,1,1,29,29,32,11,9,2,0,8,3,2,62,5,5,19,123,3,2,36,0,0,0,24,44,0,0,2721,4486
99,collector,8,prism_sanctuary,虹晶聖域,28,42,6,1,1,32,33,49,78,75,0,3,12,24,23,119,5,5,107,2602,29,2,73,36,0,0,137,372,0,0,2369,10379
99,collector,9,poison_bog,毒霧の沼地,34,48,5,1,1,49,49,52,11,8,3,0,10,3,2,18,5,5,19,79,3,2,7,0,0,0,25,93,0,0,5479,14176
99,collector,10,machine_city,古代機械都市,39,57,6,1,1,52,51,64,69,64,2,3,12,21,20,131,5,5,95,1497,50,2,99,12,0,0,154,602,1,0,7482,8305
99,collector,11,deep_sea_temple,深海神殿,46,66,6,1,1,64,60,85,151,124,2,25,33,41,40,4243,5,5,197,6012,53,3,346,39,0,0,264,1360,0,0,4385,10999
99,collector,12,demon_gate,魔界門,54,76,7,1,0,85,85,0,89,72,1,16,18,23,22,6491,0,0,112,12878,47,2,400,59,0,1,189,1053,1,0,5807,0
99,collector,13,sky_ruins,天空遺跡,68,86,7,0,0,0,0,0,0,0,0,0,0,0,0,0,0,0,0,0,0,0,0,0,0,0,0,0,0,0,0,0
100,rush,1,meadow,はじまり草原,1,4,2,1,1,1,3,8,14,10,0,4,3,9,8,39,0,0,23,73,0,0,6,0,0,0,12,10,0,0,230,688
100,rush,2,cave,こだま洞くつ,3,7,2,1,1,8,8,11,7,4,2,1,3,5,4,40,0,0,12,57,0,0,10,0,0,0,15,16,0,0,688,1397
100,rush,3,brook,しずく湖畔,5,10,3,1,1,11,12,14,8,8,0,0,0,6,5,33,0,0,14,45,0,0,7,0,0,0,16,23,0,0,1397,1381
100,rush,4,volcano,ほむら火山,8,14,4,1,1,14,15,19,16,16,0,0,0,13,12,69,0,0,29,98,0,0,7,0,0,0,39,57,0,0,1381,1276
100,rush,5,tower,星晶の塔,12,20,5,1,1,19,20,29,54,54,0,0,0,50,49,241,0,0,104,361,0,0,7,0,0,0,149,128,0,0,1276,1554
100,rush,6,snowfield,霜降り雪原,16,25,4,1,0,29,30,0,84,84,0,0,0,80,80,433,0,0,164,594,0,0,7,0,0,0,241,286,0,0,1554,0
100,rush,7,thunder_ruins,雷鳴遺跡,21,31,5,0,0,0,0,0,0,0,0,0,0,0,0,0,0,0,0,0,0,0,0,0,0,0,0,0,0,0,0,0
100,rush,8,prism_sanctuary,虹晶聖域,28,42,6,0,0,0,0,0,0,0,0,0,0,0,0,0,0,0,0,0,0,0,0,0,0,0,0,0,0,0,0,0
100,rush,9,poison_bog,毒霧の沼地,34,48,5,0,0,0,0,0,0,0,0,0,0,0,0,0,0,0,0,0,0,0,0,0,0,0,0,0,0,0,0,0
100,rush,10,machine_city,古代機械都市,39,57,6,0,0,0,0,0,0,0,0,0,0,0,0,0,0,0,0,0,0,0,0,0,0,0,0,0,0,0,0,0
100,rush,11,deep_sea_temple,深海神殿,46,66,6,0,0,0,0,0,0,0,0,0,0,0,0,0,0,0,0,0,0,0,0,0,0,0,0,0,0,0,0,0
100,rush,12,demon_gate,魔界門,54,76,7,0,0,0,0,0,0,0,0,0,0,0,0,0,0,0,0,0,0,0,0,0,0,0,0,0,0,0,0,0
100,rush,13,sky_ruins,天空遺跡,68,86,7,0,0,0,0,0,0,0,0,0,0,0,0,0,0,0,0,0,0,0,0,0,0,0,0,0,0,0,0,0
101,balanced,1,meadow,はじまり草原,1,4,2,1,1,1,2,7,11,7,1,3,7,4,3,38,2,0,17,88,7,2,13,0,0,0,12,6,0,0,230,786
101,balanced,2,cave,こだま洞くつ,3,7,2,1,1,8,8,11,4,3,1,0,4,2,1,22,2,2,8,58,3,2,15,0,0,0,11,8,0,0,1562,2625
101,balanced,3,brook,しずく湖畔,5,10,3,1,1,11,11,13,5,4,1,0,3,2,1,16,2,2,9,38,0,0,11,0,0,0,10,16,0,0,2033,2144
101,balanced,4,volcano,ほむら火山,8,14,4,1,1,13,13,20,27,25,1,1,5,12,11,79,2,2,41,166,3,1,16,0,0,0,46,64,0,0,1661,1227
101,balanced,5,tower,星晶の塔,12,20,5,1,1,20,19,27,45,44,1,0,3,21,20,107,2,2,68,222,14,3,9,0,0,0,74,100,0,0,951,3084
101,balanced,6,snowfield,霜降り雪原,16,25,4,1,1,27,27,28,6,5,1,0,5,2,1,57,2,2,10,98,5,2,29,0,0,0,14,38,0,0,2389,4271
101,balanced,7,thunder_ruins,雷鳴遺跡,21,31,5,1,1,28,29,33,17,16,1,0,3,7,6,65,2,2,26,117,1,1,15,0,0,0,26,101,0,0,3308,3122
101,balanced,8,prism_sanctuary,虹晶聖域,28,42,6,1,1,33,34,61,161,158,0,3,9,77,76,511,2,2,240,1212,20,1,23,0,0,0,255,922,0,0,2419,7133
101,balanced,9,poison_bog,毒霧の沼地,34,48,5,1,1,61,62,63,7,6,1,0,3,2,1,24,2,2,11,56,1,1,16,0,0,0,11,102,0,0,5525,5829
101,balanced,10,machine_city,古代機械都市,39,57,6,1,1,63,64,67,18,17,1,0,3,7,6,85,2,2,27,140,5,2,18,0,0,0,25,248,0,0,4515,12142
101,balanced,11,deep_sea_temple,深海神殿,46,66,6,1,1,67,67,87,100,97,1,2,7,47,46,467,2,2,149,772,32,1,18,0,0,0,153,1280,0,0,9403,17264
101,balanced,12,demon_gate,魔界門,54,76,7,1,1,87,88,100,99,98,1,0,3,47,46,5978,2,2,148,6281,9,1,181,36,0,0,147,1005,0,0,13370,28438
101,balanced,13,sky_ruins,天空遺跡,68,86,7,1,1,100,100,100,33,32,1,0,3,14,13,803,2,2,49,919,0,0,163,4,0,0,46,0,0,0,22023,40210
102,collector,1,meadow,はじまり草原,1,4,2,1,1,1,3,6,11,10,1,0,6,4,3,38,5,5,20,103,6,2,13,0,0,0,17,1,0,0,230,1038
102,collector,2,cave,こだま洞くつ,3,7,2,1,1,6,7,10,8,7,1,0,6,3,2,43,5,5,16,105,4,3,21,0,0,0,23,4,0,0,550,1971
102,collector,3,brook,しずく湖畔,5,10,3,1,1,10,10,14,18,16,2,0,8,6,5,55,5,5,29,131,6,3,16,0,0,0,33,6,0,0,1042,2639
102,collector,4,volcano,ほむら火山,8,14,4,1,1,14,13,16,13,11,2,0,7,4,3,57,5,5,22,115,7,2,26,0,0,0,26,23,0,0,1394,1875
102,collector,5,tower,星晶の塔,12,20,5,1,1,16,16,21,30,27,2,1,10,9,8,46,5,5,44,151,10,2,8,0,0,0,48,31,0,0,990,2329
102,collector,6,snowfield,霜降り雪原,16,25,4,1,1,21,22,25,10,8,2,0,9,3,2,82,5,5,18,147,4,3,28,0,0,0,24,35,0,0,1231,4443
102,collector,7,thunder_ruins,雷鳴遺跡,21,31,5,1,1,25,28,29,8,7,1,0,8,2,1,13,5,5,15,79,1,1,11,0,0,0,21,30,0,0,2347,5585
102,collector,8,prism_sanctuary,虹晶聖域,28,42,6,1,1,29,30,49,96,91,2,3,13,30,29,193,5,5,131,551,28,3,24,0,0,0,135,477,0,0,2949,6195
102,collector,9,poison_bog,毒霧の沼地,34,48,5,1,1,49,50,52,8,5,3,0,10,2,1,21,5,5,15,78,2,1,13,0,0,0,20,58,0,0,3271,9926
102,collector,10,machine_city,古代機械都市,39,57,6,1,1,52,52,57,21,18,3,0,9,6,5,67,5,5,32,149,6,2,23,0,0,0,32,184,0,0,5240,10161
102,collector,11,deep_sea_temple,深海神殿,46,66,6,1,1,57,57,79,100,94,2,4,14,31,30,1155,5,5,136,1957,36,2,74,21,0,0,136,1066,0,0,5363,12036
102,collector,12,demon_gate,魔界門,54,76,7,1,1,79,78,82,19,10,3,6,18,3,2,223,5,5,27,720,6,2,75,8,0,0,53,146,0,0,6353,20619
102,collector,13,sky_ruins,天空遺跡,68,86,7,1,0,82,80,0,252,244,3,5,10,80,80,18923,0,0,332,19525,78,3,269,80,0,0,269,1372,0,0,10883,0
103,rush,1,meadow,はじまり草原,1,4,2,1,1,1,3,7,9,3,1,5,5,3,2,25,0,0,12,51,0,0,9,0,0,0,10,7,0,0,230,714
103,rush,2,cave,こだま洞くつ,3,7,2,1,1,7,7,10,7,5,1,1,3,5,4,45,0,0,12,68,0,0,10,0,0,0,16,15,0,0,714,1396
103,rush,3,brook,しずく湖畔,5,10,3,1,1,10,11,13,5,5,0,0,0,3,2,19,0,0,8,30,0,0,8,0,0,0,8,25,0,0,1396,1181
103,rush,4,volcano,ほむら火山,8,14,4,1,1,13,14,18,19,19,0,0,0,16,15,92,0,0,35,127,0,0,7,0,0,0,48,45,0,0,1181,1004
103,rush,5,tower,星晶の塔,12,20,5,1,1,18,20,32,82,82,0,0,0,78,77,394,0,0,160,568,0,0,8,0,0,0,233,196,0,0,1004,1488
103,rush,6,snowfield,霜降り雪原,16,25,4,1,1,32,33,40,52,52,0,0,0,49,48,313,0,0,101,451,0,0,8,0,0,0,146,197,0,0,1488,2090
103,rush,7,thunder_ruins,雷鳴遺跡,21,31,5,1,1,40,40,48,57,57,0,0,0,53,52,321,0,0,110,419,0,0,8,0,0,0,158,242,0,0,2090,3785
103,rush,8,prism_sanctuary,虹晶聖域,28,42,6,1,0,48,48,0,89,86,0,3,0,80,80,331,0,0,169,658,0,0,7,0,0,0,289,563,0,0,3785,0
103,rush,9,poison_bog,毒霧の沼地,34,48,5,0,0,0,0,0,0,0,0,0,0,0,0,0,0,0,0,0,0,0,0,0,0,0,0,0,0,0,0,0
103,rush,10,machine_city,古代機械都市,39,57,6,0,0,0,0,0,0,0,0,0,0,0,0,0,0,0,0,0,0,0,0,0,0,0,0,0,0,0,0,0
103,rush,11,deep_sea_temple,深海神殿,46,66,6,0,0,0,0,0,0,0,0,0,0,0,0,0,0,0,0,0,0,0,0,0,0,0,0,0,0,0,0,0
103,rush,12,demon_gate,魔界門,54,76,7,0,0,0,0,0,0,0,0,0,0,0,0,0,0,0,0,0,0,0,0,0,0,0,0,0,0,0,0,0
103,rush,13,sky_ruins,天空遺跡,68,86,7,0,0,0,0,0,0,0,0,0,0,0,0,0,0,0,0,0,0,0,0,0,0,0,0,0,0,0,0,0
104,balanced,1,meadow,はじまり草原,1,4,2,1,1,1,2,6,6,4,2,0,4,3,2,33,2,0,11,66,8,3,12,0,0,0,9,5,0,0,230,912
104,balanced,2,cave,こだま洞くつ,3,7,2,1,1,8,8,11,6,5,1,0,3,3,2,35,2,2,11,69,3,1,12,0,0,0,13,15,0,0,1688,2360
104,balanced,3,brook,しずく湖畔,5,10,3,1,1,11,12,14,7,6,1,0,2,3,2,23,1,0,11,44,0,0,10,0,0,0,9,27,0,0,1828,1195
104,balanced,4,volcano,ほむら火山,8,14,4,1,1,12,12,14,4,3,1,0,6,1,0,5,2,2,7,34,0,0,6,0,0,0,5,0,0,0,1662,3854
104,balanced,5,tower,星晶の塔,12,20,5,1,1,14,15,22,24,22,1,1,5,10,9,63,2,2,36,142,11,2,11,0,0,0,39,91,0,0,2985,1859
104,balanced,6,snowfield,霜降り雪原,16,25,4,1,1,22,22,28,20,19,1,0,5,9,8,155,2,2,31,237,13,2,33,0,0,0,32,81,0,0,1440,2450
104,balanced,7,thunder_ruins,雷鳴遺跡,21,31,5,1,1,28,29,31,7,7,0,0,7,2,1,16,2,2,11,44,2,2,9,0,0,0,11,49,0,0,1898,6486
104,balanced,8,prism_sanctuary,虹晶聖域,28,42,6,1,1,31,32,48,74,73,1,0,4,35,34,195,2,2,111,434,32,2,9,0,0,0,125,491,0,0,5024,4751
104,balanced,9,poison_bog,毒霧の沼地,34,48,5,1,1,48,48,49,5,4,1,0,3,1,0,6,2,2,8,33,0,0,7,0,0,0,8,0,0,0,3680,15667
104,balanced,10,machine_city,古代機械都市,39,57,6,1,1,49,50,54,13,11,1,1,7,4,3,27,2,2,19,86,1,1,8,0,0,0,21,230,0,0,12133,14307
104,balanced,11,deep_sea_temple,深海神殿,46,66,6,1,1,54,56,87,140,138,0,2,10,67,66,477,2,2,209,966,70,3,17,0,0,0,242,1794,0,0,11081,10935
104,balanced,12,demon_gate,魔界門,54,76,7,1,1,87,88,100,55,54,1,0,4,25,24,211,2,2,82,399,30,3,14,0,0,0,97,867,0,0,8469,16491
104,balanced,13,sky_ruins,天空遺跡,68,86,7,1,0,100,100,0,167,166,1,0,2,80,80,641,0,0,247,1050,31,3,11,0,0,0,249,0,0,0,12772,0
105,collector,1,meadow,はじまり草原,1,4,2,1,1,1,2,6,12,9,2,1,4,4,3,52,1,0,17,90,12,2,15,0,0,0,13,0,0,0,230,1026
105,collector,2,cave,こだま洞くつ,3,7,2,1,1,7,7,10,5,3,2,0,6,2,1,24,4,2,11,81,3,1,16,0,0,0,16,6,0,0,1284,3297
105,collector,3,brook,しずく湖畔,5,10,3,1,1,11,9,14,15,13,2,0,7,5,4,30,5,5,25,89,4,1,9,0,0,0,29,22,0,0,2822,1331
105,collector,4,volcano,ほむら火山,8,14,4,1,1,14,13,14,4,1,3,0,9,1,0,5,5,5,10,50,0,0,6,0,0,0,19,0,0,0,704,5120
105,collector,5,tower,星晶の塔,12,20,5,1,1,14,15,22,33,32,0,1,10,10,9,45,5,5,48,174,8,1,19,0,0,0,51,50,0,0,2705,2623
105,collector,6,snowfield,霜降り雪原,16,25,4,1,1,22,22,33,52,50,2,0,7,17,16,582,5,5,74,752,19,2,51,1,0,0,66,151,0,0,1386,2929
105,collector,7,thunder_ruins,雷鳴遺跡,21,31,5,1,1,33,33,34,5,3,2,0,8,1,0,32,5,5,11,81,4,2,32,0,0,0,19,0,0,0,1548,7372
105,collector,8,prism_sanctuary,虹晶聖域,28,42,6,1,1,34,34,60,195,159,3,33,18,53,52,705,5,5,253,3751,56,2,68,15,0,0,271,752,1,0,3892,5541
105,collector,9,poison_bog,毒霧の沼地,34,48,5,1,1,60,60,63,20,17,3,0,9,6,5,52,5,5,31,155,10,2,11,0,0,0,38,173,1,0,2926,11558
105,collector,10,machine_city,古代機械都市,39,57,6,1,1,63,64,70,42,40,2,0,7,13,12,135,5,5,60,429,18,2,51,3,0,0,64,387,0,0,6102,15125
105,collector,11,deep_sea_temple,深海神殿,46,66,6,1,1,70,70,97,168,163,2,3,11,54,53,4860,5,5,227,6580,65,2,214,57,0,0,202,1884,0,0,7984,11214
105,collector,12,demon_gate,魔界門,54,76,7,1,1,97,98,98,9,5,2,2,12,1,0,217,5,5,15,440,1,1,217,2,0,0,28,0,0,0,5919,27444
105,collector,13,sky_ruins,天空遺跡,68,86,7,1,1,98,90,92,12,7,3,2,12,2,1,158,5,5,19,244,0,0,153,1,0,0,31,168,0,0,14484,24058
106,rush,1,meadow,はじまり草原,1,4,2,1,1,1,2,6,6,3,1,2,2,3,2,20,0,0,9,37,0,0,9,0,0,0,7,7,0,0,230,724
106,rush,2,cave,こだま洞くつ,3,7,2,1,1,6,6,11,9,8,1,0,2,8,7,69,0,0,17,93,0,0,11,0,0,0,24,17,0,0,724,1672
106,rush,3,brook,しずく湖畔,5,10,3,1,1,11,11,14,7,7,0,0,0,5,4,31,0,0,12,46,0,0,8,0,0,0,14,26,0,0,1672,1164
106,rush,4,volcano,ほむら火山,8,14,4,1,1,14,15,20,20,20,0,0,0,17,16,92,0,0,37,132,0,0,7,0,0,0,50,61,0,0,1164,1277
106,rush,5,tower,星晶の塔,12,20,5,1,1,20,21,28,45,44,0,1,0,40,39,193,0,0,85,315,0,0,7,0,0,0,127,111,0,0,1277,1534
106,rush,6,snowfield,霜降り雪原,16,25,4,1,0,28,29,0,84,84,0,0,0,80,80,412,0,0,164,610,0,0,8,0,0,0,243,289,0,0,1534,0
106,rush,7,thunder_ruins,雷鳴遺跡,21,31,5,0,0,0,0,0,0,0,0,0,0,0,0,0,0,0,0,0,0,0,0,0,0,0,0,0,0,0,0,0
106,rush,8,prism_sanctuary,虹晶聖域,28,42,6,0,0,0,0,0,0,0,0,0,0,0,0,0,0,0,0,0,0,0,0,0,0,0,0,0,0,0,0,0
106,rush,9,poison_bog,毒霧の沼地,34,48,5,0,0,0,0,0,0,0,0,0,0,0,0,0,0,0,0,0,0,0,0,0,0,0,0,0,0,0,0,0
106,rush,10,machine_city,古代機械都市,39,57,6,0,0,0,0,0,0,0,0,0,0,0,0,0,0,0,0,0,0,0,0,0,0,0,0,0,0,0,0,0
106,rush,11,deep_sea_temple,深海神殿,46,66,6,0,0,0,0,0,0,0,0,0,0,0,0,0,0,0,0,0,0,0,0,0,0,0,0,0,0,0,0,0
106,rush,12,demon_gate,魔界門,54,76,7,0,0,0,0,0,0,0,0,0,0,0,0,0,0,0,0,0,0,0,0,0,0,0,0,0,0,0,0,0
106,rush,13,sky_ruins,天空遺跡,68,86,7,0,0,0,0,0,0,0,0,0,0,0,0,0,0,0,0,0,0,0,0,0,0,0,0,0,0,0,0,0
107,balanced,1,meadow,はじまり草原,1,4,2,1,1,1,3,6,4,2,2,0,4,2,1,18,2,0,8,56,4,3,15,0,0,0,10,3,0,0,230,1062
107,balanced,2,cave,こだま洞くつ,3,7,2,1,1,7,8,10,4,3,1,0,3,2,1,19,2,2,8,42,3,1,12,0,0,0,11,10,0,0,2338,2857
107,balanced,3,brook,しずく湖畔,5,10,3,1,1,10,10,13,7,6,1,0,3,3,2,20,2,2,12,45,0,0,9,0,0,0,12,20,0,0,2214,1661
107,balanced,4,volcano,ほむら火山,8,14,4,1,1,13,12,15,6,5,1,0,3,2,1,13,2,2,10,37,0,0,8,0,0,0,12,11,0,0,1287,2695
107,balanced,5,tower,星晶の塔,12,20,5,1,1,15,16,25,43,41,0,2,9,19,18,89,2,2,64,274,6,1,9,0,0,0,82,100,0,0,2088,4283
107,balanced,6,snowfield,霜降り雪原,16,25,4,1,1,25,26,35,46,45,1,0,6,22,21,138,2,2,70,254,15,2,9,0,0,0,74,187,0,0,3318,2417
107,balanced,7,thunder_ruins,雷鳴遺跡,21,31,5,1,1,35,35,41,37,36,1,0,4,17,16,160,2,2,56,234,20,2,16,0,0,0,56,149,0,0,1872,3034
107,balanced,8,prism_sanctuary,虹晶聖域,28,42,6,1,1,41,41,61,132,131,1,0,3,64,63,307,2,2,198,661,56,5,9,0,1,0,213,775,0,0,2350,7179
107,balanced,9,poison_bog,毒霧の沼地,34,48,5,1,1,61,61,62,5,4,1,0,3,1,0,6,2,2,8,26,1,1,6,0,0,0,8,0,0,0,5560,12014
107,balanced,10,machine_city,古代機械都市,39,57,6,1,1,62,63,68,24,23,1,0,3,10,9,59,2,2,36,122,11,2,8,0,0,0,37,368,0,0,9305,12207
107,balanced,11,deep_sea_temple,深海神殿,46,66,6,1,1,68,68,70,10,7,1,2,6,2,1,16,2,2,14,72,1,1,9,0,0,0,18,164,0,0,9454,18031
107,balanced,12,demon_gate,魔界門,54,76,7,1,1,70,70,78,26,22,1,3,10,9,8,708,2,2,37,822,10,1,83,9,0,0,48,507,0,0,13964,14335
107,balanced,13,sky_ruins,天空遺跡,68,86,7,1,1,78,74,78,12,10,1,1,7,3,2,118,2,2,17,175,0,0,90,1,0,0,17,280,0,0,11102,19248
108,collector,1,meadow,はじまり草原,1,4,2,1,1,1,2,7,21,16,1,4,5,6,5,60,2,0,29,149,17,5,16,0,1,0,17,0,0,0,230,1194
108,collector,2,cave,こだま洞くつ,3,7,2,1,1,9,9,13,14,13,1,0,3,5,4,77,1,0,20,117,15,3,22,0,0,0,16,25,0,0,2820,1313
108,collector,3,brook,しずく湖畔,5,10,3,1,1,11,11,15,21,18,3,0,8,7,6,67,5,5,33,162,4,1,24,0,0,0,34,21,0,0,1447,1615
108,collector,4,volcano,ほむら火山,8,14,4,1,1,15,13,17,13,10,3,0,9,4,3,23,5,5,22,103,0,0,23,0,0,0,27,19,0,0,854,2828
108,collector,5,tower,星晶の塔,12,20,5,1,1,17,17,19,11,9,2,0,8,3,2,14,5,5,19,69,2,1,7,0,0,0,26,19,0,0,1495,2332
108,collector,6,snowfield,霜降り雪原,16,25,4,1,1,19,20,32,59,57,1,1,10,19,18,147,5,5,83,370,10,2,31,0,0,0,77,153,0,0,1233,2920
108,collector,7,thunder_ruins,雷鳴遺跡,21,31,5,1,1,32,32,36,17,15,2,0,7,5,4,27,5,5,27,81,4,2,7,0,0,0,28,64,0,0,1543,5827
108,collector,8,prism_sanctuary,虹晶聖域,28,42,6,1,1,36,36,53,103,98,1,4,14,32,31,162,5,5,140,525,28,2,27,0,0,0,144,489,0,0,3077,5543
108,collector,9,poison_bog,毒霧の沼地,34,48,5,1,1,53,52,55,14,11,3,0,10,4,3,22,5,5,23,123,15,2,9,0,0,0,36,142,1,0,2926,11488
108,collector,10,machine_city,古代機械都市,39,57,6,1,1,55,56,66,54,54,0,0,11,17,16,101,5,5,76,327,38,2,10,0,0,0,93,494,0,0,6065,15156
108,collector,11,deep_sea_temple,深海神殿,46,66,6,1,1,66,62,78,74,67,2,5,14,22,21,663,5,5,101,1701,29,2,72,14,0,0,133,764,1,0,8001,11114
108,collector,12,demon_gate,魔界門,54,76,7,1,1,78,78,88,37,35,2,0,10,11,10,890,5,5,53,2317,13,2,88,28,0,0,68,629,0,0,5867,15412
108,collector,13,sky_ruins,天空遺跡,68,86,7,1,1,88,90,100,97,96,1,0,11,31,30,3311,5,5,133,4076,48,2,122,36,0,0,121,840,0,0,8135,45703
109,rush,1,meadow,はじまり草原,1,4,2,1,1,1,3,6,3,2,1,0,1,2,1,15,0,0,5,24,0,0,8,0,0,0,3,5,0,0,230,823
109,rush,2,cave,こだま洞くつ,3,7,2,1,1,6,6,10,8,7,1,0,1,7,6,57,0,0,15,79,0,0,10,0,0,0,22,16,0,0,823,1382
109,rush,3,brook,しずく湖畔,5,10,3,1,1,10,11,15,9,9,0,0,0,7,6,42,0,0,16,60,0,0,7,0,0,0,20,30,0,0,1382,1155
109,rush,4,volcano,ほむら火山,8,14,4,1,1,15,15,19,13,13,0,0,0,10,9,58,0,0,23,78,0,0,7,0,0,0,29,41,0,0,1155,973
109,rush,5,tower,星晶の塔,12,20,5,1,1,19,20,29,57,57,0,0,0,53,52,266,0,0,110,397,0,0,7,0,0,0,159,146,0,0,973,1525
109,rush,6,snowfield,霜降り雪原,16,25,4,1,0,29,30,0,84,84,0,0,0,80,80,427,0,0,164,609,0,0,9,0,0,0,241,288,0,0,1525,0
109,rush,7,thunder_ruins,雷鳴遺跡,21,31,5,0,0,0,0,0,0,0,0,0,0,0,0,0,0,0,0,0,0,0,0,0,0,0,0,0,0,0,0,0
109,rush,8,prism_sanctuary,虹晶聖域,28,42,6,0,0,0,0,0,0,0,0,0,0,0,0,0,0,0,0,0,0,0,0,0,0,0,0,0,0,0,0,0
109,rush,9,poison_bog,毒霧の沼地,34,48,5,0,0,0,0,0,0,0,0,0,0,0,0,0,0,0,0,0,0,0,0,0,0,0,0,0,0,0,0,0
109,rush,10,machine_city,古代機械都市,39,57,6,0,0,0,0,0,0,0,0,0,0,0,0,0,0,0,0,0,0,0,0,0,0,0,0,0,0,0,0,0
109,rush,11,deep_sea_temple,深海神殿,46,66,6,0,0,0,0,0,0,0,0,0,0,0,0,0,0,0,0,0,0,0,0,0,0,0,0,0,0,0,0,0
109,rush,12,demon_gate,魔界門,54,76,7,0,0,0,0,0,0,0,0,0,0,0,0,0,0,0,0,0,0,0,0,0,0,0,0,0,0,0,0,0
109,rush,13,sky_ruins,天空遺跡,68,86,7,0,0,0,0,0,0,0,0,0,0,0,0,0,0,0,0,0,0,0,0,0,0,0,0,0,0,0,0,0
110,balanced,1,meadow,はじまり草原,1,4,2,1,1,1,2,6,6,4,2,0,4,3,2,34,2,0,11,68,8,3,15,0,0,0,7,5,0,0,230,911
110,balanced,2,cave,こだま洞くつ,3,7,2,1,1,8,9,11,4,3,1,0,3,2,1,40,2,2,8,71,6,3,26,0,0,0,10,12,0,0,1867,2589
110,balanced,3,brook,しずく湖畔,5,10,3,1,1,11,11,15,9,8,1,0,3,4,3,27,2,2,15,67,0,0,12,0,0,0,17,34,0,0,2006,1189
110,balanced,4,volcano,ほむら火山,8,14,4,1,1,15,15,22,38,37,1,0,3,18,17,173,2,2,58,251,6,2,18,0,0,0,60,69,0,0,922,1203
110,balanced,5,tower,星晶の塔,12,20,5,1,1,22,22,32,65,65,0,0,7,31,30,146,2,2,98,287,11,2,8,0,0,0,100,143,0,0,932,3056
110,balanced,6,snowfield,霜降り雪原,16,25,4,1,1,32,32,39,52,51,1,0,5,25,24,259,2,2,79,377,7,1,24,0,0,0,81,198,0,0,2368,2398
110,balanced,7,thunder_ruins,雷鳴遺跡,21,31,5,1,1,39,39,42,23,22,1,0,4,10,9,64,2,2,35,107,6,2,8,0,0,0,35,97,0,0,1858,3169
110,balanced,8,prism_sanctuary,虹晶聖域,28,42,6,1,1,42,42,63,166,159,1,6,6,78,77,377,2,2,246,1069,58,3,46,0,0,0,309,934,0,0,2455,7030
110,balanced,9,poison_bog,毒霧の沼地,34,48,5,1,1,63,64,66,11,10,1,0,6,4,3,39,2,2,17,81,4,1,15,0,0,0,17,195,0,0,5445,5917
110,balanced,10,machine_city,古代機械都市,39,57,6,1,1,66,67,69,14,13,1,0,3,5,4,25,2,2,21,69,5,1,6,0,0,0,22,165,0,0,4583,12049
110,balanced,11,deep_sea_temple,深海神殿,46,66,6,1,1,69,66,89,113,111,1,1,4,54,53,446,2,2,169,825,24,2,28,0,0,0,176,1441,0,0,9332,17001
110,balanced,12,demon_gate,魔界門,54,76,7,1,1,89,90,100,125,124,1,0,4,60,59,6887,2,2,187,7309,31,2,154,47,0,0,185,850,0,0,13166,29560
110,balanced,13,sky_ruins,天空遺跡,68,86,7,1,1,100,100,100,17,16,1,0,3,6,5,901,2,2,25,965,2,2,181,5,0,0,23,0,0,0,22892,43122
111,collector,1,meadow,はじまり草原,1,4,2,1,1,1,3,9,29,26,0,3,1,9,8,76,1,0,39,160,18,2,11,0,0,0,11,2,0,0,230,1130
111,collector,2,cave,こだま洞くつ,3,7,2,1,1,9,5,9,8,6,2,0,3,3,2,38,1,0,12,67,2,1,16,0,0,0,4,8,0,0,2028,2464
111,collector,3,brook,しずく湖畔,5,10,3,1,1,10,11,13,6,3,3,0,8,2,1,21,5,5,13,73,2,1,15,0,0,0,20,8,0,0,2598,3258
111,collector,4,volcano,ほむら火山,8,14,4,1,1,13,11,16,24,19,3,2,11,7,6,76,5,5,36,211,3,1,17,0,0,0,46,26,1,0,1722,1643
111,collector,5,tower,星晶の塔,12,20,5,1,1,16,16,24,49,46,1,2,9,15,14,182,5,5,69,569,7,1,27,0,0,0,84,48,0,0,869,3501
111,collector,6,snowfield,霜降り雪原,16,25,4,1,1,24,24,34,56,52,3,1,9,18,17,1080,5,5,79,1265,10,2,78,12,0,0,73,163,0,0,1849,2899
111,collector,7,thunder_ruins,雷鳴遺跡,21,31,5,1,1,34,35,41,47,46,1,0,8,15,14,1262,5,5,67,1387,29,2,94,14,0,0,61,135,0,0,1532,4267
111,collector,8,prism_sanctuary,虹晶聖域,28,42,6,1,1,41,42,67,362,191,1,170,139,63,62,1596,5,5,430,5161,59,2,75,17,0,0,563,935,1,0,2253,7715
111,collector,9,poison_bog,毒霧の沼地,34,48,5,1,1,67,67,70,29,26,3,0,8,9,8,471,5,5,43,563,3,1,100,6,0,0,42,243,0,0,4073,6663
111,collector,10,machine_city,古代機械都市,39,57,6,1,1,70,71,82,94,91,2,1,10,30,29,2470,5,5,129,2759,32,2,168,24,0,0,107,787,0,0,3518,13029
111,collector,11,deep_sea_temple,深海神殿,46,66,6,1,0,82,83,0,64,58,2,4,7,19,19,1812,0,0,83,2368,20,2,128,24,0,0,75,723,0,0,6879,0
111,collector,12,demon_gate,魔界門,54,76,7,0,0,0,0,0,0,0,0,0,0,0,0,0,0,0,0,0,0,0,0,0,0,0,0,0,0,0,0,0
111,collector,13,sky_ruins,天空遺跡,68,86,7,0,0,0,0,0,0,0,0,0,0,0,0,0,0,0,0,0,0,0,0,0,0,0,0,0,0,0,0,0
112,rush,1,meadow,はじまり草原,1,4,2,1,1,1,2,7,6,4,1,1,3,4,3,30,0,0,10,48,0,0,9,0,0,0,8,8,0,0,230,697
112,rush,2,cave,こだま洞くつ,3,7,2,1,1,7,7,12,10,9,1,0,1,9,8,85,0,0,19,110,0,0,12,0,0,0,26,21,0,0,697,1380
112,rush,3,brook,しずく湖畔,5,10,3,1,1,12,12,13,3,3,0,0,0,1,0,7,0,0,4,12,0,0,7,0,0,0,2,0,0,0,1380,2520
112,rush,4,volcano,ほむら火山,8,14,4,1,1,13,14,20,22,22,0,0,0,19,18,109,0,0,41,166,0,0,7,0,0,0,57,80,0,0,2520,1261
112,rush,5,tower,星晶の塔,12,20,5,1,1,20,21,32,81,81,0,0,0,77,76,376,0,0,158,550,0,0,7,0,0,0,230,182,0,0,1261,1498
112,rush,6,snowfield,霜降り雪原,16,25,4,1,1,32,33,38,34,34,0,0,0,31,30,188,0,0,65,253,0,0,8,0,0,0,92,140,0,0,1498,2595
112,rush,7,thunder_ruins,雷鳴遺跡,21,31,5,1,0,38,38,0,85,85,0,0,0,80,80,437,0,0,165,596,0,0,7,0,0,0,240,355,0,0,2595,0
112,rush,8,prism_sanctuary,虹晶聖域,28,42,6,0,0,0,0,0,0,0,0,0,0,0,0,0,0,0,0,0,0,0,0,0,0,0,0,0,0,0,0,0
112,rush,9,poison_bog,毒霧の沼地,34,48,5,0,0,0,0,0,0,0,0,0,0,0,0,0,0,0,0,0,0,0,0,0,0,0,0,0,0,0,0,0
112,rush,10,machine_city,古代機械都市,39,57,6,0,0,0,0,0,0,0,0,0,0,0,0,0,0,0,0,0,0,0,0,0,0,0,0,0,0,0,0,0
112,rush,11,deep_sea_temple,深海神殿,46,66,6,0,0,0,0,0,0,0,0,0,0,0,0,0,0,0,0,0,0,0,0,0,0,0,0,0,0,0,0,0
112,rush,12,demon_gate,魔界門,54,76,7,0,0,0,0,0,0,0,0,0,0,0,0,0,0,0,0,0,0,0,0,0,0,0,0,0,0,0,0,0
112,rush,13,sky_ruins,天空遺跡,68,86,7,0,0,0,0,0,0,0,0,0,0,0,0,0,0,0,0,0,0,0,0,0,0,0,0,0,0,0,0,0
113,balanced,1,meadow,はじまり草原,1,4,2,1,1,1,3,7,6,5,1,0,2,3,2,26,1,0,10,46,4,2,11,0,0,0,6,6,0,0,230,875
113,balanced,2,cave,こだま洞くつ,3,7,2,1,1,7,7,11,6,5,1,0,3,3,2,44,2,1,11,86,6,2,20,0,0,0,12,15,0,0,953,2540
113,balanced,3,brook,しずく湖畔,5,10,3,1,1,11,12,14,5,4,1,0,3,2,1,13,2,2,9,35,2,2,7,0,0,0,10,18,0,0,2370,2188
113,balanced,4,volcano,ほむら火山,8,14,4,1,1,14,13,15,6,5,1,0,3,2,1,16,2,2,10,40,3,2,8,0,0,0,12,14,0,0,1695,2017
113,balanced,5,tower,星晶の塔,12,20,5,1,1,15,15,19,11,10,1,0,6,4,3,21,2,2,17,68,2,2,7,0,0,0,21,47,0,0,1562,3932
113,balanced,6,snowfield,霜降り雪原,16,25,4,1,1,19,20,26,16,16,0,0,6,7,6,72,2,2,25,123,3,1,40,0,0,0,32,115,0,0,3046,2739
113,balanced,7,thunder_ruins,雷鳴遺跡,21,31,5,1,1,26,26,30,19,18,1,0,4,8,7,84,2,2,29,132,6,1,21,0,0,0,30,83,0,0,2122,3105
113,balanced,8,prism_sanctuary,虹晶聖域,28,42,6,1,1,30,36,47,58,55,1,2,7,26,25,150,2,2,86,327,10,1,12,0,0,0,104,335,0,0,2406,7080
113,balanced,9,poison_bog,毒霧の沼地,34,48,5,1,1,47,48,48,5,4,1,0,6,1,0,6,2,2,8,40,0,0,7,0,0,0,12,0,0,0,5484,11975
113,balanced,10,machine_city,古代機械都市,39,57,6,1,1,48,50,60,43,42,0,1,9,19,18,115,2,2,64,240,17,2,11,0,0,0,74,523,0,0,9274,12132
113,balanced,11,deep_sea_temple,深海神殿,46,66,6,1,1,60,59,79,86,85,1,0,3,41,40,1943,2,2,129,2165,38,1,74,31,0,0,133,1136,0,0,9396,17011
113,balanced,12,demon_gate,魔界門,54,76,7,1,1,79,81,92,42,40,1,1,6,18,17,3071,2,2,62,3970,22,1,188,25,0,0,76,846,0,0,13174,14144
113,balanced,13,sky_ruins,天空遺跡,68,86,7,1,1,92,92,100,55,54,1,0,4,25,24,7785,2,2,82,7966,5,1,377,25,0,0,82,766,0,0,10954,32577
114,collector,1,meadow,はじまり草原,1,4,2,1,1,1,3,7,15,13,1,1,4,5,4,56,2,1,22,113,8,2,16,0,0,0,14,0,0,0,230,1332
114,collector,2,cave,こだま洞くつ,3,7,2,1,1,7,7,11,8,7,1,0,4,3,2,56,2,1,13,99,1,1,21,0,0,0,12,9,0,0,1251,2285
114,collector,3,brook,しずく湖畔,5,10,3,1,1,9,9,14,15,13,2,0,7,5,4,42,5,5,25,108,3,1,15,0,0,0,29,21,0,0,2385,2214
114,collector,4,volcano,ほむら火山,8,14,4,1,1,14,12,16,13,10,3,0,9,4,3,25,5,5,22,92,5,2,7,0,0,0,29,19,0,0,1171,1592
114,collector,5,tower,星晶の塔,12,20,5,1,1,16,15,23,35,34,1,0,9,11,10,61,5,5,51,169,17,2,8,0,0,0,53,44,0,0,842,3516
114,collector,6,snowfield,霜降り雪原,16,25,4,1,1,23,22,28,22,20,2,0,9,7,6,187,5,5,34,294,10,3,33,0,0,0,38,84,0,0,1858,3407
114,collector,7,thunder_ruins,雷鳴遺跡,21,31,5,1,1,28,29,34,26,25,1,0,7,8,7,101,5,5,39,178,8,2,24,0,0,0,38,80,0,0,1801,3616
114,collector,8,prism_sanctuary,虹晶聖域,28,42,6,1,1,34,35,55,110,108,0,2,11,35,34,257,5,5,150,786,16,2,18,0,0,0,134,555,0,0,1911,7792
114,collector,9,poison_bog,毒霧の沼地,34,48,5,1,1,55,55,56,5,3,2,0,8,1,0,20,5,5,11,72,1,1,20,0,0,0,17,0,0,0,4114,14136
114,collector,10,machine_city,古代機械都市,39,57,6,1,1,56,55,65,59,55,2,2,13,18,17,68,5,5,82,252,16,2,9,0,0,0,63,505,1,0,7462,13015
114,collector,11,deep_sea_temple,深海神殿,46,66,6,1,1,65,61,90,138,131,1,6,14,43,42,2458,5,5,186,3197,37,3,83,39,0,0,165,1458,0,0,6871,18161
114,collector,12,demon_gate,魔界門,54,76,7,1,1,90,91,92,15,5,2,8,16,1,0,78,5,5,21,206,2,2,78,1,0,0,45,0,0,0,9586,20462
114,collector,13,sky_ruins,天空遺跡,68,86,7,1,1,92,89,91,15,7,3,5,14,2,1,159,5,5,22,348,1,1,80,3,0,0,39,123,0,0,10801,20845
115,rush,1,meadow,はじまり草原,1,4,2,1,1,1,3,6,4,1,2,1,3,2,1,19,0,0,6,32,0,0,10,0,0,0,5,5,0,0,230,780
115,rush,2,cave,こだま洞くつ,3,7,2,1,1,6,6,11,10,10,0,0,0,9,8,62,0,0,19,88,0,0,8,0,0,0,26,20,0,0,780,1670
115,rush,3,brook,しずく湖畔,5,10,3,1,1,11,12,14,5,5,0,0,0,3,2,18,0,0,8,30,0,0,7,0,0,0,9,25,0,0,1670,1150
115,rush,4,volcano,ほむら火山,8,14,4,1,1,14,15,24,54,53,0,1,0,50,49,249,0,0,104,402,0,0,7,0,0,0,164,95,0,0,1150,1317
115,rush,5,tower,星晶の塔,12,20,5,1,0,24,24,0,85,85,0,0,0,80,80,357,0,0,165,562,0,0,7,0,0,0,265,188,0,0,1317,0
115,rush,6,snowfield,霜降り雪原,16,25,4,0,0,0,0,0,0,0,0,0,0,0,0,0,0,0,0,0,0,0,0,0,0,0,0,0,0,0,0,0
115,rush,7,thunder_ruins,雷鳴遺跡,21,31,5,0,0,0,0,0,0,0,0,0,0,0,0,0,0,0,0,0,0,0,0,0,0,0,0,0,0,0,0,0
115,rush,8,prism_sanctuary,虹晶聖域,28,42,6,0,0,0,0,0,0,0,0,0,0,0,0,0,0,0,0,0,0,0,0,0,0,0,0,0,0,0,0,0
115,rush,9,poison_bog,毒霧の沼地,34,48,5,0,0,0,0,0,0,0,0,0,0,0,0,0,0,0,0,0,0,0,0,0,0,0,0,0,0,0,0,0
115,rush,10,machine_city,古代機械都市,39,57,6,0,0,0,0,0,0,0,0,0,0,0,0,0,0,0,0,0,0,0,0,0,0,0,0,0,0,0,0,0
115,rush,11,deep_sea_temple,深海神殿,46,66,6,0,0,0,0,0,0,0,0,0,0,0,0,0,0,0,0,0,0,0,0,0,0,0,0,0,0,0,0,0
115,rush,12,demon_gate,魔界門,54,76,7,0,0,0,0,0,0,0,0,0,0,0,0,0,0,0,0,0,0,0,0,0,0,0,0,0,0,0,0,0
115,rush,13,sky_ruins,天空遺跡,68,86,7,0,0,0,0,0,0,0,0,0,0,0,0,0,0,0,0,0,0,0,0,0,0,0,0,0,0,0,0,0
116,balanced,1,meadow,はじまり草原,1,4,2,1,1,1,2,7,6,5,1,0,2,3,2,29,1,0,10,49,5,2,14,0,0,0,6,6,0,0,230,868
116,balanced,2,cave,こだま洞くつ,3,7,2,1,1,7,5,10,8,7,1,0,3,4,3,51,2,0,14,122,10,3,20,0,0,0,8,12,0,0,946,2522
116,balanced,3,brook,しずく湖畔,5,10,3,1,1,11,11,13,5,4,1,0,3,2,1,11,2,2,9,28,0,0,6,0,0,0,10,9,0,0,2790,3269
116,balanced,4,volcano,ほむら火山,8,14,4,1,1,13,14,20,22,21,1,0,3,10,9,93,2,2,34,144,15,2,16,0,0,0,35,69,0,0,2532,2459
116,balanced,5,tower,星晶の塔,12,20,5,1,1,20,19,25,27,26,1,0,5,12,11,62,2,2,41,127,11,2,9,0,0,0,44,80,0,0,1905,2774
116,balanced,6,snowfield,霜降り雪原,16,25,4,1,1,25,25,28,10,9,1,0,3,4,3,91,2,2,16,129,3,2,33,0,0,0,19,69,0,0,2149,2357
116,balanced,7,thunder_ruins,雷鳴遺跡,21,31,5,1,1,28,28,36,33,32,1,0,4,15,14,140,2,2,50,213,5,2,20,0,0,0,51,137,0,0,1826,5241
116,balanced,8,prism_sanctuary,虹晶聖域,28,42,6,1,1,36,37,49,64,61,1,2,6,29,28,177,2,2,95,350,15,3,10,0,0,0,104,386,0,0,4060,4923
116,balanced,9,poison_bog,毒霧の沼地,34,48,5,1,1,49,50,52,11,10,1,0,6,4,3,39,2,2,17,83,1,1,13,0,0,0,17,126,0,0,3814,10637
116,balanced,10,machine_city,古代機械都市,39,57,6,1,1,52,54,66,62,61,1,0,3,29,28,293,2,2,93,418,22,2,25,0,0,0,93,702,0,0,8238,14044
116,balanced,11,deep_sea_temple,深海神殿,46,66,6,1,1,66,66,80,66,65,1,0,3,31,30,1112,2,2,99,1279,10,1,71,14,0,0,100,912,0,0,10876,10101
116,balanced,12,demon_gate,魔界門,54,76,7,1,1,80,81,84,11,10,1,0,3,3,2,215,2,2,16,393,2,1,72,5,0,0,18,226,0,0,7823,14354
116,balanced,13,sky_ruins,天空遺跡,68,86,7,1,1,84,86,100,64,58,1,5,11,27,26,2165,2,2,93,2364,20,1,86,27,0,0,109,1148,0,0,11117,21084
117,collector,1,meadow,はじまり草原,1,4,2,1,1,1,2,6,9,7,1,1,3,3,2,19,1,0,13,48,4,2,9,0,0,0,7,1,0,0,230,1150
117,collector,2,cave,こだま洞くつ,3,7,2,1,1,6,5,10,11,9,2,0,5,4,3,63,3,2,18,148,13,3,21,0,0,0,12,12,0,0,1228,2207
117,collector,3,brook,しずく湖畔,5,10,3,1,1,11,11,12,3,1,2,0,8,1,0,6,5,5,9,53,4,4,10,0,0,0,18,0,0,0,2104,2994
117,collector,4,volcano,ほむら火山,8,14,4,1,1,12,9,14,14,9,4,1,10,4,3,29,5,5,23,115,2,1,11,0,0,0,33,20,0,0,1582,2952
117,collector,5,tower,星晶の塔,12,20,5,1,1,14,14,19,17,15,2,0,8,5,4,24,5,5,27,102,3,1,10,0,0,0,33,21,0,0,1560,3541
117,collector,6,snowfield,霜降り雪原,16,25,4,1,1,19,21,29,34,32,2,0,9,11,10,267,5,5,50,406,11,2,28,0,0,0,49,113,0,0,1870,2955
117,collector,7,thunder_ruins,雷鳴遺跡,21,31,5,1,1,29,30,33,17,15,2,0,8,5,4,131,5,5,27,358,5,1,35,0,0,0,37,54,1,0,1562,3641
117,collector,8,prism_sanctuary,虹晶聖域,28,42,6,1,1,33,34,52,112,102,0,10,16,33,32,242,5,5,150,2757,39,2,51,5,0,0,232,491,0,0,1924,7798
117,collector,9,poison_bog,毒霧の沼地,34,48,5,1,1,52,52,54,8,4,4,0,9,2,1,14,5,5,15,65,1,1,9,0,0,0,20,43,0,0,4118,10775
117,collector,10,machine_city,古代機械都市,39,57,6,1,1,54,55,62,39,37,2,0,11,12,11,97,5,5,56,212,5,1,11,0,0,0,51,360,0,0,5688,13220
117,collector,11,deep_sea_temple,深海神殿,46,66,6,1,1,62,63,87,122,116,1,5,14,38,37,1505,5,5,165,6165,67,2,167,60,0,0,192,1311,0,0,6978,18105
117,collector,12,demon_gate,魔界門,54,76,7,1,1,87,85,88,24,19,3,2,11,6,5,513,5,5,35,3146,22,2,187,23,0,0,66,386,0,0,9557,16602
117,collector,13,sky_ruins,天空遺跡,68,86,7,1,0,88,89,0,255,245,2,8,13,80,80,17613,0,0,335,18335,80,2,227,82,0,0,275,767,0,0,8764,0
118,rush,1,meadow,はじまり草原,1,4,2,1,1,1,3,9,15,15,0,0,1,14,13,66,0,0,29,95,0,0,5,0,0,0,13,11,0,0,230,972
118,rush,2,cave,こだま洞くつ,3,7,2,1,1,9,9,12,5,2,2,1,3,3,2,21,0,0,8,35,0,0,9,0,0,0,9,25,0,0,972,681
118,rush,3,brook,しずく湖畔,5,10,3,1,1,12,12,15,10,10,0,0,0,8,7,46,0,0,18,64,0,0,7,0,0,0,22,14,0,0,681,1372
118,rush,4,volcano,ほむら火山,8,14,4,1,1,15,15,20,21,21,0,0,0,18,17,96,0,0,39,143,0,0,7,0,0,0,53,65,0,0,1372,990
118,rush,5,tower,星晶の塔,12,20,5,1,1,20,21,32,84,83,0,1,0,79,78,383,0,0,163,610,0,0,7,0,0,0,247,182,0,0,990,1549
118,rush,6,snowfield,霜降り雪原,16,25,4,1,1,32,33,41,65,65,0,0,0,62,61,353,0,0,127,492,0,0,7,0,0,0,185,230,0,0,1549,2042
118,rush,7,thunder_ruins,雷鳴遺跡,21,31,5,1,0,41,42,0,85,85,0,0,0,80,80,406,0,0,165,568,0,0,7,0,0,0,240,346,0,0,2042,0
118,rush,8,prism_sanctuary,虹晶聖域,28,42,6,0,0,0,0,0,0,0,0,0,0,0,0,0,0,0,0,0,0,0,0,0,0,0,0,0,0,0,0,0
118,rush,9,poison_bog,毒霧の沼地,34,48,5,0,0,0,0,0,0,0,0,0,0,0,0,0,0,0,0,0,0,0,0,0,0,0,0,0,0,0,0,0
118,rush,10,machine_city,古代機械都市,39,57,6,0,0,0,0,0,0,0,0,0,0,0,0,0,0,0,0,0,0,0,0,0,0,0,0,0,0,0,0,0
118,rush,11,deep_sea_temple,深海神殿,46,66,6,0,0,0,0,0,0,0,0,0,0,0,0,0,0,0,0,0,0,0,0,0,0,0,0,0,0,0,0,0
118,rush,12,demon_gate,魔界門,54,76,7,0,0,0,0,0,0,0,0,0,0,0,0,0,0,0,0,0,0,0,0,0,0,0,0,0,0,0,0,0
118,rush,13,sky_ruins,天空遺跡,68,86,7,0,0,0,0,0,0,0,0,0,0,0,0,0,0,0,0,0,0,0,0,0,0,0,0,0,0,0,0,0
119,balanced,1,meadow,はじまり草原,1,4,2,1,1,1,2,6,6,4,2,0,3,3,2,46,1,0,10,67,15,3,20,0,0,0,9,5,0,0,230,910
119,balanced,2,cave,こだま洞くつ,3,7,2,1,1,7,5,10,6,5,1,0,2,3,2,38,1,0,10,68,6,2,16,0,0,0,5,11,0,0,1168,2801
119,balanced,3,brook,しずく湖畔,5,10,3,1,1,11,11,13,5,4,1,0,4,2,1,10,2,2,9,31,3,2,7,0,0,0,7,13,0,0,3435,3192
119,balanced,4,volcano,ほむら火山,8,14,4,1,1,13,10,14,12,11,1,0,3,5,4,23,2,2,19,53,5,1,6,0,0,0,13,36,0,0,2472,1240
119,balanced,5,tower,星晶の塔,12,20,5,1,1,14,16,27,47,46,1,0,5,22,21,136,2,2,71,303,5,2,15,0,0,0,71,127,0,0,961,3028
119,balanced,6,snowfield,霜降り雪原,16,25,4,1,1,27,27,31,14,13,1,0,3,6,5,78,2,2,22,120,8,2,20,0,0,0,21,84,0,0,2346,2394
119,balanced,7,thunder_ruins,雷鳴遺跡,21,31,5,1,1,31,31,34,15,14,1,0,3,6,5,114,2,2,23,154,6,1,33,0,0,0,23,79,0,0,1855,3023
119,balanced,8,prism_sanctuary,虹晶聖域,28,42,6,1,1,34,38,49,64,61,1,2,7,29,28,146,2,2,95,313,17,3,8,0,0,0,109,367,0,0,2342,7142
119,balanced,9,poison_bog,毒霧の沼地,34,48,5,1,1,49,50,52,13,12,1,0,5,5,4,30,2,2,20,69,6,2,7,0,0,0,21,160,0,0,5531,5872
119,balanced,10,machine_city,古代機械都市,39,57,6,1,1,52,53,63,48,47,1,0,3,22,21,166,2,2,72,268,16,2,17,0,0,0,72,513,0,0,4548,12014
119,balanced,11,deep_sea_temple,深海神殿,46,66,6,1,1,63,63,66,10,7,1,2,10,2,1,71,2,2,14,135,3,1,63,1,0,0,23,167,0,0,9305,17553
119,balanced,12,demon_gate,魔界門,54,76,7,1,1,66,67,85,59,56,1,2,6,26,25,2599,2,2,87,2786,17,1,155,26,0,0,93,1022,0,0,13594,14087
119,balanced,13,sky_ruins,天空遺跡,68,86,7,1,1,85,86,90,13,12,1,0,4,4,3,230,2,2,19,285,3,1,75,3,0,0,18,346,0,0,10910,19181
120,collector,1,meadow,はじまり草原,1,4,2,1,1,1,3,7,14,10,1,3,6,4,3,37,2,0,20,90,10,3,16,0,0,0,12,0,0,0,230,1049
120,collector,2,cave,こだま洞くつ,3,7,2,1,1,7,8,11,11,9,2,0,7,4,3,80,5,5,20,151,13,2,27,0,0,0,25,12,0,0,2475,2026
120,collector,3,brook,しずく湖畔,5,10,3,1,1,11,12,14,12,11,1,0,7,4,3,41,5,5,21,99,2,1,18,0,0,0,26,9,0,0,1071,1323
120,collector,4,volcano,ほむら火山,8,14,4,1,1,14,12,17,20,18,1,1,10,6,5,105,5,5,31,207,6,2,22,0,0,0,37,27,0,0,700,1591
120,collector,5,tower,星晶の塔,12,20,5,1,1,17,16,21,26,23,3,0,8,8,7,47,5,5,39,238,2,1,33,0,0,0,44,24,0,0,842,3426
120,collector,6,snowfield,霜降り雪原,16,25,4,1,1,21,22,27,16,15,1,0,7,5,4,161,5,5,26,232,4,2,64,2,0,0,31,79,0,0,1810,2889
120,collector,7,thunder_ruins,雷鳴遺跡,21,31,5,1,1,27,28,33,26,23,3,0,10,8,7,278,5,5,39,376,7,2,76,3,0,0,40,75,0,0,1526,3682
120,collector,8,prism_sanctuary,虹晶聖域,28,42,6,1,1,33,34,54,116,108,0,8,14,35,34,299,5,5,156,1799,14,2,99,17,0,0,164,531,0,0,1945,7785
120,collector,9,poison_bog,毒霧の沼地,34,48,5,1,1,54,54,55,5,2,3,0,9,1,0,4,5,5,11,59,0,0,12,0,0,0,18,0,0,0,4110,10188
120,collector,10,machine_city,古代機械都市,39,57,6,1,1,55,54,74,133,120,3,10,19,40,39,774,5,5,178,1933,36,2,130,11,0,0,246,1012,1,0,5379,13102
120,collector,11,deep_sea_temple,深海神殿,46,66,6,1,1,74,75,89,86,82,2,2,12,27,26,4679,5,5,118,6934,39,2,305,39,0,0,119,967,0,0,6916,18311
120,collector,12,demon_gate,魔界門,54,76,7,1,1,89,87,100,205,194,2,9,14,64,63,18047,5,5,274,32646,138,4,362,159,0,0,401,1114,1,0,9666,37174
120,collector,13,sky_ruins,天空遺跡,68,86,7,1,0,100,100,0,52,47,2,3,5,15,15,5431,0,0,67,8010,11,2,363,32,0,0,64,0,0,0,19620,0
121,rush,1,meadow,はじまり草原,1,4,2,1,1,1,2,7,7,4,1,2,3,4,3,29,0,0,11,50,0,0,8,0,0,0,9,8,0,0,230,674
121,rush,2,cave,こだま洞くつ,3,7,2,1,1,7,7,13,19,19,0,0,2,18,17,81,0,0,37,114,0,0,7,0,0,0,35,37,0,0,674,508
121,rush,3,brook,しずく湖畔,5,10,3,1,1,13,13,14,5,4,1,0,1,3,2,17,0,0,8,25,0,0,6,0,0,0,8,10,0,0,508,1172
121,rush,4,volcano,ほむら火山,8,14,4,1,1,14,15,21,29,29,0,0,0,26,25,127,0,0,55,206,0,0,6,0,0,0,82,71,0,0,1172,974
121,rush,5,tower,星晶の塔,12,20,5,1,1,21,21,31,68,68,0,0,0,64,63,284,0,0,132,443,0,0,7,0,0,0,209,156,0,0,974,1539
121,rush,6,snowfield,霜降り雪原,16,25,4,1,1,31,32,40,62,62,0,0,0,59,58,320,0,0,121,446,0,0,7,0,0,0,176,222,0,0,1539,2086
121,rush,7,thunder_ruins,雷鳴遺跡,21,31,5,1,0,40,40,0,85,85,0,0,0,80,80,376,0,0,165,596,0,0,6,0,0,0,245,349,0,0,2086,0
121,rush,8,prism_sanctuary,虹晶聖域,28,42,6,0,0,0,0,0,0,0,0,0,0,0,0,0,0,0,0,0,0,0,0,0,0,0,0,0,0,0,0,0
121,rush,9,poison_bog,毒霧の沼地,34,48,5,0,0,0,0,0,0,0,0,0,0,0,0,0,0,0,0,0,0,0,0,0,0,0,0,0,0,0,0,0
121,rush,10,machine_city,古代機械都市,39,57,6,0,0,0,0,0,0,0,0,0,0,0,0,0,0,0,0,0,0,0,0,0,0,0,0,0,0,0,0,0
121,rush,11,deep_sea_temple,深海神殿,46,66,6,0,0,0,0,0,0,0,0,0,0,0,0,0,0,0,0,0,0,0,0,0,0,0,0,0,0,0,0,0
121,rush,12,demon_gate,魔界門,54,76,7,0,0,0,0,0,0,0,0,0,0,0,0,0,0,0,0,0,0,0,0,0,0,0,0,0,0,0,0,0
121,rush,13,sky_ruins,天空遺跡,68,86,7,0,0,0,0,0,0,0,0,0,0,0,0,0,0,0,0,0,0,0,0,0,0,0,0,0,0,0,0,0
122,balanced,1,meadow,はじまり草原,1,4,2,1,1,1,2,6,8,5,1,2,4,3,2,22,2,2,13,61,6,2,13,0,0,0,11,5,0,0,230,893
122,balanced,2,cave,こだま洞くつ,3,7,2,1,1,6,6,11,8,7,1,0,3,4,3,41,2,2,14,69,3,2,16,0,0,0,16,21,0,0,692,1316
122,balanced,3,brook,しずく湖畔,5,10,3,1,1,11,11,14,15,14,1,0,3,7,6,51,2,2,24,90,2,1,13,0,0,0,26,19,0,0,1020,1606
122,balanced,4,volcano,ほむら火山,8,14,4,1,1,14,15,23,49,47,1,1,4,23,22,154,2,2,74,294,8,1,13,0,0,0,85,86,0,0,1245,1596
122,balanced,5,tower,星晶の塔,12,20,5,1,1,23,23,29,35,34,1,0,4,16,15,141,2,2,53,256,8,1,24,0,0,0,55,85,0,0,1237,2316
122,balanced,6,snowfield,霜降り雪原,16,25,4,1,1,29,27,32,22,21,1,0,3,10,9,111,2,2,34,179,1,1,24,0,0,0,33,100,0,0,1795,2463
122,balanced,7,thunder_ruins,雷鳴遺跡,21,31,5,1,1,32,30,31,9,8,1,0,4,3,2,24,2,2,14,60,1,1,11,0,0,0,16,46,0,0,1908,4273
122,balanced,8,prism_sanctuary,虹晶聖域,28,42,6,1,1,31,32,47,81,68,0,13,20,32,31,199,2,2,115,616,3,1,17,0,0,0,161,377,0,0,3310,4824
122,balanced,9,poison_bog,毒霧の沼地,34,48,5,1,1,47,48,52,17,16,1,0,5,7,6,41,2,2,26,101,3,2,9,0,0,0,29,204,0,0,3737,5919
122,balanced,10,machine_city,古代機械都市,39,57,6,1,1,52,53,65,62,61,1,0,5,29,28,198,2,2,93,339,13,3,13,0,0,0,96,610,0,0,4584,9347
122,balanced,11,deep_sea_temple,深海神殿,46,66,6,1,1,65,63,80,78,75,1,2,7,36,35,2367,2,2,116,2600,33,2,114,28,0,0,123,983,0,0,7239,10087
122,balanced,12,demon_gate,魔界門,54,76,7,1,1,80,82,100,76,72,1,3,8,34,33,4359,2,2,112,4783,37,2,140,37,0,0,133,1182,0,0,7812,19054
122,balanced,13,sky_ruins,天空遺跡,68,86,7,1,0,100,100,0,168,166,1,1,3,80,80,11738,0,0,248,12177,1,1,148,80,0,0,246,0,0,0,14756,0
123,collector,1,meadow,はじまり草原,1,4,2,1,1,1,3,8,21,20,0,1,2,7,6,68,1,0,29,128,8,3,13,0,0,0,7,1,0,0,230,1386
123,collector,2,cave,こだま洞くつ,3,7,2,1,1,9,5,9,8,7,1,0,4,3,2,41,2,1,13,114,6,2,19,0,0,0,6,6,0,0,1534,2258
123,collector,3,brook,しずく湖畔,5,10,3,1,1,10,10,15,18,16,2,0,4,6,5,30,1,0,25,67,8,2,7,0,0,0,12,33,0,0,2742,1314
123,collector,4,volcano,ほむら火山,8,14,4,1,1,16,16,20,20,16,3,1,9,6,5,37,5,5,31,127,10,1,9,0,0,0,39,19,0,0,1821,2801
123,collector,5,tower,星晶の塔,12,20,5,1,1,20,15,21,29,27,2,0,9,9,8,128,5,5,43,318,2,2,44,0,0,0,47,47,0,0,1480,2266
123,collector,6,snowfield,霜降り雪原,16,25,4,1,1,21,22,31,46,45,1,0,6,15,14,1201,5,5,66,1302,21,2,103,12,0,0,59,130,0,0,1198,2895
123,collector,7,thunder_ruins,雷鳴遺跡,21,31,5,1,1,31,31,32,5,1,4,0,9,1,0,82,5,5,11,130,1,1,82,1,0,0,18,0,0,0,1530,7345
123,collector,8,prism_sanctuary,虹晶聖域,28,42,6,1,1,32,33,52,120,106,2,12,18,35,34,421,5,5,160,3559,34,2,97,41,0,0,194,499,0,0,3879,5629
123,collector,9,poison_bog,毒霧の沼地,34,48,5,1,1,52,53,65,87,83,3,1,9,28,27,566,5,5,120,1082,6,1,56,2,0,0,114,590,1,0,2972,11579
123,collector,10,machine_city,古代機械都市,39,57,6,1,1,65,63,75,75,72,3,0,9,24,23,196,5,5,104,526,20,2,104,1,0,0,82,653,1,0,6112,15040
123,collector,11,deep_sea_temple,深海神殿,46,66,6,1,1,75,75,87,78,70,2,6,13,23,22,3844,5,5,106,6103,21,2,255,35,0,0,113,882,0,0,7939,11184
123,collector,12,demon_gate,魔界門,54,76,7,1,0,87,87,0,221,217,2,2,3,71,71,21294,0,0,292,49466,206,2,313,246,0,0,351,1046,0,0,5904,0
123,collector,13,sky_ruins,天空遺跡,68,86,7,0,0,0,0,0,0,0,0,0,0,0,0,0,0,0,0,0,0,0,0,0,0,0,0,0,0,0,0,0
124,rush,1,meadow,はじまり草原,1,4,2,1,1,1,2,7,5,4,1,0,1,4,3,33,0,0,9,49,0,0,10,0,0,0,8,8,0,0,230,711
124,rush,2,cave,こだま洞くつ,3,7,2,1,1,7,7,12,16,16,0,0,0,15,14,69,0,0,31,97,0,0,6,0,0,0,29,26,0,0,711,1241
124,rush,3,brook,しずく湖畔,5,10,3,1,1,12,13,15,9,8,1,0,1,7,6,39,0,0,16,54,0,0,7,0,0,0,19,24,0,0,1241,1145
124,rush,4,volcano,ほむら火山,8,14,4,1,1,15,16,21,24,24,0,0,0,21,20,112,0,0,45,158,0,0,6,0,0,0,64,67,0,0,1145,984
124,rush,5,tower,星晶の塔,12,20,5,1,0,21,22,0,85,85,0,0,0,80,80,363,0,0,165,569,0,0,6,0,0,0,262,186,0,0,984,0
124,rush,6,snowfield,霜降り雪原,16,25,4,0,0,0,0,0,0,0,0,0,0,0,0,0,0,0,0,0,0,0,0,0,0,0,0,0,0,0,0,0
124,rush,7,thunder_ruins,雷鳴遺跡,21,31,5,0,0,0,0,0,0,0,0,0,0,0,0,0,0,0,0,0,0,0,0,0,0,0,0,0,0,0,0,0
124,rush,8,prism_sanctuary,虹晶聖域,28,42,6,0,0,0,0,0,0,0,0,0,0,0,0,0,0,0,0,0,0,0,0,0,0,0,0,0,0,0,0,0
124,rush,9,poison_bog,毒霧の沼地,34,48,5,0,0,0,0,0,0,0,0,0,0,0,0,0,0,0,0,0,0,0,0,0,0,0,0,0,0,0,0,0
124,rush,10,machine_city,古代機械都市,39,57,6,0,0,0,0,0,0,0,0,0,0,0,0,0,0,0,0,0,0,0,0,0,0,0,0,0,0,0,0,0
124,rush,11,deep_sea_temple,深海神殿,46,66,6,0,0,0,0,0,0,0,0,0,0,0,0,0,0,0,0,0,0,0,0,0,0,0,0,0,0,0,0,0
124,rush,12,demon_gate,魔界門,54,76,7,0,0,0,0,0,0,0,0,0,0,0,0,0,0,0,0,0,0,0,0,0,0,0,0,0,0,0,0,0
124,rush,13,sky_ruins,天空遺跡,68,86,7,0,0,0,0,0,0,0,0,0,0,0,0,0,0,0,0,0,0,0,0,0,0,0,0,0,0,0,0,0
125,balanced,1,meadow,はじまり草原,1,4,2,1,1,1,2,6,6,4,2,0,3,3,2,30,1,0,10,54,6,2,11,0,0,0,8,5,0,0,230,915
125,balanced,2,cave,こだま洞くつ,3,7,2,1,1,7,7,12,8,7,1,0,3,4,3,67,2,2,14,111,6,3,27,0,0,0,16,26,0,0,1413,1958
125,balanced,3,brook,しずく湖畔,5,10,3,1,1,12,13,14,5,4,1,0,3,2,1,11,2,2,9,34,0,0,7,0,0,0,10,21,0,0,1518,1272
125,balanced,4,volcano,ほむら火山,8,14,4,1,1,14,14,17,14,13,1,0,3,6,5,38,2,2,22,80,7,1,9,0,0,0,25,31,0,0,986,1228
125,balanced,5,tower,星晶の塔,12,20,5,1,1,17,16,23,35,34,1,0,3,16,15,70,2,2,53,176,1,1,9,0,0,0,59,80,0,0,952,2197
125,balanced,6,snowfield,霜降り雪原,16,25,4,1,1,23,25,32,31,30,0,1,4,14,13,141,2,2,47,233,13,2,22,0,0,0,51,128,0,0,1702,4074
125,balanced,7,thunder_ruins,雷鳴遺跡,21,31,5,1,1,32,32,38,33,32,1,0,4,15,14,253,2,2,50,331,9,2,30,0,0,0,50,149,0,0,3156,3123
125,balanced,8,prism_sanctuary,虹晶聖域,28,42,6,1,1,38,39,53,94,80,0,14,22,38,37,254,2,2,134,729,10,2,34,0,0,0,183,443,0,0,2420,5013
125,balanced,9,poison_bog,毒霧の沼地,34,48,5,1,1,53,53,58,19,18,1,0,3,8,7,57,2,2,29,108,10,2,10,0,0,0,30,220,0,0,3883,8165
125,balanced,10,machine_city,古代機械都市,39,57,6,1,1,58,58,69,61,60,0,1,9,28,27,250,2,2,91,450,17,2,27,0,0,0,102,598,0,0,6324,7350
125,balanced,11,deep_sea_temple,深海神殿,46,66,6,1,1,69,67,79,61,57,1,3,6,27,26,1364,2,2,90,1526,23,2,118,15,0,0,96,735,0,0,5692,14903
125,balanced,12,demon_gate,魔界門,54,76,7,1,1,79,81,97,64,60,1,3,6,28,27,3601,2,2,94,3919,40,1,140,29,0,0,109,1076,0,0,11542,22501
125,balanced,13,sky_ruins,天空遺跡,68,86,7,1,0,97,97,0,170,166,1,3,5,80,80,12109,0,0,250,12586,83,2,153,80,0,0,256,381,0,0,17425,0
126,collector,1,meadow,はじまり草原,1,4,2,1,1,1,3,7,16,13,1,2,4,5,4,53,2,0,23,121,16,4,16,0,0,0,12,0,0,0,230,1334
126,collector,2,cave,こだま洞くつ,3,7,2,1,1,9,9,11,8,6,2,0,7,3,2,68,5,5,16,132,9,2,28,0,0,0,22,13,0,0,2960,2099
126,collector,3,brook,しずく湖畔,5,10,3,1,1,11,12,15,15,13,2,0,7,5,4,39,5,5,25,96,4,2,12,0,0,0,28,11,0,0,1110,2212
126,collector,4,volcano,ほむら火山,8,14,4,1,1,15,13,14,5,1,3,1,9,1,0,6,5,5,11,76,0,0,21,0,0,0,21,0,0,0,1169,1921
126,collector,5,tower,星晶の塔,12,20,5,1,1,14,16,23,40,36,2,2,12,12,11,91,5,5,57,344,11,2,37,0,0,0,71,51,0,0,1016,3445
126,collector,6,snowfield,霜降り雪原,16,25,4,1,1,23,23,31,31,30,1,0,9,10,9,395,5,5,46,527,8,2,70,6,0,0,50,111,0,0,1820,2911
126,collector,7,thunder_ruins,雷鳴遺跡,21,31,5,1,1,31,31,32,5,3,2,0,8,1,0,53,5,5,11,99,0,0,53,1,0,0,17,0,0,0,1538,5204
126,collector,8,prism_sanctuary,虹晶聖域,28,42,6,1,1,32,35,50,86,78,3,5,15,26,25,131,5,5,117,2163,29,2,72,29,0,0,148,390,0,0,2749,7648
126,collector,9,poison_bog,毒霧の沼地,34,48,5,1,1,50,51,52,5,3,2,0,7,1,0,6,5,5,11,50,1,1,7,0,0,0,18,0,0,0,4039,9630
126,collector,10,machine_city,古代機械都市,39,57,6,1,1,52,52,62,52,50,1,1,12,16,15,104,5,5,73,1896,23,2,90,20,0,0,86,493,0,0,5084,12769
126,collector,11,deep_sea_temple,深海神殿,46,66,6,1,1,62,62,82,99,94,2,3,14,31,30,182,5,5,135,5278,50,2,118,46,0,0,168,1077,0,0,6740,17953
126,collector,12,demon_gate,魔界門,54,76,7,1,1,82,80,86,23,19,3,1,10,6,5,33,5,5,34,840,4,1,120,6,0,0,52,319,0,0,9476,15518
126,collector,13,sky_ruins,天空遺跡,68,86,7,1,0,86,80,0,251,245,2,4,7,80,80,26127,0,0,331,26714,93,3,345,80,0,0,257,1366,0,0,8191,0
127,rush,1,meadow,はじまり草原,1,4,2,1,1,1,3,7,7,4,1,2,3,4,3,35,0,0,11,53,0,0,10,0,0,0,9,8,0,0,230,692
127,rush,2,cave,こだま洞くつ,3,7,2,1,1,7,7,11,11,10,1,0,2,10,9,82,0,0,21,112,0,0,11,0,0,0,30,20,0,0,692,1242
127,rush,3,brook,しずく湖畔,5,10,3,1,1,11,12,14,7,7,0,0,0,5,4,31,0,0,12,42,0,0,7,0,0,0,14,23,0,0,1242,1387
127,rush,4,volcano,ほむら火山,8,14,4,1,1,14,15,19,18,18,0,0,0,15,14,88,0,0,33,132,0,0,7,0,0,0,45,48,0,0,1387,1284
127,rush,5,tower,星晶の塔,12,20,5,1,1,19,20,29,59,57,0,2,0,53,52,254,0,0,112,423,0,0,7,0,0,0,190,141,0,0,1284,1501
127,rush,6,snowfield,霜降り雪原,16,25,4,1,0,29,30,0,84,84,0,0,0,80,80,412,0,0,164,625,0,0,7,0,0,0,244,285,0,0,1501,0
127,rush,7,thunder_ruins,雷鳴遺跡,21,31,5,0,0,0,0,0,0,0,0,0,0,0,0,0,0,0,0,0,0,0,0,0,0,0,0,0,0,0,0,0
127,rush,8,prism_sanctuary,虹晶聖域,28,42,6,0,0,0,0,0,0,0,0,0,0,0,0,0,0,0,0,0,0,0,0,0,0,0,0,0,0,0,0,0
127,rush,9,poison_bog,毒霧の沼地,34,48,5,0,0,0,0,0,0,0,0,0,0,0,0,0,0,0,0,0,0,0,0,0,0,0,0,0,0,0,0,0
127,rush,10,machine_city,古代機械都市,39,57,6,0,0,0,0,0,0,0,0,0,0,0,0,0,0,0,0,0,0,0,0,0,0,0,0,0,0,0,0,0
127,rush,11,deep_sea_temple,深海神殿,46,66,6,0,0,0,0,0,0,0,0,0,0,0,0,0,0,0,0,0,0,0,0,0,0,0,0,0,0,0,0,0
127,rush,12,demon_gate,魔界門,54,76,7,0,0,0,0,0,0,0,0,0,0,0,0,0,0,0,0,0,0,0,0,0,0,0,0,0,0,0,0,0
127,rush,13,sky_ruins,天空遺跡,68,86,7,0,0,0,0,0,0,0,0,0,0,0,0,0,0,0,0,0,0,0,0,0,0,0,0,0,0,0,0,0
128,balanced,1,meadow,はじまり草原,1,4,2,1,1,1,2,7,6,5,1,0,2,3,2,23,1,0,10,45,1,1,11,0,0,0,4,6,0,0,230,860
128,balanced,2,cave,こだま洞くつ,3,7,2,1,1,7,7,11,6,5,1,0,2,3,2,43,1,0,10,73,1,1,23,0,0,0,5,18,0,0,938,2166
128,balanced,3,brook,しずく湖畔,5,10,3,1,1,12,8,12,9,8,1,0,3,4,3,16,2,2,15,47,5,2,9,0,0,0,13,29,1,0,2300,1601
128,balanced,4,volcano,ほむら火山,8,14,4,1,1,12,12,14,6,5,1,0,6,2,1,12,2,2,10,42,3,1,6,0,0,0,7,12,0,0,1240,1533
128,balanced,5,tower,星晶の塔,12,20,5,1,1,14,16,20,13,10,1,2,6,4,3,21,2,2,19,66,2,2,7,0,0,0,21,49,0,0,1188,2990
128,balanced,6,snowfield,霜降り雪原,16,25,4,1,1,20,24,26,6,5,1,0,3,2,1,21,2,2,10,44,0,0,14,0,0,0,11,38,0,0,2317,5112
128,balanced,7,thunder_ruins,雷鳴遺跡,21,31,5,1,1,26,27,31,13,12,1,0,5,5,4,93,2,2,20,140,2,1,50,1,0,0,23,89,0,0,3960,3121
128,balanced,8,prism_sanctuary,虹晶聖域,28,42,6,1,1,31,32,47,157,69,1,87,90,33,32,195,2,2,192,1090,16,1,59,1,0,0,377,406,0,0,2418,7029
128,balanced,9,poison_bog,毒霧の沼地,34,48,5,1,1,47,48,50,7,6,1,0,3,2,1,19,2,2,11,49,0,0,12,0,0,0,12,102,0,0,5444,5835
128,balanced,10,machine_city,古代機械都市,39,57,6,1,1,50,51,63,60,59,1,0,5,28,27,291,2,2,90,440,19,3,37,0,0,0,94,626,0,0,4519,12115
128,balanced,11,deep_sea_temple,深海神殿,46,66,6,1,1,63,64,79,64,63,1,0,3,30,29,231,2,2,96,424,8,1,18,0,0,0,100,882,0,0,9383,16847
128,balanced,12,demon_gate,魔界門,54,76,7,1,1,79,78,83,18,16,1,1,5,6,5,65,2,2,26,414,0,0,120,2,0,0,34,449,0,0,13047,14205
128,balanced,13,sky_ruins,天空遺跡,68,86,7,1,1,83,82,100,67,66,1,0,5,31,30,4349,2,2,100,4530,40,2,151,31,0,0,109,1389,0,0,11001,19208
129,collector,1,meadow,はじまり草原,1,4,2,1,1,1,2,7,17,16,1,0,2,6,5,71,1,0,24,134,19,3,16,0,0,0,14,0,0,0,230,1188
129,collector,2,cave,こだま洞くつ,3,7,2,1,1,8,8,12,14,13,1,0,6,5,4,60,5,5,24,130,6,2,20,0,0,0,29,11,0,0,1616,2455
129,collector,3,brook,しずく湖畔,5,10,3,1,1,12,12,17,27,25,2,0,4,9,8,75,1,0,37,138,6,2,15,0,0,0,27,22,0,0,1298,1607
129,collector,4,volcano,ほむら火山,8,14,4,1,1,14,12,14,7,4,3,0,8,2,1,27,5,5,14,63,2,2,15,0,0,0,14,6,0,0,1814,2689
129,collector,5,tower,星晶の塔,12,20,5,1,1,14,15,27,65,60,2,3,11,20,19,191,5,5,90,561,5,2,28,0,0,0,89,89,0,0,1421,3501
129,collector,6,snowfield,霜降り雪原,16,25,4,1,1,27,26,33,61,57,3,1,9,14,13,799,5,5,80,981,19,2,71,9,0,0,59,126,0,17,1849,2952
129,collector,7,thunder_ruins,雷鳴遺跡,21,31,5,1,1,33,33,43,99,93,5,1,11,22,21,1692,5,5,126,2035,28,2,120,20,0,0,91,195,1,30,1560,3700
129,collector,8,prism_sanctuary,虹晶聖域,28,42,6,1,1,43,44,57,123,112,1,10,18,29,28,410,5,5,157,1473,33,2,117,8,0,0,168,438,1,23,1955,7856
129,collector,9,poison_bog,毒霧の沼地,34,48,5,1,1,57,50,51,25,22,3,0,9,2,1,20,5,5,32,108,2,1,15,0,0,0,25,59,1,17,4148,10195
129,collector,10,machine_city,古代機械都市,39,57,6,1,1,51,51,67,81,76,2,3,14,25,24,323,5,5,111,1065,24,2,107,6,0,0,104,886,1,0,5383,12863
129,collector,11,deep_sea_temple,深海神殿,46,66,6,1,1,67,67,75,44,39,3,2,12,13,12,162,5,5,62,974,8,2,124,5,0,0,68,541,0,0,6790,18168
129,collector,12,demon_gate,魔界門,54,76,7,1,1,75,75,84,51,45,1,5,15,14,13,1169,5,5,70,4339,42,2,138,32,0,0,139,652,1,0,9590,15399
129,collector,13,sky_ruins,天空遺跡,68,86,7,1,0,84,85,0,135,121,0,14,21,38,38,7162,0,0,173,11765,117,3,225,64,0,0,217,1038,0,0,8128,0
130,rush,1,meadow,はじまり草原,1,4,2,1,1,1,3,7,5,3,1,1,2,3,2,24,0,0,8,39,0,0,11,0,0,0,6,8,0,0,230,721
130,rush,2,cave,こだま洞くつ,3,7,2,1,1,7,7,10,5,4,1,0,1,4,3,32,0,0,9,44,0,0,9,0,0,0,11,16,0,0,721,1368
130,rush,3,brook,しずく湖畔,5,10,3,1,1,10,11,14,7,7,0,0,0,5,4,26,0,0,12,38,0,0,7,0,0,0,14,27,0,0,1368,1153
130,rush,4,volcano,ほむら火山,8,14,4,1,1,14,15,20,21,21,0,0,0,18,17,96,0,0,39,146,0,0,7,0,0,0,53,47,0,0,1153,2179
130,rush,5,tower,星晶の塔,12,20,5,1,1,20,20,30,66,66,0,0,0,62,61,297,0,0,128,449,0,0,7,0,0,0,190,158,0,0,2179,1539
130,rush,6,snowfield,霜降り雪原,16,25,4,1,1,30,31,40,59,59,0,0,0,56,55,289,0,0,115,409,0,0,8,0,0,0,167,223,0,0,1539,2035
130,rush,7,thunder_ruins,雷鳴遺跡,21,31,5,1,0,40,40,0,85,85,0,0,0,80,80,390,0,0,165,539,0,0,7,0,0,0,240,344,0,0,2035,0
130,rush,8,prism_sanctuary,虹晶聖域,28,42,6,0,0,0,0,0,0,0,0,0,0,0,0,0,0,0,0,0,0,0,0,0,0,0,0,0,0,0,0,0
130,rush,9,poison_bog,毒霧の沼地,34,48,5,0,0,0,0,0,0,0,0,0,0,0,0,0,0,0,0,0,0,0,0,0,0,0,0,0,0,0,0,0
130,rush,10,machine_city,古代機械都市,39,57,6,0,0,0,0,0,0,0,0,0,0,0,0,0,0,0,0,0,0,0,0,0,0,0,0,0,0,0,0,0
130,rush,11,deep_sea_temple,深海神殿,46,66,6,0,0,0,0,0,0,0,0,0,0,0,0,0,0,0,0,0,0,0,0,0,0,0,0,0,0,0,0,0
130,rush,12,demon_gate,魔界門,54,76,7,0,0,0,0,0,0,0,0,0,0,0,0,0,0,0,0,0,0,0,0,0,0,0,0,0,0,0,0,0
130,rush,13,sky_ruins,天空遺跡,68,86,7,0,0,0,0,0,0,0,0,0,0,0,0,0,0,0,0,0,0,0,0,0,0,0,0,0,0,0,0,0
131,balanced,1,meadow,はじまり草原,1,4,2,1,1,1,2,7,11,7,1,3,6,4,3,40,2,0,17,85,8,3,14,0,0,0,13,7,0,0,230,752
131,balanced,2,cave,こだま洞くつ,3,7,2,1,1,9,9,12,6,5,1,0,2,3,2,28,1,0,10,48,3,2,12,0,0,0,8,22,0,0,1528,1665
131,balanced,3,brook,しずく湖畔,5,10,3,1,1,10,10,13,7,6,1,0,4,3,2,15,2,2,12,34,2,1,6,0,0,0,9,19,0,0,1979,1475
131,balanced,4,volcano,ほむら火山,8,14,4,1,1,13,14,17,6,5,1,0,3,2,1,11,2,2,10,34,3,1,7,0,0,0,7,17,0,0,1143,3243
131,balanced,5,tower,星晶の塔,12,20,5,1,1,17,17,22,15,14,1,0,3,6,5,78,2,2,23,130,5,1,22,0,0,0,22,70,0,0,2512,1879
131,balanced,6,snowfield,霜降り雪原,16,25,4,1,1,22,23,29,20,20,0,0,6,9,8,84,2,2,31,160,4,1,18,0,0,0,34,110,0,0,1456,2442
131,balanced,7,thunder_ruins,雷鳴遺跡,21,31,5,1,1,29,30,36,27,26,1,0,3,12,11,197,2,2,41,268,7,2,30,0,0,0,39,117,0,0,1892,5261
131,balanced,8,prism_sanctuary,虹晶聖域,28,42,6,1,1,36,35,52,93,89,1,3,10,43,42,284,2,2,138,663,20,1,16,0,0,0,161,550,0,0,4075,4923
131,balanced,9,poison_bog,毒霧の沼地,34,48,5,1,1,52,53,55,9,8,1,0,3,3,2,20,2,2,14,53,1,1,10,0,0,0,14,94,0,0,3814,14152
131,balanced,10,machine_city,古代機械都市,39,57,6,1,1,55,56,66,48,47,1,0,4,22,21,171,2,2,72,332,11,1,18,0,0,0,74,582,0,0,10960,14262
131,balanced,11,deep_sea_temple,深海神殿,46,66,6,1,1,66,65,84,95,91,1,3,7,44,43,1590,2,2,141,1880,71,4,61,26,0,0,157,1176,0,0,11045,10084
131,balanced,12,demon_gate,魔界門,54,76,7,1,1,84,85,100,92,90,1,1,4,43,42,2899,2,2,137,3587,51,2,72,48,0,0,174,1052,0,0,7810,27886
131,balanced,13,sky_ruins,天空遺跡,68,86,7,1,0,100,100,0,167,166,1,0,3,80,80,5795,0,0,247,6200,41,2,73,80,0,0,249,0,0,0,21596,0
132,collector,1,meadow,はじまり草原,1,4,2,1,1,1,2,6,12,9,2,1,3,4,3,48,1,0,17,83,14,4,15,0,0,0,12,0,0,0,230,1029
132,collector,2,cave,こだま洞くつ,3,7,2,1,1,7,7,12,11,10,1,0,5,4,3,90,4,3,19,157,8,3,28,0,0,0,22,16,0,0,1287,1792
132,collector,3,brook,しずく湖畔,5,10,3,1,1,12,12,13,3,0,3,0,8,1,0,5,5,5,9,40,0,0,7,0,0,0,17,0,0,0,1856,2433
132,collector,4,volcano,ほむら火山,8,14,4,1,1,13,10,16,22,17,2,3,10,6,5,48,5,5,33,196,4,1,14,0,0,0,46,32,1,0,1285,1899
132,collector,5,tower,星晶の塔,12,20,5,1,1,16,16,21,28,25,1,2,9,8,7,34,5,5,41,255,11,2,14,0,0,0,57,19,0,0,1005,3846
132,collector,6,snowfield,霜降り雪原,16,25,4,1,1,21,20,31,46,44,2,0,8,15,14,308,5,5,66,517,11,2,44,0,0,0,62,141,0,0,2032,2970
132,collector,7,thunder_ruins,雷鳴遺跡,21,31,5,1,1,31,31,39,44,42,2,0,7,14,13,386,5,5,63,492,7,1,31,0,0,0,55,132,0,0,1569,3616
132,collector,8,prism_sanctuary,虹晶聖域,28,42,6,1,1,39,38,65,241,196,2,43,32,65,64,1572,5,5,311,3937,42,2,59,7,0,0,307,933,1,0,1911,7687
132,collector,9,poison_bog,毒霧の沼地,34,48,5,1,1,65,66,69,29,26,3,0,10,9,8,127,5,5,43,255,5,1,53,1,0,0,46,248,1,0,4059,6692
132,collector,10,machine_city,古代機械都市,39,57,6,1,1,69,70,76,45,44,1,0,7,14,13,140,5,5,64,350,9,2,51,1,0,0,60,399,0,0,3534,12846
132,collector,11,deep_sea_temple,深海神殿,46,66,6,1,1,76,76,97,142,139,2,1,12,46,45,4725,5,5,193,6378,69,2,210,56,0,0,175,1621,0,0,6782,18271
132,collector,12,demon_gate,魔界門,54,76,7,1,0,97,98,0,108,103,2,3,7,33,33,7382,0,0,141,15231,72,2,233,75,0,0,157,181,0,0,9644,0
132,collector,13,sky_ruins,天空遺跡,68,86,7,0,0,0,0,0,0,0,0,0,0,0,0,0,0,0,0,0,0,0,0,0,0,0,0,0,0,0,0,0
133,rush,1,meadow,はじまり草原,1,4,2,1,1,1,3,7,4,3,1,0,1,3,2,25,0,0,7,36,0,0,9,0,0,0,5,9,0,0,230,667
133,rush,2,cave,こだま洞くつ,3,7,2,1,1,7,7,11,10,9,1,0,1,9,8,69,0,0,19,91,0,0,9,0,0,0,25,13,0,0,667,1682
133,rush,3,brook,しずく湖畔,5,10,3,1,1,11,12,14,6,6,0,0,0,4,3,20,0,0,10,28,0,0,6,0,0,0,10,29,0,0,1682,1165
133,rush,4,volcano,ほむら火山,8,14,4,1,1,14,15,19,16,16,0,0,0,13,12,64,0,0,29,98,0,0,7,0,0,0,38,32,0,0,1165,1875
133,rush,5,tower,星晶の塔,12,20,5,1,1,19,20,30,60,60,0,0,0,56,55,267,0,0,116,398,0,0,7,0,0,0,167,160,0,0,1875,1546
133,rush,6,snowfield,霜降り雪原,16,25,4,1,1,30,30,40,68,68,0,0,0,65,64,341,0,0,133,472,0,0,8,0,0,0,194,247,0,0,1546,2060
133,rush,7,thunder_ruins,雷鳴遺跡,21,31,5,1,0,40,41,0,85,85,0,0,0,80,80,397,0,0,165,534,0,0,7,0,0,0,240,351,0,0,2060,0
133,rush,8,prism_sanctuary,虹晶聖域,28,42,6,0,0,0,0,0,0,0,0,0,0,0,0,0,0,0,0,0,0,0,0,0,0,0,0,0,0,0,0,0
133,rush,9,poison_bog,毒霧の沼地,34,48,5,0,0,0,0,0,0,0,0,0,0,0,0,0,0,0,0,0,0,0,0,0,0,0,0,0,0,0,0,0
133,rush,10,machine_city,古代機械都市,39,57,6,0,0,0,0,0,0,0,0,0,0,0,0,0,0,0,0,0,0,0,0,0,0,0,0,0,0,0,0,0
133,rush,11,deep_sea_temple,深海神殿,46,66,6,0,0,0,0,0,0,0,0,0,0,0,0,0,0,0,0,0,0,0,0,0,0,0,0,0,0,0,0,0
133,rush,12,demon_gate,魔界門,54,76,7,0,0,0,0,0,0,0,0,0,0,0,0,0,0,0,0,0,0,0,0,0,0,0,0,0,0,0,0,0
133,rush,13,sky_ruins,天空遺跡,68,86,7,0,0,0,0,0,0,0,0,0,0,0,0,0,0,0,0,0,0,0,0,0,0,0,0,0,0,0,0,0
134,balanced,1,meadow,はじまり草原,1,4,2,1,1,1,2,6,8,4,2,2,6,3,2,40,2,0,13,96,11,3,20,0,0,0,11,5,0,0,230,872
134,balanced,2,cave,こだま洞くつ,3,7,2,1,1,8,8,11,6,5,1,0,3,3,2,55,2,2,11,90,4,2,22,0,0,0,13,15,0,0,2348,2276
134,balanced,3,brook,しずく湖畔,5,10,3,1,1,11,12,12,3,2,1,0,3,1,0,11,2,2,6,29,0,0,11,0,0,0,9,0,0,0,1763,2649
134,balanced,4,volcano,ほむら火山,8,14,4,1,1,12,11,19,24,23,1,0,3,11,10,77,2,2,37,158,10,2,11,0,0,0,42,72,0,0,2053,1546
134,balanced,5,tower,星晶の塔,12,20,5,1,1,19,19,26,36,34,1,1,6,16,15,119,2,2,54,220,4,1,15,0,0,0,57,84,0,0,1198,3055
134,balanced,6,snowfield,霜降り雪原,16,25,4,1,1,26,27,31,18,17,1,0,4,8,7,61,2,2,28,118,0,0,13,0,0,0,30,95,0,0,2367,2873
134,balanced,7,thunder_ruins,雷鳴遺跡,21,31,5,1,1,31,31,37,33,32,1,0,5,15,14,280,2,2,50,366,9,1,34,0,0,0,50,138,0,0,2226,3059
134,balanced,8,prism_sanctuary,虹晶聖域,28,42,6,1,1,37,35,49,74,71,1,2,7,34,33,193,2,2,110,486,11,2,16,0,0,0,128,434,0,0,2369,6989
134,balanced,9,poison_bog,毒霧の沼地,34,48,5,1,1,49,50,52,7,6,1,0,3,2,1,13,2,2,11,40,1,1,7,0,0,0,11,113,0,0,5413,9439
134,balanced,10,machine_city,古代機械都市,39,57,6,1,1,52,53,64,59,57,1,1,4,27,26,188,2,2,88,399,23,2,12,0,0,0,93,585,0,0,7311,12136
134,balanced,11,deep_sea_temple,深海神殿,46,66,6,1,1,64,64,66,7,5,1,1,6,1,0,10,2,2,10,59,0,0,10,0,0,0,15,0,0,0,9399,27236
134,balanced,12,demon_gate,魔界門,54,76,7,1,1,66,66,82,53,46,1,6,15,21,20,2223,2,2,76,2453,12,2,155,20,0,0,97,832,0,0,21092,14461
134,balanced,13,sky_ruins,天空遺跡,68,86,7,1,1,82,77,79,7,6,1,0,4,1,0,14,2,2,10,106,0,0,66,1,0,0,8,0,0,0,11199,35779
135,collector,1,meadow,はじまり草原,1,4,2,1,1,1,2,7,20,15,2,3,5,6,5,78,1,0,27,139,17,2,18,0,0,0,19,0,0,0,230,1184
135,collector,2,cave,こだま洞くつ,3,7,2,1,1,8,9,12,8,6,2,0,7,3,2,86,5,5,16,154,8,2,35,0,0,0,22,13,0,0,1792,2417
135,collector,3,brook,しずく湖畔,5,10,3,1,1,12,11,14,12,10,2,0,7,4,3,43,5,5,21,94,1,1,14,0,0,0,26,7,0,0,1277,2227
135,collector,4,volcano,ほむら火山,8,14,4,1,1,14,11,12,5,1,3,1,10,1,0,5,5,5,11,69,5,3,11,0,0,0,26,0,0,0,1176,3232
135,collector,5,tower,星晶の塔,12,20,5,1,1,12,17,19,19,16,1,2,12,5,4,26,5,5,29,122,3,2,8,0,0,0,43,19,0,0,1708,2301
135,collector,6,snowfield,霜降り雪原,16,25,4,1,1,19,20,27,25,23,2,0,9,8,7,144,5,5,38,293,17,4,33,0,0,0,46,91,1,0,1216,4141
135,collector,7,thunder_ruins,雷鳴遺跡,21,31,5,1,1,27,28,31,14,12,2,0,9,4,3,31,5,5,23,95,2,1,10,0,0,0,26,45,0,0,2188,4107
135,collector,8,prism_sanctuary,虹晶聖域,28,42,6,1,1,31,32,55,128,126,0,2,11,41,40,284,5,5,174,975,28,2,31,0,0,0,154,638,0,0,2170,5567
135,collector,9,poison_bog,毒霧の沼地,34,48,5,1,1,55,56,56,5,3,2,0,8,1,0,12,5,5,11,74,2,2,12,0,0,0,17,0,0,0,2940,10906
135,collector,10,machine_city,古代機械都市,39,57,6,1,1,56,57,64,33,31,2,0,8,10,9,178,5,5,48,277,12,2,45,0,0,0,45,344,0,0,5757,8071
135,collector,11,deep_sea_temple,深海神殿,46,66,6,1,1,64,62,89,138,135,3,0,10,45,44,2127,5,5,188,3043,26,2,87,35,0,0,173,1550,0,0,4261,15804
135,collector,12,demon_gate,魔界門,54,76,7,1,0,89,89,0,259,245,2,12,13,80,80,7119,0,0,339,13451,128,3,134,148,0,0,467,646,1,0,8343,0
135,collector,13,sky_ruins,天空遺跡,68,86,7,0,0,0,0,0,0,0,0,0,0,0,0,0,0,0,0,0,0,0,0,0,0,0,0,0,0,0,0,0
136,rush,1,meadow,はじまり草原,1,4,2,1,1,1,3,7,10,9,0,1,3,8,7,30,0,0,18,51,0,0,6,0,0,0,8,9,0,0,230,566
136,rush,2,cave,こだま洞くつ,3,7,2,1,1,7,7,11,8,5,2,1,3,6,5,46,0,0,14,67,0,0,9,0,0,0,20,18,0,0,566,1422
136,rush,3,brook,しずく湖畔,5,10,3,1,1,11,11,13,5,5,0,0,0,3,2,17,0,0,8,26,0,0,7,0,0,0,8,21,0,0,1422,1183
136,rush,4,volcano,ほむら火山,8,14,4,1,1,13,14,17,11,11,0,0,0,8,7,43,0,0,19,68,0,0,7,0,0,0,23,39,0,0,1183,949
136,rush,5,tower,星晶の塔,12,20,5,1,1,17,19,30,73,72,0,1,0,68,67,325,0,0,141,523,0,0,7,0,0,0,215,169,0,0,949,1523
136,rush,6,snowfield,霜降り雪原,16,25,4,1,1,30,31,36,33,33,0,0,0,30,29,156,0,0,63,234,0,0,7,0,0,0,89,144,0,0,1523,2051
136,rush,7,thunder_ruins,雷鳴遺跡,21,31,5,1,0,36,37,0,85,85,0,0,0,80,80,380,0,0,165,550,0,0,7,0,0,0,240,352,0,0,2051,0
136,rush,8,prism_sanctuary,虹晶聖域,28,42,6,0,0,0,0,0,0,0,0,0,0,0,0,0,0,0,0,0,0,0,0,0,0,0,0,0,0,0,0,0
136,rush,9,poison_bog,毒霧の沼地,34,48,5,0,0,0,0,0,0,0,0,0,0,0,0,0,0,0,0,0,0,0,0,0,0,0,0,0,0,0,0,0
136,rush,10,machine_city,古代機械都市,39,57,6,0,0,0,0,0,0,0,0,0,0,0,0,0,0,0,0,0,0,0,0,0,0,0,0,0,0,0,0,0
136,rush,11,deep_sea_temple,深海神殿,46,66,6,0,0,0,0,0,0,0,0,0,0,0,0,0,0,0,0,0,0,0,0,0,0,0,0,0,0,0,0,0
136,rush,12,demon_gate,魔界門,54,76,7,0,0,0,0,0,0,0,0,0,0,0,0,0,0,0,0,0,0,0,0,0,0,0,0,0,0,0,0,0
136,rush,13,sky_ruins,天空遺跡,68,86,7,0,0,0,0,0,0,0,0,0,0,0,0,0,0,0,0,0,0,0,0,0,0,0,0,0,0,0,0,0
137,balanced,1,meadow,はじまり草原,1,4,2,1,1,1,2,6,6,4,2,0,3,3,2,28,1,0,10,54,4,1,12,0,0,0,9,5,0,0,230,918
137,balanced,2,cave,こだま洞くつ,3,7,2,1,1,7,6,10,6,5,1,0,3,3,2,45,2,2,11,78,2,1,19,0,0,0,15,13,0,0,1176,2649
137,balanced,3,brook,しずく湖畔,5,10,3,1,1,10,11,14,7,6,1,0,3,3,2,14,2,2,12,38,1,1,6,0,0,0,13,28,0,0,2053,1426
137,balanced,4,volcano,ほむら火山,8,14,4,1,1,14,14,18,18,17,1,0,3,8,7,73,2,2,28,113,5,2,15,0,0,0,29,36,0,0,1105,2423
137,balanced,5,tower,星晶の塔,12,20,5,1,1,18,19,24,23,22,1,0,3,10,9,48,2,2,35,110,9,2,7,0,0,0,38,58,0,0,1878,1898
137,balanced,6,snowfield,霜降り雪原,16,25,4,1,1,24,23,30,24,23,1,0,5,11,10,102,2,2,37,158,5,2,18,0,0,0,37,116,0,0,1471,3663
137,balanced,7,thunder_ruins,雷鳴遺跡,21,31,5,1,1,30,31,33,9,8,1,0,4,3,2,44,2,2,14,74,1,1,26,0,0,0,13,59,0,0,2838,3505
137,balanced,8,prism_sanctuary,虹晶聖域,28,42,6,1,1,33,34,50,76,75,1,0,3,36,35,237,2,2,114,448,29,2,12,0,0,0,122,460,0,0,2715,4891
137,balanced,9,poison_bog,毒霧の沼地,34,48,5,1,1,50,50,52,7,6,1,0,3,2,1,23,2,2,11,47,2,1,15,0,0,0,10,82,0,0,3789,8644
137,balanced,10,machine_city,古代機械都市,39,57,6,1,1,52,53,55,10,9,1,0,6,3,2,23,2,2,15,65,2,1,10,0,0,0,14,201,0,0,6695,7238
137,balanced,11,deep_sea_temple,深海神殿,46,66,6,1,1,55,55,82,115,111,1,3,11,54,53,3122,2,2,171,3458,52,7,122,27,1,0,185,1352,0,0,5606,14702
137,balanced,12,demon_gate,魔界門,54,76,7,1,1,82,83,95,52,48,1,3,8,22,21,2914,2,2,76,3122,37,1,140,22,0,0,94,822,0,0,11386,21099
137,balanced,13,sky_ruins,天空遺跡,68,86,7,1,0,95,96,0,167,166,1,0,1,80,80,6698,0,0,247,7118,108,2,86,80,0,0,242,611,0,0,16340,0
138,collector,1,meadow,はじまり草原,1,4,2,1,1,1,3,7,14,13,1,0,2,5,4,50,1,0,20,89,10,3,16,0,0,0,10,0,0,0,230,1993
138,collector,2,cave,こだま洞くつ,3,7,2,1,1,7,7,12,11,9,2,0,3,4,3,91,1,0,16,119,12,5,27,0,1,0,12,16,0,0,2071,1716
138,collector,3,brook,しずく湖畔,5,10,3,1,1,10,10,14,12,10,2,0,7,4,3,50,5,5,21,113,5,2,18,0,0,0,27,19,0,0,2310,2255
138,collector,4,volcano,ほむら火山,8,14,4,1,1,14,12,15,10,6,4,0,9,3,2,18,5,5,18,75,3,1,9,0,0,0,23,16,0,0,1192,2123
138,collector,5,tower,星晶の塔,12,20,5,1,1,15,14,18,19,15,2,2,11,5,4,37,5,5,29,134,11,2,11,0,0,0,37,12,0,0,1122,3835
138,collector,6,snowfield,霜降り雪原,16,25,4,1,1,18,21,25,17,14,2,1,10,5,4,182,5,5,27,310,9,2,50,1,0,0,37,63,0,0,2025,3816
138,collector,7,thunder_ruins,雷鳴遺跡,21,31,5,1,1,25,28,31,17,14,3,0,9,5,4,28,5,5,27,151,4,1,26,0,0,0,35,53,1,0,2016,4114
138,collector,8,prism_sanctuary,虹晶聖域,28,42,6,1,1,31,38,52,80,76,2,2,13,25,24,127,5,5,110,1350,27,2,53,5,0,0,175,376,0,0,2173,7662
138,collector,9,poison_bog,毒霧の沼地,34,48,5,1,1,52,52,53,5,4,1,0,10,1,0,8,5,5,11,54,3,2,8,0,0,0,17,0,0,0,4045,14626
138,collector,10,machine_city,古代機械都市,39,57,6,1,1,53,53,60,33,30,3,0,10,10,9,68,5,5,48,169,15,2,8,0,0,0,45,312,0,0,7720,12818
138,collector,11,deep_sea_temple,深海神殿,46,66,6,1,1,60,60,77,81,77,1,3,11,25,24,839,5,5,111,1386,28,4,61,16,0,0,109,881,0,0,6766,18103
138,collector,12,demon_gate,魔界門,54,76,7,1,1,77,78,97,82,72,1,9,18,23,22,1542,5,5,110,3703,42,2,73,53,0,0,151,1001,0,0,9556,15767
138,collector,13,sky_ruins,天空遺跡,68,86,7,1,0,97,98,0,248,244,3,1,6,80,80,6469,0,0,328,9673,53,2,84,112,0,0,279,239,0,0,8322,0
139,rush,1,meadow,はじまり草原,1,4,2,1,1,1,3,9,16,15,0,1,2,14,13,79,0,0,30,111,0,0,8,0,0,0,14,10,0,0,230,984
139,rush,2,cave,こだま洞くつ,3,7,2,1,1,9,9,13,8,7,1,0,2,7,6,49,0,0,15,69,0,0,8,0,0,0,13,30,0,0,984,551
139,rush,3,brook,しずく湖畔,5,10,3,1,1,13,13,17,16,16,0,0,3,14,13,62,0,0,30,98,0,0,6,0,0,0,28,32,0,0,551,1153
139,rush,4,volcano,ほむら火山,8,14,4,1,1,17,17,19,5,4,1,0,1,2,1,11,0,0,7,21,0,0,6,0,0,0,4,30,0,0,1153,1257
139,rush,5,tower,星晶の塔,12,20,5,1,1,19,20,26,33,33,0,0,0,29,28,137,0,0,62,195,0,0,7,0,0,0,85,84,0,0,1257,1877
139,rush,6,snowfield,霜降り雪原,16,25,4,1,1,26,27,35,44,44,0,0,0,41,40,230,0,0,85,306,0,0,7,0,0,0,122,180,0,0,1877,2093
139,rush,7,thunder_ruins,雷鳴遺跡,21,31,5,1,1,35,36,38,12,12,0,0,0,8,7,47,0,0,20,66,0,0,7,0,0,0,22,70,0,0,2093,3864
139,rush,8,prism_sanctuary,虹晶聖域,28,42,6,1,0,38,39,0,89,86,0,3,0,80,80,315,0,0,169,549,0,0,6,0,0,0,267,559,0,0,3864,0
139,rush,9,poison_bog,毒霧の沼地,34,48,5,0,0,0,0,0,0,0,0,0,0,0,0,0,0,0,0,0,0,0,0,0,0,0,0,0,0,0,0,0
139,rush,10,machine_city,古代機械都市,39,57,6,0,0,0,0,0,0,0,0,0,0,0,0,0,0,0,0,0,0,0,0,0,0,0,0,0,0,0,0,0
139,rush,11,deep_sea_temple,深海神殿,46,66,6,0,0,0,0,0,0,0,0,0,0,0,0,0,0,0,0,0,0,0,0,0,0,0,0,0,0,0,0,0
139,rush,12,demon_gate,魔界門,54,76,7,0,0,0,0,0,0,0,0,0,0,0,0,0,0,0,0,0,0,0,0,0,0,0,0,0,0,0,0,0
139,rush,13,sky_ruins,天空遺跡,68,86,7,0,0,0,0,0,0,0,0,0,0,0,0,0,0,0,0,0,0,0,0,0,0,0,0,0,0,0,0,0
140,balanced,1,meadow,はじまり草原,1,4,2,1,1,1,2,7,6,4,2,0,3,3,2,34,1,0,10,59,8,3,16,0,0,0,9,6,0,0,230,860
140,balanced,2,cave,こだま洞くつ,3,7,2,1,1,7,7,11,6,5,1,0,3,3,2,43,2,0,11,79,5,3,21,0,0,0,6,17,0,0,1118,2562
140,balanced,3,brook,しずく湖畔,5,10,3,1,1,12,11,14,7,6,1,0,3,3,2,27,2,0,12,48,0,0,10,0,0,0,4,30,0,0,2830,1746
140,balanced,4,volcano,ほむら火山,8,14,4,1,1,14,14,15,4,3,1,0,3,1,0,4,2,2,7,19,0,0,6,0,0,0,4,0,0,0,3360,4335
140,balanced,5,tower,星晶の塔,12,20,5,1,1,15,15,20,10,8,1,1,4,3,2,28,2,2,15,64,1,1,16,0,0,0,12,39,0,0,3358,6181
140,balanced,6,snowfield,霜降り雪原,16,25,4,1,1,20,21,23,6,6,0,0,6,2,1,18,2,2,10,54,0,0,12,0,0,0,6,39,0,0,4788,4633
140,balanced,7,thunder_ruins,雷鳴遺跡,21,31,5,1,1,23,25,31,17,16,1,0,6,7,6,93,2,2,26,146,0,0,40,0,0,0,20,136,0,0,3589,7961
140,balanced,8,prism_sanctuary,虹晶聖域,28,42,6,1,1,31,33,45,61,50,0,11,13,23,22,106,2,2,86,276,0,0,7,0,0,0,70,286,0,0,6166,12439
140,balanced,9,poison_bog,毒霧の沼地,34,48,5,1,1,45,46,47,5,4,1,0,3,1,0,5,2,2,8,22,0,0,5,0,0,0,5,0,0,0,9634,16627
140,balanced,10,machine_city,古代機械都市,39,57,6,1,1,47,48,54,25,21,1,3,10,9,8,73,2,2,36,168,0,0,17,0,0,0,30,331,0,0,12877,7204
140,balanced,11,deep_sea_temple,深海神殿,46,66,6,1,1,54,55,81,114,113,1,0,3,55,54,1297,2,2,171,1638,32,2,133,8,0,0,176,1418,0,0,5580,10131
140,balanced,12,demon_gate,魔界門,54,76,7,1,0,81,82,0,171,166,1,4,7,80,80,12413,0,0,251,14099,97,2,163,88,0,0,272,1148,0,0,7847,0
140,balanced,13,sky_ruins,天空遺跡,68,86,7,0,0,0,0,0,0,0,0,0,0,0,0,0,0,0,0,0,0,0,0,0,0,0,0,0,0,0,0,0
141,collector,1,meadow,はじまり草原,1,4,2,1,1,1,2,5,5,3,2,0,3,2,1,18,1,0,8,40,3,2,12,0,0,0,6,0,0,0,230,1272
141,collector,2,cave,こだま洞くつ,3,7,2,1,1,5,4,10,8,6,2,0,3,3,2,38,1,0,12,89,3,2,16,0,0,0,4,6,0,0,1530,3393
141,collector,3,brook,しずく湖畔,5,10,3,1,1,10,10,14,15,15,0,0,5,5,4,23,4,3,24,69,4,1,6,0,0,0,17,27,0,0,3527,1517
141,collector,4,volcano,ほむら火山,8,14,4,1,1,15,15,17,4,0,4,0,7,1,0,5,3,2,8,39,0,0,7,0,0,0,10,0,0,0,1241,4578
141,collector,5,tower,星晶の塔,12,20,5,1,1,17,15,20,19,16,1,2,12,5,4,25,5,5,29,124,6,2,10,0,0,0,39,46,0,0,4703,2286
141,collector,6,snowfield,霜降り雪原,16,25,4,1,1,20,20,25,14,12,1,1,10,4,3,136,5,5,23,227,7,3,39,0,0,0,30,47,0,0,1208,6496
141,collector,7,thunder_ruins,雷鳴遺跡,21,31,5,1,1,25,26,29,11,9,2,0,9,3,2,27,5,5,19,90,4,2,13,0,0,0,23,48,0,0,3430,3740
141,collector,8,prism_sanctuary,虹晶聖域,28,42,6,1,1,29,34,51,93,87,3,3,11,29,28,190,5,5,127,477,25,2,12,0,0,0,120,436,0,0,1975,10381
141,collector,9,poison_bog,毒霧の沼地,34,48,5,1,1,51,51,53,8,5,3,0,8,2,1,13,5,5,15,108,4,2,21,0,0,0,25,45,1,0,5480,19680
141,collector,10,machine_city,古代機械都市,39,57,6,1,1,53,54,59,24,22,2,0,10,7,6,42,5,5,36,576,16,2,31,0,0,0,59,275,0,0,10388,8189
141,collector,11,deep_sea_temple,深海神殿,46,66,6,1,1,59,61,79,89,81,0,8,14,26,25,165,5,5,120,947,33,2,55,1,0,0,150,900,0,0,4324,11424
141,collector,12,demon_gate,魔界門,54,76,7,1,1,79,77,78,15,5,3,7,15,1,0,8,5,5,21,124,3,1,10,0,0,0,39,0,0,0,6031,19625
141,collector,13,sky_ruins,天空遺跡,68,86,7,1,1,78,70,90,75,64,3,8,16,21,20,2450,5,5,101,2714,19,2,169,15,0,0,111,1271,0,0,10358,20928
142,rush,1,meadow,はじまり草原,1,4,2,1,1,1,2,7,4,3,1,0,1,3,2,21,0,0,7,31,0,0,8,0,0,0,5,8,0,0,230,719
142,rush,2,cave,こだま洞くつ,3,7,2,1,1,7,7,12,12,10,1,1,2,10,9,80,0,0,22,112,0,0,10,0,0,0,32,30,0,0,719,736
142,rush,3,brook,しずく湖畔,5,10,3,1,1,12,12,14,4,4,0,0,0,2,1,13,0,0,6,21,0,0,7,0,0,0,5,11,0,0,736,1171
142,rush,4,volcano,ほむら火山,8,14,4,1,1,14,15,19,20,20,0,0,0,17,16,93,0,0,37,131,0,0,7,0,0,0,50,50,0,0,1171,1266
142,rush,5,tower,星晶の塔,12,20,5,1,1,19,20,30,66,65,0,1,0,61,60,286,0,0,127,459,0,0,7,0,0,0,194,161,0,0,1266,1549
142,rush,6,snowfield,霜降り雪原,16,25,4,1,0,30,31,0,84,84,0,0,0,80,80,417,0,0,164,612,0,0,7,0,0,0,243,291,0,0,1549,0
142,rush,7,thunder_ruins,雷鳴遺跡,21,31,5,0,0,0,0,0,0,0,0,0,0,0,0,0,0,0,0,0,0,0,0,0,0,0,0,0,0,0,0,0
142,rush,8,prism_sanctuary,虹晶聖域,28,42,6,0,0,0,0,0,0,0,0,0,0,0,0,0,0,0,0,0,0,0,0,0,0,0,0,0,0,0,0,0
142,rush,9,poison_bog,毒霧の沼地,34,48,5,0,0,0,0,0,0,0,0,0,0,0,0,0,0,0,0,0,0,0,0,0,0,0,0,0,0,0,0,0
142,rush,10,machine_city,古代機械都市,39,57,6,0,0,0,0,0,0,0,0,0,0,0,0,0,0,0,0,0,0,0,0,0,0,0,0,0,0,0,0,0
142,rush,11,deep_sea_temple,深海神殿,46,66,6,0,0,0,0,0,0,0,0,0,0,0,0,0,0,0,0,0,0,0,0,0,0,0,0,0,0,0,0,0
142,rush,12,demon_gate,魔界門,54,76,7,0,0,0,0,0,0,0,0,0,0,0,0,0,0,0,0,0,0,0,0,0,0,0,0,0,0,0,0,0
142,rush,13,sky_ruins,天空遺跡,68,86,7,0,0,0,0,0,0,0,0,0,0,0,0,0,0,0,0,0,0,0,0,0,0,0,0,0,0,0,0,0
143,balanced,1,meadow,はじまり草原,1,4,2,1,1,1,3,6,10,4,2,4,6,3,2,33,2,0,15,79,7,2,14,0,0,0,13,4,0,0,230,916
143,balanced,2,cave,こだま洞くつ,3,7,2,1,1,8,8,10,4,3,1,0,3,2,1,33,2,2,8,60,4,2,22,0,0,0,11,8,0,0,1692,2604
143,balanced,3,brook,しずく湖畔,5,10,3,1,1,10,11,12,3,2,1,0,3,1,0,5,2,2,6,22,0,0,6,0,0,0,7,0,0,0,2017,3170
143,balanced,4,volcano,ほむら火山,8,14,4,1,1,12,12,20,32,31,1,0,3,15,14,94,2,2,49,173,18,2,9,0,0,0,52,78,0,0,2456,1216
143,balanced,5,tower,星晶の塔,12,20,5,1,1,20,19,26,35,34,1,0,3,16,15,87,2,2,53,165,13,1,6,0,0,0,55,92,0,0,943,3037
143,balanced,6,snowfield,霜降り雪原,16,25,4,1,1,26,27,30,14,13,1,0,3,6,5,66,2,2,22,110,5,1,18,0,0,0,23,87,0,0,2353,2888
143,balanced,7,thunder_ruins,雷鳴遺跡,21,31,5,1,1,30,29,32,13,12,1,0,5,5,4,115,2,2,20,152,3,1,30,0,0,0,20,66,0,0,2237,3081
143,balanced,8,prism_sanctuary,虹晶聖域,28,42,6,1,1,32,33,52,98,95,1,2,9,46,45,316,2,2,146,655,41,2,16,0,0,0,168,562,0,0,2387,7005
143,balanced,9,poison_bog,毒霧の沼地,34,48,5,1,1,52,53,55,7,6,1,0,3,2,1,23,2,2,11,52,1,1,17,0,0,0,11,113,0,0,5426,5899
143,balanced,10,machine_city,古代機械都市,39,57,6,1,1,55,53,61,36,35,1,0,7,16,15,141,2,2,54,244,9,2,18,0,0,0,54,416,0,0,4569,12057
143,balanced,11,deep_sea_temple,深海神殿,46,66,6,1,1,61,62,81,84,83,1,0,3,40,39,2182,2,2,126,2414,30,2,121,24,0,0,128,1125,0,0,9338,17210
143,balanced,12,demon_gate,魔界門,54,76,7,1,1,81,83,100,84,82,1,1,4,39,38,5341,2,2,125,5636,57,3,154,39,0,0,139,1257,0,0,13328,23950
143,balanced,13,sky_ruins,天空遺跡,68,86,7,1,1,100,100,100,47,46,1,0,4,21,20,1866,2,2,70,1998,31,3,90,21,0,0,72,0,0,0,18547,38363
144,collector,1,meadow,はじまり草原,1,4,2,1,1,1,2,6,9,6,2,1,6,3,2,29,3,0,15,93,8,3,16,0,0,0,12,0,0,0,230,1157
144,collector,2,cave,こだま洞くつ,3,7,2,1,1,8,9,12,11,10,1,0,7,4,3,93,5,5,20,169,8,2,29,0,0,0,26,18,0,0,3041,1923
144,collector,3,brook,しずく湖畔,5,10,3,1,1,12,12,13,6,4,2,0,8,2,1,11,5,5,13,54,0,0,7,0,0,0,21,8,0,0,1017,1328
144,collector,4,volcano,ほむら火山,8,14,4,1,1,13,12,16,10,8,2,0,8,3,2,17,5,5,18,73,2,1,8,0,0,0,24,1,0,0,703,4673
144,collector,5,tower,星晶の塔,12,20,5,1,1,16,15,21,34,30,2,2,11,10,9,109,5,5,49,235,7,1,22,0,0,0,52,45,0,0,2468,2707
144,collector,6,snowfield,霜降り雪原,16,25,4,1,1,21,21,28,25,23,2,0,7,8,7,204,5,5,38,319,7,2,27,0,0,0,38,85,0,0,1431,3372
144,collector,7,thunder_ruins,雷鳴遺跡,21,31,5,1,1,28,29,32,14,13,1,0,9,4,3,111,5,5,23,167,5,1,29,0,0,0,26,43,0,0,1782,5845
144,collector,8,prism_sanctuary,虹晶聖域,28,42,6,1,1,32,34,49,89,79,2,8,15,26,25,195,5,5,120,547,13,2,33,0,0,0,119,394,0,0,3086,5578
144,collector,9,poison_bog,毒霧の沼地,34,48,5,1,1,49,50,51,5,3,2,0,7,1,0,17,5,5,11,59,0,0,17,0,0,0,17,0,0,0,2945,13637
144,collector,10,machine_city,古代機械都市,39,57,6,1,1,51,52,66,77,72,3,2,12,24,23,99,5,5,106,327,28,2,10,0,0,0,84,679,1,0,7198,15175
144,collector,11,deep_sea_temple,深海神殿,46,66,6,1,1,66,66,90,143,140,1,2,12,46,45,1811,5,5,194,3001,71,3,61,40,0,0,195,1629,0,0,8009,12284
144,collector,12,demon_gate,魔界門,54,76,7,1,1,90,91,100,46,40,3,3,11,13,12,821,5,5,64,2652,32,3,65,42,0,0,90,629,0,0,6484,16981
144,collector,13,sky_ruins,天空遺跡,68,86,7,1,1,100,80,86,23,21,1,1,11,6,5,987,5,5,34,1117,5,1,168,6,0,0,41,410,0,0,8963,20547
145,rush,1,meadow,はじまり草原,1,4,2,1,1,1,2,6,6,2,2,2,4,3,2,28,0,0,9,49,0,0,13,0,0,0,9,8,0,0,230,660
145,rush,2,cave,こだま洞くつ,3,7,2,1,1,6,7,12,13,13,0,0,0,12,11,95,0,0,25,128,0,0,10,0,0,0,36,24,0,0,660,1240
145,rush,3,brook,しずく湖畔,5,10,3,1,1,12,12,15,6,6,0,0,0,4,3,22,0,0,10,35,0,0,6,0,0,0,11,20,0,0,1240,1356
145,rush,4,volcano,ほむら火山,8,14,4,1,1,15,15,23,39,39,0,0,0,36,35,184,0,0,75,291,0,0,7,0,0,0,113,83,0,0,1356,990
145,rush,5,tower,星晶の塔,12,20,5,1,0,23,23,0,85,85,0,0,0,80,80,339,0,0,165,571,0,0,7,0,0,0,267,185,0,0,990,0
145,rush,6,snowfield,霜降り雪原,16,25,4,0,0,0,0,0,0,0,0,0,0,0,0,0,0,0,0,0,0,0,0,0,0,0,0,0,0,0,0,0
145,rush,7,thunder_ruins,雷鳴遺跡,21,31,5,0,0,0,0,0,0,0,0,0,0,0,0,0,0,0,0,0,0,0,0,0,0,0,0,0,0,0,0,0
145,rush,8,prism_sanctuary,虹晶聖域,28,42,6,0,0,0,0,0,0,0,0,0,0,0,0,0,0,0,0,0,0,0,0,0,0,0,0,0,0,0,0,0
145,rush,9,poison_bog,毒霧の沼地,34,48,5,0,0,0,0,0,0,0,0,0,0,0,0,0,0,0,0,0,0,0,0,0,0,0,0,0,0,0,0,0
145,rush,10,machine_city,古代機械都市,39,57,6,0,0,0,0,0,0,0,0,0,0,0,0,0,0,0,0,0,0,0,0,0,0,0,0,0,0,0,0,0
145,rush,11,deep_sea_temple,深海神殿,46,66,6,0,0,0,0,0,0,0,0,0,0,0,0,0,0,0,0,0,0,0,0,0,0,0,0,0,0,0,0,0
145,rush,12,demon_gate,魔界門,54,76,7,0,0,0,0,0,0,0,0,0,0,0,0,0,0,0,0,0,0,0,0,0,0,0,0,0,0,0,0,0
145,rush,13,sky_ruins,天空遺跡,68,86,7,0,0,0,0,0,0,0,0,0,0,0,0,0,0,0,0,0,0,0,0,0,0,0,0,0,0,0,0,0
146,balanced,1,meadow,はじまり草原,1,4,2,1,1,1,2,6,8,5,1,2,5,3,2,31,2,2,13,73,7,4,15,0,0,0,11,5,0,0,230,891
146,balanced,2,cave,こだま洞くつ,3,7,2,1,1,6,7,11,10,9,1,0,3,5,4,78,2,2,17,121,3,2,20,0,0,0,20,17,0,0,691,1638
146,balanced,3,brook,しずく湖畔,5,10,3,1,1,11,11,13,5,4,1,0,3,2,1,16,2,2,9,42,0,0,9,0,0,0,11,13,0,0,1269,1887
146,balanced,4,volcano,ほむら火山,8,14,4,1,1,13,13,23,52,51,1,0,3,25,24,209,2,2,79,341,9,2,23,0,0,0,85,92,0,0,1462,1555
146,balanced,5,tower,星晶の塔,12,20,5,1,1,23,23,28,29,28,1,0,3,13,12,65,2,2,44,123,7,1,8,0,0,0,45,76,0,0,1205,1799
146,balanced,6,snowfield,霜降り雪原,16,25,4,1,1,28,27,28,4,3,1,0,6,1,0,25,2,2,7,49,0,0,25,0,0,0,7,0,0,0,1394,5993
146,balanced,7,thunder_ruins,雷鳴遺跡,21,31,5,1,1,28,29,36,31,31,0,0,7,14,13,189,2,2,47,267,11,2,31,0,0,0,51,169,0,0,4642,4328
146,balanced,8,prism_sanctuary,虹晶聖域,28,42,6,1,1,36,37,58,130,128,0,2,9,62,61,409,2,2,194,914,41,2,26,0,0,0,213,781,0,0,3352,4965
146,balanced,9,poison_bog,毒霧の沼地,34,48,5,1,1,58,57,57,5,4,1,0,5,1,0,7,2,2,8,35,0,0,7,0,0,0,8,0,0,0,3846,10370
146,balanced,10,machine_city,古代機械都市,39,57,6,1,1,57,58,62,20,19,1,0,4,8,7,106,2,2,30,161,6,2,27,0,0,0,31,314,0,0,8031,9586
146,balanced,11,deep_sea_temple,深海神殿,46,66,6,1,1,62,62,85,116,116,0,0,8,56,55,450,2,2,174,908,73,3,22,0,0,0,202,1492,0,0,7424,10032
146,balanced,12,demon_gate,魔界門,54,76,7,1,1,85,86,100,57,56,1,0,4,26,25,232,2,2,85,443,24,2,13,0,0,0,105,1024,0,0,7770,19070
146,balanced,13,sky_ruins,天空遺跡,68,86,7,1,1,100,99,100,93,92,1,0,9,44,43,4751,2,2,139,5088,25,1,179,27,0,0,143,155,0,0,14769,44419
147,collector,1,meadow,はじまり草原,1,4,2,1,1,1,3,6,11,10,1,0,2,4,3,45,1,0,16,82,11,2,14,0,0,0,8,1,0,0,230,1049
147,collector,2,cave,こだま洞くつ,3,7,2,1,1,6,7,11,8,6,2,0,6,3,2,48,4,3,15,99,6,2,20,0,0,0,17,9,0,0,1127,2607
147,collector,3,brook,しずく湖畔,5,10,3,1,1,9,10,14,15,15,0,0,5,5,4,26,5,5,25,85,8,2,9,0,0,0,19,19,0,0,2172,1317
147,collector,4,volcano,ほむら火山,8,14,4,1,1,14,15,15,4,2,2,0,8,1,0,5,5,5,10,47,3,3,9,0,0,0,12,0,0,0,697,2649
147,collector,5,tower,星晶の塔,12,20,5,1,1,15,16,22,33,29,3,1,10,10,9,50,5,5,48,175,3,1,8,0,0,0,49,45,0,0,1401,3863
147,collector,6,snowfield,霜降り雪原,16,25,4,1,1,22,23,27,14,11,2,1,10,4,3,290,5,5,23,380,6,2,91,3,0,0,34,67,0,0,2040,2988
147,collector,7,thunder_ruins,雷鳴遺跡,21,31,5,1,1,27,28,35,38,35,3,0,8,12,11,750,5,5,55,846,4,1,110,6,0,0,52,122,0,0,1579,3667
147,collector,8,prism_sanctuary,虹晶聖域,28,42,6,1,1,35,34,56,155,134,1,20,16,44,43,515,5,5,204,2874,28,2,171,22,0,0,211,638,1,0,1936,8617
147,collector,9,poison_bog,毒霧の沼地,34,48,5,1,1,56,56,63,47,45,2,0,9,15,14,211,5,5,67,305,0,0,29,0,0,0,61,378,0,0,4550,6731
147,collector,10,machine_city,古代機械都市,39,57,6,1,1,63,63,80,129,123,3,3,13,41,40,2622,5,5,175,3293,64,2,233,15,0,0,237,1046,1,0,3555,12995
147,collector,11,deep_sea_temple,深海神殿,46,66,6,1,1,80,81,94,104,91,2,11,19,30,29,7953,5,5,139,9564,41,2,292,38,0,0,145,983,0,0,6860,18133
147,collector,12,demon_gate,魔界門,54,76,7,1,1,94,95,95,10,4,3,3,13,1,0,234,5,5,16,649,3,1,234,3,0,0,35,0,0,0,9571,27941
147,collector,13,sky_ruins,天空遺跡,68,86,7,1,1,95,95,100,136,131,2,3,12,43,42,14479,5,5,184,15409,46,3,363,47,0,0,165,464,0,0,14748,49005
148,rush,1,meadow,はじまり草原,1,4,2,1,1,1,3,8,13,10,0,3,3,9,8,39,0,0,22,68,0,0,7,0,0,0,11,10,0,0,230,686
148,rush,2,cave,こだま洞くつ,3,7,2,1,1,8,8,11,5,2,2,1,3,3,2,30,0,0,8,44,0,0,11,0,0,0,9,11,0,0,686,1680
148,rush,3,brook,しずく湖畔,5,10,3,1,1,11,11,14,6,6,0,0,0,4,3,21,0,0,10,33,0,0,6,0,0,0,11,25,0,0,1680,1180
148,rush,4,volcano,ほむら火山,8,14,4,1,1,14,14,17,8,8,0,0,0,5,4,27,0,0,13,47,0,0,6,0,0,0,14,36,0,0,1180,957
148,rush,5,tower,星晶の塔,12,20,5,1,1,17,18,29,65,63,0,2,0,59,58,291,0,0,124,472,0,0,8,0,0,0,195,154,0,0,957,1543
148,rush,6,snowfield,霜降り雪原,16,25,4,1,1,29,30,38,58,58,0,0,0,55,54,313,0,0,113,436,0,0,7,0,0,0,164,205,0,0,1543,2641
148,rush,7,thunder_ruins,雷鳴遺跡,21,31,5,1,1,38,39,44,37,37,0,0,0,33,32,182,0,0,70,251,0,0,7,0,0,0,98,169,0,0,2641,3786
148,rush,8,prism_sanctuary,虹晶聖域,28,42,6,1,0,44,45,0,88,86,0,2,0,80,80,323,0,0,168,621,0,0,6,0,0,0,283,562,0,0,3786,0
148,rush,9,poison_bog,毒霧の沼地,34,48,5,0,0,0,0,0,0,0,0,0,0,0,0,0,0,0,0,0,0,0,0,0,0,0,0,0,0,0,0,0
148,rush,10,machine_city,古代機械都市,39,57,6,0,0,0,0,0,0,0,0,0,0,0,0,0,0,0,0,0,0,0,0,0,0,0,0,0,0,0,0,0
148,rush,11,deep_sea_temple,深海神殿,46,66,6,0,0,0,0,0,0,0,0,0,0,0,0,0,0,0,0,0,0,0,0,0,0,0,0,0,0,0,0,0
148,rush,12,demon_gate,魔界門,54,76,7,0,0,0,0,0,0,0,0,0,0,0,0,0,0,0,0,0,0,0,0,0,0,0,0,0,0,0,0,0
148,rush,13,sky_ruins,天空遺跡,68,86,7,0,0,0,0,0,0,0,0,0,0,0,0,0,0,0,0,0,0,0,0,0,0,0,0,0,0,0,0,0
149,balanced,1,meadow,はじまり草原,1,4,2,1,1,1,3,6,9,5,1,3,5,3,2,33,2,2,14,78,8,4,15,0,0,0,12,5,0,0,230,867
149,balanced,2,cave,こだま洞くつ,3,7,2,1,1,6,7,11,8,7,1,0,3,4,3,36,2,2,14,79,8,3,13,0,0,0,18,13,0,0,672,1871
149,balanced,3,brook,しずく湖畔,5,10,3,1,1,11,11,14,7,6,1,0,3,3,2,20,2,2,12,45,3,1,8,0,0,0,14,21,0,0,1450,1376
149,balanced,4,volcano,ほむら火山,8,14,4,1,1,14,14,19,16,15,1,0,3,7,6,48,2,2,25,90,7,1,10,0,0,0,26,35,0,0,1066,2147
149,balanced,5,tower,星晶の塔,12,20,5,1,1,19,18,22,20,18,1,1,8,8,7,51,2,2,30,118,2,1,10,0,0,0,34,55,0,0,1664,1895
149,balanced,6,snowfield,霜降り雪原,16,25,4,1,1,22,24,26,6,5,1,0,4,2,1,13,2,2,10,44,0,0,8,0,0,0,11,50,0,0,1468,3823
149,balanced,7,thunder_ruins,雷鳴遺跡,21,31,5,1,1,26,27,33,23,22,1,0,3,10,9,149,2,2,35,201,5,1,53,1,0,0,34,111,0,0,2962,4294
149,balanced,8,prism_sanctuary,虹晶聖域,28,42,6,1,1,33,33,45,50,49,1,0,3,23,22,127,2,2,75,297,5,1,32,0,0,0,83,330,0,0,3326,4914
149,balanced,9,poison_bog,毒霧の沼地,34,48,5,1,1,45,46,48,9,8,1,0,3,3,2,27,2,2,14,53,0,0,11,0,0,0,14,95,0,0,3806,9529
149,balanced,10,machine_city,古代機械都市,39,57,6,1,1,48,49,60,48,48,0,0,8,22,21,190,2,2,72,337,15,3,16,0,0,0,80,521,0,0,7380,9309
149,balanced,11,deep_sea_temple,深海神殿,46,66,6,1,1,60,59,77,80,73,1,6,14,35,34,295,2,2,117,606,18,1,21,0,0,0,140,884,0,0,7209,10036
149,balanced,12,demon_gate,魔界門,54,76,7,1,1,77,79,95,69,60,1,8,12,28,27,3065,2,2,99,3611,25,1,276,21,0,0,125,987,0,0,7773,19081
149,balanced,13,sky_ruins,天空遺跡,68,86,7,1,1,95,91,100,41,40,1,0,6,18,17,3832,2,2,61,3985,15,1,294,18,0,0,67,887,0,0,14777,28159
150,collector,1,meadow,はじまり草原,1,4,2,1,1,1,3,7,14,13,1,0,3,5,4,49,2,0,21,101,8,3,13,0,0,0,10,0,0,0,230,2002
150,collector,2,cave,こだま洞くつ,3,7,2,1,1,9,9,12,8,8,0,0,2,3,2,42,2,1,13,93,2,1,17,0,0,0,7,9,0,0,2928,2260
150,collector,3,brook,しずく湖畔,5,10,3,1,1,12,8,13,15,13,2,0,7,5,4,36,5,5,25,92,3,2,10,0,0,0,19,22,0,0,2503,2217
150,collector,4,volcano,ほむら火山,8,14,4,1,1,13,14,19,28,25,3,0,8,9,8,200,5,5,42,279,7,1,24,0,0,0,42,21,0,0,1171,2816
150,collector,5,tower,星晶の塔,12,20,5,1,1,19,15,19,27,23,3,1,9,8,7,45,5,5,40,257,11,2,19,0,0,0,50,38,0,0,1489,2327
150,collector,6,snowfield,霜降り雪原,16,25,4,1,1,19,21,25,17,14,2,1,8,5,4,149,5,5,27,241,5,2,33,0,0,0,33,49,0,0,1230,4233
150,collector,7,thunder_ruins,雷鳴遺跡,21,31,5,1,1,25,25,31,23,22,1,0,8,7,6,97,5,5,35,179,6,2,24,0,0,0,36,84,0,0,2236,5867
150,collector,8,prism_sanctuary,虹晶聖域,28,42,6,1,1,31,32,52,110,108,0,2,11,35,34,263,5,5,150,662,29,2,18,0,0,0,141,554,0,0,3098,5566
150,collector,9,poison_bog,毒霧の沼地,34,48,5,1,1,52,53,55,8,5,3,0,8,2,1,22,5,5,15,75,0,0,13,0,0,0,20,65,0,0,2940,13757
150,collector,10,machine_city,古代機械都市,39,57,6,1,1,55,55,59,18,15,3,0,11,5,4,86,5,5,28,174,5,2,42,0,0,0,32,197,0,0,7262,15120
150,collector,11,deep_sea_temple,深海神殿,46,66,6,1,1,59,60,85,118,115,2,1,9,38,37,352,5,5,161,696,38,3,14,0,0,0,142,1364,0,0,7981,11283
150,collector,12,demon_gate,魔界門,54,76,7,1,1,85,85,90,21,17,2,2,12,5,4,34,5,5,31,139,4,2,10,0,0,0,37,308,0,0,5957,15339
150,collector,13,sky_ruins,天空遺跡,68,86,7,1,1,90,77,78,9,4,3,2,13,1,0,5,5,5,15,95,0,0,11,0,0,0,29,0,0,0,8097,27545
151,rush,1,meadow,はじまり草原,1,4,2,1,1,1,2,7,4,3,1,0,2,3,2,22,0,0,7,35,0,0,10,0,0,0,5,9,0,0,230,659
151,rush,2,cave,こだま洞くつ,3,7,2,1,1,7,7,11,9,8,1,0,1,8,7,66,0,0,17,87,0,0,11,0,0,0,23,16,0,0,659,1685
151,rush,3,brook,しずく湖畔,5,10,3,1,1,11,11,13,5,5,0,0,0,3,2,15,0,0,8,25,0,0,7,0,0,0,8,25,0,0,1685,1133
151,rush,4,volcano,ほむら火山,8,14,4,1,1,13,14,23,52,51,0,1,0,48,47,244,0,0,100,395,0,0,7,0,0,0,152,91,0,0,1133,939
151,rush,5,tower,星晶の塔,12,20,5,1,0,23,23,0,85,85,0,0,0,80,80,349,0,0,165,549,0,0,7,0,0,0,258,180,0,0,939,0
151,rush,6,snowfield,霜降り雪原,16,25,4,0,0,0,0,0,0,0,0,0,0,0,0,0,0,0,0,0,0,0,0,0,0,0,0,0,0,0,0,0
151,rush,7,thunder_ruins,雷鳴遺跡,21,31,5,0,0,0,0,0,0,0,0,0,0,0,0,0,0,0,0,0,0,0,0,0,0,0,0,0,0,0,0,0
151,rush,8,prism_sanctuary,虹晶聖域,28,42,6,0,0,0,0,0,0,0,0,0,0,0,0,0,0,0,0,0,0,0,0,0,0,0,0,0,0,0,0,0
151,rush,9,poison_bog,毒霧の沼地,34,48,5,0,0,0,0,0,0,0,0,0,0,0,0,0,0,0,0,0,0,0,0,0,0,0,0,0,0,0,0,0
151,rush,10,machine_city,古代機械都市,39,57,6,0,0,0,0,0,0,0,0,0,0,0,0,0,0,0,0,0,0,0,0,0,0,0,0,0,0,0,0,0
151,rush,11,deep_sea_temple,深海神殿,46,66,6,0,0,0,0,0,0,0,0,0,0,0,0,0,0,0,0,0,0,0,0,0,0,0,0,0,0,0,0,0
151,rush,12,demon_gate,魔界門,54,76,7,0,0,0,0,0,0,0,0,0,0,0,0,0,0,0,0,0,0,0,0,0,0,0,0,0,0,0,0,0
151,rush,13,sky_ruins,天空遺跡,68,86,7,0,0,0,0,0,0,0,0,0,0,0,0,0,0,0,0,0,0,0,0,0,0,0,0,0,0,0,0,0
152,balanced,1,meadow,はじまり草原,1,4,2,1,1,1,3,6,9,5,1,3,5,3,2,28,1,0,13,61,6,4,12,0,0,0,9,5,0,0,230,873
152,balanced,2,cave,こだま洞くつ,3,7,2,1,1,7,5,10,6,5,1,0,3,3,2,30,2,2,11,76,3,1,12,0,0,0,8,10,0,0,951,2883
152,balanced,3,brook,しずく湖畔,5,10,3,1,1,10,10,13,9,8,1,0,4,4,3,19,2,2,15,50,1,1,7,0,0,0,17,29,0,0,2234,1192
152,balanced,4,volcano,ほむら火山,8,14,4,1,1,13,13,16,6,5,1,0,3,2,1,17,2,2,10,44,3,1,9,0,0,0,12,18,0,0,924,1774
152,balanced,5,tower,星晶の塔,12,20,5,1,1,16,16,22,21,20,1,0,3,9,8,57,2,2,32,116,3,1,10,0,0,0,33,64,0,0,1375,1853
152,balanced,6,snowfield,霜降り雪原,16,25,4,1,1,22,22,28,14,13,1,0,5,6,5,55,2,2,22,100,3,1,16,0,0,0,27,92,0,0,1436,3591
152,balanced,7,thunder_ruins,雷鳴遺跡,21,31,5,1,1,28,27,31,15,14,1,0,3,6,5,97,2,2,23,135,1,1,51,1,0,0,23,81,0,0,2782,3057
152,balanced,8,prism_sanctuary,虹晶聖域,28,42,6,1,1,31,31,49,91,82,0,9,17,39,38,233,2,2,132,547,8,1,20,0,0,0,168,460,0,0,2369,4980
152,balanced,9,poison_bog,毒霧の沼地,34,48,5,1,1,49,49,53,13,12,1,0,3,5,4,32,2,2,20,69,1,1,10,0,0,0,20,178,0,0,3858,8780
152,balanced,10,machine_city,古代機械都市,39,57,6,1,1,53,54,63,45,43,1,1,9,20,19,231,2,2,67,370,4,2,24,0,0,0,73,463,0,0,6800,7079
152,balanced,11,deep_sea_temple,深海神殿,46,66,6,1,1,63,62,83,100,97,1,2,9,47,46,2672,2,2,149,2950,12,2,267,24,0,0,159,1206,0,0,5483,14887
152,balanced,12,demon_gate,魔界門,54,76,7,1,1,83,85,96,44,40,1,3,7,18,17,4309,2,2,64,4990,23,2,298,22,0,0,80,770,0,0,11529,21410
152,balanced,13,sky_ruins,天空遺跡,68,86,7,1,0,96,97,0,171,166,1,4,9,80,80,19124,0,0,251,19648,26,1,246,80,0,0,261,398,0,0,16581,0
153,collector,1,meadow,はじまり草原,1,4,2,1,1,1,3,7,15,13,1,1,3,5,4,56,1,0,21,100,17,4,14,0,0,0,11,0,0,0,230,1302
153,collector,2,cave,こだま洞くつ,3,7,2,1,1,8,8,12,14,12,2,0,5,5,4,84,3,2,22,139,9,2,20,0,0,0,22,21,0,0,1580,1749
153,collector,3,brook,しずく湖畔,5,10,3,1,1,10,10,14,12,9,3,0,4,4,3,33,1,0,17,70,7,5,11,0,1,0,12,21,0,0,1750,1398
153,collector,4,volcano,ほむら火山,8,14,4,1,1,15,12,16,10,7,3,0,8,3,2,24,5,5,18,86,1,1,9,0,0,0,25,21,0,0,1605,3427
153,collector,5,tower,星晶の塔,12,20,5,1,1,16,17,18,9,6,2,1,11,2,1,12,5,5,16,90,1,1,9,0,0,0,30,16,0,0,1811,2810
153,collector,6,snowfield,霜降り雪原,16,25,4,1,1,18,19,28,35,33,1,1,9,11,10,72,5,5,51,262,11,2,37,0,0,0,54,107,0,0,1485,3383
153,collector,7,thunder_ruins,雷鳴遺跡,21,31,5,1,1,28,28,34,26,24,2,0,8,8,7,45,5,5,39,132,6,1,9,0,0,0,39,75,0,0,1788,5832
153,collector,8,prism_sanctuary,虹晶聖域,28,42,6,1,1,34,36,46,62,56,1,5,13,18,17,95,5,5,85,337,14,2,31,0,0,0,90,274,0,0,3080,5538
153,collector,9,poison_bog,毒霧の沼地,34,48,5,1,1,46,46,50,17,13,4,0,9,5,4,33,5,5,27,267,8,2,25,0,0,0,38,159,1,0,2925,11571
153,collector,10,machine_city,古代機械都市,39,57,6,1,1,50,51,63,63,61,2,0,9,20,19,138,5,5,88,870,29,2,41,0,0,0,96,571,1,0,6109,15041
153,collector,11,deep_sea_temple,深海神殿,46,66,6,1,1,63,64,80,83,81,0,2,11,26,25,675,5,5,114,1562,29,2,63,15,0,0,120,956,0,0,7940,11133
153,collector,12,demon_gate,魔界門,54,76,7,1,1,80,82,87,24,17,2,5,12,5,4,328,5,5,34,640,7,1,68,8,0,0,51,290,0,0,5878,15947
153,collector,13,sky_ruins,天空遺跡,68,86,7,1,1,87,77,89,50,44,2,4,13,14,13,3374,5,5,69,3605,8,1,256,15,0,0,71,788,0,0,8417,20669
154,rush,1,meadow,はじまり草原,1,4,2,1,1,1,2,7,8,4,1,3,3,4,3,33,0,0,12,59,0,0,9,0,0,0,10,8,0,0,230,667
154,rush,2,cave,こだま洞くつ,3,7,2,1,1,7,7,16,36,36,0,0,1,35,34,172,0,0,71,253,0,0,7,0,0,0,71,57,0,0,667,538
154,rush,3,brook,しずく湖畔,5,10,3,1,1,16,16,17,4,3,1,0,2,2,1,10,0,0,6,17,0,0,5,0,0,0,5,7,0,0,538,1152
154,rush,4,volcano,ほむら火山,8,14,4,1,1,17,17,21,20,20,0,0,0,17,16,76,0,0,37,118,0,0,6,0,0,0,51,39,0,0,1152,963
154,rush,5,tower,星晶の塔,12,20,5,1,1,21,22,28,46,44,0,2,0,40,39,186,0,0,86,285,0,0,7,0,0,0,126,111,0,0,963,1509
154,rush,6,snowfield,霜降り雪原,16,25,4,1,1,28,29,35,36,36,0,0,0,33,32,163,0,0,69,225,0,0,7,0,0,0,98,151,0,0,1509,2067
154,rush,7,thunder_ruins,雷鳴遺跡,21,31,5,1,0,35,36,0,85,85,0,0,0,80,80,358,0,0,165,511,0,0,6,0,0,0,245,356,0,0,2067,0
154,rush,8,prism_sanctuary,虹晶聖域,28,42,6,0,0,0,0,0,0,0,0,0,0,0,0,0,0,0,0,0,0,0,0,0,0,0,0,0,0,0,0,0
154,rush,9,poison_bog,毒霧の沼地,34,48,5,0,0,0,0,0,0,0,0,0,0,0,0,0,0,0,0,0,0,0,0,0,0,0,0,0,0,0,0,0
154,rush,10,machine_city,古代機械都市,39,57,6,0,0,0,0,0,0,0,0,0,0,0,0,0,0,0,0,0,0,0,0,0,0,0,0,0,0,0,0,0
154,rush,11,deep_sea_temple,深海神殿,46,66,6,0,0,0,0,0,0,0,0,0,0,0,0,0,0,0,0,0,0,0,0,0,0,0,0,0,0,0,0,0
154,rush,12,demon_gate,魔界門,54,76,7,0,0,0,0,0,0,0,0,0,0,0,0,0,0,0,0,0,0,0,0,0,0,0,0,0,0,0,0,0
154,rush,13,sky_ruins,天空遺跡,68,86,7,0,0,0,0,0,0,0,0,0,0,0,0,0,0,0,0,0,0,0,0,0,0,0,0,0,0,0,0,0
155,balanced,1,meadow,はじまり草原,1,4,2,1,1,1,3,7,6,5,1,0,2,3,2,24,1,0,10,45,1,1,9,0,0,0,4,6,0,0,230,888
155,balanced,2,cave,こだま洞くつ,3,7,2,1,1,7,7,11,7,5,1,1,3,3,2,43,1,0,11,89,8,3,24,0,0,0,8,13,0,0,966,2356
155,balanced,3,brook,しずく湖畔,5,10,3,1,1,11,8,12,9,8,1,0,4,4,3,17,2,1,15,42,0,0,7,0,0,0,9,28,0,0,2490,1678
155,balanced,4,volcano,ほむら火山,8,14,4,1,1,12,10,13,4,3,1,0,6,1,0,5,2,2,7,28,0,0,6,0,0,0,5,0,1,0,1924,4264
155,balanced,5,tower,星晶の塔,12,20,5,1,1,13,16,26,48,44,1,3,9,21,20,104,2,2,71,231,6,1,8,0,0,0,78,141,0,0,3303,1857
155,balanced,6,snowfield,霜降り雪原,16,25,4,1,1,26,26,33,36,36,0,0,6,17,16,178,2,2,55,267,9,2,19,0,0,0,61,139,0,0,1439,2435
155,balanced,7,thunder_ruins,雷鳴遺跡,21,31,5,1,1,33,33,37,21,20,1,0,4,9,8,50,2,2,32,107,7,2,8,0,0,0,32,87,0,0,1886,5296
155,balanced,8,prism_sanctuary,虹晶聖域,28,42,6,1,1,37,38,59,129,125,1,3,7,61,60,284,2,2,192,836,54,3,30,0,0,0,256,790,0,0,4102,4958
155,balanced,9,poison_bog,毒霧の沼地,34,48,5,1,1,59,59,60,5,5,0,0,7,1,0,6,2,2,8,35,1,1,6,0,0,0,8,0,0,0,3841,15596
155,balanced,10,machine_city,古代機械都市,39,57,6,1,1,60,61,70,53,52,0,1,9,24,23,145,2,2,79,293,23,2,10,0,0,0,89,646,0,0,12078,14333
155,balanced,11,deep_sea_temple,深海神殿,46,66,6,1,1,70,70,91,119,117,1,1,6,57,56,423,2,2,178,814,25,2,31,0,0,0,191,1559,0,0,11101,10080
155,balanced,12,demon_gate,魔界門,54,76,7,1,1,91,90,95,24,22,1,1,5,9,8,97,2,2,35,325,4,1,124,1,0,0,42,390,0,0,7807,13944
155,balanced,13,sky_ruins,天空遺跡,68,86,7,1,1,95,96,100,91,90,1,0,3,43,42,5857,2,2,136,6094,24,1,160,38,0,0,137,508,0,0,10799,37561
156,collector,1,meadow,はじまり草原,1,4,2,1,1,1,3,6,12,9,2,1,5,4,3,55,2,1,18,110,16,3,18,0,0,0,16,0,0,0,230,1068
156,collector,2,cave,こだま洞くつ,3,7,2,1,1,6,6,9,5,3,2,0,6,2,1,21,4,2,11,73,1,1,12,0,0,0,8,4,0,0,1898,3354
156,collector,3,brook,しずく湖畔,5,10,3,1,1,10,10,14,15,13,2,0,7,5,4,36,5,5,25,105,1,1,10,0,0,0,29,22,0,0,2836,1351
156,collector,4,volcano,ほむら火山,8,14,4,1,1,14,13,16,11,7,3,1,10,3,2,24,5,5,19,95,1,1,9,0,0,0,29,16,1,0,715,3774
156,collector,5,tower,星晶の塔,12,20,5,1,1,16,15,21,26,22,4,0,10,8,7,129,5,5,39,259,9,2,38,0,0,0,40,42,0,0,1995,2607
156,collector,6,snowfield,霜降り雪原,16,25,4,1,1,21,22,28,29,26,2,1,8,9,8,590,5,5,43,682,24,2,77,8,0,0,46,87,0,0,1378,3363
156,collector,7,thunder_ruins,雷鳴遺跡,21,31,5,1,1,28,29,30,5,3,2,0,7,1,0,78,5,5,11,121,0,0,78,1,0,0,18,0,0,0,1776,6738
156,collector,8,prism_sanctuary,虹晶聖域,28,42,6,1,1,30,31,53,127,116,1,10,17,38,37,281,5,5,170,3127,37,2,117,32,0,0,200,575,0,0,3557,5436
156,collector,9,poison_bog,毒霧の沼地,34,48,5,1,1,53,49,57,44,40,4,0,10,14,13,101,5,5,63,516,13,2,29,0,0,0,73,324,2,0,2870,11467
156,collector,10,machine_city,古代機械都市,39,57,6,1,1,57,58,68,63,59,1,3,13,19,18,436,5,5,87,1023,11,1,113,5,0,0,92,506,0,0,6054,16111
156,collector,11,deep_sea_temple,深海神殿,46,66,6,1,1,68,69,85,113,101,1,11,18,33,32,6224,5,5,151,9443,38,2,321,49,0,0,165,1110,0,0,8504,11218
156,collector,12,demon_gate,魔界門,54,76,7,1,1,85,85,95,68,61,3,4,12,20,19,5243,5,5,93,14220,66,2,371,75,0,0,136,917,0,0,5922,15924
156,collector,13,sky_ruins,天空遺跡,68,86,7,1,1,95,96,100,112,103,3,6,15,34,33,8022,5,5,151,8790,31,2,244,39,0,0,144,332,0,0,8406,46773
157,rush,1,meadow,はじまり草原,1,4,2,1,1,1,3,7,6,4,1,1,2,4,3,35,0,0,10,54,0,0,9,0,0,0,8,8,0,0,230,709
157,rush,2,cave,こだま洞くつ,3,7,2,1,1,7,7,11,9,8,1,0,1,8,7,58,0,0,17,84,0,0,9,0,0,0,22,17,0,0,709,1703
157,rush,3,brook,しずく湖畔,5,10,3,1,1,11,12,15,7,7,0,0,0,5,4,26,0,0,12,39,0,0,6,0,0,0,13,27,0,0,1703,1158
157,rush,4,volcano,ほむら火山,8,14,4,1,1,15,15,20,20,20,0,0,0,17,16,91,0,0,37,137,0,0,7,0,0,0,49,61,0,0,1158,1270
157,rush,5,tower,星晶の塔,12,20,5,1,1,20,21,32,84,83,0,1,0,79,78,368,0,0,163,594,0,0,7,0,0,0,247,184,0,0,1270,1557
157,rush,6,snowfield,霜降り雪原,16,25,4,1,1,32,33,40,49,49,0,0,0,46,45,249,0,0,95,354,0,0,7,0,0,0,138,188,0,0,1557,2045
157,rush,7,thunder_ruins,雷鳴遺跡,21,31,5,1,0,40,40,0,85,85,0,0,0,80,80,398,0,0,165,572,0,0,7,0,0,0,241,345,0,0,2045,0
157,rush,8,prism_sanctuary,虹晶聖域,28,42,6,0,0,0,0,0,0,0,0,0,0,0,0,0,0,0,0,0,0,0,0,0,0,0,0,0,0,0,0,0
157,rush,9,poison_bog,毒霧の沼地,34,48,5,0,0,0,0,0,0,0,0,0,0,0,0,0,0,0,0,0,0,0,0,0,0,0,0,0,0,0,0,0
157,rush,10,machine_city,古代機械都市,39,57,6,0,0,0,0,0,0,0,0,0,0,0,0,0,0,0,0,0,0,0,0,0,0,0,0,0,0,0,0,0
157,rush,11,deep_sea_temple,深海神殿,46,66,6,0,0,0,0,0,0,0,0,0,0,0,0,0,0,0,0,0,0,0,0,0,0,0,0,0,0,0,0,0
157,rush,12,demon_gate,魔界門,54,76,7,0,0,0,0,0,0,0,0,0,0,0,0,0,0,0,0,0,0,0,0,0,0,0,0,0,0,0,0,0
157,rush,13,sky_ruins,天空遺跡,68,86,7,0,0,0,0,0,0,0,0,0,0,0,0,0,0,0,0,0,0,0,0,0,0,0,0,0,0,0,0,0
158,balanced,1,meadow,はじまり草原,1,4,2,1,1,1,3,7,8,4,2,2,5,3,2,33,1,0,12,66,11,4,12,0,0,0,11,4,0,0,230,922
158,balanced,2,cave,こだま洞くつ,3,7,2,1,1,7,7,11,6,5,1,0,4,3,2,41,2,2,11,77,4,2,17,0,0,0,16,17,0,0,1880,2250
158,balanced,3,brook,しずく湖畔,5,10,3,1,1,11,12,14,5,4,1,0,3,2,1,11,2,2,9,32,0,0,7,0,0,0,11,16,0,0,1743,1797
158,balanced,4,volcano,ほむら火山,8,14,4,1,1,14,14,17,10,9,1,0,3,4,3,25,2,2,16,54,2,1,7,0,0,0,18,35,0,0,1393,1226
158,balanced,5,tower,星晶の塔,12,20,5,1,1,17,17,21,13,12,1,0,6,5,4,26,2,2,20,71,4,1,6,0,0,0,22,44,0,0,950,1873
158,balanced,6,snowfield,霜降り雪原,16,25,4,1,1,21,21,27,20,19,1,0,3,9,8,76,2,2,31,129,2,1,13,0,0,0,32,105,0,0,1452,3638
158,balanced,7,thunder_ruins,雷鳴遺跡,21,31,5,1,1,27,28,31,13,13,0,0,7,5,4,33,2,2,20,77,8,2,8,0,0,0,22,77,0,0,2818,3096
158,balanced,8,prism_sanctuary,虹晶聖域,28,42,6,1,1,31,32,53,110,106,0,4,9,51,50,269,2,2,163,732,35,2,29,0,0,0,197,625,0,0,2398,5072
158,balanced,9,poison_bog,毒霧の沼地,34,48,5,1,1,53,53,55,7,6,1,0,6,2,1,18,2,2,11,56,1,1,10,0,0,0,15,79,0,0,3929,11628
158,balanced,10,machine_city,古代機械都市,39,57,6,1,1,55,56,57,6,5,1,0,7,1,0,6,2,2,9,49,0,0,10,0,0,0,12,0,0,0,9006,18297
158,balanced,11,deep_sea_temple,深海神殿,46,66,6,1,1,57,58,86,140,132,0,8,16,64,63,901,2,2,206,1408,79,3,60,9,0,0,254,1647,0,0,14170,14892
158,balanced,12,demon_gate,魔界門,54,76,7,1,1,86,88,100,90,88,1,1,7,42,41,2809,2,2,134,3311,78,3,71,46,0,0,154,964,0,0,11533,35106
158,balanced,13,sky_ruins,天空遺跡,68,86,7,1,0,100,100,0,168,166,1,1,4,80,80,5559,0,0,248,5971,131,2,70,80,0,0,253,0,0,0,27187,0
159,collector,1,meadow,はじまり草原,1,4,2,1,1,1,3,7,14,13,1,0,2,5,4,52,1,0,20,93,9,3,15,0,0,0,10,1,0,0,230,2030
159,collector,2,cave,こだま洞くつ,3,7,2,1,1,7,8,11,8,7,1,0,2,3,2,60,1,0,12,96,3,2,25,0,0,0,5,9,0,0,2108,2403
159,collector,3,brook,しずく湖畔,5,10,3,1,1,12,7,13,15,14,1,0,7,5,4,31,5,5,25,89,7,2,10,0,0,0,19,15,0,0,2777,2696
159,collector,4,volcano,ほむら火山,8,14,4,1,1,13,13,19,34,33,1,0,6,11,10,86,5,5,50,178,5,1,16,0,0,0,47,29,0,0,1425,1998
159,collector,5,tower,星晶の塔,12,20,5,1,1,19,15,25,56,53,3,0,8,18,17,165,5,5,79,535,23,2,24,0,0,0,87,64,0,0,1056,4413
159,collector,6,snowfield,霜降り雪原,16,25,4,1,1,25,26,30,26,23,2,1,9,8,7,233,5,5,39,399,13,4,35,0,0,0,48,85,1,0,2331,2977
159,collector,7,thunder_ruins,雷鳴遺跡,21,31,5,1,1,30,31,31,5,2,3,0,9,1,0,29,5,5,11,84,2,1,29,0,0,0,21,0,0,0,1573,5495
159,collector,8,prism_sanctuary,虹晶聖域,28,42,6,1,1,31,32,55,133,120,0,13,19,39,38,241,5,5,177,2683,47,3,39,0,0,0,245,590,0,0,2902,7822
159,collector,9,poison_bog,毒霧の沼地,34,48,5,1,1,55,54,60,32,29,3,0,8,10,9,55,5,5,47,186,9,2,8,0,0,0,51,269,1,0,4130,6827
159,collector,10,machine_city,古代機械都市,39,57,6,1,1,60,60,66,39,37,2,0,10,12,11,81,5,5,56,292,16,4,48,0,0,0,63,344,0,0,3605,12994
159,collector,11,deep_sea_temple,深海神殿,46,66,6,1,1,66,67,87,106,101,1,4,15,33,32,1932,5,5,144,3752,42,2,197,21,0,0,148,1147,0,0,6859,18018
159,collector,12,demon_gate,魔界門,54,76,7,1,1,87,83,84,12,4,3,5,13,1,0,201,5,5,18,570,3,1,201,3,0,0,39,0,0,0,9511,22589
159,collector,13,sky_ruins,天空遺跡,68,86,7,1,1,84,81,100,111,103,3,5,13,34,33,11280,5,5,150,11715,30,2,369,36,0,0,136,1348,0,0,11923,40853
160,rush,1,meadow,はじまり草原,1,4,2,1,1,1,2,7,13,5,1,7,8,5,4,41,0,0,18,71,0,0,11,0,0,0,16,9,0,0,230,542
160,rush,2,cave,こだま洞くつ,3,7,2,1,1,7,7,12,12,11,1,0,1,11,10,87,0,0,23,113,0,0,10,0,0,0,33,23,0,0,542,1223
160,rush,3,brook,しずく湖畔,5,10,3,1,1,12,12,14,5,5,0,0,0,3,2,15,0,0,8,24,0,0,7,0,0,0,8,19,0,0,1223,1350
160,rush,4,volcano,ほむら火山,8,14,4,1,1,14,15,19,14,14,0,0,0,11,10,62,0,0,25,86,0,0,7,0,0,0,32,41,0,0,1350,1861
160,rush,5,tower,星晶の塔,12,20,5,1,1,19,20,30,65,65,0,0,0,61,60,277,0,0,126,432,0,0,7,0,0,0,187,159,0,0,1861,1574
160,rush,6,snowfield,霜降り雪原,16,25,4,1,0,30,31,0,84,84,0,0,0,80,80,405,0,0,164,590,0,0,7,0,0,0,240,287,0,0,1574,0
160,rush,7,thunder_ruins,雷鳴遺跡,21,31,5,0,0,0,0,0,0,0,0,0,0,0,0,0,0,0,0,0,0,0,0,0,0,0,0,0,0,0,0,0
160,rush,8,prism_sanctuary,虹晶聖域,28,42,6,0,0,0,0,0,0,0,0,0,0,0,0,0,0,0,0,0,0,0,0,0,0,0,0,0,0,0,0,0
160,rush,9,poison_bog,毒霧の沼地,34,48,5,0,0,0,0,0,0,0,0,0,0,0,0,0,0,0,0,0,0,0,0,0,0,0,0,0,0,0,0,0
160,rush,10,machine_city,古代機械都市,39,57,6,0,0,0,0,0,0,0,0,0,0,0,0,0,0,0,0,0,0,0,0,0,0,0,0,0,0,0,0,0
160,rush,11,deep_sea_temple,深海神殿,46,66,6,0,0,0,0,0,0,0,0,0,0,0,0,0,0,0,0,0,0,0,0,0,0,0,0,0,0,0,0,0
160,rush,12,demon_gate,魔界門,54,76,7,0,0,0,0,0,0,0,0,0,0,0,0,0,0,0,0,0,0,0,0,0,0,0,0,0,0,0,0,0
160,rush,13,sky_ruins,天空遺跡,68,86,7,0,0,0,0,0,0,0,0,0,0,0,0,0,0,0,0,0,0,0,0,0,0,0,0,0,0,0,0,0
161,balanced,1,meadow,はじまり草原,1,4,2,1,1,1,2,6,7,4,2,1,5,3,2,32,2,0,12,67,8,2,14,0,0,0,11,5,0,0,230,896
161,balanced,2,cave,こだま洞くつ,3,7,2,1,1,8,8,10,4,3,1,0,3,2,1,49,2,2,8,77,0,0,25,0,0,0,11,9,0,0,2372,2314
161,balanced,3,brook,しずく湖畔,5,10,3,1,1,10,10,13,7,6,1,0,3,3,2,16,2,2,12,42,1,1,8,0,0,0,14,21,0,0,1793,1674
161,balanced,4,volcano,ほむら火山,8,14,4,1,1,13,12,17,17,15,1,1,4,7,6,99,2,2,26,154,2,1,19,0,0,0,28,41,0,0,1298,1519
161,balanced,5,tower,星晶の塔,12,20,5,1,1,17,18,26,39,38,1,0,3,18,17,103,2,2,59,216,3,1,13,0,0,0,67,103,0,0,1177,3080
161,balanced,6,snowfield,霜降り雪原,16,25,4,1,1,26,27,34,34,33,1,0,3,16,15,185,2,2,52,252,12,2,27,0,0,0,53,148,0,0,2386,2435
161,balanced,7,thunder_ruins,雷鳴遺跡,21,31,5,1,1,34,33,44,72,70,1,1,4,34,33,252,2,2,108,386,12,1,16,0,0,0,111,279,0,0,1886,3103
161,balanced,8,prism_sanctuary,虹晶聖域,28,42,6,1,1,44,43,61,123,121,1,1,4,59,58,301,2,2,184,682,23,2,34,0,0,0,203,715,0,0,2404,7125
161,balanced,9,poison_bog,毒霧の沼地,34,48,5,1,1,61,61,63,9,8,1,0,3,3,2,16,2,2,14,46,1,1,6,0,0,0,15,129,0,0,5518,5913
161,balanced,10,machine_city,古代機械都市,39,57,6,1,1,63,63,70,38,37,1,0,3,17,16,98,2,2,57,231,9,2,45,0,0,0,61,446,0,0,4580,12213
161,balanced,11,deep_sea_temple,深海神殿,46,66,6,1,1,70,69,89,110,107,1,2,8,52,51,2086,2,2,164,2366,44,1,68,31,0,0,173,1370,0,0,9459,16901
161,balanced,12,demon_gate,魔界門,54,76,7,1,1,89,89,90,7,6,1,0,3,1,0,69,2,2,10,102,0,0,69,1,0,0,10,0,0,0,13089,36355
161,balanced,13,sky_ruins,天空遺跡,68,86,7,1,1,90,86,100,53,52,1,0,3,24,23,1787,2,2,79,1927,16,2,79,24,0,0,82,1345,0,0,28154,20430
162,collector,1,meadow,はじまり草原,1,4,2,1,1,1,2,6,9,7,1,1,4,3,2,35,3,1,15,101,9,3,18,0,0,0,10,1,0,0,230,1161
162,collector,2,cave,こだま洞くつ,3,7,2,1,1,7,7,11,8,7,1,0,4,3,2,44,2,0,13,85,4,2,22,0,0,0,7,8,0,0,2298,2448
162,collector,3,brook,しずく湖畔,5,10,3,1,1,11,11,15,9,7,2,0,3,3,2,30,1,0,13,59,0,0,16,0,0,0,9,12,0,0,2916,3671
162,collector,4,volcano,ほむら火山,8,14,4,1,1,15,13,17,13,12,1,0,9,4,3,63,5,5,22,138,6,2,39,0,0,0,28,33,0,0,3878,3429
162,collector,5,tower,星晶の塔,12,20,5,1,1,17,16,24,41,39,2,0,7,13,12,150,5,5,59,380,10,2,31,0,0,0,65,60,0,0,1812,4465
162,collector,6,snowfield,霜降り雪原,16,25,4,1,1,24,25,30,22,20,2,0,7,7,6,496,5,5,34,575,8,2,94,5,0,0,37,91,0,0,2358,2943
162,collector,7,thunder_ruins,雷鳴遺跡,21,31,5,1,1,30,30,38,41,40,1,0,7,13,12,1016,5,5,59,1126,18,2,112,8,0,0,55,130,0,0,1555,8446
162,collector,8,prism_sanctuary,虹晶聖域,28,42,6,1,1,38,39,55,94,92,1,1,10,30,29,550,5,5,129,2421,19,2,106,22,0,0,126,505,0,0,4459,12539
162,collector,9,poison_bog,毒霧の沼地,34,48,5,1,1,55,55,55,5,3,2,0,7,1,0,19,5,5,11,71,0,0,19,0,0,0,17,0,0,0,6619,13209
162,collector,10,machine_city,古代機械都市,39,57,6,1,1,55,56,66,62,57,3,2,10,19,18,202,5,5,86,1281,16,2,135,9,0,0,87,539,0,0,6973,8176
162,collector,11,deep_sea_temple,深海神殿,46,66,6,1,1,66,67,87,104,99,3,2,10,33,32,2687,5,5,142,5878,36,2,243,52,0,0,142,1136,0,0,4317,12234
162,collector,12,demon_gate,魔界門,54,76,7,1,0,87,88,0,252,246,1,5,6,80,80,22753,0,0,332,58623,185,2,296,301,0,0,399,794,0,0,6458,0
162,collector,13,sky_ruins,天空遺跡,68,86,7,0,0,0,0,0,0,0,0,0,0,0,0,0,0,0,0,0,0,0,0,0,0,0,0,0,0,0,0,0
163,rush,1,meadow,はじまり草原,1,4,2,1,1,1,2,7,6,3,1,2,3,3,2,21,0,0,9,39,0,0,8,0,0,0,7,8,0,0,230,675
163,rush,2,cave,こだま洞くつ,3,7,2,1,1,7,7,10,3,2,1,0,1,2,1,18,0,0,5,29,0,0,9,0,0,0,5,12,0,0,675,1431
163,rush,3,brook,しずく湖畔,5,10,3,1,1,10,10,14,6,6,0,0,0,4,3,26,0,0,10,36,0,0,7,0,0,0,11,24,0,0,1431,1424
163,rush,4,volcano,ほむら火山,8,14,4,1,1,14,14,17,7,7,0,0,0,4,3,24,0,0,11,37,0,0,7,0,0,0,11,35,0,0,1424,1187
163,rush,5,tower,星晶の塔,12,20,5,1,1,17,18,29,63,63,0,0,0,59,58,287,0,0,122,420,0,0,7,0,0,0,180,159,0,0,1187,1559
163,rush,6,snowfield,霜降り雪原,16,25,4,1,1,29,30,37,47,47,0,0,0,44,43,259,0,0,91,356,0,0,8,0,0,0,132,184,0,0,1559,2051
163,rush,7,thunder_ruins,雷鳴遺跡,21,31,5,1,1,37,38,46,59,59,0,0,0,55,54,315,0,0,114,404,0,0,7,0,0,0,164,252,0,0,2051,3813
163,rush,8,prism_sanctuary,虹晶聖域,28,42,6,1,0,46,47,0,86,86,0,0,0,80,80,342,0,0,166,590,0,0,6,0,0,0,257,564,0,0,3813,0
163,rush,9,poison_bog,毒霧の沼地,34,48,5,0,0,0,0,0,0,0,0,0,0,0,0,0,0,0,0,0,0,0,0,0,0,0,0,0,0,0,0,0
163,rush,10,machine_city,古代機械都市,39,57,6,0,0,0,0,0,0,0,0,0,0,0,0,0,0,0,0,0,0,0,0,0,0,0,0,0,0,0,0,0
163,rush,11,deep_sea_temple,深海神殿,46,66,6,0,0,0,0,0,0,0,0,0,0,0,0,0,0,0,0,0,0,0,0,0,0,0,0,0,0,0,0,0
163,rush,12,demon_gate,魔界門,54,76,7,0,0,0,0,0,0,0,0,0,0,0,0,0,0,0,0,0,0,0,0,0,0,0,0,0,0,0,0,0
163,rush,13,sky_ruins,天空遺跡,68,86,7,0,0,0,0,0,0,0,0,0,0,0,0,0,0,0,0,0,0,0,0,0,0,0,0,0,0,0,0,0
164,balanced,1,meadow,はじまり草原,1,4,2,1,1,1,3,6,6,2,2,2,3,2,1,19,1,0,9,49,4,2,10,0,0,0,7,3,0,0,230,1020
164,balanced,2,cave,こだま洞くつ,3,7,2,1,1,7,7,12,8,8,0,0,4,4,3,61,2,2,14,110,4,2,19,0,0,0,20,28,0,0,1518,1874
164,balanced,3,brook,しずく湖畔,5,10,3,1,1,12,12,13,3,2,1,0,3,1,0,12,2,2,6,32,0,0,12,0,0,0,8,0,0,0,1452,2107
164,balanced,4,volcano,ほむら火山,8,14,4,1,1,13,13,19,27,25,1,1,4,12,11,143,2,2,41,207,1,1,21,0,0,0,44,56,0,0,1633,1551
164,balanced,5,tower,星晶の塔,12,20,5,1,1,19,18,27,46,44,1,1,4,21,20,114,2,2,69,227,10,2,12,0,0,0,74,111,0,0,1202,1838
164,balanced,6,snowfield,霜降り雪原,16,25,4,1,1,27,27,29,6,5,1,0,6,2,1,34,2,2,10,67,0,0,22,0,0,0,10,35,0,0,1424,4746
164,balanced,7,thunder_ruins,雷鳴遺跡,21,31,5,1,1,29,28,31,11,10,1,0,3,4,3,28,2,2,17,64,5,2,9,0,0,0,17,82,0,0,3676,3070
164,balanced,8,prism_sanctuary,虹晶聖域,28,42,6,1,1,31,31,49,84,84,0,0,8,40,39,253,2,2,126,715,14,1,20,0,0,0,139,501,0,0,2378,5545
164,balanced,9,poison_bog,毒霧の沼地,34,48,5,1,1,49,50,52,9,8,1,0,5,3,2,24,2,2,14,60,1,1,12,0,0,0,14,102,0,0,4295,8183
164,balanced,10,machine_city,古代機械都市,39,57,6,1,1,52,53,58,20,19,1,0,3,8,7,70,2,2,30,136,2,1,12,0,0,0,29,295,0,0,6338,7223
164,balanced,11,deep_sea_temple,深海神殿,46,66,6,1,1,58,59,80,94,91,1,2,9,44,43,378,2,2,140,789,35,3,15,0,0,0,156,1112,0,0,5595,15739
164,balanced,12,demon_gate,魔界門,54,76,7,1,1,80,82,100,101,100,1,0,3,48,47,3613,2,2,151,4090,7,1,238,22,0,0,153,1274,0,0,12189,34727
164,balanced,13,sky_ruins,天空遺跡,68,86,7,1,0,100,100,0,169,166,1,2,3,80,80,11763,0,0,249,12306,3,1,157,76,0,0,248,0,0,0,26893,0
165,collector,1,meadow,はじまり草原,1,4,2,1,1,1,3,7,14,13,1,0,2,5,4,42,1,0,20,75,5,2,12,0,0,0,8,1,0,0,230,1311
165,collector,2,cave,こだま洞くつ,3,7,2,1,1,8,8,13,17,15,2,0,6,6,5,77,4,2,27,151,8,2,19,0,0,0,24,21,0,0,1589,1737
165,collector,3,brook,しずく湖畔,5,10,3,1,1,11,11,14,12,9,3,0,5,4,3,33,2,1,18,69,1,1,11,0,0,0,16,19,0,0,1858,1783
165,collector,4,volcano,ほむら火山,8,14,4,1,1,13,15,16,4,2,2,0,8,1,0,6,5,5,10,52,1,1,7,0,0,0,18,0,0,0,2977,5004
165,collector,5,tower,星晶の塔,12,20,5,1,1,16,15,16,11,8,3,0,9,2,1,12,5,5,18,80,3,1,8,0,0,0,27,11,0,3,2642,3964
165,collector,6,snowfield,霜降り雪原,16,25,4,1,1,16,16,24,22,20,2,0,8,7,6,147,5,5,34,270,8,2,31,0,0,0,39,76,1,0,2094,5139
165,collector,7,thunder_ruins,雷鳴遺跡,21,31,5,1,1,24,26,26,11,10,1,0,8,1,0,5,5,5,17,64,0,0,9,0,0,0,17,0,0,0,2714,7158
165,collector,8,prism_sanctuary,虹晶聖域,28,42,6,1,1,26,29,48,82,81,0,1,9,26,25,198,5,5,113,703,23,2,41,0,0,0,108,438,0,0,3779,10391
165,collector,9,poison_bog,毒霧の沼地,34,48,5,1,1,48,47,54,26,24,2,0,10,8,7,124,5,5,39,360,7,2,31,0,0,0,46,263,1,0,5486,13689
165,collector,10,machine_city,古代機械都市,39,57,6,1,1,54,55,59,21,21,0,0,11,6,5,202,5,5,32,401,6,2,66,2,0,0,42,232,0,0,7226,8202
165,collector,11,deep_sea_temple,深海神殿,46,66,6,1,1,59,60,88,143,137,1,5,12,45,44,1850,5,5,193,3099,35,2,138,28,0,0,184,1537,0,0,4330,10970
165,collector,12,demon_gate,魔界門,54,76,7,1,1,88,88,98,46,39,1,6,17,12,11,907,5,5,63,2445,21,2,84,25,0,0,117,575,1,0,5791,16688
165,collector,13,sky_ruins,天空遺跡,68,86,7,1,0,98,99,0,252,246,1,5,10,80,80,7029,0,0,332,11502,16,2,97,118,0,0,514,53,0,0,8809,0
166,rush,1,meadow,はじまり草原,1,4,2,1,1,1,3,6,11,4,1,6,7,4,3,36,0,0,15,66,0,0,11,0,0,0,13,7,0,0,230,688
166,rush,2,cave,こだま洞くつ,3,7,2,1,1,6,7,11,8,7,1,0,1,7,6,59,0,0,15,78,0,0,10,0,0,0,20,16,0,0,688,1711
166,rush,3,brook,しずく湖畔,5,10,3,1,1,11,11,14,5,5,0,0,0,3,2,20,0,0,8,30,0,0,8,0,0,0,8,25,0,0,1711,1148
166,rush,4,volcano,ほむら火山,8,14,4,1,1,14,15,20,21,21,0,0,0,18,17,112,0,0,39,148,0,0,7,0,0,0,53,61,0,0,1148,1266
166,rush,5,tower,星晶の塔,12,20,5,1,1,20,21,30,61,59,0,2,0,55,54,265,0,0,116,426,0,0,7,0,0,0,171,136,0,0,1266,1524
166,rush,6,snowfield,霜降り雪原,16,25,4,1,1,30,30,41,74,74,0,0,0,71,70,435,0,0,145,613,0,0,8,0,0,0,212,269,0,0,1524,2040
166,rush,7,thunder_ruins,雷鳴遺跡,21,31,5,1,1,41,41,50,68,68,0,0,0,64,63,379,0,0,132,496,0,0,8,0,0,0,191,285,0,0,2040,3881
166,rush,8,prism_sanctuary,虹晶聖域,28,42,6,1,0,50,50,0,87,86,0,1,0,80,80,351,0,0,167,660,0,0,7,0,0,0,274,548,0,0,3881,0
166,rush,9,poison_bog,毒霧の沼地,34,48,5,0,0,0,0,0,0,0,0,0,0,0,0,0,0,0,0,0,0,0,0,0,0,0,0,0,0,0,0,0
166,rush,10,machine_city,古代機械都市,39,57,6,0,0,0,0,0,0,0,0,0,0,0,0,0,0,0,0,0,0,0,0,0,0,0,0,0,0,0,0,0
166,rush,11,deep_sea_temple,深海神殿,46,66,6,0,0,0,0,0,0,0,0,0,0,0,0,0,0,0,0,0,0,0,0,0,0,0,0,0,0,0,0,0
166,rush,12,demon_gate,魔界門,54,76,7,0,0,0,0,0,0,0,0,0,0,0,0,0,0,0,0,0,0,0,0,0,0,0,0,0,0,0,0,0
166,rush,13,sky_ruins,天空遺跡,68,86,7,0,0,0,0,0,0,0,0,0,0,0,0,0,0,0,0,0,0,0,0,0,0,0,0,0,0,0,0,0
167,balanced,1,meadow,はじまり草原,1,4,2,1,1,1,2,7,6,5,1,0,3,3,2,24,2,1,11,63,12,6,16,0,1,0,7,6,0,0,230,869
167,balanced,2,cave,こだま洞くつ,3,7,2,1,1,7,7,11,6,5,1,0,3,3,2,43,2,2,11,85,2,1,18,0,0,0,13,14,0,0,843,2342
167,balanced,3,brook,しずく湖畔,5,10,3,1,1,11,11,13,5,4,1,0,3,2,1,13,2,2,9,40,1,1,7,0,0,0,11,11,0,0,1814,2091
167,balanced,4,volcano,ほむら火山,8,14,4,1,1,13,13,18,22,19,1,2,8,9,8,54,2,2,33,149,4,1,11,0,0,0,46,42,0,0,1621,2457
167,balanced,5,tower,星晶の塔,12,20,5,1,1,18,19,28,61,57,0,4,10,27,26,140,2,2,90,338,21,2,10,0,0,0,105,123,0,0,1904,1856
167,balanced,6,snowfield,霜降り雪原,16,25,4,1,1,28,29,35,36,35,1,0,6,17,16,160,2,2,55,250,8,2,24,0,0,0,57,137,0,0,1438,3647
167,balanced,7,thunder_ruins,雷鳴遺跡,21,31,5,1,1,35,35,41,37,36,1,0,3,17,16,97,2,2,56,169,16,2,9,0,0,0,56,170,0,0,2825,3044
167,balanced,8,prism_sanctuary,虹晶聖域,28,42,6,1,1,41,42,63,150,147,1,2,3,72,71,359,2,2,224,863,53,5,27,0,1,0,262,869,0,0,2358,5020
167,balanced,9,poison_bog,毒霧の沼地,34,48,5,1,1,63,62,65,17,16,1,0,5,7,6,172,2,2,26,222,3,1,42,0,0,0,26,205,0,0,3888,8041
167,balanced,10,machine_city,古代機械都市,39,57,6,1,1,65,65,70,32,31,1,0,7,14,13,96,2,2,48,192,10,1,10,0,0,0,53,364,0,0,6228,7347
167,balanced,11,deep_sea_temple,深海神殿,46,66,6,1,1,70,70,93,126,125,1,0,3,61,60,390,2,2,189,741,68,2,12,0,0,0,219,1563,0,0,5691,14960
167,balanced,12,demon_gate,魔界門,54,76,7,1,1,93,91,93,13,10,1,2,7,3,2,17,2,2,18,75,3,3,9,0,0,0,24,309,0,0,11586,21477
167,balanced,13,sky_ruins,天空遺跡,68,86,7,1,1,93,84,99,60,58,1,1,6,27,26,165,2,2,89,327,5,1,9,0,0,0,94,1248,0,0,16632,18947
168,collector,1,meadow,はじまり草原,1,4,2,1,1,1,3,6,8,7,1,0,3,3,2,27,2,1,13,62,4,2,11,0,0,0,8,1,0,0,230,1118
168,collector,2,cave,こだま洞くつ,3,7,2,1,1,7,7,11,8,8,0,0,1,3,2,38,1,0,12,86,3,2,17,0,0,0,4,8,0,0,1062,2475
168,collector,3,brook,しずく湖畔,5,10,3,1,1,11,7,13,18,15,3,0,8,6,5,26,5,5,29,75,4,1,8,0,0,0,21,23,0,0,2789,1355
168,collector,4,volcano,ほむら火山,8,14,4,1,1,13,14,16,14,11,2,1,8,4,3,63,5,5,23,123,2,1,17,0,0,0,29,15,0,0,717,2124
168,collector,5,tower,星晶の塔,12,20,5,1,1,16,17,22,31,24,2,5,13,8,7,46,5,5,44,365,9,2,26,0,0,0,70,31,0,0,1123,3542
168,collector,6,snowfield,霜降り雪原,16,25,4,1,1,22,23,30,35,32,2,1,8,11,10,288,5,5,51,444,7,1,44,0,0,0,52,106,0,0,1870,2966
168,collector,7,thunder_ruins,雷鳴遺跡,21,31,5,1,1,30,30,38,44,42,2,0,8,14,13,401,5,5,63,533,9,2,32,0,0,0,56,147,0,0,1568,3676
168,collector,8,prism_sanctuary,虹晶聖域,28,42,6,1,1,38,39,57,161,116,1,44,29,38,37,541,5,5,204,2712,37,2,53,3,0,0,228,524,1,0,1942,7936
168,collector,9,poison_bog,毒霧の沼地,34,48,5,1,1,57,57,61,29,26,3,0,10,9,8,85,5,5,43,210,6,2,19,0,0,0,49,241,1,0,4189,6678
168,collector,10,machine_city,古代機械都市,39,57,6,1,1,61,62,69,54,48,3,3,14,16,15,161,5,5,75,417,13,2,26,0,0,0,84,403,0,0,3526,12977
168,collector,11,deep_sea_temple,深海神殿,46,66,6,1,1,69,70,98,178,171,3,4,12,57,56,7278,5,5,240,9311,94,2,271,66,0,0,232,1954,0,0,6850,17941
168,collector,12,demon_gate,魔界門,54,76,7,1,0,98,99,0,157,141,3,13,17,46,46,13455,0,0,203,23956,40,2,299,104,0,0,225,42,0,0,9470,0
168,collector,13,sky_ruins,天空遺跡,68,86,7,0,0,0,0,0,0,0,0,0,0,0,0,0,0,0,0,0,0,0,0,0,0,0,0,0,0,0,0,0
169,rush,1,meadow,はじまり草原,1,4,2,1,1,1,3,7,7,4,1,2,3,4,3,30,0,0,11,54,0,0,9,0,0,0,10,8,0,0,230,662
169,rush,2,cave,こだま洞くつ,3,7,2,1,1,7,7,12,11,10,1,0,1,10,9,74,0,0,21,100,0,0,9,0,0,0,29,33,0,0,662,549
169,rush,3,brook,しずく湖畔,5,10,3,1,1,12,13,14,5,5,0,0,0,3,2,19,0,0,8,27,0,0,7,0,0,0,8,9,0,0,549,1139
169,rush,4,volcano,ほむら火山,8,14,4,1,1,14,15,21,25,25,0,0,0,22,21,118,0,0,47,178,0,0,7,0,0,0,66,70,0,0,1139,1006
169,rush,5,tower,星晶の塔,12,20,5,1,0,21,21,0,85,85,0,0,0,80,80,381,0,0,165,621,0,0,8,0,0,0,259,187,0,0,1006,0
169,rush,6,snowfield,霜降り雪原,16,25,4,0,0,0,0,0,0,0,0,0,0,0,0,0,0,0,0,0,0,0,0,0,0,0,0,0,0,0,0,0
169,rush,7,thunder_ruins,雷鳴遺跡,21,31,5,0,0,0,0,0,0,0,0,0,0,0,0,0,0,0,0,0,0,0,0,0,0,0,0,0,0,0,0,0
169,rush,8,prism_sanctuary,虹晶聖域,28,42,6,0,0,0,0,0,0,0,0,0,0,0,0,0,0,0,0,0,0,0,0,0,0,0,0,0,0,0,0,0
169,rush,9,poison_bog,毒霧の沼地,34,48,5,0,0,0,0,0,0,0,0,0,0,0,0,0,0,0,0,0,0,0,0,0,0,0,0,0,0,0,0,0
169,rush,10,machine_city,古代機械都市,39,57,6,0,0,0,0,0,0,0,0,0,0,0,0,0,0,0,0,0,0,0,0,0,0,0,0,0,0,0,0,0
169,rush,11,deep_sea_temple,深海神殿,46,66,6,0,0,0,0,0,0,0,0,0,0,0,0,0,0,0,0,0,0,0,0,0,0,0,0,0,0,0,0,0
169,rush,12,demon_gate,魔界門,54,76,7,0,0,0,0,0,0,0,0,0,0,0,0,0,0,0,0,0,0,0,0,0,0,0,0,0,0,0,0,0
169,rush,13,sky_ruins,天空遺跡,68,86,7,0,0,0,0,0,0,0,0,0,0,0,0,0,0,0,0,0,0,0,0,0,0,0,0,0,0,0,0,0
170,balanced,1,meadow,はじまり草原,1,4,2,1,1,1,2,6,7,5,1,1,3,3,2,25,2,2,12,66,9,4,12,0,0,0,11,5,0,0,230,921
170,balanced,2,cave,こだま洞くつ,3,7,2,1,1,6,7,13,18,17,1,0,3,9,8,97,2,2,29,157,11,2,20,0,0,0,32,32,0,0,714,749
170,balanced,3,brook,しずく湖畔,5,10,3,1,1,13,13,14,3,2,1,0,3,1,0,7,2,2,6,25,0,0,8,0,0,0,8,0,0,0,581,2044
170,balanced,4,volcano,ほむら火山,8,14,4,1,1,14,13,18,16,15,1,0,3,7,6,44,2,2,25,110,4,1,16,0,0,0,29,56,0,0,1584,1511
170,balanced,5,tower,星晶の塔,12,20,5,1,1,18,17,24,37,36,1,0,4,17,16,102,2,2,56,232,2,1,16,0,0,0,59,79,0,0,1171,1808
170,balanced,6,snowfield,霜降り雪原,16,25,4,1,1,24,25,29,14,14,0,0,3,6,5,101,2,2,22,160,5,2,26,0,0,0,25,91,0,0,1401,2392
170,balanced,7,thunder_ruins,雷鳴遺跡,21,31,5,1,1,29,30,39,51,50,1,0,3,24,23,508,2,2,77,628,14,2,76,1,0,0,77,201,0,0,1853,4904
170,balanced,8,prism_sanctuary,虹晶聖域,28,42,6,1,1,39,40,58,115,113,1,1,5,55,54,359,2,2,172,860,16,2,34,0,0,0,183,683,0,0,3799,5716
170,balanced,9,poison_bog,毒霧の沼地,34,48,5,1,1,58,59,61,9,8,1,0,4,3,2,15,2,2,14,55,0,0,6,0,0,0,15,104,0,0,4428,9518
170,balanced,10,machine_city,古代機械都市,39,57,6,1,1,61,59,69,62,61,1,0,3,29,28,243,2,2,93,375,19,2,19,0,0,0,93,634,0,0,7371,10440
170,balanced,11,deep_sea_temple,深海神殿,46,66,6,1,1,69,69,80,56,55,1,0,4,26,25,435,2,2,84,708,15,2,62,5,0,0,99,755,0,0,8086,10066
170,balanced,12,demon_gate,魔界門,54,76,7,1,1,80,81,88,25,24,1,0,3,10,9,669,2,2,37,805,14,2,70,11,0,0,40,519,0,0,7796,19886
170,balanced,13,sky_ruins,天空遺跡,68,86,7,1,1,88,89,100,65,64,1,0,3,30,29,2176,2,2,97,2334,56,2,78,29,0,0,98,1057,0,0,15400,39629
171,collector,1,meadow,はじまり草原,1,4,2,1,1,1,3,6,9,6,2,1,7,3,2,38,5,5,17,121,8,3,15,0,0,0,24,0,0,0,230,1142
171,collector,2,cave,こだま洞くつ,3,7,2,1,1,6,6,9,8,6,2,0,7,3,2,45,5,5,16,122,5,2,19,0,0,0,23,3,0,0,604,2430
171,collector,3,brook,しずく湖畔,5,10,3,1,1,9,9,11,6,4,2,0,7,2,1,13,5,5,13,59,1,1,8,0,0,0,20,6,0,0,1285,2086
171,collector,4,volcano,ほむら火山,8,14,4,1,1,11,11,17,19,17,2,0,8,6,5,41,5,5,30,173,7,2,12,0,0,0,40,24,0,0,1103,2185
171,collector,5,tower,星晶の塔,12,20,5,1,1,17,15,22,39,36,2,1,8,12,11,173,5,5,56,337,9,1,48,0,0,0,60,45,0,0,1155,2245
171,collector,6,snowfield,霜降り雪原,16,25,4,1,1,22,23,28,22,19,3,0,9,7,6,426,5,5,34,505,4,2,78,5,0,0,38,70,0,0,1187,3391
171,collector,7,thunder_ruins,雷鳴遺跡,21,31,5,1,1,28,29,38,48,46,1,1,9,15,14,988,5,5,68,1110,6,1,100,10,0,0,64,146,0,0,1791,5472
171,collector,8,prism_sanctuary,虹晶聖域,28,42,6,1,1,38,39,58,121,116,1,4,10,38,37,547,5,5,164,1465,10,2,125,11,0,0,149,590,0,0,2890,5592
171,collector,9,poison_bog,毒霧の沼地,34,48,5,1,1,58,56,66,68,65,3,0,9,22,21,304,5,5,95,1044,9,2,35,0,0,0,101,486,1,0,2953,6636
171,collector,10,machine_city,古代機械都市,39,57,6,1,1,66,67,76,69,66,3,0,9,22,21,1983,5,5,96,2178,24,2,212,11,0,0,85,573,0,0,3505,10315
171,collector,11,deep_sea_temple,深海神殿,46,66,6,1,1,76,76,88,74,70,2,2,10,23,22,4077,5,5,102,5800,36,2,245,31,0,0,133,827,1,0,5446,11223
171,collector,12,demon_gate,魔界門,54,76,7,1,1,88,89,93,28,20,2,6,13,6,5,1562,5,5,39,2936,10,2,268,18,0,0,60,292,0,0,5925,20479
171,collector,13,sky_ruins,天空遺跡,68,86,7,1,0,93,93,0,206,196,3,7,14,64,64,20616,0,0,270,21578,53,2,342,68,0,0,225,508,0,0,10810,0
172,rush,1,meadow,はじまり草原,1,4,2,1,1,1,2,5,3,1,2,0,2,2,1,16,0,0,5,25,0,0,9,0,0,0,4,3,0,0,230,927
172,rush,2,cave,こだま洞くつ,3,7,2,1,1,5,6,10,5,5,0,0,0,4,3,28,0,0,9,42,0,0,7,0,0,0,12,17,0,0,927,1458
172,rush,3,brook,しずく湖畔,5,10,3,1,1,10,11,14,6,6,0,0,0,4,3,21,0,0,10,32,0,0,6,0,0,0,10,29,0,0,1458,1182
172,rush,4,volcano,ほむら火山,8,14,4,1,1,14,15,21,27,27,0,0,0,24,23,105,0,0,51,172,0,0,6,0,0,0,74,66,0,0,1182,1250
172,rush,5,tower,星晶の塔,12,20,5,1,0,21,21,0,85,85,0,0,0,80,80,336,0,0,165,552,0,0,6,0,0,0,263,185,0,0,1250,0
172,rush,6,snowfield,霜降り雪原,16,25,4,0,0,0,0,0,0,0,0,0,0,0,0,0,0,0,0,0,0,0,0,0,0,0,0,0,0,0,0,0
172,rush,7,thunder_ruins,雷鳴遺跡,21,31,5,0,0,0,0,0,0,0,0,0,0,0,0,0,0,0,0,0,0,0,0,0,0,0,0,0,0,0,0,0
172,rush,8,prism_sanctuary,虹晶聖域,28,42,6,0,0,0,0,0,0,0,0,0,0,0,0,0,0,0,0,0,0,0,0,0,0,0,0,0,0,0,0,0
172,rush,9,poison_bog,毒霧の沼地,34,48,5,0,0,0,0,0,0,0,0,0,0,0,0,0,0,0,0,0,0,0,0,0,0,0,0,0,0,0,0,0
172,rush,10,machine_city,古代機械都市,39,57,6,0,0,0,0,0,0,0,0,0,0,0,0,0,0,0,0,0,0,0,0,0,0,0,0,0,0,0,0,0
172,rush,11,deep_sea_temple,深海神殿,46,66,6,0,0,0,0,0,0,0,0,0,0,0,0,0,0,0,0,0,0,0,0,0,0,0,0,0,0,0,0,0
172,rush,12,demon_gate,魔界門,54,76,7,0,0,0,0,0,0,0,0,0,0,0,0,0,0,0,0,0,0,0,0,0,0,0,0,0,0,0,0,0
172,rush,13,sky_ruins,天空遺跡,68,86,7,0,0,0,0,0,0,0,0,0,0,0,0,0,0,0,0,0,0,0,0,0,0,0,0,0,0,0,0,0
173,balanced,1,meadow,はじまり草原,1,4,2,1,1,1,2,6,9,4,2,3,6,3,2,34,2,0,14,71,8,2,13,0,0,0,13,4,0,0,230,911
173,balanced,2,cave,こだま洞くつ,3,7,2,1,1,8,8,11,6,5,1,0,3,3,2,37,2,2,11,64,3,1,15,0,0,0,13,15,0,0,2807,2495
173,balanced,3,brook,しずく湖畔,5,10,3,1,1,11,12,14,7,6,1,0,4,3,2,13,2,2,12,38,1,1,7,0,0,0,13,28,0,0,1933,1189
173,balanced,4,volcano,ほむら火山,8,14,4,1,1,14,15,18,14,13,1,0,4,6,5,39,2,2,22,80,4,1,8,0,0,0,24,30,0,0,922,1522
173,balanced,5,tower,星晶の塔,12,20,5,1,1,18,18,22,17,16,1,0,6,7,6,37,2,2,26,89,6,1,7,0,0,0,27,49,0,0,1180,3048
173,balanced,6,snowfield,霜降り雪原,16,25,4,1,1,22,22,29,22,21,1,0,6,10,9,128,2,2,34,216,16,2,27,0,0,0,36,122,0,0,2362,2389
173,balanced,7,thunder_ruins,雷鳴遺跡,21,31,5,1,1,29,29,34,23,22,1,0,3,10,9,165,2,2,35,220,7,2,33,0,0,0,34,101,0,0,1851,3107
173,balanced,8,prism_sanctuary,虹晶聖域,28,42,6,1,1,34,34,48,69,67,1,1,4,32,31,198,2,2,103,525,19,1,32,0,0,0,115,414,0,0,2407,7094
173,balanced,9,poison_bog,毒霧の沼地,34,48,5,1,1,48,49,52,13,12,1,0,3,5,4,37,2,2,20,78,2,1,11,0,0,0,20,159,0,0,5494,5917
173,balanced,10,machine_city,古代機械都市,39,57,6,1,1,52,53,60,32,31,1,0,3,14,13,101,2,2,48,189,13,2,11,0,0,0,48,379,0,0,4583,12193
173,balanced,11,deep_sea_temple,深海神殿,46,66,6,1,1,60,60,87,126,123,1,2,4,60,59,1577,2,2,188,2203,50,2,70,20,0,0,212,1567,0,0,9443,17025
173,balanced,12,demon_gate,魔界門,54,76,7,1,1,87,88,100,78,76,1,1,6,36,35,2740,2,2,116,3241,73,2,81,39,0,0,147,987,0,0,13185,26971
173,balanced,13,sky_ruins,天空遺跡,68,86,7,1,0,100,100,0,167,166,1,0,2,80,80,6449,0,0,247,6909,66,3,82,80,0,0,254,0,0,0,20887,0
174,collector,1,meadow,はじまり草原,1,4,2,1,1,1,3,7,14,13,1,0,4,5,4,51,3,2,22,112,10,3,15,0,0,0,14,1,0,0,230,1331
174,collector,2,cave,こだま洞くつ,3,7,2,1,1,7,7,10,8,6,2,0,6,3,2,46,4,3,15,116,6,2,21,0,0,0,19,9,0,0,1110,2166
174,collector,3,brook,しずく湖畔,5,10,3,1,1,9,11,14,12,9,3,0,6,4,3,36,3,2,19,80,2,1,12,0,0,0,18,16,0,0,1872,1339
174,collector,4,volcano,ほむら火山,8,14,4,1,1,12,12,16,10,8,2,0,7,3,2,57,5,5,18,103,2,1,25,0,0,0,14,16,0,0,2145,4179
174,collector,5,tower,星晶の塔,12,20,5,1,1,16,17,24,42,39,2,1,8,13,12,193,5,5,60,328,2,1,42,0,0,0,55,55,0,0,2208,2336
174,collector,6,snowfield,霜降り雪原,16,25,4,1,1,24,25,31,28,26,2,0,7,9,8,719,5,5,42,803,9,2,95,8,0,0,42,102,0,0,1234,2911
174,collector,7,thunder_ruins,雷鳴遺跡,21,31,5,1,1,31,32,36,26,24,2,0,7,8,7,796,5,5,39,867,6,1,110,8,0,0,39,70,0,0,1538,6391
174,collector,8,prism_sanctuary,虹晶聖域,28,42,6,1,1,36,36,53,105,97,2,6,13,32,31,254,5,5,142,1637,17,2,114,13,0,0,143,479,0,0,3374,5627
174,collector,9,poison_bog,毒霧の沼地,34,48,5,1,1,53,53,55,8,6,2,0,9,2,1,15,5,5,15,81,0,0,10,0,0,0,20,77,0,0,2971,14093
174,collector,10,machine_city,古代機械都市,39,57,6,1,1,55,54,69,98,80,4,14,16,27,26,254,5,5,130,1363,34,3,107,8,0,0,119,644,1,0,7439,15166
174,collector,11,deep_sea_temple,深海神殿,46,66,6,1,1,69,50,79,58,54,3,1,11,18,17,1215,5,5,81,1400,9,2,83,17,0,0,66,655,0,0,8006,11351
174,collector,12,demon_gate,魔界門,54,76,7,1,1,79,80,94,64,55,0,9,21,17,16,3740,5,5,86,4160,23,1,303,18,0,0,99,785,0,0,5992,15602
174,collector,13,sky_ruins,天空遺跡,68,86,7,1,1,94,95,100,64,60,4,0,9,20,19,5085,5,5,89,5308,33,2,271,20,0,0,76,455,0,0,8236,42160
175,rush,1,meadow,はじまり草原,1,4,2,1,1,1,3,6,3,1,2,0,2,2,1,21,0,0,5,33,0,0,12,0,0,0,6,5,0,0,230,804
175,rush,2,cave,こだま洞くつ,3,7,2,1,1,6,6,10,6,6,0,0,0,5,4,39,0,0,11,59,0,0,10,0,0,0,15,19,0,0,804,663
175,rush,3,brook,しずく湖畔,5,10,3,1,1,10,11,14,6,6,0,0,0,4,3,25,0,0,10,38,0,0,7,0,0,0,11,26,0,0,663,1144
175,rush,4,volcano,ほむら火山,8,14,4,1,1,14,15,23,47,45,0,2,0,42,41,213,0,0,89,360,0,0,7,0,0,0,137,84,0,0,1144,956
175,rush,5,tower,星晶の塔,12,20,5,1,0,23,23,0,85,85,0,0,0,80,80,375,0,0,165,608,0,0,7,0,0,0,250,188,0,0,956,0
175,rush,6,snowfield,霜降り雪原,16,25,4,0,0,0,0,0,0,0,0,0,0,0,0,0,0,0,0,0,0,0,0,0,0,0,0,0,0,0,0,0
175,rush,7,thunder_ruins,雷鳴遺跡,21,31,5,0,0,0,0,0,0,0,0,0,0,0,0,0,0,0,0,0,0,0,0,0,0,0,0,0,0,0,0,0
175,rush,8,prism_sanctuary,虹晶聖域,28,42,6,0,0,0,0,0,0,0,0,0,0,0,0,0,0,0,0,0,0,0,0,0,0,0,0,0,0,0,0,0
175,rush,9,poison_bog,毒霧の沼地,34,48,5,0,0,0,0,0,0,0,0,0,0,0,0,0,0,0,0,0,0,0,0,0,0,0,0,0,0,0,0,0
175,rush,10,machine_city,古代機械都市,39,57,6,0,0,0,0,0,0,0,0,0,0,0,0,0,0,0,0,0,0,0,0,0,0,0,0,0,0,0,0,0
175,rush,11,deep_sea_temple,深海神殿,46,66,6,0,0,0,0,0,0,0,0,0,0,0,0,0,0,0,0,0,0,0,0,0,0,0,0,0,0,0,0,0
175,rush,12,demon_gate,魔界門,54,76,7,0,0,0,0,0,0,0,0,0,0,0,0,0,0,0,0,0,0,0,0,0,0,0,0,0,0,0,0,0
175,rush,13,sky_ruins,天空遺跡,68,86,7,0,0,0,0,0,0,0,0,0,0,0,0,0,0,0,0,0,0,0,0,0,0,0,0,0,0,0,0,0
176,balanced,1,meadow,はじまり草原,1,4,2,1,1,1,2,6,6,5,1,0,3,3,2,26,2,2,11,59,5,2,13,0,0,0,9,6,0,0,230,871
176,balanced,2,cave,こだま洞くつ,3,7,2,1,1,6,7,10,6,5,1,0,3,3,2,34,2,2,11,69,2,1,18,0,0,0,14,8,0,0,675,948
176,balanced,3,brook,しずく湖畔,5,10,3,1,1,10,11,13,5,4,1,0,4,2,1,13,2,2,9,41,6,4,9,0,0,0,11,15,0,0,735,2360
176,balanced,4,volcano,ほむら火山,8,14,4,1,1,13,13,15,6,5,1,0,3,2,1,9,2,2,10,36,0,0,7,0,0,0,11,12,0,0,1828,2171
176,balanced,5,tower,星晶の塔,12,20,5,1,1,15,15,22,21,20,1,0,3,9,8,47,2,2,32,111,12,2,8,0,0,0,33,79,0,0,1682,1878
176,balanced,6,snowfield,霜降り雪原,16,25,4,1,1,22,23,29,22,22,0,0,6,10,9,62,2,2,34,129,10,1,8,0,0,0,37,118,0,0,1455,2461
176,balanced,7,thunder_ruins,雷鳴遺跡,21,31,5,1,1,29,30,32,7,6,1,0,3,2,1,10,2,2,11,34,1,1,7,0,0,0,11,39,0,0,1907,4280
176,balanced,8,prism_sanctuary,虹晶聖域,28,42,6,1,1,32,33,53,106,99,1,6,8,48,47,225,2,2,156,551,66,2,8,0,0,0,196,586,0,0,3315,5563
176,balanced,9,poison_bog,毒霧の沼地,34,48,5,1,1,53,51,51,5,4,1,0,3,1,0,5,2,2,8,29,0,0,6,0,0,0,8,0,0,0,4309,10720
176,balanced,10,machine_city,古代機械都市,39,57,6,1,1,51,52,59,32,32,0,0,8,14,13,86,2,2,48,181,23,2,8,0,0,0,54,417,0,0,8302,9660
176,balanced,11,deep_sea_temple,深海神殿,46,66,6,1,1,59,60,79,83,81,1,1,6,39,38,238,2,2,124,486,68,2,9,0,0,0,139,1035,0,0,7481,9991
176,balanced,12,demon_gate,魔界門,54,76,7,1,1,79,78,86,29,28,1,0,7,12,11,85,2,2,43,182,18,3,8,0,0,0,50,520,0,0,7738,18804
176,balanced,13,sky_ruins,天空遺跡,68,86,7,1,1,86,82,100,107,106,1,0,4,51,50,7083,2,2,160,7341,68,2,187,40,0,0,164,1461,0,0,14563,44135
177,collector,1,meadow,はじまり草原,1,4,2,1,1,1,2,6,8,6,2,0,4,3,2,33,2,0,13,84,6,2,22,0,0,0,10,1,0,0,230,1154
177,collector,2,cave,こだま洞くつ,3,7,2,1,1,8,8,11,8,6,2,0,4,3,2,59,2,1,13,97,5,2,26,0,0,0,12,12,0,0,3050,2687
177,collector,3,brook,しずく湖畔,5,10,3,1,1,12,11,15,18,16,2,0,7,6,5,41,5,5,29,104,2,1,10,0,0,0,31,21,0,0,2499,2223
177,collector,4,volcano,ほむら火山,8,14,4,1,1,15,14,18,13,10,3,0,8,4,3,68,5,5,22,137,6,1,23,0,0,0,31,27,1,0,1175,2848
177,collector,5,tower,星晶の塔,12,20,5,1,1,18,15,22,33,28,4,1,10,10,9,153,5,5,48,265,4,2,64,1,0,0,47,46,0,0,1505,2281
177,collector,6,snowfield,霜降り雪原,16,25,4,1,1,22,23,27,16,13,3,0,9,5,4,258,5,5,26,346,9,2,71,3,0,0,31,62,0,0,1206,3353
177,collector,7,thunder_ruins,雷鳴遺跡,21,31,5,1,1,27,27,32,20,19,1,0,7,6,5,129,5,5,31,208,3,1,58,1,0,0,34,60,0,0,1771,5816
177,collector,8,prism_sanctuary,虹晶聖域,28,42,6,1,1,32,33,55,138,126,0,12,22,41,40,330,5,5,184,4016,34,2,111,46,0,0,222,604,0,0,3072,5637
177,collector,9,poison_bog,毒霧の沼地,34,48,5,1,1,55,56,57,5,2,3,0,8,1,0,8,5,5,11,53,0,0,8,0,0,0,19,0,0,0,2977,17460
177,collector,10,machine_city,古代機械都市,39,57,6,1,1,57,58,70,72,71,1,0,9,23,22,142,5,5,100,1123,42,2,104,7,0,0,150,687,1,0,9216,16222
177,collector,11,deep_sea_temple,深海神殿,46,66,6,1,1,70,66,82,89,83,1,5,14,27,26,923,5,5,121,3804,37,2,191,31,0,0,155,944,0,0,8563,11006
177,collector,12,demon_gate,魔界門,54,76,7,1,1,82,83,97,64,56,2,6,13,18,17,3597,5,5,87,11282,53,3,217,70,0,0,121,849,0,0,5810,15582
177,collector,13,sky_ruins,天空遺跡,68,86,7,1,0,97,92,0,239,234,1,4,6,76,76,18032,0,0,315,26373,71,2,241,146,0,0,317,748,0,0,8225,0
178,rush,1,meadow,はじまり草原,1,4,2,1,1,1,3,6,3,2,1,0,1,2,1,16,0,0,5,25,0,0,9,0,0,0,3,5,0,0,230,826
178,rush,2,cave,こだま洞くつ,3,7,2,1,1,6,7,14,30,30,0,0,1,29,28,167,0,0,59,241,0,0,8,0,0,0,59,40,0,0,826,743
178,rush,3,brook,しずく湖畔,5,10,3,1,1,14,14,16,5,4,1,0,1,3,2,20,0,0,8,33,0,0,8,0,0,0,8,14,0,0,743,2075
178,rush,4,volcano,ほむら火山,8,14,4,1,1,16,17,22,32,32,0,0,0,29,28,155,0,0,61,214,0,0,7,0,0,0,88,74,0,0,2075,955
178,rush,5,tower,星晶の塔,12,20,5,1,0,22,23,0,87,85,0,2,0,80,80,355,0,0,167,549,0,0,8,0,0,0,249,180,0,0,955,0
178,rush,6,snowfield,霜降り雪原,16,25,4,0,0,0,0,0,0,0,0,0,0,0,0,0,0,0,0,0,0,0,0,0,0,0,0,0,0,0,0,0
178,rush,7,thunder_ruins,雷鳴遺跡,21,31,5,0,0,0,0,0,0,0,0,0,0,0,0,0,0,0,0,0,0,0,0,0,0,0,0,0,0,0,0,0
178,rush,8,prism_sanctuary,虹晶聖域,28,42,6,0,0,0,0,0,0,0,0,0,0,0,0,0,0,0,0,0,0,0,0,0,0,0,0,0,0,0,0,0
178,rush,9,poison_bog,毒霧の沼地,34,48,5,0,0,0,0,0,0,0,0,0,0,0,0,0,0,0,0,0,0,0,0,0,0,0,0,0,0,0,0,0
178,rush,10,machine_city,古代機械都市,39,57,6,0,0,0,0,0,0,0,0,0,0,0,0,0,0,0,0,0,0,0,0,0,0,0,0,0,0,0,0,0
178,rush,11,deep_sea_temple,深海神殿,46,66,6,0,0,0,0,0,0,0,0,0,0,0,0,0,0,0,0,0,0,0,0,0,0,0,0,0,0,0,0,0
178,rush,12,demon_gate,魔界門,54,76,7,0,0,0,0,0,0,0,0,0,0,0,0,0,0,0,0,0,0,0,0,0,0,0,0,0,0,0,0,0
178,rush,13,sky_ruins,天空遺跡,68,86,7,0,0,0,0,0,0,0,0,0,0,0,0,0,0,0,0,0,0,0,0,0,0,0,0,0,0,0,0,0
179,balanced,1,meadow,はじまり草原,1,4,2,1,1,1,2,6,8,4,2,2,4,3,2,38,1,0,12,69,10,4,14,0,0,0,10,5,0,0,230,865
179,balanced,2,cave,こだま洞くつ,3,7,2,1,1,7,7,10,4,3,1,0,3,2,1,33,2,2,8,62,4,2,19,0,0,0,12,8,0,0,1123,2678
179,balanced,3,brook,しずく湖畔,5,10,3,1,1,10,11,13,5,4,1,0,3,2,1,17,2,2,9,37,0,0,11,0,0,0,11,15,0,0,2075,2180
179,balanced,4,volcano,ほむら火山,8,14,4,1,1,13,13,21,40,39,1,0,4,19,18,133,2,2,61,250,17,2,14,0,0,0,66,73,0,0,1689,1267
179,balanced,5,tower,星晶の塔,12,20,5,1,1,21,20,26,31,30,1,0,5,14,13,71,2,2,47,153,10,2,8,0,0,0,50,88,0,0,982,1840
179,balanced,6,snowfield,霜降り雪原,16,25,4,1,1,26,26,30,14,13,1,0,3,6,5,58,2,2,22,104,4,1,14,0,0,0,22,74,0,0,1426,4061
179,balanced,7,thunder_ruins,雷鳴遺跡,21,31,5,1,1,30,28,32,13,12,1,0,3,5,4,49,2,2,20,81,2,1,25,0,0,0,20,79,0,0,3146,3114
179,balanced,8,prism_sanctuary,虹晶聖域,28,42,6,1,1,32,33,59,149,148,0,1,6,72,71,387,2,2,223,928,37,1,26,0,0,0,245,863,0,0,2413,4794
179,balanced,9,poison_bog,毒霧の沼地,34,48,5,1,1,59,59,61,7,6,1,0,3,2,1,12,2,2,11,39,0,0,7,0,0,0,12,89,0,0,3713,8019
179,balanced,10,machine_city,古代機械都市,39,57,6,1,1,61,60,61,8,7,1,0,5,2,1,19,2,2,12,55,1,1,11,0,0,0,11,126,0,0,6211,11015
179,balanced,11,deep_sea_temple,深海神殿,46,66,6,1,1,61,62,85,111,107,1,3,9,52,51,461,2,2,165,914,37,1,23,0,0,0,185,1356,0,0,8531,14925
179,balanced,12,demon_gate,魔界門,54,76,7,1,0,85,86,0,172,166,1,5,7,80,80,14217,0,0,252,14750,57,1,216,80,0,0,259,950,0,0,11558,0
179,balanced,13,sky_ruins,天空遺跡,68,86,7,0,0,0,0,0,0,0,0,0,0,0,0,0,0,0,0,0,0,0,0,0,0,0,0,0,0,0,0,0
180,collector,1,meadow,はじまり草原,1,4,2,1,1,1,2,5,5,3,2,0,3,2,1,19,1,0,8,45,4,2,10,0,0,0,7,0,0,0,230,1269
180,collector,2,cave,こだま洞くつ,3,7,2,1,1,6,6,10,8,7,1,0,2,3,2,54,1,0,12,103,6,2,24,0,0,0,5,8,0,0,1527,3149
180,collector,3,brook,しずく湖畔,5,10,3,1,1,11,7,12,15,12,3,0,8,5,4,42,5,5,25,93,6,2,20,0,0,0,19,19,0,0,3543,1895
180,collector,4,volcano,ほむら火山,8,14,4,1,1,12,12,15,11,8,2,1,10,3,2,37,5,5,19,112,9,5,17,0,1,0,29,13,0,0,1001,2944
180,collector,5,tower,星晶の塔,12,20,5,1,1,15,16,22,32,29,3,0,10,10,9,103,5,5,47,235,10,2,23,0,0,0,51,41,0,0,1556,3515
180,collector,6,snowfield,霜降り雪原,16,25,4,1,1,22,24,25,7,5,2,0,8,2,1,110,5,5,14,184,4,2,56,2,0,0,22,25,0,0,1857,5825
180,collector,7,thunder_ruins,雷鳴遺跡,21,31,5,1,1,25,26,32,26,24,2,0,10,8,7,194,5,5,39,281,2,1,46,0,0,0,39,96,0,0,3075,3624
180,collector,8,prism_sanctuary,虹晶聖域,28,42,6,1,1,32,33,57,129,128,1,0,7,42,41,373,5,5,176,2055,45,3,43,0,0,0,189,659,0,0,1915,7865
180,collector,9,poison_bog,毒霧の沼地,34,48,5,1,1,57,55,56,8,6,2,0,9,2,1,11,5,5,15,118,3,1,22,0,0,0,25,64,1,0,4152,11250
180,collector,10,machine_city,古代機械都市,39,57,6,1,1,56,57,65,43,41,1,1,11,13,12,116,5,5,61,730,12,2,34,0,0,0,84,373,0,0,5938,13014
180,collector,11,deep_sea_temple,深海神殿,46,66,6,1,1,65,65,86,111,104,1,6,12,34,33,1554,5,5,150,3031,35,2,120,30,0,0,163,1174,0,0,6870,17982
180,collector,12,demon_gate,魔界門,54,76,7,1,1,86,85,88,17,11,2,4,11,3,2,319,5,5,25,667,10,2,125,6,0,0,42,226,0,0,9491,16903
180,collector,13,sky_ruins,天空遺跡,68,86,7,1,1,88,77,99,87,80,2,5,13,26,25,6611,5,5,118,6873,17,2,281,26,0,0,112,1419,0,0,8922,20883
181,rush,1,meadow,はじまり草原,1,4,2,1,1,1,2,7,6,4,1,1,2,4,3,29,0,0,10,48,0,0,10,0,0,0,8,8,0,0,230,706
181,rush,2,cave,こだま洞くつ,3,7,2,1,1,7,7,10,4,3,1,0,1,3,2,29,0,0,7,42,0,0,11,0,0,0,9,12,0,0,706,675
181,rush,3,brook,しずく湖畔,5,10,3,1,1,10,10,14,5,5,0,0,0,3,2,18,0,0,8,29,0,0,7,0,0,0,8,28,0,0,675,1194
181,rush,4,volcano,ほむら火山,8,14,4,1,1,14,14,19,24,24,0,0,0,21,20,113,0,0,45,164,0,0,7,0,0,0,62,54,0,0,1194,1250
181,rush,5,tower,星晶の塔,12,20,5,1,1,19,20,31,68,67,0,1,0,63,62,301,0,0,131,466,0,0,7,0,0,0,196,161,0,0,1250,1513
181,rush,6,snowfield,霜降り雪原,16,25,4,1,1,31,31,37,39,39,0,0,0,36,35,225,0,0,75,308,0,0,8,0,0,0,107,156,0,0,1513,2051
181,rush,7,thunder_ruins,雷鳴遺跡,21,31,5,1,0,37,38,0,85,85,0,0,0,80,80,451,0,0,165,604,0,0,7,0,0,0,240,361,0,0,2051,0
181,rush,8,prism_sanctuary,虹晶聖域,28,42,6,0,0,0,0,0,0,0,0,0,0,0,0,0,0,0,0,0,0,0,0,0,0,0,0,0,0,0,0,0
181,rush,9,poison_bog,毒霧の沼地,34,48,5,0,0,0,0,0,0,0,0,0,0,0,0,0,0,0,0,0,0,0,0,0,0,0,0,0,0,0,0,0
181,rush,10,machine_city,古代機械都市,39,57,6,0,0,0,0,0,0,0,0,0,0,0,0,0,0,0,0,0,0,0,0,0,0,0,0,0,0,0,0,0
181,rush,11,deep_sea_temple,深海神殿,46,66,6,0,0,0,0,0,0,0,0,0,0,0,0,0,0,0,0,0,0,0,0,0,0,0,0,0,0,0,0,0
181,rush,12,demon_gate,魔界門,54,76,7,0,0,0,0,0,0,0,0,0,0,0,0,0,0,0,0,0,0,0,0,0,0,0,0,0,0,0,0,0
181,rush,13,sky_ruins,天空遺跡,68,86,7,0,0,0,0,0,0,0,0,0,0,0,0,0,0,0,0,0,0,0,0,0,0,0,0,0,0,0,0,0
182,balanced,1,meadow,はじまり草原,1,4,2,1,1,1,3,7,9,8,0,1,2,4,3,25,2,2,15,57,4,2,11,0,0,0,6,3,0,0,230,976
182,balanced,2,cave,こだま洞くつ,3,7,2,1,1,7,7,12,14,10,2,2,6,6,5,68,2,2,22,130,9,2,18,0,0,0,25,29,0,0,800,777
182,balanced,3,brook,しずく湖畔,5,10,3,1,1,12,12,15,11,10,1,0,4,5,4,30,2,2,18,66,2,1,11,0,0,0,21,14,0,0,602,1404
182,balanced,4,volcano,ほむら火山,8,14,4,1,1,15,14,18,8,7,1,0,5,3,2,27,2,2,13,68,2,1,12,0,0,0,17,35,0,0,1088,1550
182,balanced,5,tower,星晶の塔,12,20,5,1,1,18,16,20,15,14,1,0,3,6,5,29,2,2,23,71,0,0,8,0,0,0,24,43,0,0,1201,1870
182,balanced,6,snowfield,霜降り雪原,16,25,4,1,1,20,21,27,16,15,1,0,5,7,6,146,2,2,25,185,0,0,49,0,0,0,27,92,0,0,1449,2438
182,balanced,7,thunder_ruins,雷鳴遺跡,21,31,5,1,1,27,27,35,36,34,1,1,6,16,15,263,2,2,54,344,1,1,81,2,0,0,58,141,0,0,1889,4238
182,balanced,8,prism_sanctuary,虹晶聖域,28,42,6,1,1,35,36,47,55,51,1,3,7,24,23,129,2,2,81,291,7,1,14,0,0,0,91,318,0,0,3283,4914
182,balanced,9,poison_bog,毒霧の沼地,34,48,5,1,1,47,47,53,23,22,1,0,3,10,9,68,2,2,35,119,3,1,12,0,0,0,36,256,0,0,3806,6539
182,balanced,10,machine_city,古代機械都市,39,57,6,1,1,53,52,68,94,91,1,2,8,44,43,297,2,2,140,628,51,2,16,0,0,0,206,868,1,0,5065,9500
182,balanced,11,deep_sea_temple,深海神殿,46,66,6,1,1,68,69,79,52,51,1,0,4,24,23,531,2,2,78,674,17,1,132,3,0,0,79,693,0,0,7357,10046
182,balanced,12,demon_gate,魔界門,54,76,7,1,0,79,81,0,170,166,1,3,5,80,80,18637,0,0,250,20667,143,2,288,92,0,0,276,1226,0,0,7781,0
182,balanced,13,sky_ruins,天空遺跡,68,86,7,0,0,0,0,0,0,0,0,0,0,0,0,0,0,0,0,0,0,0,0,0,0,0,0,0,0,0,0,0
183,collector,1,meadow,はじまり草原,1,4,2,1,1,1,3,7,14,13,1,0,2,5,4,69,1,0,20,105,19,8,24,0,1,0,8,1,0,0,230,1314
183,collector,2,cave,こだま洞くつ,3,7,2,1,1,8,8,11,8,7,1,0,4,3,2,53,2,0,13,113,6,2,21,0,0,0,7,13,0,0,1592,2157
183,collector,3,brook,しずく湖畔,5,10,3,1,1,12,13,15,9,8,1,0,6,3,2,16,5,5,17,52,3,1,7,0,0,0,15,16,0,0,2865,2098
183,collector,4,volcano,ほむら火山,8,14,4,1,1,15,15,18,10,8,2,0,3,3,2,21,1,0,14,45,3,2,8,0,0,0,9,15,0,0,1109,3837
183,collector,5,tower,星晶の塔,12,20,5,1,1,15,17,23,28,25,1,2,8,8,7,41,5,5,41,133,3,1,9,0,0,0,43,54,0,0,4094,2266
183,collector,6,snowfield,霜降り雪原,16,25,4,1,1,23,23,27,14,11,2,1,9,4,3,171,5,5,23,258,1,1,63,2,0,0,31,62,0,0,1198,5083
183,collector,7,thunder_ruins,雷鳴遺跡,21,31,5,1,1,27,27,33,27,25,2,0,10,7,6,189,5,5,39,313,4,2,53,1,0,0,38,81,0,4,2685,3709
183,collector,8,prism_sanctuary,虹晶聖域,28,42,6,1,1,33,34,55,144,141,0,3,12,38,37,335,5,5,187,3306,18,2,75,38,0,0,185,592,0,25,1959,10433
183,collector,9,poison_bog,毒霧の沼地,34,48,5,1,1,55,55,60,38,34,4,0,9,8,7,160,5,5,51,514,4,1,60,1,0,0,51,261,1,12,5508,13536
183,collector,10,machine_city,古代機械都市,39,57,6,1,1,60,56,65,45,42,3,0,11,14,13,69,5,5,64,303,9,2,93,1,0,0,46,565,1,0,7145,8184
183,collector,11,deep_sea_temple,深海神殿,46,66,6,1,1,65,51,81,83,79,2,2,9,26,25,2183,5,5,114,2401,11,2,309,25,0,0,94,973,0,0,4320,12322
183,collector,12,demon_gate,魔界門,54,76,7,1,1,81,83,100,111,105,1,5,16,34,33,8188,5,5,150,9020,90,2,260,37,0,0,213,1002,1,0,6505,32906
183,collector,13,sky_ruins,天空遺跡,68,86,7,1,0,100,100,0,32,28,3,1,6,9,8,3083,0,0,41,3339,8,2,400,10,0,1,33,0,0,0,17367,0
184,rush,1,meadow,はじまり草原,1,4,2,1,1,1,2,6,5,3,1,1,2,3,2,19,0,0,8,34,0,0,8,0,0,0,6,8,0,0,230,696
184,rush,2,cave,こだま洞くつ,3,7,2,1,1,6,7,11,12,10,1,1,2,10,9,72,0,0,22,104,0,0,10,0,0,0,31,20,0,0,696,1379
184,rush,3,brook,しずく湖畔,5,10,3,1,1,11,12,14,4,4,0,0,0,2,1,10,0,0,6,19,0,0,6,0,0,0,4,21,0,0,1379,1142
184,rush,4,volcano,ほむら火山,8,14,4,1,1,14,15,24,61,60,0,1,0,57,56,299,0,0,118,474,0,0,7,0,0,0,186,96,0,0,1142,977
184,rush,5,tower,星晶の塔,12,20,5,1,1,24,24,34,78,78,0,0,0,74,73,331,0,0,152,505,0,0,7,0,0,0,236,175,0,0,977,1535
184,rush,6,snowfield,霜降り雪原,16,25,4,1,1,34,34,40,41,41,0,0,0,38,37,216,0,0,79,295,0,0,7,0,0,0,113,163,0,0,1535,2086
184,rush,7,thunder_ruins,雷鳴遺跡,21,31,5,1,0,40,40,0,85,85,0,0,0,80,80,379,0,0,165,612,0,0,6,0,0,0,252,360,0,0,2086,0
184,rush,8,prism_sanctuary,虹晶聖域,28,42,6,0,0,0,0,0,0,0,0,0,0,0,0,0,0,0,0,0,0,0,0,0,0,0,0,0,0,0,0,0
184,rush,9,poison_bog,毒霧の沼地,34,48,5,0,0,0,0,0,0,0,0,0,0,0,0,0,0,0,0,0,0,0,0,0,0,0,0,0,0,0,0,0
184,rush,10,machine_city,古代機械都市,39,57,6,0,0,0,0,0,0,0,0,0,0,0,0,0,0,0,0,0,0,0,0,0,0,0,0,0,0,0,0,0
184,rush,11,deep_sea_temple,深海神殿,46,66,6,0,0,0,0,0,0,0,0,0,0,0,0,0,0,0,0,0,0,0,0,0,0,0,0,0,0,0,0,0
184,rush,12,demon_gate,魔界門,54,76,7,0,0,0,0,0,0,0,0,0,0,0,0,0,0,0,0,0,0,0,0,0,0,0,0,0,0,0,0,0
184,rush,13,sky_ruins,天空遺跡,68,86,7,0,0,0,0,0,0,0,0,0,0,0,0,0,0,0,0,0,0,0,0,0,0,0,0,0,0,0,0,0
185,balanced,1,meadow,はじまり草原,1,4,2,1,1,1,3,7,6,5,1,0,2,3,2,24,1,0,10,42,3,1,9,0,0,0,4,6,0,0,230,872
185,balanced,2,cave,こだま洞くつ,3,7,2,1,1,7,8,10,4,3,1,0,3,2,1,43,2,1,8,77,8,5,24,0,1,0,6,8,0,0,950,2557
185,balanced,3,brook,しずく湖畔,5,10,3,1,1,11,9,11,5,4,1,0,3,2,1,15,2,2,9,33,0,0,11,0,0,0,6,8,0,0,2385,2827
185,balanced,4,volcano,ほむら火山,8,14,4,1,1,11,12,16,14,13,1,0,3,6,5,60,2,2,22,97,4,2,20,0,0,0,23,42,0,0,2190,1200
185,balanced,5,tower,星晶の塔,12,20,5,1,1,16,17,24,33,32,1,0,3,15,14,92,2,2,50,168,4,1,11,0,0,0,50,88,0,0,930,3423
185,balanced,6,snowfield,霜降り雪原,16,25,4,1,1,24,24,28,12,11,1,0,4,5,4,76,2,2,19,126,1,1,19,0,0,0,20,69,0,0,2652,4246
185,balanced,7,thunder_ruins,雷鳴遺跡,21,31,5,1,1,28,29,33,21,20,1,0,6,9,8,164,2,2,32,213,4,1,34,0,0,0,32,114,0,0,3289,3183
185,balanced,8,prism_sanctuary,虹晶聖域,28,42,6,1,1,33,36,50,77,73,1,3,8,35,34,206,2,2,114,412,29,3,11,0,0,0,129,432,0,0,2466,7155
185,balanced,9,poison_bog,毒霧の沼地,34,48,5,1,1,50,51,51,5,5,0,0,7,1,0,7,2,2,8,33,1,1,7,0,0,0,8,0,0,0,5542,13257
185,balanced,10,machine_city,古代機械都市,39,57,6,1,1,51,52,53,6,5,1,0,6,1,0,7,2,2,9,45,2,1,7,0,0,0,11,0,0,0,10267,27944
185,balanced,11,deep_sea_temple,深海神殿,46,66,6,1,1,53,53,76,82,81,1,0,5,39,38,304,2,2,123,616,19,2,16,0,0,0,128,1206,0,0,21641,17015
185,balanced,12,demon_gate,魔界門,54,76,7,1,1,76,77,96,77,70,1,6,10,33,32,4039,2,2,112,4336,34,2,220,33,0,0,131,1122,0,0,13178,14262
185,balanced,13,sky_ruins,天空遺跡,68,86,7,1,0,96,98,0,168,166,1,1,3,80,80,16846,0,0,248,17364,0,0,232,80,0,0,245,364,0,0,11045,0
186,collector,1,meadow,はじまり草原,1,4,2,1,1,1,2,7,16,13,1,2,3,5,4,67,1,0,22,113,17,3,16,0,0,0,12,0,0,0,230,1328
186,collector,2,cave,こだま洞くつ,3,7,2,1,1,7,7,11,8,7,1,0,6,3,2,47,5,5,16,137,2,1,26,0,0,0,14,10,0,0,1406,2348
186,collector,3,brook,しずく湖畔,5,10,3,1,1,11,10,11,3,1,2,0,7,1,0,11,5,5,9,44,0,0,11,0,0,0,10,0,0,0,1240,2388
186,collector,4,volcano,ほむら火山,8,14,4,1,1,11,12,17,23,20,2,1,9,7,6,59,5,5,35,150,3,1,20,0,0,0,39,29,0,0,1262,1915
186,collector,5,tower,星晶の塔,12,20,5,1,1,17,16,24,48,46,1,1,10,15,14,80,5,5,68,237,16,3,10,0,0,0,73,50,0,0,1012,2293
186,collector,6,snowfield,霜降り雪原,16,25,4,1,1,24,25,33,40,39,1,0,9,13,12,94,5,5,58,224,13,2,12,0,0,0,55,117,0,0,1211,4153
186,collector,7,thunder_ruins,雷鳴遺跡,21,31,5,1,1,33,33,36,17,15,2,0,7,5,4,33,5,5,27,91,4,2,8,0,0,0,29,60,0,0,2193,4214
186,collector,8,prism_sanctuary,虹晶聖域,28,42,6,1,1,36,36,50,75,73,2,0,9,24,23,112,5,5,104,310,13,2,8,0,0,0,94,380,0,0,2226,5632
186,collector,9,poison_bog,毒霧の沼地,34,48,5,1,1,50,50,52,5,3,2,0,9,1,0,5,5,5,11,45,0,0,7,0,0,0,16,0,0,0,2975,15484
186,collector,10,machine_city,古代機械都市,39,57,6,1,1,52,51,67,84,80,4,0,10,27,26,112,5,5,116,365,35,3,7,0,0,0,87,752,1,0,8173,8176
186,collector,11,deep_sea_temple,深海神殿,46,66,6,1,1,67,60,81,74,70,2,2,10,23,22,924,5,5,102,1565,20,2,70,19,0,0,93,818,0,0,4317,15894
186,collector,12,demon_gate,魔界門,54,76,7,1,1,81,76,79,25,16,3,6,16,5,4,362,5,5,35,991,6,1,73,12,0,0,63,262,0,0,8390,22554
186,collector,13,sky_ruins,天空遺跡,68,86,7,1,1,79,80,89,37,31,3,3,12,10,9,778,5,5,52,931,12,2,81,10,0,0,59,606,0,0,11904,20750
187,rush,1,meadow,はじまり草原,1,4,2,1,1,1,3,7,5,3,1,1,1,3,2,22,0,0,8,36,0,0,9,0,0,0,5,8,0,0,230,705
187,rush,2,cave,こだま洞くつ,3,7,2,1,1,7,7,11,9,8,1,0,2,8,7,59,0,0,17,81,0,0,8,0,0,0,23,16,0,0,705,1718
187,rush,3,brook,しずく湖畔,5,10,3,1,1,11,11,14,6,6,0,0,0,4,3,22,0,0,10,34,0,0,6,0,0,0,11,25,0,0,1718,1173
187,rush,4,volcano,ほむら火山,8,14,4,1,1,14,14,23,45,45,0,0,0,42,41,206,0,0,87,332,0,0,7,0,0,0,131,88,0,0,1173,963
187,rush,5,tower,星晶の塔,12,20,5,1,0,23,23,0,85,85,0,0,0,80,80,343,0,0,165,566,0,0,7,0,0,0,257,184,0,0,963,0
187,rush,6,snowfield,霜降り雪原,16,25,4,0,0,0,0,0,0,0,0,0,0,0,0,0,0,0,0,0,0,0,0,0,0,0,0,0,0,0,0,0
187,rush,7,thunder_ruins,雷鳴遺跡,21,31,5,0,0,0,0,0,0,0,0,0,0,0,0,0,0,0,0,0,0,0,0,0,0,0,0,0,0,0,0,0
187,rush,8,prism_sanctuary,虹晶聖域,28,42,6,0,0,0,0,0,0,0,0,0,0,0,0,0,0,0,0,0,0,0,0,0,0,0,0,0,0,0,0,0
187,rush,9,poison_bog,毒霧の沼地,34,48,5,0,0,0,0,0,0,0,0,0,0,0,0,0,0,0,0,0,0,0,0,0,0,0,0,0,0,0,0,0
187,rush,10,machine_city,古代機械都市,39,57,6,0,0,0,0,0,0,0,0,0,0,0,0,0,0,0,0,0,0,0,0,0,0,0,0,0,0,0,0,0
187,rush,11,deep_sea_temple,深海神殿,46,66,6,0,0,0,0,0,0,0,0,0,0,0,0,0,0,0,0,0,0,0,0,0,0,0,0,0,0,0,0,0
187,rush,12,demon_gate,魔界門,54,76,7,0,0,0,0,0,0,0,0,0,0,0,0,0,0,0,0,0,0,0,0,0,0,0,0,0,0,0,0,0
187,rush,13,sky_ruins,天空遺跡,68,86,7,0,0,0,0,0,0,0,0,0,0,0,0,0,0,0,0,0,0,0,0,0,0,0,0,0,0,0,0,0
188,balanced,1,meadow,はじまり草原,1,4,2,1,1,1,2,7,8,5,1,2,4,3,2,22,2,1,13,65,4,2,11,0,0,0,10,5,0,0,230,891
188,balanced,2,cave,こだま洞くつ,3,7,2,1,1,7,7,12,10,9,1,0,3,5,4,64,2,1,17,108,5,1,17,0,0,0,20,25,0,0,853,1607
188,balanced,3,brook,しずく湖畔,5,10,3,1,1,12,12,15,9,8,1,0,3,4,3,25,2,2,15,51,1,1,8,0,0,0,16,26,0,0,1533,966
188,balanced,4,volcano,ほむら火山,8,14,4,1,1,15,15,18,14,13,1,0,3,6,5,36,2,2,22,85,3,1,10,0,0,0,24,40,0,0,749,1548
188,balanced,5,tower,星晶の塔,12,20,5,1,1,18,19,26,36,34,1,1,6,16,15,89,2,2,54,183,16,2,9,0,0,0,61,74,0,0,1200,3952
188,balanced,6,snowfield,霜降り雪原,16,25,4,1,1,26,26,28,8,7,1,0,3,3,2,85,2,2,13,116,0,0,32,0,0,0,13,80,0,0,3061,2341
188,balanced,7,thunder_ruins,雷鳴遺跡,21,31,5,1,1,28,29,35,25,25,0,0,7,11,10,101,2,2,38,160,8,2,13,0,0,0,40,114,0,0,1814,3095
188,balanced,8,prism_sanctuary,虹晶聖域,28,42,6,1,1,35,36,55,106,104,0,2,8,50,49,361,2,2,158,855,14,1,27,0,0,0,170,633,0,0,2398,7019
188,balanced,9,poison_bog,毒霧の沼地,34,48,5,1,1,55,56,56,5,4,1,0,4,1,0,12,2,2,8,41,0,0,12,0,0,0,8,0,0,0,5436,12009
188,balanced,10,machine_city,古代機械都市,39,57,6,1,1,56,57,65,40,39,1,0,4,18,17,198,2,2,60,298,4,1,24,0,0,0,59,505,0,0,9300,12119
188,balanced,11,deep_sea_temple,深海神殿,46,66,6,1,1,65,64,84,91,89,1,1,4,43,42,1834,2,2,136,2074,37,1,64,30,0,0,139,1170,0,0,9386,17020
188,balanced,12,demon_gate,魔界門,54,76,7,1,1,84,85,100,66,62,1,3,8,29,28,1833,2,2,97,2086,7,1,74,26,0,0,110,1077,0,0,13181,16166
188,balanced,13,sky_ruins,天空遺跡,68,86,7,1,0,100,100,0,167,166,1,0,3,80,80,6187,0,0,247,6601,59,1,80,80,0,0,243,0,0,0,12520,0
189,collector,1,meadow,はじまり草原,1,4,2,1,1,1,2,7,16,13,1,2,3,5,4,47,1,0,22,97,6,1,13,0,0,0,12,0,0,0,230,1328
189,collector,2,cave,こだま洞くつ,3,7,2,1,1,7,5,9,8,6,2,0,5,3,2,41,3,2,14,89,7,3,20,0,0,0,9,8,0,0,1406,2606
189,collector,3,brook,しずく湖畔,5,10,3,1,1,9,9,14,18,16,2,0,7,6,5,50,5,5,29,103,0,0,15,0,0,0,31,25,0,0,2413,1594
189,collector,4,volcano,ほむら火山,8,14,4,1,1,14,13,17,16,13,3,0,8,5,4,59,5,5,26,136,4,1,17,0,0,0,30,23,0,0,843,1646
189,collector,5,tower,星晶の塔,12,20,5,1,1,17,17,20,20,17,3,0,8,6,5,28,5,5,31,207,7,2,18,0,0,0,41,19,0,0,871,3501
189,collector,6,snowfield,霜降り雪原,16,25,4,1,1,20,22,26,16,15,1,0,7,5,4,33,5,5,26,118,1,1,17,0,0,0,32,82,0,0,1849,2905
189,collector,7,thunder_ruins,雷鳴遺跡,21,31,5,1,1,26,27,31,17,16,1,0,7,5,4,31,5,5,27,99,5,1,8,0,0,0,30,54,0,0,1535,3570
189,collector,8,prism_sanctuary,虹晶聖域,28,42,6,1,1,31,33,48,72,70,2,0,7,23,22,122,5,5,100,327,28,2,8,0,0,0,88,349,0,0,1885,7818
189,collector,9,poison_bog,毒霧の沼地,34,48,5,1,1,48,48,49,8,4,4,0,9,2,1,13,5,5,15,75,3,2,7,0,0,0,23,50,1,0,4128,10675
189,collector,10,machine_city,古代機械都市,39,57,6,1,1,49,49,63,71,68,1,2,13,22,21,121,5,5,98,452,54,3,9,0,0,0,136,585,1,0,5634,12743
189,collector,11,deep_sea_temple,深海神殿,46,66,6,1,1,63,56,75,79,75,3,1,10,25,24,2372,5,5,109,2616,13,2,232,25,0,0,93,941,0,0,6726,18087
189,collector,12,demon_gate,魔界門,54,76,7,1,1,75,77,91,50,48,1,1,13,15,14,2547,5,5,70,2761,16,1,282,15,0,0,66,752,0,0,9547,15696
189,collector,13,sky_ruins,天空遺跡,68,86,7,1,0,91,92,0,247,244,3,0,4,80,80,25174,0,0,327,25796,55,2,319,80,0,0,240,681,0,0,8286,0
190,rush,1,meadow,はじまり草原,1,4,2,1,1,1,2,7,5,4,1,0,1,4,3,30,0,0,9,43,0,0,9,0,0,0,7,8,0,0,230,697
190,rush,2,cave,こだま洞くつ,3,7,2,1,1,7,7,11,11,9,1,1,2,9,8,66,0,0,20,95,0,0,8,0,0,0,29,20,0,0,697,1360
190,rush,3,brook,しずく湖畔,5,10,3,1,1,11,12,14,5,5,0,0,0,3,2,21,0,0,8,30,0,0,7,0,0,0,8,21,0,0,1360,1163
190,rush,4,volcano,ほむら火山,8,14,4,1,1,14,15,20,22,22,0,0,0,19,18,111,0,0,41,166,0,0,7,0,0,0,58,62,0,0,1163,1253
190,rush,5,tower,星晶の塔,12,20,5,1,0,20,21,0,88,85,0,3,0,80,80,381,0,0,168,608,0,0,7,0,0,0,257,185,0,0,1253,0
190,rush,6,snowfield,霜降り雪原,16,25,4,0,0,0,0,0,0,0,0,0,0,0,0,0,0,0,0,0,0,0,0,0,0,0,0,0,0,0,0,0
190,rush,7,thunder_ruins,雷鳴遺跡,21,31,5,0,0,0,0,0,0,0,0,0,0,0,0,0,0,0,0,0,0,0,0,0,0,0,0,0,0,0,0,0
190,rush,8,prism_sanctuary,虹晶聖域,28,42,6,0,0,0,0,0,0,0,0,0,0,0,0,0,0,0,0,0,0,0,0,0,0,0,0,0,0,0,0,0
190,rush,9,poison_bog,毒霧の沼地,34,48,5,0,0,0,0,0,0,0,0,0,0,0,0,0,0,0,0,0,0,0,0,0,0,0,0,0,0,0,0,0
190,rush,10,machine_city,古代機械都市,39,57,6,0,0,0,0,0,0,0,0,0,0,0,0,0,0,0,0,0,0,0,0,0,0,0,0,0,0,0,0,0
190,rush,11,deep_sea_temple,深海神殿,46,66,6,0,0,0,0,0,0,0,0,0,0,0,0,0,0,0,0,0,0,0,0,0,0,0,0,0,0,0,0,0
190,rush,12,demon_gate,魔界門,54,76,7,0,0,0,0,0,0,0,0,0,0,0,0,0,0,0,0,0,0,0,0,0,0,0,0,0,0,0,0,0
190,rush,13,sky_ruins,天空遺跡,68,86,7,0,0,0,0,0,0,0,0,0,0,0,0,0,0,0,0,0,0,0,0,0,0,0,0,0,0,0,0,0
191,balanced,1,meadow,はじまり草原,1,4,2,1,1,1,3,7,6,5,1,0,2,3,2,31,1,0,10,52,7,4,13,0,0,0,6,6,0,0,230,876
191,balanced,2,cave,こだま洞くつ,3,7,2,1,1,7,5,10,6,5,1,0,3,3,2,32,2,0,11,71,3,2,14,0,0,0,5,13,0,0,954,2821
191,balanced,3,brook,しずく湖畔,5,10,3,1,1,11,11,12,3,2,1,0,3,1,0,9,2,2,6,27,1,1,9,0,0,0,5,0,0,0,3089,3931
191,balanced,4,volcano,ほむら火山,8,14,4,1,1,12,12,17,16,15,1,0,4,7,6,36,2,2,25,87,2,1,7,0,0,0,26,49,0,0,3045,2757
191,balanced,5,tower,星晶の塔,12,20,5,1,1,17,19,26,37,36,1,0,3,17,16,85,2,2,56,180,8,2,7,0,0,0,60,124,0,0,2136,1841
191,balanced,6,snowfield,霜降り雪原,16,25,4,1,1,26,27,30,14,13,1,0,5,6,5,139,2,2,22,196,4,1,43,0,0,0,28,46,0,0,1427,2462
191,balanced,7,thunder_ruins,雷鳴遺跡,21,31,5,1,1,30,29,34,21,21,0,0,4,9,8,97,2,2,32,174,1,1,27,0,0,0,34,128,0,0,1907,5255
191,balanced,8,prism_sanctuary,虹晶聖域,28,42,6,1,1,34,35,55,108,105,1,2,5,51,50,313,2,2,161,741,5,1,17,0,0,0,166,651,0,0,4070,4907
191,balanced,9,poison_bog,毒霧の沼地,34,48,5,1,1,55,55,56,5,4,1,0,3,1,0,10,2,2,8,38,0,0,10,0,0,0,8,0,0,0,3801,14997
191,balanced,10,machine_city,古代機械都市,39,57,6,1,1,56,57,65,36,35,1,0,3,16,15,173,2,2,54,289,2,1,24,0,0,0,53,521,0,0,11615,14283
191,balanced,11,deep_sea_temple,深海神殿,46,66,6,1,1,65,64,86,106,105,1,0,7,51,50,388,2,2,159,730,61,2,11,0,0,0,179,1390,0,0,11062,10024
191,balanced,12,demon_gate,魔界門,54,76,7,1,1,86,86,96,44,40,1,3,6,18,17,168,2,2,64,320,24,2,14,0,0,0,75,647,0,0,7764,15232
191,balanced,13,sky_ruins,天空遺跡,68,86,7,1,1,96,98,100,111,110,1,0,3,53,52,519,2,2,166,780,71,2,13,0,0,0,167,438,0,0,11797,38761
192,collector,1,meadow,はじまり草原,1,4,2,1,1,1,3,6,13,9,2,2,4,4,3,47,1,0,18,84,12,3,14,0,0,0,13,0,0,0,230,1039
192,collector,2,cave,こだま洞くつ,3,7,2,1,1,7,8,11,8,6,2,0,7,3,2,38,5,5,16,92,4,2,14,0,0,0,22,10,0,0,1537,2707
192,collector,3,brook,しずく湖畔,5,10,3,1,1,11,11,13,9,7,2,0,7,3,2,20,5,5,17,71,0,0,10,0,0,0,23,7,0,0,1431,1526
192,collector,4,volcano,ほむら火山,8,14,4,1,1,13,11,17,28,26,2,0,8,9,8,76,5,5,42,172,8,2,19,0,0,0,45,31,0,0,807,1646
192,collector,5,tower,星晶の塔,12,20,5,1,1,17,18,23,32,27,2,3,13,9,8,42,5,5,46,350,12,2,20,0,0,0,63,31,0,0,871,2286
192,collector,6,snowfield,霜降り雪原,16,25,4,1,1,23,22,28,28,26,2,0,8,9,8,126,5,5,42,365,12,3,40,0,0,0,52,105,1,0,1208,4144
192,collector,7,thunder_ruins,雷鳴遺跡,21,31,5,1,1,28,29,33,23,21,2,0,8,7,6,37,5,5,35,105,6,1,7,0,0,0,35,73,0,0,2188,3678
192,collector,8,prism_sanctuary,虹晶聖域,28,42,6,1,1,33,34,49,89,80,1,8,18,26,25,111,5,5,120,727,42,3,35,0,0,0,155,396,0,0,1944,5624
192,collector,9,poison_bog,毒霧の沼地,34,48,5,1,1,49,49,51,11,10,1,0,9,3,2,15,5,5,19,86,0,0,7,0,0,0,26,133,0,0,2970,8866
192,collector,10,machine_city,古代機械都市,39,57,6,1,1,51,52,60,39,38,1,0,10,12,11,64,5,5,56,186,8,2,9,0,0,0,55,354,0,0,4680,8388
192,collector,11,deep_sea_temple,深海神殿,46,66,6,1,1,60,61,83,112,106,2,4,12,35,34,200,5,5,152,552,50,3,10,0,0,0,144,1185,0,0,4429,15943
192,collector,12,demon_gate,魔界門,54,76,7,1,1,83,85,87,11,7,3,1,10,2,1,12,5,5,18,92,1,1,10,0,0,0,25,163,0,0,8416,25419
192,collector,13,sky_ruins,天空遺跡,68,86,7,1,1,87,82,100,178,173,2,3,13,57,56,11396,5,5,240,11861,80,2,208,57,0,0,205,1345,0,0,13416,47189
193,rush,1,meadow,はじまり草原,1,4,2,1,1,1,2,6,5,2,2,1,3,3,2,30,0,0,8,44,0,0,12,0,0,0,9,8,0,0,230,681
193,rush,2,cave,こだま洞くつ,3,7,2,1,1,6,7,12,11,11,0,0,0,10,9,75,0,0,21,101,0,0,9,0,0,0,28,31,0,0,681,723
193,rush,3,brook,しずく湖畔,5,10,3,1,1,12,12,15,9,9,0,0,0,7,6,39,0,0,16,56,0,0,6,0,0,0,20,13,0,0,723,1378
193,rush,4,volcano,ほむら火山,8,14,4,1,1,15,15,23,42,42,0,0,0,39,38,198,0,0,81,315,0,0,6,0,0,0,123,85,0,0,1378,950
193,rush,5,tower,星晶の塔,12,20,5,1,0,23,23,0,85,85,0,0,0,80,80,336,0,0,165,534,0,0,7,0,0,0,262,187,0,0,950,0
193,rush,6,snowfield,霜降り雪原,16,25,4,0,0,0,0,0,0,0,0,0,0,0,0,0,0,0,0,0,0,0,0,0,0,0,0,0,0,0,0,0
193,rush,7,thunder_ruins,雷鳴遺跡,21,31,5,0,0,0,0,0,0,0,0,0,0,0,0,0,0,0,0,0,0,0,0,0,0,0,0,0,0,0,0,0
193,rush,8,prism_sanctuary,虹晶聖域,28,42,6,0,0,0,0,0,0,0,0,0,0,0,0,0,0,0,0,0,0,0,0,0,0,0,0,0,0,0,0,0
193,rush,9,poison_bog,毒霧の沼地,34,48,5,0,0,0,0,0,0,0,0,0,0,0,0,0,0,0,0,0,0,0,0,0,0,0,0,0,0,0,0,0
193,rush,10,machine_city,古代機械都市,39,57,6,0,0,0,0,0,0,0,0,0,0,0,0,0,0,0,0,0,0,0,0,0,0,0,0,0,0,0,0,0
193,rush,11,deep_sea_temple,深海神殿,46,66,6,0,0,0,0,0,0,0,0,0,0,0,0,0,0,0,0,0,0,0,0,0,0,0,0,0,0,0,0,0
193,rush,12,demon_gate,魔界門,54,76,7,0,0,0,0,0,0,0,0,0,0,0,0,0,0,0,0,0,0,0,0,0,0,0,0,0,0,0,0,0
193,rush,13,sky_ruins,天空遺跡,68,86,7,0,0,0,0,0,0,0,0,0,0,0,0,0,0,0,0,0,0,0,0,0,0,0,0,0,0,0,0,0
194,balanced,1,meadow,はじまり草原,1,4,2,1,1,1,2,6,11,4,2,5,6,3,2,34,2,1,16,90,9,2,17,0,0,0,18,4,0,0,230,887
194,balanced,2,cave,こだま洞くつ,3,7,2,1,1,7,7,12,10,9,1,0,3,5,4,65,2,2,17,103,3,1,19,0,0,0,19,29,0,0,859,1496
194,balanced,3,brook,しずく湖畔,5,10,3,1,1,12,13,14,5,4,1,0,3,2,1,15,2,2,9,39,0,0,8,0,0,0,10,13,0,0,1159,1206
194,balanced,4,volcano,ほむら火山,8,14,4,1,1,14,14,23,47,45,1,1,3,22,21,149,2,2,71,274,7,2,14,0,0,0,80,82,0,0,935,1250
194,balanced,5,tower,星晶の塔,12,20,5,1,1,23,23,25,16,14,1,1,8,6,5,34,2,2,24,90,1,1,9,0,0,0,29,31,0,0,968,2728
194,balanced,6,snowfield,霜降り雪原,16,25,4,1,1,25,24,28,10,9,1,0,3,4,3,24,2,2,16,54,0,0,8,0,0,0,16,66,0,0,2113,3656
194,balanced,7,thunder_ruins,雷鳴遺跡,21,31,5,1,1,28,28,37,41,40,1,0,5,19,18,684,2,2,62,758,2,1,102,7,0,0,65,178,0,0,2832,3115
194,balanced,8,prism_sanctuary,虹晶聖域,28,42,6,1,1,37,38,47,71,47,1,23,28,22,21,116,2,2,95,374,10,1,13,0,0,0,146,258,0,0,2413,4824
194,balanced,9,poison_bog,毒霧の沼地,34,48,5,1,1,47,46,49,11,10,1,0,3,4,3,20,2,2,17,48,1,1,8,0,0,0,16,178,0,0,3737,8037
194,balanced,10,machine_city,古代機械都市,39,57,6,1,1,49,50,66,81,79,1,1,7,38,37,266,2,2,121,404,5,1,18,0,0,0,125,768,0,0,6225,7232
194,balanced,11,deep_sea_temple,深海神殿,46,66,6,1,1,66,67,80,62,61,1,0,3,29,28,1477,2,2,93,1618,2,1,149,10,0,0,92,817,0,0,5602,14770
194,balanced,12,demon_gate,魔界門,54,76,7,1,0,80,82,0,69,68,1,0,1,32,31,5614,0,0,101,7101,32,1,400,41,0,1,105,1235,0,0,11439,0
194,balanced,13,sky_ruins,天空遺跡,68,86,7,0,0,0,0,0,0,0,0,0,0,0,0,0,0,0,0,0,0,0,0,0,0,0,0,0,0,0,0,0
195,collector,1,meadow,はじまり草原,1,4,2,1,1,1,3,6,10,7,1,2,8,3,2,39,4,2,17,120,12,4,16,0,0,0,12,0,0,0,230,1138
195,collector,2,cave,こだま洞くつ,3,7,2,1,1,7,7,11,8,7,1,0,3,3,2,49,1,0,12,93,5,3,24,0,0,0,4,8,0,0,1449,2382
195,collector,3,brook,しずく湖畔,5,10,3,1,1,11,12,14,9,9,0,0,7,3,2,23,5,5,17,69,2,1,9,0,0,0,15,17,0,0,2756,1927
195,collector,4,volcano,ほむら火山,8,14,4,1,1,14,14,16,7,5,2,0,8,2,1,12,5,5,14,59,2,1,7,0,0,0,20,6,0,0,1019,3081
195,collector,5,tower,星晶の塔,12,20,5,1,1,16,14,18,18,14,3,1,9,5,4,26,5,5,28,102,3,1,8,0,0,0,34,34,0,0,1628,2294
195,collector,6,snowfield,霜降り雪原,16,25,4,1,1,18,22,31,46,43,3,0,8,15,14,766,5,5,66,954,12,2,78,8,0,0,70,130,1,0,1212,3356
195,collector,7,thunder_ruins,雷鳴遺跡,21,31,5,1,1,31,32,35,14,13,1,0,6,4,3,236,5,5,23,297,7,2,86,3,0,0,27,46,0,0,1773,5945
195,collector,8,prism_sanctuary,虹晶聖域,28,42,6,1,1,35,36,51,121,93,0,28,33,30,29,186,5,5,156,2801,41,2,115,27,0,0,224,427,0,0,3139,5564
195,collector,9,poison_bog,毒霧の沼地,34,48,5,1,1,51,52,53,8,5,3,0,8,2,1,11,5,5,15,58,1,1,7,0,0,0,21,55,0,0,2938,11391
195,collector,10,machine_city,古代機械都市,39,57,6,1,1,53,54,68,88,77,1,10,18,25,24,188,5,5,118,1798,52,2,105,13,0,0,195,626,1,0,6014,15178
195,collector,11,deep_sea_temple,深海神殿,46,66,6,1,1,68,65,84,104,94,2,8,16,31,30,1354,5,5,140,2930,50,4,158,29,0,0,159,1077,0,0,8012,10798
195,collector,12,demon_gate,魔界門,54,76,7,1,1,84,83,84,12,4,3,5,13,1,0,65,5,5,18,310,0,0,132,2,0,0,39,0,0,0,5700,24046
195,collector,13,sky_ruins,天空遺跡,68,86,7,1,0,84,85,0,248,244,3,1,5,80,80,18314,0,0,328,18885,83,3,238,80,0,0,259,1126,0,0,12692,0
196,rush,1,meadow,はじまり草原,1,4,2,1,1,1,2,5,5,1,2,2,3,2,1,19,0,0,7,35,0,0,10,0,0,0,6,3,0,0,230,882
196,rush,2,cave,こだま洞くつ,3,7,2,1,1,5,6,12,13,13,0,0,0,12,11,97,0,0,25,131,0,0,10,0,0,0,36,29,0,0,882,1265
196,rush,3,brook,しずく湖畔,5,10,3,1,1,12,12,15,7,7,0,0,0,5,4,32,0,0,12,45,0,0,8,0,0,0,14,21,0,0,1265,1333
196,rush,4,volcano,ほむら火山,8,14,4,1,1,15,15,24,60,59,0,1,0,56,55,286,0,0,116,462,0,0,6,0,0,0,185,106,0,0,1333,983
196,rush,5,tower,星晶の塔,12,20,5,1,0,24,25,0,85,85,0,0,0,80,80,368,0,0,165,577,0,0,7,0,0,0,255,181,0,0,983,0
196,rush,6,snowfield,霜降り雪原,16,25,4,0,0,0,0,0,0,0,0,0,0,0,0,0,0,0,0,0,0,0,0,0,0,0,0,0,0,0,0,0
196,rush,7,thunder_ruins,雷鳴遺跡,21,31,5,0,0,0,0,0,0,0,0,0,0,0,0,0,0,0,0,0,0,0,0,0,0,0,0,0,0,0,0,0
196,rush,8,prism_sanctuary,虹晶聖域,28,42,6,0,0,0,0,0,0,0,0,0,0,0,0,0,0,0,0,0,0,0,0,0,0,0,0,0,0,0,0,0
196,rush,9,poison_bog,毒霧の沼地,34,48,5,0,0,0,0,0,0,0,0,0,0,0,0,0,0,0,0,0,0,0,0,0,0,0,0,0,0,0,0,0
196,rush,10,machine_city,古代機械都市,39,57,6,0,0,0,0,0,0,0,0,0,0,0,0,0,0,0,0,0,0,0,0,0,0,0,0,0,0,0,0,0
196,rush,11,deep_sea_temple,深海神殿,46,66,6,0,0,0,0,0,0,0,0,0,0,0,0,0,0,0,0,0,0,0,0,0,0,0,0,0,0,0,0,0
196,rush,12,demon_gate,魔界門,54,76,7,0,0,0,0,0,0,0,0,0,0,0,0,0,0,0,0,0,0,0,0,0,0,0,0,0,0,0,0,0
196,rush,13,sky_ruins,天空遺跡,68,86,7,0,0,0,0,0,0,0,0,0,0,0,0,0,0,0,0,0,0,0,0,0,0,0,0,0,0,0,0,0
197,balanced,1,meadow,はじまり草原,1,4,2,1,1,1,3,7,7,5,1,1,4,3,2,27,2,0,12,66,5,2,11,0,0,0,8,6,0,0,230,862
197,balanced,2,cave,こだま洞くつ,3,7,2,1,1,8,8,12,6,5,1,0,3,3,2,22,2,2,11,54,6,2,9,0,0,0,14,25,0,0,1638,1620
197,balanced,3,brook,しずく湖畔,5,10,3,1,1,12,12,14,5,4,1,0,3,2,1,14,2,2,9,35,0,0,9,0,0,0,11,13,0,0,1255,1620
197,balanced,4,volcano,ほむら火山,8,14,4,1,1,14,12,17,18,17,1,0,3,8,7,55,2,2,28,110,7,2,9,0,0,0,29,27,0,0,1255,2442
197,balanced,5,tower,星晶の塔,12,20,5,1,1,17,18,24,30,28,1,1,6,13,12,73,2,2,45,156,4,1,16,0,0,0,50,77,0,0,1892,3417
197,balanced,6,snowfield,霜降り雪原,16,25,4,1,1,24,23,26,9,7,1,1,5,3,2,50,2,2,14,96,1,1,23,0,0,0,19,72,0,0,2647,2878
197,balanced,7,thunder_ruins,雷鳴遺跡,21,31,5,1,1,26,26,31,19,18,1,0,4,8,7,111,2,2,29,171,7,2,29,0,0,0,30,89,0,0,2230,3500
197,balanced,8,prism_sanctuary,虹晶聖域,28,42,6,1,1,31,36,54,112,101,1,10,12,49,48,319,2,2,163,1033,15,3,33,0,0,0,207,582,0,0,2711,7149
197,balanced,9,poison_bog,毒霧の沼地,34,48,5,1,1,54,55,58,17,16,1,0,4,7,6,62,2,2,26,107,0,0,17,0,0,0,27,179,0,0,5537,5902
197,balanced,10,machine_city,古代機械都市,39,57,6,1,1,58,59,67,48,47,1,0,3,22,21,218,2,2,72,345,10,2,26,0,0,0,73,540,0,0,4571,12162
197,balanced,11,deep_sea_temple,深海神殿,46,66,6,1,1,67,67,84,86,81,1,4,8,39,38,2989,2,2,127,3239,20,1,124,31,0,0,140,1028,0,0,9419,16923
197,balanced,12,demon_gate,魔界門,54,76,7,1,1,84,85,95,44,38,1,5,8,17,16,2764,2,2,63,2919,29,1,193,17,0,0,74,744,0,0,13106,14193
197,balanced,13,sky_ruins,天空遺跡,68,86,7,1,0,95,95,0,168,166,1,1,2,80,80,11912,0,0,248,12350,62,2,151,80,0,0,245,563,0,0,10992,0
198,collector,1,meadow,はじまり草原,1,4,2,1,1,1,3,6,8,7,1,0,2,3,2,30,1,0,12,57,9,3,13,0,0,0,6,0,0,0,230,1147
198,collector,2,cave,こだま洞くつ,3,7,2,1,1,6,4,10,11,9,2,0,3,4,3,61,1,0,16,116,10,3,21,0,0,0,7,8,0,0,1225,2418
198,collector,3,brook,しずく湖畔,5,10,3,1,1,10,11,14,12,10,2,0,7,4,3,26,5,5,21,78,1,1,9,0,0,0,27,28,0,0,3052,1349
198,collector,4,volcano,ほむら火山,8,14,4,1,1,14,13,17,20,17,2,1,8,6,5,52,5,5,31,150,3,1,17,0,0,0,39,28,0,0,714,1619
198,collector,5,tower,星晶の塔,12,20,5,1,1,17,17,21,22,18,2,2,10,6,5,42,5,5,33,139,0,0,12,0,0,0,42,19,0,0,856,3878
198,collector,6,snowfield,霜降り雪原,16,25,4,1,1,21,22,29,28,26,2,0,9,9,8,449,5,5,42,596,4,1,83,5,0,0,45,104,1,0,2048,3363
198,collector,7,thunder_ruins,雷鳴遺跡,21,31,5,1,1,29,29,33,17,15,2,0,9,5,4,510,5,5,27,591,11,2,108,5,0,0,30,49,0,0,1776,3587
198,collector,8,prism_sanctuary,虹晶聖域,28,42,6,1,1,33,34,57,134,129,0,5,10,42,41,851,5,5,181,2597,16,2,178,24,0,0,175,634,0,0,1895,7866
198,collector,9,poison_bog,毒霧の沼地,34,48,5,1,1,57,57,60,17,14,3,0,9,5,4,150,5,5,27,221,0,0,54,1,0,0,29,175,0,0,4153,6526
198,collector,10,machine_city,古代機械都市,39,57,6,1,1,60,58,63,30,26,4,0,10,9,8,191,5,5,44,308,6,1,42,0,0,0,45,219,0,0,3446,13024
198,collector,11,deep_sea_temple,深海神殿,46,66,6,1,1,63,64,89,134,125,1,8,15,41,40,4956,5,5,180,5660,22,1,299,28,0,0,166,1438,0,0,6875,18313
198,collector,12,demon_gate,魔界門,54,76,7,1,1,89,89,89,26,5,2,19,28,1,0,211,5,5,32,425,0,0,211,1,0,0,77,0,0,0,9667,14917
198,collector,13,sky_ruins,天空遺跡,68,86,7,1,1,89,90,100,201,188,2,11,19,62,61,14596,5,5,268,16322,71,4,243,75,0,0,254,698,0,0,7874,47558
199,rush,1,meadow,はじまり草原,1,4,2,1,1,1,2,6,4,2,2,0,2,3,2,34,0,0,7,45,0,0,13,0,0,0,8,8,0,0,230,705
199,rush,2,cave,こだま洞くつ,3,7,2,1,1,6,7,13,14,14,0,0,0,13,12,95,0,0,27,126,0,0,10,0,0,0,38,36,0,0,705,509
199,rush,3,brook,しずく湖畔,5,10,3,1,1,13,13,14,4,4,0,0,0,2,1,12,0,0,6,21,0,0,6,0,0,0,6,8,0,0,509,1333
199,rush,4,volcano,ほむら火山,8,14,4,1,1,14,15,23,55,55,0,0,0,52,51,264,0,0,107,426,0,0,6,0,0,0,166,88,0,0,1333,1312
199,rush,5,tower,星晶の塔,12,20,5,1,0,23,24,0,87,85,0,2,0,80,80,341,0,0,167,570,0,0,7,0,0,0,265,187,0,0,1312,0
199,rush,6,snowfield,霜降り雪原,16,25,4,0,0,0,0,0,0,0,0,0,0,0,0,0,0,0,0,0,0,0,0,0,0,0,0,0,0,0,0,0
199,rush,7,thunder_ruins,雷鳴遺跡,21,31,5,0,0,0,0,0,0,0,0,0,0,0,0,0,0,0,0,0,0,0,0,0,0,0,0,0,0,0,0,0
199,rush,8,prism_sanctuary,虹晶聖域,28,42,6,0,0,0,0,0,0,0,0,0,0,0,0,0,0,0,0,0,0,0,0,0,0,0,0,0,0,0,0,0
199,rush,9,poison_bog,毒霧の沼地,34,48,5,0,0,0,0,0,0,0,0,0,0,0,0,0,0,0,0,0,0,0,0,0,0,0,0,0,0,0,0,0
199,rush,10,machine_city,古代機械都市,39,57,6,0,0,0,0,0,0,0,0,0,0,0,0,0,0,0,0,0,0,0,0,0,0,0,0,0,0,0,0,0
199,rush,11,deep_sea_temple,深海神殿,46,66,6,0,0,0,0,0,0,0,0,0,0,0,0,0,0,0,0,0,0,0,0,0,0,0,0,0,0,0,0,0
199,rush,12,demon_gate,魔界門,54,76,7,0,0,0,0,0,0,0,0,0,0,0,0,0,0,0,0,0,0,0,0,0,0,0,0,0,0,0,0,0
199,rush,13,sky_ruins,天空遺跡,68,86,7,0,0,0,0,0,0,0,0,0,0,0,0,0,0,0,0,0,0,0,0,0,0,0,0,0,0,0,0,0
200,balanced,1,meadow,はじまり草原,1,4,2,1,1,1,2,6,6,4,2,0,4,3,2,42,2,0,11,78,9,3,16,0,0,0,8,5,0,0,230,906
200,balanced,2,cave,こだま洞くつ,3,7,2,1,1,8,9,11,4,3,1,0,3,2,1,50,2,2,8,76,2,1,32,0,0,0,10,12,0,0,1862,2457
200,balanced,3,brook,しずく湖畔,5,10,3,1,1,11,11,14,7,6,1,0,3,3,2,28,2,2,12,61,0,0,18,0,0,0,15,28,0,0,1904,1557
200,balanced,4,volcano,ほむら火山,8,14,4,1,1,14,15,20,20,19,1,0,3,9,8,100,2,2,31,153,4,1,24,0,0,0,32,52,0,0,1207,1511
200,balanced,5,tower,星晶の塔,12,20,5,1,1,20,18,26,41,40,1,0,3,19,18,155,2,2,62,277,3,1,22,0,0,0,61,96,0,0,1171,3043
200,balanced,6,snowfield,霜降り雪原,16,25,4,1,1,26,26,29,6,5,1,0,4,2,1,52,2,2,10,95,0,0,34,0,0,0,12,50,0,0,2357,3497
200,balanced,7,thunder_ruins,雷鳴遺跡,21,31,5,1,1,29,29,36,34,32,1,1,4,15,14,331,2,2,51,430,10,2,55,1,0,0,54,145,0,0,2709,3073
200,balanced,8,prism_sanctuary,虹晶聖域,28,42,6,1,1,36,35,56,124,123,1,0,3,60,59,468,2,2,186,1024,20,1,33,0,0,0,207,748,0,0,2381,7129
200,balanced,9,poison_bog,毒霧の沼地,34,48,5,1,1,56,57,58,9,8,1,0,7,3,2,29,2,2,14,78,0,0,14,0,0,0,17,130,0,0,5522,5922
200,balanced,10,machine_city,古代機械都市,39,57,6,1,1,58,59,68,48,47,1,0,4,22,21,283,2,2,72,418,18,2,22,0,0,0,71,518,0,0,4587,12060
200,balanced,11,deep_sea_temple,深海神殿,46,66,6,1,1,68,68,86,90,89,1,0,3,43,42,2960,2,2,135,3191,20,1,129,32,0,0,135,1175,0,0,9340,17219
200,balanced,12,demon_gate,魔界門,54,76,7,1,1,86,88,99,46,44,1,1,4,20,19,2345,2,2,68,2489,19,1,145,19,0,0,69,907,0,0,13335,14015
200,balanced,13,sky_ruins,天空遺跡,68,86,7,1,0,99,100,0,167,166,1,0,4,80,80,11994,0,0,247,12420,62,1,152,80,0,0,247,0,0,0,10854,0
201,collector,1,meadow,はじまり草原,1,4,2,1,1,1,3,6,8,6,2,0,4,3,2,41,2,1,13,89,11,4,17,0,0,0,13,1,0,0,230,1160
201,collector,2,cave,こだま洞くつ,3,7,2,1,1,7,7,10,5,4,1,0,4,2,1,27,3,2,10,75,4,2,21,0,0,0,6,5,0,0,1279,3215
201,collector,3,brook,しずく湖畔,5,10,3,1,1,10,11,14,12,10,2,0,7,4,3,22,5,5,21,67,4,2,8,0,0,0,17,26,0,0,2885,1320
201,collector,4,volcano,ほむら火山,8,14,4,1,1,14,14,18,13,11,2,0,8,4,3,24,5,5,22,86,6,2,7,0,0,0,27,17,0,0,698,2265
201,collector,5,tower,星晶の塔,12,20,5,1,1,18,15,23,41,39,2,0,10,13,12,66,5,5,59,188,9,2,10,0,0,0,58,54,0,0,1197,3495
201,collector,6,snowfield,霜降り雪原,16,25,4,1,1,23,24,25,4,3,1,0,9,1,0,29,5,5,10,85,1,1,29,0,0,0,19,0,0,0,1847,6676
201,collector,7,thunder_ruins,雷鳴遺跡,21,31,5,1,1,25,26,33,29,28,1,0,7,9,8,158,5,5,43,266,4,1,34,0,0,0,40,116,0,0,3524,3601
201,collector,8,prism_sanctuary,虹晶聖域,28,42,6,1,1,33,34,57,134,132,0,2,12,43,42,371,5,5,182,1045,12,2,36,0,0,0,158,663,0,0,1902,7810
201,collector,9,poison_bog,毒霧の沼地,34,48,5,1,1,57,57,60,17,14,3,0,10,5,4,89,5,5,27,300,1,1,31,0,0,0,42,199,1,0,4124,6621
201,collector,10,machine_city,古代機械都市,39,57,6,1,1,60,61,62,9,7,2,0,10,2,1,55,5,5,16,231,3,1,28,0,0,0,29,71,0,0,3496,13112
201,collector,11,deep_sea_temple,深海神殿,46,66,6,1,1,62,62,86,120,116,1,3,11,38,37,2121,5,5,163,3177,15,2,263,14,0,0,167,1337,0,0,6922,18198
201,collector,12,demon_gate,魔界門,54,76,7,1,1,86,87,100,103,97,3,3,12,32,31,8378,5,5,140,13402,38,2,322,63,0,0,146,883,0,0,9606,33244
201,collector,13,sky_ruins,天空遺跡,68,86,7,1,1,100,100,100,196,195,1,0,9,64,63,14866,5,5,265,17129,76,2,237,83,0,0,228,0,0,0,17546,48005
202,rush,1,meadow,はじまり草原,1,4,2,1,1,1,2,7,14,5,1,8,7,5,4,39,0,0,19,79,0,0,8,0,0,0,17,8,0,0,230,561
202,rush,2,cave,こだま洞くつ,3,7,2,1,1,7,7,10,6,5,1,0,1,5,4,41,0,0,11,52,0,0,9,0,0,0,13,10,0,0,561,701
202,rush,3,brook,しずく湖畔,5,10,3,1,1,10,11,14,6,6,0,0,0,4,3,23,0,0,10,31,0,0,7,0,0,0,11,29,0,0,701,1141
202,rush,4,volcano,ほむら火山,8,14,4,1,1,14,15,17,15,15,0,0,0,12,11,70,0,0,27,97,0,0,7,0,0,0,35,31,0,0,1141,976
202,rush,5,tower,星晶の塔,12,20,5,1,1,17,19,29,58,58,0,0,0,54,53,248,0,0,112,385,0,0,7,0,0,0,168,156,0,0,976,1552
202,rush,6,snowfield,霜降り雪原,16,25,4,1,1,29,30,38,54,54,0,0,0,51,50,292,0,0,105,407,0,0,8,0,0,0,152,200,0,0,1552,2038
202,rush,7,thunder_ruins,雷鳴遺跡,21,31,5,1,1,38,39,45,48,48,0,0,0,44,43,241,0,0,92,318,0,0,7,0,0,0,131,204,0,0,2038,3882
202,rush,8,prism_sanctuary,虹晶聖域,28,42,6,1,0,45,46,0,90,86,0,4,0,80,80,328,0,0,170,612,0,0,7,0,0,0,287,568,0,0,3882,0
202,rush,9,poison_bog,毒霧の沼地,34,48,5,0,0,0,0,0,0,0,0,0,0,0,0,0,0,0,0,0,0,0,0,0,0,0,0,0,0,0,0,0
202,rush,10,machine_city,古代機械都市,39,57,6,0,0,0,0,0,0,0,0,0,0,0,0,0,0,0,0,0,0,0,0,0,0,0,0,0,0,0,0,0
202,rush,11,deep_sea_temple,深海神殿,46,66,6,0,0,0,0,0,0,0,0,0,0,0,0,0,0,0,0,0,0,0,0,0,0,0,0,0,0,0,0,0
202,rush,12,demon_gate,魔界門,54,76,7,0,0,0,0,0,0,0,0,0,0,0,0,0,0,0,0,0,0,0,0,0,0,0,0,0,0,0,0,0
202,rush,13,sky_ruins,天空遺跡,68,86,7,0,0,0,0,0,0,0,0,0,0,0,0,0,0,0,0,0,0,0,0,0,0,0,0,0,0,0,0,0
203,balanced,1,meadow,はじまり草原,1,4,2,1,1,1,2,6,8,4,2,2,6,3,2,24,2,0,13,59,2,1,14,0,0,0,9,5,0,0,230,870
203,balanced,2,cave,こだま洞くつ,3,7,2,1,1,8,8,9,2,1,1,0,3,1,0,21,2,2,5,43,1,1,21,0,0,0,8,0,0,0,2526,3298
203,balanced,3,brook,しずく湖畔,5,10,3,1,1,9,10,14,9,9,0,0,2,4,3,22,2,2,15,48,0,0,7,0,0,0,17,38,0,0,2555,1177
203,balanced,4,volcano,ほむら火山,8,14,4,1,1,14,14,15,4,3,1,0,3,1,0,4,1,0,6,23,0,0,7,0,0,0,5,0,0,0,912,2408
203,balanced,5,tower,星晶の塔,12,20,5,1,1,14,17,22,16,14,1,1,5,6,5,31,2,2,24,98,6,2,8,0,0,0,25,87,0,0,3865,1828
203,balanced,6,snowfield,霜降り雪原,16,25,4,1,1,22,22,29,22,21,1,0,3,10,9,66,2,2,34,128,1,1,13,0,0,0,33,112,0,0,1416,2412
203,balanced,7,thunder_ruins,雷鳴遺跡,21,31,5,1,1,29,30,34,17,16,1,0,4,7,6,75,2,2,26,115,4,1,30,0,0,0,25,75,0,0,1869,5218
203,balanced,8,prism_sanctuary,虹晶聖域,28,42,6,1,1,34,40,52,66,65,1,0,4,31,30,153,2,2,99,476,17,2,30,0,0,0,119,437,0,0,4041,4998
203,balanced,9,poison_bog,毒霧の沼地,34,48,5,1,1,52,52,53,5,4,1,0,3,1,0,7,2,2,8,31,0,0,7,0,0,0,8,0,0,0,3872,15053
203,balanced,10,machine_city,古代機械都市,39,57,6,1,1,53,54,61,26,25,1,0,6,11,10,72,2,2,39,133,5,1,12,0,0,0,39,438,0,0,11658,14307
203,balanced,11,deep_sea_temple,深海神殿,46,66,6,1,1,61,58,76,72,69,1,2,4,33,32,234,2,2,107,546,20,1,21,0,0,0,117,915,0,0,11081,10109
203,balanced,12,demon_gate,魔界門,54,76,7,1,1,76,75,94,74,72,1,1,3,34,33,2017,2,2,110,2269,47,2,91,27,0,0,123,1173,0,0,7829,14380
203,balanced,13,sky_ruins,天空遺跡,68,86,7,1,1,94,96,100,100,98,1,1,6,47,46,9520,2,2,149,9754,70,2,223,46,0,0,149,554,0,0,11137,38341
204,collector,1,meadow,はじまり草原,1,4,2,1,1,1,2,7,15,13,1,1,5,5,4,50,3,2,23,130,14,3,14,0,0,0,18,0,0,0,230,1304
204,collector,2,cave,こだま洞くつ,3,7,2,1,1,8,8,11,11,10,1,0,3,4,3,47,2,1,17,90,6,3,18,0,0,0,16,13,0,0,1989,1895
204,collector,3,brook,しずく湖畔,5,10,3,1,1,10,12,15,12,10,2,0,8,4,3,25,5,4,21,90,4,2,9,0,0,0,25,17,0,0,2002,2220
204,collector,4,volcano,ほむら火山,8,14,4,1,1,14,11,12,4,1,3,0,9,1,0,15,5,5,10,58,1,1,15,0,0,0,11,0,0,0,1540,4946
204,collector,5,tower,星晶の塔,12,20,5,1,1,12,16,22,29,26,3,0,9,9,8,68,5,5,43,230,9,2,20,0,0,0,46,45,0,0,2612,2636
204,collector,6,snowfield,霜降り雪原,16,25,4,1,1,22,23,30,34,32,2,0,9,11,10,211,5,5,50,345,13,2,29,0,0,0,53,116,0,0,1393,2875
204,collector,7,thunder_ruins,雷鳴遺跡,21,31,5,1,1,30,30,32,11,8,3,0,8,3,2,31,5,5,19,109,1,1,14,0,0,0,25,22,0,0,1518,5864
204,collector,8,prism_sanctuary,虹晶聖域,28,42,6,1,1,32,36,49,76,71,1,4,13,23,22,133,5,5,104,715,19,2,37,0,0,0,116,366,0,0,3096,6218
204,collector,9,poison_bog,毒霧の沼地,34,48,5,1,1,49,49,50,5,2,3,0,10,1,0,6,5,5,11,66,0,0,8,0,0,0,20,0,0,0,3284,17045
204,collector,10,machine_city,古代機械都市,39,57,6,1,1,50,51,61,45,43,2,0,9,14,13,90,5,5,64,394,15,2,43,0,0,0,69,438,0,0,8997,15787
204,collector,11,deep_sea_temple,深海神殿,46,66,6,1,1,61,58,70,48,45,3,0,8,15,14,1252,5,5,68,1414,4,1,175,14,0,0,59,568,0,0,8332,11112
204,collector,12,demon_gate,魔界門,54,76,7,1,1,70,72,100,111,104,2,5,13,34,33,7441,5,5,150,7872,65,2,259,35,0,0,133,1510,0,0,5867,17539
204,collector,13,sky_ruins,天空遺跡,68,86,7,1,1,100,100,100,31,29,2,0,12,9,8,2132,5,5,45,2277,6,2,265,8,0,0,42,0,0,0,9258,42734
205,rush,1,meadow,はじまり草原,1,4,2,1,1,1,2,6,7,3,1,3,4,3,2,26,0,0,10,50,0,0,10,0,0,0,8,7,0,0,230,710
205,rush,2,cave,こだま洞くつ,3,7,2,1,1,6,7,10,5,4,1,0,2,4,3,34,0,0,9,49,0,0,9,0,0,0,11,15,0,0,710,1409
205,rush,3,brook,しずく湖畔,5,10,3,1,1,10,11,13,4,4,0,0,0,2,1,12,0,0,6,20,0,0,6,0,0,0,5,21,0,0,1409,1468
205,rush,4,volcano,ほむら火山,8,14,4,1,1,13,14,17,12,12,0,0,0,9,8,50,0,0,21,77,0,0,8,0,0,0,26,33,0,0,1468,957
205,rush,5,tower,星晶の塔,12,20,5,1,0,17,18,0,85,85,0,0,0,80,80,388,0,0,165,619,0,0,7,0,0,0,254,205,0,0,957,0
205,rush,6,snowfield,霜降り雪原,16,25,4,0,0,0,0,0,0,0,0,0,0,0,0,0,0,0,0,0,0,0,0,0,0,0,0,0,0,0,0,0
205,rush,7,thunder_ruins,雷鳴遺跡,21,31,5,0,0,0,0,0,0,0,0,0,0,0,0,0,0,0,0,0,0,0,0,0,0,0,0,0,0,0,0,0
205,rush,8,prism_sanctuary,虹晶聖域,28,42,6,0,0,0,0,0,0,0,0,0,0,0,0,0,0,0,0,0,0,0,0,0,0,0,0,0,0,0,0,0
205,rush,9,poison_bog,毒霧の沼地,34,48,5,0,0,0,0,0,0,0,0,0,0,0,0,0,0,0,0,0,0,0,0,0,0,0,0,0,0,0,0,0
205,rush,10,machine_city,古代機械都市,39,57,6,0,0,0,0,0,0,0,0,0,0,0,0,0,0,0,0,0,0,0,0,0,0,0,0,0,0,0,0,0
205,rush,11,deep_sea_temple,深海神殿,46,66,6,0,0,0,0,0,0,0,0,0,0,0,0,0,0,0,0,0,0,0,0,0,0,0,0,0,0,0,0,0
205,rush,12,demon_gate,魔界門,54,76,7,0,0,0,0,0,0,0,0,0,0,0,0,0,0,0,0,0,0,0,0,0,0,0,0,0,0,0,0,0
205,rush,13,sky_ruins,天空遺跡,68,86,7,0,0,0,0,0,0,0,0,0,0,0,0,0,0,0,0,0,0,0,0,0,0,0,0,0,0,0,0,0
206,balanced,1,meadow,はじまり草原,1,4,2,1,1,1,3,7,7,5,1,1,4,3,2,24,2,1,12,58,5,2,9,0,0,0,9,5,0,0,230,907
206,balanced,2,cave,こだま洞くつ,3,7,2,1,1,7,7,12,8,7,1,0,3,4,3,29,2,0,14,76,3,1,10,0,0,0,14,28,0,0,877,1636
206,balanced,3,brook,しずく湖畔,5,10,3,1,1,13,13,16,7,7,0,0,5,3,2,14,2,2,12,40,2,1,8,0,0,0,14,29,0,0,1904,956
206,balanced,4,volcano,ほむら火山,8,14,4,1,1,16,15,22,30,29,1,0,2,14,13,89,1,0,45,152,8,2,11,0,0,0,43,60,0,0,741,2420
206,balanced,5,tower,星晶の塔,12,20,5,1,1,22,21,22,7,6,1,0,3,2,1,10,2,2,11,42,1,1,7,0,0,0,12,27,0,0,3177,3506
206,balanced,6,snowfield,霜降り雪原,16,25,4,1,1,22,23,33,44,42,0,2,8,20,19,114,2,2,66,247,21,2,10,0,0,0,75,179,0,0,2716,4621
206,balanced,7,thunder_ruins,雷鳴遺跡,21,31,5,1,1,33,34,37,17,16,1,0,3,7,6,48,2,2,26,83,7,2,10,0,0,0,26,100,0,0,3579,3078
206,balanced,8,prism_sanctuary,虹晶聖域,28,42,6,1,1,37,37,48,60,57,1,2,7,27,26,149,2,2,89,321,34,4,10,0,0,0,98,347,0,0,2384,10273
206,balanced,9,poison_bog,毒霧の沼地,34,48,5,1,1,48,49,50,5,4,1,0,3,1,0,7,2,2,8,29,2,1,7,0,0,0,8,0,0,0,7957,21503
206,balanced,10,machine_city,古代機械都市,39,57,6,1,1,50,51,54,12,11,1,0,4,4,3,22,2,2,18,65,2,1,7,0,0,0,18,343,0,0,16653,7406
206,balanced,11,deep_sea_temple,深海神殿,46,66,6,1,1,54,55,74,79,75,1,3,11,36,35,232,2,2,117,483,49,3,14,0,0,0,134,920,0,0,5736,9966
206,balanced,12,demon_gate,魔界門,54,76,7,1,1,74,76,83,23,22,1,0,3,9,8,66,2,2,34,146,16,2,9,0,0,0,39,483,0,0,7719,14028
206,balanced,13,sky_ruins,天空遺跡,68,86,7,1,1,83,85,100,65,65,0,0,9,30,29,209,2,2,97,383,33,2,9,0,0,0,101,1300,0,0,10864,23883
207,collector,1,meadow,はじまり草原,1,4,2,1,1,1,2,6,9,6,2,1,4,3,2,41,1,0,13,73,10,3,16,0,0,0,8,0,0,0,230,1154
207,collector,2,cave,こだま洞くつ,3,7,2,1,1,6,7,10,5,4,1,0,6,2,1,30,5,1,12,99,2,2,23,0,0,0,6,4,0,0,1412,3464
207,collector,3,brook,しずく湖畔,5,10,3,1,1,13,7,12,15,12,3,0,8,5,4,35,5,4,25,95,4,2,12,0,0,0,18,19,0,0,5245,2738
207,collector,4,volcano,ほむら火山,8,14,4,1,1,12,14,17,7,6,1,0,7,2,1,17,4,3,13,62,1,1,12,0,0,0,13,9,0,0,1768,5846
207,collector,5,tower,星晶の塔,12,20,5,1,1,18,18,22,11,10,1,0,7,3,2,14,5,5,19,80,3,1,17,0,0,0,24,30,0,0,4842,9200
207,collector,6,snowfield,霜降り雪原,16,25,4,1,1,22,23,33,37,36,1,0,9,12,11,105,5,5,54,207,14,1,23,0,0,0,53,146,0,0,4856,10375
207,collector,7,thunder_ruins,雷鳴遺跡,21,31,5,1,1,33,34,34,5,3,2,0,8,1,0,5,5,5,11,42,0,0,7,0,0,0,17,0,0,0,5477,9122
207,collector,8,prism_sanctuary,虹晶聖域,28,42,6,1,1,34,40,47,40,38,1,1,9,12,11,55,5,5,57,182,7,1,8,0,0,0,57,230,0,0,4816,5671
207,collector,9,poison_bog,毒霧の沼地,34,48,5,1,1,47,47,49,11,8,3,0,9,3,2,20,5,5,19,79,6,2,7,0,0,0,23,63,0,0,2995,6633
207,collector,10,machine_city,古代機械都市,39,57,6,1,1,49,50,60,52,50,1,1,12,16,15,84,5,5,73,313,27,2,8,0,0,0,116,484,1,0,3503,8231
207,collector,11,deep_sea_temple,深海神殿,46,66,6,1,1,60,61,80,97,92,1,4,15,30,29,169,5,5,132,532,52,2,9,0,0,0,177,1036,0,0,4345,11243
207,collector,12,demon_gate,魔界門,54,76,7,1,1,80,81,89,31,29,2,0,9,9,8,62,5,5,45,192,11,3,10,0,0,0,45,456,0,0,5935,15701
207,collector,13,sky_ruins,天空遺跡,68,86,7,1,1,89,90,100,52,50,2,0,11,16,15,106,5,5,73,266,10,1,7,0,0,0,66,854,0,0,8287,29246
208,rush,1,meadow,はじまり草原,1,4,2,1,1,1,3,7,7,6,0,1,3,5,4,26,0,0,12,43,0,0,7,0,0,0,5,9,0,0,230,577
208,rush,2,cave,こだま洞くつ,3,7,2,1,1,7,7,13,22,19,1,2,3,19,18,124,0,0,41,172,0,0,9,0,0,0,39,34,0,0,577,559
208,rush,3,brook,しずく湖畔,5,10,3,1,1,13,14,16,11,10,1,0,3,9,8,56,0,0,20,79,0,0,9,0,0,0,26,15,0,0,559,2033
208,rush,4,volcano,ほむら火山,8,14,4,1,1,16,17,19,6,6,0,0,0,3,2,18,0,0,9,31,0,0,7,0,0,0,8,44,0,0,2033,1278
208,rush,5,tower,星晶の塔,12,20,5,1,0,19,20,0,86,85,0,1,0,80,80,416,0,0,166,642,0,0,8,0,0,0,253,187,0,0,1278,0
208,rush,6,snowfield,霜降り雪原,16,25,4,0,0,0,0,0,0,0,0,0,0,0,0,0,0,0,0,0,0,0,0,0,0,0,0,0,0,0,0,0
208,rush,7,thunder_ruins,雷鳴遺跡,21,31,5,0,0,0,0,0,0,0,0,0,0,0,0,0,0,0,0,0,0,0,0,0,0,0,0,0,0,0,0,0
208,rush,8,prism_sanctuary,虹晶聖域,28,42,6,0,0,0,0,0,0,0,0,0,0,0,0,0,0,0,0,0,0,0,0,0,0,0,0,0,0,0,0,0
208,rush,9,poison_bog,毒霧の沼地,34,48,5,0,0,0,0,0,0,0,0,0,0,0,0,0,0,0,0,0,0,0,0,0,0,0,0,0,0,0,0,0
208,rush,10,machine_city,古代機械都市,39,57,6,0,0,0,0,0,0,0,0,0,0,0,0,0,0,0,0,0,0,0,0,0,0,0,0,0,0,0,0,0
208,rush,11,deep_sea_temple,深海神殿,46,66,6,0,0,0,0,0,0,0,0,0,0,0,0,0,0,0,0,0,0,0,0,0,0,0,0,0,0,0,0,0
208,rush,12,demon_gate,魔界門,54,76,7,0,0,0,0,0,0,0,0,0,0,0,0,0,0,0,0,0,0,0,0,0,0,0,0,0,0,0,0,0
208,rush,13,sky_ruins,天空遺跡,68,86,7,0,0,0,0,0,0,0,0,0,0,0,0,0,0,0,0,0,0,0,0,0,0,0,0,0,0,0,0,0
209,balanced,1,meadow,はじまり草原,1,4,2,1,1,1,2,6,6,5,1,0,4,3,2,22,2,2,11,59,8,3,11,0,0,0,9,6,0,0,230,871
209,balanced,2,cave,こだま洞くつ,3,7,2,1,1,6,7,11,10,9,1,0,3,5,4,57,2,2,17,100,3,2,15,0,0,0,21,17,0,0,675,1623
209,balanced,3,brook,しずく湖畔,5,10,3,1,1,11,11,14,9,8,1,0,3,4,3,25,2,2,15,52,4,2,8,0,0,0,17,19,0,0,1258,1595
209,balanced,4,volcano,ほむら火山,8,14,4,1,1,14,14,18,10,9,1,0,5,4,3,26,2,2,16,58,7,2,8,0,0,0,16,33,0,0,1236,1222
209,balanced,5,tower,星晶の塔,12,20,5,1,1,18,18,22,17,16,1,0,5,7,6,33,2,2,26,80,4,1,7,0,0,0,26,53,0,0,947,1876
209,balanced,6,snowfield,霜降り雪原,16,25,4,1,1,22,23,27,14,13,1,0,6,6,5,59,2,2,22,114,6,3,17,0,0,0,24,92,0,0,1453,2418
209,balanced,7,thunder_ruins,雷鳴遺跡,21,31,5,1,1,27,28,32,21,20,1,0,3,9,8,73,2,2,32,116,0,0,28,0,0,0,32,89,0,0,1873,4769
209,balanced,8,prism_sanctuary,虹晶聖域,28,42,6,1,1,32,33,51,90,85,1,4,10,41,40,219,2,2,133,623,12,1,27,0,0,0,164,510,0,0,3694,4957
209,balanced,9,poison_bog,毒霧の沼地,34,48,5,1,1,51,51,57,31,30,1,0,3,14,13,103,2,2,47,178,6,1,13,0,0,0,47,317,0,0,3840,5758
209,balanced,10,machine_city,古代機械都市,39,57,6,1,1,57,58,67,51,49,1,1,9,23,22,196,2,2,76,312,12,1,20,0,0,0,81,491,0,0,4460,9513
209,balanced,11,deep_sea_temple,深海神殿,46,66,6,1,1,67,66,79,56,55,1,0,4,26,25,213,2,2,84,409,13,2,17,0,0,0,89,741,0,0,7368,11039
209,balanced,12,demon_gate,魔界門,54,76,7,1,0,79,81,0,169,166,1,2,4,80,80,13431,0,0,249,13989,73,2,225,66,0,0,259,1301,0,0,8550,0
209,balanced,13,sky_ruins,天空遺跡,68,86,7,0,0,0,0,0,0,0,0,0,0,0,0,0,0,0,0,0,0,0,0,0,0,0,0,0,0,0,0,0
210,collector,1,meadow,はじまり草原,1,4,2,1,1,1,3,6,9,7,1,1,2,3,2,26,1,0,13,61,6,3,12,0,0,0,7,0,0,0,230,1165
210,collector,2,cave,こだま洞くつ,3,7,2,1,1,6,6,9,6,4,1,1,4,2,1,32,2,1,10,72,5,2,17,0,0,0,8,4,0,0,1243,3330
210,collector,3,brook,しずく湖畔,5,10,3,1,1,10,10,14,15,13,2,0,3,5,4,38,1,0,21,76,3,2,13,0,0,0,16,28,0,0,3065,1350
210,collector,4,volcano,ほむら火山,8,14,4,1,1,12,12,16,10,6,4,0,9,3,2,23,5,5,18,83,3,2,13,0,0,0,24,15,0,0,1557,4482
210,collector,5,tower,星晶の塔,12,20,5,1,1,16,17,19,15,13,1,1,8,4,3,17,5,5,24,143,3,1,16,0,0,0,34,25,0,0,2368,2213
210,collector,6,snowfield,霜降り雪原,16,25,4,1,1,19,20,31,49,49,0,0,9,16,15,93,5,5,70,250,12,2,11,0,0,0,65,147,0,0,1170,2914
210,collector,7,thunder_ruins,雷鳴遺跡,21,31,5,1,1,31,32,33,5,5,0,0,5,1,0,6,5,5,11,44,1,1,7,0,0,0,17,0,0,0,1540,6999
210,collector,8,prism_sanctuary,虹晶聖域,28,42,6,1,1,33,33,45,54,52,2,0,8,17,16,78,5,5,76,254,15,3,7,0,0,0,82,296,0,0,3696,5706
210,collector,9,poison_bog,毒霧の沼地,34,48,5,1,1,45,46,47,5,3,2,0,9,1,0,7,5,5,11,57,1,1,7,0,0,0,18,0,0,0,3014,13666
210,collector,10,machine_city,古代機械都市,39,57,6,1,1,47,48,53,21,20,1,0,11,6,5,31,5,5,32,141,11,3,10,0,0,0,42,256,0,0,7214,15196
210,collector,11,deep_sea_temple,深海神殿,46,66,6,1,1,53,55,83,135,128,1,6,16,42,41,400,5,5,182,2682,50,2,116,17,0,0,183,1468,0,0,8022,11107
210,collector,12,demon_gate,魔界門,54,76,7,1,1,83,82,82,10,4,3,3,11,1,0,10,5,5,16,220,0,0,126,1,0,0,29,0,0,0,5863,19201
210,collector,13,sky_ruins,天空遺跡,68,86,7,1,1,82,83,100,104,93,1,10,22,30,29,3523,5,5,139,3894,24,2,161,22,0,0,146,1184,0,0,10135,39393
211,rush,1,meadow,はじまり草原,1,4,2,1,1,1,3,7,5,3,1,1,2,3,2,22,0,0,8,35,0,0,8,0,0,0,6,8,0,0,230,716
211,rush,2,cave,こだま洞くつ,3,7,2,1,1,7,7,10,6,5,1,0,1,5,4,41,0,0,11,59,0,0,10,0,0,0,15,16,0,0,716,1389
211,rush,3,brook,しずく湖畔,5,10,3,1,1,10,11,14,8,8,0,0,0,6,5,30,0,0,14,46,0,0,6,0,0,0,17,27,0,0,1389,1191
211,rush,4,volcano,ほむら火山,8,14,4,1,1,14,15,19,13,13,0,0,0,10,9,62,0,0,23,85,0,0,7,0,0,0,29,41,0,0,1191,976
211,rush,5,tower,星晶の塔,12,20,5,1,1,19,20,31,69,69,0,0,0,65,64,322,0,0,134,483,0,0,7,0,0,0,198,169,0,0,976,1534
211,rush,6,snowfield,霜降り雪原,16,25,4,1,1,31,31,38,45,45,0,0,0,42,41,251,0,0,87,350,0,0,8,0,0,0,125,176,0,0,1534,2056
211,rush,7,thunder_ruins,雷鳴遺跡,21,31,5,1,0,38,39,0,85,85,0,0,0,80,80,465,0,0,165,616,0,0,8,0,0,0,240,361,0,0,2056,0
211,rush,8,prism_sanctuary,虹晶聖域,28,42,6,0,0,0,0,0,0,0,0,0,0,0,0,0,0,0,0,0,0,0,0,0,0,0,0,0,0,0,0,0
211,rush,9,poison_bog,毒霧の沼地,34,48,5,0,0,0,0,0,0,0,0,0,0,0,0,0,0,0,0,0,0,0,0,0,0,0,0,0,0,0,0,0
211,rush,10,machine_city,古代機械都市,39,57,6,0,0,0,0,0,0,0,0,0,0,0,0,0,0,0,0,0,0,0,0,0,0,0,0,0,0,0,0,0
211,rush,11,deep_sea_temple,深海神殿,46,66,6,0,0,0,0,0,0,0,0,0,0,0,0,0,0,0,0,0,0,0,0,0,0,0,0,0,0,0,0,0
211,rush,12,demon_gate,魔界門,54,76,7,0,0,0,0,0,0,0,0,0,0,0,0,0,0,0,0,0,0,0,0,0,0,0,0,0,0,0,0,0
211,rush,13,sky_ruins,天空遺跡,68,86,7,0,0,0,0,0,0,0,0,0,0,0,0,0,0,0,0,0,0,0,0,0,0,0,0,0,0,0,0,0
212,balanced,1,meadow,はじまり草原,1,4,2,1,1,1,2,6,8,4,2,2,4,3,2,36,1,0,12,69,8,2,18,0,0,0,11,5,0,0,230,872
212,balanced,2,cave,こだま洞くつ,3,7,2,1,1,6,4,10,8,7,1,0,3,4,3,52,2,1,14,108,5,2,16,0,0,0,10,15,0,0,1130,2521
212,balanced,3,brook,しずく湖畔,5,10,3,1,1,11,11,14,7,6,1,0,3,3,2,24,2,2,12,48,0,0,14,0,0,0,9,31,0,0,2353,1338
212,balanced,4,volcano,ほむら火山,8,14,4,1,1,14,15,17,10,9,1,0,4,4,3,23,2,2,16,61,3,1,8,0,0,0,17,27,0,0,1037,1249
212,balanced,5,tower,星晶の塔,12,20,5,1,1,17,19,22,13,12,1,0,3,5,4,27,2,2,20,68,2,1,7,0,0,0,21,47,0,0,968,3068
212,balanced,6,snowfield,霜降り雪原,16,25,4,1,1,22,21,26,16,15,1,0,3,7,6,90,2,2,25,129,3,1,44,0,0,0,26,105,0,0,2376,2375
212,balanced,7,thunder_ruins,雷鳴遺跡,21,31,5,1,1,26,27,32,23,23,0,0,7,10,9,91,2,2,35,164,2,2,19,0,0,0,39,99,0,0,1840,3461
212,balanced,8,prism_sanctuary,虹晶聖域,28,42,6,1,1,32,34,51,91,83,1,7,12,40,39,218,2,2,133,516,7,1,15,0,0,0,161,478,0,0,2681,7218
212,balanced,9,poison_bog,毒霧の沼地,34,48,5,1,1,51,51,51,5,4,1,0,6,1,0,8,2,2,8,34,0,0,8,0,0,0,9,0,0,0,5590,13285
212,balanced,10,machine_city,古代機械都市,39,57,6,1,1,51,53,63,49,47,1,1,8,22,21,182,2,2,73,319,8,2,15,0,0,0,81,566,0,0,10289,12027
212,balanced,11,deep_sea_temple,深海神殿,46,66,6,1,1,63,64,85,99,97,1,1,5,47,46,2710,2,2,148,2968,9,1,244,34,0,0,154,1278,0,0,9314,16885
212,balanced,12,demon_gate,魔界門,54,76,7,1,1,85,84,85,12,10,1,1,5,3,2,607,2,2,17,1209,7,2,204,7,0,0,24,355,0,0,13076,14479
212,balanced,13,sky_ruins,天空遺跡,68,86,7,1,0,85,87,0,175,166,1,8,13,80,80,18620,0,0,255,19076,86,2,239,80,0,0,280,1023,0,0,11213,0
213,collector,1,meadow,はじまり草原,1,4,2,1,1,1,3,5,5,3,2,0,4,2,1,22,2,1,9,60,3,1,13,0,0,0,10,0,0,0,230,1265
213,collector,2,cave,こだま洞くつ,3,7,2,1,1,6,5,10,8,7,1,0,6,3,2,40,4,2,15,118,5,2,17,0,0,0,9,4,0,0,1372,3153
213,collector,3,brook,しずく湖畔,5,10,3,1,1,10,10,14,15,13,2,0,7,5,4,37,5,5,25,103,2,1,10,0,0,0,30,24,0,0,2954,1348
213,collector,4,volcano,ほむら火山,8,14,4,1,1,14,12,18,26,23,2,1,9,8,7,100,5,5,39,265,3,1,31,0,0,0,49,30,0,0,713,2855
213,collector,5,tower,星晶の塔,12,20,5,1,1,18,18,24,48,42,2,4,11,14,13,95,5,5,67,341,1,1,31,0,0,0,78,49,0,0,1509,2319
213,collector,6,snowfield,霜降り雪原,16,25,4,1,1,24,25,29,16,14,2,0,8,5,4,424,5,5,26,492,11,2,89,5,0,0,30,68,0,0,1226,2918
213,collector,7,thunder_ruins,雷鳴遺跡,21,31,5,1,1,29,30,40,56,55,1,0,8,18,17,1412,5,5,79,1548,8,1,118,14,0,0,70,189,0,0,1541,5886
213,collector,8,prism_sanctuary,虹晶聖域,28,42,6,1,1,40,39,56,146,114,3,29,29,38,37,472,5,5,189,2408,22,2,109,15,0,0,214,544,1,0,3108,5564
213,collector,9,poison_bog,毒霧の沼地,34,48,5,1,1,56,57,57,5,3,2,0,9,1,0,8,5,5,11,58,0,0,8,0,0,0,19,0,0,0,2938,17272
213,collector,10,machine_city,古代機械都市,39,57,6,1,1,57,58,69,69,68,1,0,9,22,21,240,5,5,96,816,14,2,109,4,0,0,86,672,0,0,9116,15023
213,collector,11,deep_sea_temple,深海神殿,46,66,6,1,1,69,69,81,72,70,2,0,10,23,22,1466,5,5,100,3586,25,2,191,24,0,0,100,870,0,0,7930,11106
213,collector,12,demon_gate,魔界門,54,76,7,1,1,81,82,85,28,23,2,3,10,7,6,1399,5,5,40,4533,23,2,204,29,0,0,62,373,0,0,5863,15752
213,collector,13,sky_ruins,天空遺跡,68,86,7,1,1,85,86,100,76,73,3,0,9,24,23,5203,5,5,105,8318,60,2,237,54,0,0,117,1121,0,0,8315,33380
214,rush,1,meadow,はじまり草原,1,4,2,1,1,1,2,5,3,1,2,0,2,2,1,22,0,0,5,31,0,0,12,0,0,0,5,3,0,0,230,921
214,rush,2,cave,こだま洞くつ,3,7,2,1,1,5,6,11,9,9,0,0,0,8,7,74,0,0,17,93,0,0,11,0,0,0,24,21,0,0,921,1413
214,rush,3,brook,しずく湖畔,5,10,3,1,1,11,12,14,5,5,0,0,0,3,2,16,0,0,8,26,0,0,7,0,0,0,7,26,0,0,1413,1134
214,rush,4,volcano,ほむら火山,8,14,4,1,1,14,15,21,40,40,0,0,0,37,36,188,0,0,77,304,0,0,7,0,0,0,123,73,0,0,1134,968
214,rush,5,tower,星晶の塔,12,20,5,1,0,21,22,0,85,85,0,0,0,80,80,357,0,0,165,558,0,0,7,0,0,0,254,194,0,0,968,0
214,rush,6,snowfield,霜降り雪原,16,25,4,0,0,0,0,0,0,0,0,0,0,0,0,0,0,0,0,0,0,0,0,0,0,0,0,0,0,0,0,0
214,rush,7,thunder_ruins,雷鳴遺跡,21,31,5,0,0,0,0,0,0,0,0,0,0,0,0,0,0,0,0,0,0,0,0,0,0,0,0,0,0,0,0,0
214,rush,8,prism_sanctuary,虹晶聖域,28,42,6,0,0,0,0,0,0,0,0,0,0,0,0,0,0,0,0,0,0,0,0,0,0,0,0,0,0,0,0,0
214,rush,9,poison_bog,毒霧の沼地,34,48,5,0,0,0,0,0,0,0,0,0,0,0,0,0,0,0,0,0,0,0,0,0,0,0,0,0,0,0,0,0
214,rush,10,machine_city,古代機械都市,39,57,6,0,0,0,0,0,0,0,0,0,0,0,0,0,0,0,0,0,0,0,0,0,0,0,0,0,0,0,0,0
214,rush,11,deep_sea_temple,深海神殿,46,66,6,0,0,0,0,0,0,0,0,0,0,0,0,0,0,0,0,0,0,0,0,0,0,0,0,0,0,0,0,0
214,rush,12,demon_gate,魔界門,54,76,7,0,0,0,0,0,0,0,0,0,0,0,0,0,0,0,0,0,0,0,0,0,0,0,0,0,0,0,0,0
214,rush,13,sky_ruins,天空遺跡,68,86,7,0,0,0,0,0,0,0,0,0,0,0,0,0,0,0,0,0,0,0,0,0,0,0,0,0,0,0,0,0
215,balanced,1,meadow,はじまり草原,1,4,2,1,1,1,3,7,6,5,1,0,2,3,2,32,1,0,10,52,7,3,16,0,0,0,5,6,0,0,230,881
215,balanced,2,cave,こだま洞くつ,3,7,2,1,1,7,7,11,6,5,1,0,3,3,2,54,2,0,11,84,3,3,27,0,0,0,4,16,0,0,959,2433
215,balanced,3,brook,しずく湖畔,5,10,3,1,1,12,7,13,11,10,1,0,3,5,4,34,2,2,18,67,7,2,10,0,0,0,13,39,0,0,2941,1040
215,balanced,4,volcano,ほむら火山,8,14,4,1,1,13,13,16,6,5,1,0,3,2,1,18,2,2,10,49,1,1,13,0,0,0,12,10,0,0,807,3156
215,balanced,5,tower,星晶の塔,12,20,5,1,1,16,17,26,43,42,1,0,3,20,19,193,2,2,65,348,1,1,23,0,0,0,66,129,0,0,2445,1819
215,balanced,6,snowfield,霜降り雪原,16,25,4,1,1,26,27,30,12,11,1,0,5,5,4,68,2,2,19,122,2,2,24,0,0,0,20,65,0,0,1409,2478
215,balanced,7,thunder_ruins,雷鳴遺跡,21,31,5,1,1,30,31,37,27,26,1,0,3,12,11,129,2,2,41,200,5,1,27,0,0,0,39,120,0,0,1920,5269
215,balanced,8,prism_sanctuary,虹晶聖域,28,42,6,1,1,37,38,58,124,121,1,2,4,59,58,384,2,2,185,873,12,1,19,0,0,0,196,737,0,0,4081,4935
215,balanced,9,poison_bog,毒霧の沼地,34,48,5,1,1,58,58,65,37,36,1,0,3,17,16,141,2,2,56,223,8,1,19,0,0,0,56,359,0,0,3822,10751
215,balanced,10,machine_city,古代機械都市,39,57,6,1,1,65,65,75,63,61,1,1,6,29,28,265,2,2,94,463,9,2,27,0,0,0,97,644,0,0,8326,14270
215,balanced,11,deep_sea_temple,深海神殿,46,66,6,1,1,75,74,87,70,69,1,0,3,33,32,2123,2,2,105,2298,40,1,121,31,0,0,105,948,0,0,11052,9886
215,balanced,12,demon_gate,魔界門,54,76,7,1,1,87,88,97,44,38,1,5,9,17,16,2238,2,2,63,2463,31,1,138,18,0,0,82,671,0,0,7656,14371
215,balanced,13,sky_ruins,天空遺跡,68,86,7,1,1,97,86,87,9,6,1,2,5,1,0,6,2,2,12,58,1,1,10,0,0,0,16,0,0,0,11130,32672
216,collector,1,meadow,はじまり草原,1,4,2,1,1,1,2,7,16,13,1,2,3,5,4,55,1,0,22,106,11,3,16,0,0,0,12,0,0,0,230,1293
216,collector,2,cave,こだま洞くつ,3,7,2,1,1,7,7,12,11,9,2,0,5,4,3,70,3,2,18,125,8,4,23,0,0,0,19,15,0,0,1371,1949
216,collector,3,brook,しずく湖畔,5,10,3,1,1,10,12,14,9,7,2,0,7,3,2,43,5,5,17,93,1,1,18,0,0,0,23,16,0,0,2105,1308
216,collector,4,volcano,ほむら火山,8,14,4,1,1,14,12,16,17,14,2,1,8,5,4,67,5,5,27,143,5,1,20,0,0,0,33,26,0,0,692,1576
216,collector,5,tower,星晶の塔,12,20,5,1,1,16,15,21,26,24,2,0,9,8,7,44,5,5,39,162,10,3,18,0,0,0,43,34,0,0,833,3488
216,collector,6,snowfield,霜降り雪原,16,25,4,1,1,21,23,30,31,31,0,0,7,10,9,233,5,5,46,361,14,2,30,0,0,0,45,110,0,0,1842,2940
216,collector,7,thunder_ruins,雷鳴遺跡,21,31,5,1,1,30,31,34,14,14,0,0,9,4,3,61,5,5,23,128,4,2,31,0,0,0,26,44,0,0,1554,3643
216,collector,8,prism_sanctuary,虹晶聖域,28,42,6,1,1,34,35,55,119,113,1,5,14,37,36,324,5,5,161,810,42,2,34,0,0,0,158,568,0,0,1924,7755
216,collector,9,poison_bog,毒霧の沼地,34,48,5,1,1,55,55,56,5,2,3,0,8,1,0,13,5,5,11,66,0,0,13,0,0,0,17,0,0,0,4094,10108
216,collector,10,machine_city,古代機械都市,39,57,6,1,1,56,55,62,37,34,2,1,10,11,10,86,5,5,53,203,5,2,18,0,0,0,49,350,0,0,5337,12877
216,collector,11,deep_sea_temple,深海神殿,46,66,6,1,1,62,62,76,68,61,2,5,14,20,19,140,5,5,93,2188,27,2,114,17,0,0,113,688,0,0,6798,17956
216,collector,12,demon_gate,魔界門,54,76,7,1,1,76,78,99,79,77,2,0,9,25,24,208,5,5,109,4508,39,2,130,32,0,0,160,1254,0,0,9478,15410
216,collector,13,sky_ruins,天空遺跡,68,86,7,1,0,99,99,0,247,244,3,0,3,80,80,12645,0,0,327,21956,174,2,175,130,0,0,295,4,0,0,8133,0
217,rush,1,meadow,はじまり草原,1,4,2,1,1,1,3,9,15,15,0,0,0,14,13,73,0,0,29,107,0,0,7,0,0,0,13,11,0,0,230,960
217,rush,2,cave,こだま洞くつ,3,7,2,1,1,9,9,12,5,4,1,0,2,4,3,21,0,0,9,32,0,0,7,0,0,0,7,28,0,0,960,570
217,rush,3,brook,しずく湖畔,5,10,3,1,1,12,13,18,24,24,0,0,3,22,21,82,0,0,46,130,0,0,6,0,0,0,43,36,0,0,570,1182
217,rush,4,volcano,ほむら火山,8,14,4,1,1,18,18,19,4,3,1,0,1,1,0,5,0,0,5,12,0,0,5,0,0,0,1,0,0,0,1182,3163
217,rush,5,tower,星晶の塔,12,20,5,1,1,19,20,25,23,23,0,0,0,19,18,104,0,0,42,148,0,0,8,0,0,0,56,83,0,0,3163,2761
217,rush,6,snowfield,霜降り雪原,16,25,4,1,1,25,26,36,59,59,0,0,0,56,55,305,0,0,115,404,0,0,7,0,0,0,166,232,0,0,2761,2041
217,rush,7,thunder_ruins,雷鳴遺跡,21,31,5,1,1,36,37,38,5,5,0,0,0,1,0,4,0,0,6,10,0,0,4,0,0,0,1,0,0,0,2041,6864
217,rush,8,prism_sanctuary,虹晶聖域,28,42,6,1,0,38,39,0,89,86,0,3,0,80,80,369,0,0,169,594,0,0,6,0,0,0,258,588,0,0,6864,0
217,rush,9,poison_bog,毒霧の沼地,34,48,5,0,0,0,0,0,0,0,0,0,0,0,0,0,0,0,0,0,0,0,0,0,0,0,0,0,0,0,0,0
217,rush,10,machine_city,古代機械都市,39,57,6,0,0,0,0,0,0,0,0,0,0,0,0,0,0,0,0,0,0,0,0,0,0,0,0,0,0,0,0,0
217,rush,11,deep_sea_temple,深海神殿,46,66,6,0,0,0,0,0,0,0,0,0,0,0,0,0,0,0,0,0,0,0,0,0,0,0,0,0,0,0,0,0
217,rush,12,demon_gate,魔界門,54,76,7,0,0,0,0,0,0,0,0,0,0,0,0,0,0,0,0,0,0,0,0,0,0,0,0,0,0,0,0,0
217,rush,13,sky_ruins,天空遺跡,68,86,7,0,0,0,0,0,0,0,0,0,0,0,0,0,0,0,0,0,0,0,0,0,0,0,0,0,0,0,0,0
218,balanced,1,meadow,はじまり草原,1,4,2,1,1,1,2,6,9,5,1,3,6,3,2,26,2,2,14,63,5,2,13,0,0,0,12,5,0,0,230,874
218,balanced,2,cave,こだま洞くつ,3,7,2,1,1,6,7,10,8,7,1,0,3,4,3,69,2,2,14,103,1,1,21,0,0,0,17,12,0,0,678,1935
218,balanced,3,brook,しずく湖畔,5,10,3,1,1,10,11,15,15,14,1,0,4,7,6,38,2,2,24,81,2,1,8,0,0,0,25,26,0,0,1499,1589
218,balanced,4,volcano,ほむら火山,8,14,4,1,1,15,15,21,32,31,1,0,3,15,14,118,2,2,49,189,10,1,21,0,0,0,52,72,0,0,1232,1228
218,balanced,5,tower,星晶の塔,12,20,5,1,1,21,22,28,33,32,1,0,3,15,14,124,2,2,50,221,3,1,24,0,0,0,49,83,0,0,952,1817
218,balanced,6,snowfield,霜降り雪原,16,25,4,1,1,28,27,30,14,13,1,0,3,6,5,60,2,2,22,102,3,2,16,0,0,0,23,72,0,0,1408,2880
218,balanced,7,thunder_ruins,雷鳴遺跡,21,31,5,1,1,30,30,39,43,42,1,0,4,20,19,301,2,2,65,396,16,2,30,0,0,0,65,176,0,0,2231,4827
218,balanced,8,prism_sanctuary,虹晶聖域,28,42,6,1,1,39,40,53,80,77,1,2,9,37,36,235,2,2,119,607,2,1,35,0,0,0,141,460,0,0,3739,4865
218,balanced,9,poison_bog,毒霧の沼地,34,48,5,1,1,53,54,58,25,24,1,0,3,11,10,77,2,2,38,135,6,1,11,0,0,0,37,261,0,0,3769,5807
218,balanced,10,machine_city,古代機械都市,39,57,6,1,1,58,56,69,72,71,1,0,4,34,33,246,2,2,108,460,11,1,17,0,0,0,113,705,0,0,4498,9477
218,balanced,11,deep_sea_temple,深海神殿,46,66,6,1,1,69,69,84,78,75,1,2,5,36,35,3116,2,2,116,3319,49,2,119,31,0,0,120,975,0,0,7340,10128
218,balanced,12,demon_gate,魔界門,54,76,7,1,1,84,85,96,55,48,1,6,10,22,21,2706,2,2,79,2989,25,1,136,23,0,0,101,810,0,0,7844,18967
218,balanced,13,sky_ruins,天空遺跡,68,86,7,1,1,96,98,100,118,116,1,1,5,56,55,14643,2,2,176,14971,1,1,305,56,0,0,178,372,0,0,14689,45373
219,collector,1,meadow,はじまり草原,1,4,2,1,1,1,3,6,12,9,2,1,5,4,3,46,3,0,19,103,13,3,16,0,0,0,13,0,0,0,230,1065
219,collector,2,cave,こだま洞くつ,3,7,2,1,1,9,9,12,8,7,1,0,7,3,2,68,5,5,16,139,4,2,28,0,0,0,22,15,0,0,3249,2307
219,collector,3,brook,しずく湖畔,5,10,3,1,1,12,12,14,12,10,2,0,7,4,3,58,5,5,21,139,1,1,22,0,0,0,26,10,0,0,1220,1341
219,collector,4,volcano,ほむら火山,8,14,4,1,1,14,11,15,9,4,3,2,10,2,1,13,5,5,16,83,4,2,8,0,0,0,27,8,0,0,711,3874
219,collector,5,tower,星晶の塔,12,20,5,1,1,15,17,22,23,21,2,0,8,7,6,52,5,5,35,166,7,1,20,0,0,0,38,41,0,0,2046,2626
219,collector,6,snowfield,霜降り雪原,16,25,4,1,1,22,22,27,16,16,0,0,7,5,4,127,5,5,26,229,6,2,27,0,0,0,32,72,0,0,1387,2885
219,collector,7,thunder_ruins,雷鳴遺跡,21,31,5,1,1,27,27,29,5,4,1,0,10,1,0,6,5,5,11,51,0,0,8,0,0,0,17,0,0,0,1524,6794
219,collector,8,prism_sanctuary,虹晶聖域,28,42,6,1,1,29,29,46,84,77,1,6,15,25,24,145,5,5,114,998,33,3,33,0,0,0,150,385,0,0,3587,5623
219,collector,9,poison_bog,毒霧の沼地,34,48,5,1,1,46,45,57,59,56,3,0,8,19,18,143,5,5,83,635,16,2,33,0,0,0,90,447,1,0,2970,11549
219,collector,10,machine_city,古代機械都市,39,57,6,1,1,57,57,63,33,29,4,0,11,10,9,321,5,5,48,429,7,2,50,1,0,0,44,297,0,0,6097,15269
219,collector,11,deep_sea_temple,深海神殿,46,66,6,1,1,63,54,75,85,81,3,1,9,27,26,4351,5,5,117,4562,16,2,262,27,0,0,101,985,0,0,8060,11091
219,collector,12,demon_gate,魔界門,54,76,7,1,1,75,76,92,60,56,2,2,12,18,17,4009,5,5,83,4393,17,2,322,19,0,0,80,868,0,0,5855,15996
219,collector,13,sky_ruins,天空遺跡,68,86,7,1,1,92,92,100,47,43,3,1,9,14,13,2679,5,5,66,2849,22,2,204,14,0,0,59,722,0,0,8443,27119
220,rush,1,meadow,はじまり草原,1,4,2,1,1,1,2,5,3,1,2,0,2,2,1,16,0,0,5,25,0,0,8,0,0,0,5,3,0,0,230,921
220,rush,2,cave,こだま洞くつ,3,7,2,1,1,5,6,10,9,9,0,0,0,8,7,54,0,0,17,74,0,0,9,0,0,0,24,18,0,0,921,1603
220,rush,3,brook,しずく湖畔,5,10,3,1,1,10,11,14,4,4,0,0,0,2,1,12,0,0,6,19,0,0,7,0,0,0,5,23,0,0,1603,1468
220,rush,4,volcano,ほむら火山,8,14,4,1,1,14,14,22,44,44,0,0,0,41,40,200,0,0,85,314,0,0,6,0,0,0,130,81,0,0,1468,964
220,rush,5,tower,星晶の塔,12,20,5,1,1,22,23,33,78,78,0,0,0,74,73,330,0,0,152,512,0,0,6,0,0,0,231,180,0,0,964,1533
220,rush,6,snowfield,霜降り雪原,16,25,4,1,1,33,33,37,22,22,0,0,0,19,18,103,0,0,41,146,0,0,7,0,0,0,56,110,0,0,1533,2573
220,rush,7,thunder_ruins,雷鳴遺跡,21,31,5,1,0,37,37,0,85,85,0,0,0,80,80,368,0,0,165,569,0,0,6,0,0,0,246,354,0,0,2573,0
220,rush,8,prism_sanctuary,虹晶聖域,28,42,6,0,0,0,0,0,0,0,0,0,0,0,0,0,0,0,0,0,0,0,0,0,0,0,0,0,0,0,0,0
220,rush,9,poison_bog,毒霧の沼地,34,48,5,0,0,0,0,0,0,0,0,0,0,0,0,0,0,0,0,0,0,0,0,0,0,0,0,0,0,0,0,0
220,rush,10,machine_city,古代機械都市,39,57,6,0,0,0,0,0,0,0,0,0,0,0,0,0,0,0,0,0,0,0,0,0,0,0,0,0,0,0,0,0
220,rush,11,deep_sea_temple,深海神殿,46,66,6,0,0,0,0,0,0,0,0,0,0,0,0,0,0,0,0,0,0,0,0,0,0,0,0,0,0,0,0,0
220,rush,12,demon_gate,魔界門,54,76,7,0,0,0,0,0,0,0,0,0,0,0,0,0,0,0,0,0,0,0,0,0,0,0,0,0,0,0,0,0
220,rush,13,sky_ruins,天空遺跡,68,86,7,0,0,0,0,0,0,0,0,0,0,0,0,0,0,0,0,0,0,0,0,0,0,0,0,0,0,0,0,0
221,balanced,1,meadow,はじまり草原,1,4,2,1,1,1,2,6,6,4,2,0,3,3,2,35,1,0,10,60,10,4,18,0,0,0,9,5,0,0,230,915
221,balanced,2,cave,こだま洞くつ,3,7,2,1,1,7,7,10,4,3,1,0,3,2,1,24,2,2,8,52,2,1,13,0,0,0,10,9,0,0,1173,2786
221,balanced,3,brook,しずく湖畔,5,10,3,1,1,10,11,14,9,9,0,0,5,4,3,21,2,2,15,53,2,1,8,0,0,0,18,33,0,0,2158,1160
221,balanced,4,volcano,ほむら火山,8,14,4,1,1,14,14,20,20,19,1,0,6,9,8,53,2,2,31,99,6,1,7,0,0,0,32,52,0,0,899,1531
221,balanced,5,tower,星晶の塔,12,20,5,1,1,20,19,24,25,24,1,0,3,11,10,62,2,2,38,129,15,2,9,0,0,0,41,50,0,0,1187,2237
221,balanced,6,snowfield,霜降り雪原,16,25,4,1,1,24,24,33,38,38,0,0,6,18,17,98,2,2,58,192,9,1,9,0,0,0,62,164,0,0,1733,3563
221,balanced,7,thunder_ruins,雷鳴遺跡,21,31,5,1,1,33,33,38,23,22,1,0,7,10,9,62,2,2,35,114,12,2,7,0,0,0,36,107,0,0,2760,3143
221,balanced,8,prism_sanctuary,虹晶聖域,28,42,6,1,1,38,39,55,93,92,0,1,8,44,43,194,2,2,139,491,41,3,9,0,0,0,167,561,0,0,2435,5054
221,balanced,9,poison_bog,毒霧の沼地,34,48,5,1,1,55,55,57,9,8,1,0,3,3,2,16,2,2,14,44,1,1,6,0,0,0,13,94,0,0,3915,8128
221,balanced,10,machine_city,古代機械都市,39,57,6,1,1,57,58,65,34,33,1,0,3,15,14,86,2,2,51,171,16,2,8,0,0,0,52,425,0,0,6295,7197
221,balanced,11,deep_sea_temple,深海神殿,46,66,6,1,1,65,63,82,84,83,1,0,3,40,39,945,2,2,126,1164,64,2,65,12,0,0,134,1086,0,0,5574,14893
221,balanced,12,demon_gate,魔界門,54,76,7,1,1,82,83,98,57,56,1,0,4,26,25,1892,2,2,85,2289,20,1,78,29,0,0,96,1060,0,0,11534,22298
221,balanced,13,sky_ruins,天空遺跡,68,86,7,1,0,98,97,0,167,166,1,0,2,80,80,6882,0,0,247,7319,1,1,88,80,0,0,243,455,0,0,17269,0
222,collector,1,meadow,はじまり草原,1,4,2,1,1,1,2,5,8,3,2,3,7,2,1,22,4,3,14,92,4,2,12,0,0,0,19,0,0,0,230,1195
222,collector,2,cave,こだま洞くつ,3,7,2,1,1,5,6,10,8,6,2,0,4,3,2,40,2,0,13,96,5,2,17,0,0,0,5,8,0,0,1073,2649
222,collector,3,brook,しずく湖畔,5,10,3,1,1,11,11,15,18,17,1,0,7,6,5,30,5,5,29,93,5,2,10,0,0,0,21,26,0,0,2917,1330
222,collector,4,volcano,ほむら火山,8,14,4,1,1,15,16,20,19,16,3,0,8,6,5,38,5,5,30,113,9,2,8,0,0,0,34,35,0,0,704,2805
222,collector,5,tower,星晶の塔,12,20,5,1,1,20,18,24,35,34,1,0,8,11,10,128,5,5,51,233,4,1,41,0,0,0,48,45,0,0,1482,2274
222,collector,6,snowfield,霜降り雪原,16,25,4,1,1,24,24,31,37,35,2,0,7,12,11,601,5,5,54,845,14,2,57,9,0,0,61,113,1,0,1202,2926
222,collector,7,thunder_ruins,雷鳴遺跡,21,31,5,1,1,31,31,32,5,2,3,0,10,1,0,58,5,5,11,104,2,1,58,1,0,0,17,0,0,0,1546,7164
222,collector,8,prism_sanctuary,虹晶聖域,28,42,6,1,1,32,38,51,102,76,2,24,33,25,24,133,5,5,132,2352,26,2,73,29,0,0,193,366,0,0,3783,5613
222,collector,9,poison_bog,毒霧の沼地,34,48,5,1,1,51,51,53,8,5,3,0,8,2,1,11,5,5,15,71,1,1,8,0,0,0,21,44,0,0,2964,11531
222,collector,10,machine_city,古代機械都市,39,57,6,1,1,53,54,65,60,57,3,0,9,19,18,141,5,5,84,830,25,2,98,6,0,0,80,580,0,0,6087,14923
222,collector,11,deep_sea_temple,深海神殿,46,66,6,1,1,65,66,89,122,118,2,2,12,39,38,1129,5,5,166,5240,45,2,255,35,0,0,177,1399,0,0,7878,11086
222,collector,12,demon_gate,魔界門,54,76,7,1,1,89,83,85,22,11,2,9,18,3,2,421,5,5,30,1973,7,1,258,11,0,0,64,175,0,0,5852,16942
222,collector,13,sky_ruins,天空遺跡,68,86,7,1,0,85,85,0,17,10,3,4,10,3,2,998,0,0,20,1700,7,2,400,6,0,1,32,168,0,0,8942,0
223,rush,1,meadow,はじまり草原,1,4,2,1,1,1,2,7,8,5,1,2,3,5,4,41,0,0,13,58,0,0,12,0,0,0,10,9,0,0,230,583
223,rush,2,cave,こだま洞くつ,3,7,2,1,1,7,7,12,11,10,0,1,3,9,8,55,0,0,20,86,0,0,7,0,0,0,20,31,0,0,583,556
223,rush,3,brook,しずく湖畔,5,10,3,1,1,12,13,14,4,3,1,0,1,2,1,12,0,0,6,23,0,0,6,0,0,0,4,7,0,0,556,1181
223,rush,4,volcano,ほむら火山,8,14,4,1,1,14,15,21,32,32,0,0,0,29,28,154,0,0,61,218,0,0,6,0,0,0,90,66,0,0,1181,955
223,rush,5,tower,星晶の塔,12,20,5,1,1,21,22,30,54,54,0,0,0,50,49,213,0,0,104,339,0,0,8,0,0,0,155,131,0,0,955,1587
223,rush,6,snowfield,霜降り雪原,16,25,4,1,1,30,31,35,23,23,0,0,0,20,19,107,0,0,43,144,0,0,7,0,0,0,59,113,0,0,1587,2051
223,rush,7,thunder_ruins,雷鳴遺跡,21,31,5,1,0,35,36,0,85,85,0,0,0,80,80,409,0,0,165,586,0,0,6,0,0,0,243,346,0,0,2051,0
223,rush,8,prism_sanctuary,虹晶聖域,28,42,6,0,0,0,0,0,0,0,0,0,0,0,0,0,0,0,0,0,0,0,0,0,0,0,0,0,0,0,0,0
223,rush,9,poison_bog,毒霧の沼地,34,48,5,0,0,0,0,0,0,0,0,0,0,0,0,0,0,0,0,0,0,0,0,0,0,0,0,0,0,0,0,0
223,rush,10,machine_city,古代機械都市,39,57,6,0,0,0,0,0,0,0,0,0,0,0,0,0,0,0,0,0,0,0,0,0,0,0,0,0,0,0,0,0
223,rush,11,deep_sea_temple,深海神殿,46,66,6,0,0,0,0,0,0,0,0,0,0,0,0,0,0,0,0,0,0,0,0,0,0,0,0,0,0,0,0,0
223,rush,12,demon_gate,魔界門,54,76,7,0,0,0,0,0,0,0,0,0,0,0,0,0,0,0,0,0,0,0,0,0,0,0,0,0,0,0,0,0
223,rush,13,sky_ruins,天空遺跡,68,86,7,0,0,0,0,0,0,0,0,0,0,0,0,0,0,0,0,0,0,0,0,0,0,0,0,0,0,0,0,0
224,balanced,1,meadow,はじまり草原,1,4,2,1,1,1,2,7,6,5,1,0,3,3,2,24,2,0,11,58,5,2,13,0,0,0,8,6,0,0,230,868
224,balanced,2,cave,こだま洞くつ,3,7,2,1,1,8,8,11,6,5,1,0,3,3,2,36,2,2,11,73,5,3,17,0,0,0,14,14,0,0,1644,2401
224,balanced,3,brook,しずく湖畔,5,10,3,1,1,11,11,15,11,10,1,0,3,5,4,42,2,2,18,74,2,2,11,0,0,0,20,28,0,0,1860,1176
224,balanced,4,volcano,ほむら火山,8,14,4,1,1,15,13,17,10,9,1,0,4,4,3,44,2,2,16,81,3,2,14,0,0,0,18,29,0,0,911,1253
224,balanced,5,tower,星晶の塔,12,20,5,1,1,17,18,23,23,23,0,0,7,10,9,53,2,2,35,107,8,3,8,0,0,0,35,62,0,0,971,3045
224,balanced,6,snowfield,霜降り雪原,16,25,4,1,1,23,24,31,24,23,1,0,6,11,10,117,2,2,37,180,8,2,18,0,0,0,39,128,0,0,2359,2427
224,balanced,7,thunder_ruins,雷鳴遺跡,21,31,5,1,1,31,29,30,7,6,1,0,3,2,1,16,2,2,11,39,0,0,10,0,0,0,11,38,0,0,1880,3595
224,balanced,8,prism_sanctuary,虹晶聖域,28,42,6,1,1,30,33,46,69,61,1,7,11,29,28,155,2,2,100,373,24,3,12,0,0,0,121,350,0,0,2785,7085
224,balanced,9,poison_bog,毒霧の沼地,34,48,5,1,1,46,46,47,5,4,1,0,3,1,0,5,2,2,8,30,0,0,7,0,0,0,8,0,0,0,5487,15679
224,balanced,10,machine_city,古代機械都市,39,57,6,1,1,47,50,53,12,11,1,0,3,4,3,22,2,2,18,65,5,2,7,0,0,0,19,238,0,0,12143,12615
224,balanced,11,deep_sea_temple,深海神殿,46,66,6,1,1,53,55,76,78,77,1,0,6,37,36,603,2,2,117,825,42,2,66,6,0,0,124,1046,0,0,9770,17029
224,balanced,12,demon_gate,魔界門,54,76,7,1,1,76,77,84,23,20,1,2,7,8,7,571,2,2,33,735,10,1,74,9,0,0,41,481,0,0,13188,14248
224,balanced,13,sky_ruins,天空遺跡,68,86,7,1,1,84,79,91,46,44,1,1,7,20,19,1593,2,2,68,1735,32,1,85,20,0,0,76,950,0,0,11035,19259
225,collector,1,meadow,はじまり草原,1,4,2,1,1,1,3,6,8,7,1,0,4,3,2,27,3,2,14,63,5,2,12,0,0,0,10,1,0,0,230,1120
225,collector,2,cave,こだま洞くつ,3,7,2,1,1,6,7,12,11,9,2,0,3,4,3,74,1,0,16,104,14,3,24,0,0,0,13,16,0,0,946,1906
225,collector,3,brook,しずく湖畔,5,10,3,1,1,12,10,13,12,10,2,0,7,4,3,24,5,4,21,79,5,1,9,0,0,0,25,18,0,0,2300,1343
225,collector,4,volcano,ほむら火山,8,14,4,1,1,13,13,16,10,7,3,0,9,3,2,21,5,5,18,87,4,1,9,0,0,0,23,14,0,0,1014,4075
225,collector,5,tower,星晶の塔,12,20,5,1,1,16,17,19,11,8,3,0,8,3,2,20,5,5,19,91,7,2,10,0,0,0,24,32,0,0,2152,2359
225,collector,6,snowfield,霜降り雪原,16,25,4,1,1,19,21,29,31,31,0,0,7,10,9,222,5,5,46,367,19,2,27,0,0,0,46,101,0,0,1247,2883
225,collector,7,thunder_ruins,雷鳴遺跡,21,31,5,1,1,29,29,33,14,13,1,0,10,4,3,72,5,5,23,139,4,1,27,0,0,0,25,44,0,0,1524,5854
225,collector,8,prism_sanctuary,虹晶聖域,28,42,6,1,1,33,38,48,58,55,2,1,8,18,17,131,5,5,81,292,14,2,14,0,0,0,71,295,0,0,3091,5611
225,collector,9,poison_bog,毒霧の沼地,34,48,5,1,1,48,49,52,11,9,2,0,9,3,2,25,5,5,19,84,9,2,9,0,0,0,23,102,0,0,2963,12433
225,collector,10,machine_city,古代機械都市,39,57,6,1,1,52,52,55,12,10,2,0,11,3,2,22,5,5,20,112,11,3,10,0,0,0,26,104,0,0,6564,17613
225,collector,11,deep_sea_temple,深海神殿,46,66,6,1,1,55,61,81,108,100,2,6,16,33,32,1507,5,5,146,2141,23,1,91,26,0,0,148,1162,0,0,9297,11421
225,collector,12,demon_gate,魔界門,54,76,7,1,1,81,83,85,17,14,2,1,11,4,3,282,5,5,26,1765,9,2,186,14,0,0,43,293,0,0,6028,16451
225,collector,13,sky_ruins,天空遺跡,68,86,7,1,1,85,86,100,129,119,2,8,18,39,38,8121,5,5,173,8626,34,1,226,40,0,0,162,936,0,0,8683,46003
226,rush,1,meadow,はじまり草原,1,4,2,1,1,1,2,7,4,3,1,0,1,3,2,24,0,0,7,34,0,0,9,0,0,0,5,8,0,0,230,720
226,rush,2,cave,こだま洞くつ,3,7,2,1,1,7,7,10,4,3,1,0,1,3,2,24,0,0,7,39,0,0,11,0,0,0,9,16,0,0,720,532
226,rush,3,brook,しずく湖畔,5,10,3,1,1,10,11,14,9,9,0,0,0,7,6,40,0,0,16,59,0,0,7,0,0,0,20,28,0,0,532,1170
226,rush,4,volcano,ほむら火山,8,14,4,1,1,14,15,18,11,11,0,0,0,8,7,49,0,0,19,68,0,0,7,0,0,0,23,38,0,0,1170,1002
226,rush,5,tower,星晶の塔,12,20,5,1,1,18,19,30,64,64,0,0,0,60,59,306,0,0,124,452,0,0,7,0,0,0,184,161,0,0,1002,1493
226,rush,6,snowfield,霜降り雪原,16,25,4,1,1,30,30,37,40,40,0,0,0,37,36,207,0,0,77,290,0,0,8,0,0,0,110,162,0,0,1493,2020
226,rush,7,thunder_ruins,雷鳴遺跡,21,31,5,1,1,37,37,48,75,75,0,0,0,71,70,394,0,0,146,519,0,0,8,0,0,0,212,312,0,0,2020,4410
226,rush,8,prism_sanctuary,虹晶聖域,28,42,6,1,0,48,48,0,87,86,0,1,0,80,80,331,0,0,167,613,0,0,6,0,0,0,270,545,0,0,4410,0
226,rush,9,poison_bog,毒霧の沼地,34,48,5,0,0,0,0,0,0,0,0,0,0,0,0,0,0,0,0,0,0,0,0,0,0,0,0,0,0,0,0,0
226,rush,10,machine_city,古代機械都市,39,57,6,0,0,0,0,0,0,0,0,0,0,0,0,0,0,0,0,0,0,0,0,0,0,0,0,0,0,0,0,0
226,rush,11,deep_sea_temple,深海神殿,46,66,6,0,0,0,0,0,0,0,0,0,0,0,0,0,0,0,0,0,0,0,0,0,0,0,0,0,0,0,0,0
226,rush,12,demon_gate,魔界門,54,76,7,0,0,0,0,0,0,0,0,0,0,0,0,0,0,0,0,0,0,0,0,0,0,0,0,0,0,0,0,0
226,rush,13,sky_ruins,天空遺跡,68,86,7,0,0,0,0,0,0,0,0,0,0,0,0,0,0,0,0,0,0,0,0,0,0,0,0,0,0,0,0,0
227,balanced,1,meadow,はじまり草原,1,4,2,1,1,1,2,6,4,3,1,0,2,2,1,16,1,0,7,36,1,1,11,0,0,0,4,2,0,0,230,1142
227,balanced,2,cave,こだま洞くつ,3,7,2,1,1,6,6,11,7,5,1,1,4,3,2,43,2,1,12,93,4,2,24,0,0,0,15,16,0,0,1220,2438
227,balanced,3,brook,しずく湖畔,5,10,3,1,1,11,11,15,9,8,1,0,3,4,3,29,2,2,15,56,2,1,9,0,0,0,16,34,0,0,2264,1177
227,balanced,4,volcano,ほむら火山,8,14,4,1,1,15,15,18,8,7,1,0,5,3,2,18,2,2,13,55,1,1,7,0,0,0,15,27,0,0,912,1285
227,balanced,5,tower,星晶の塔,12,20,5,1,1,18,17,27,43,42,1,0,5,20,19,117,2,2,65,296,6,2,15,0,0,0,67,116,0,0,996,3082
227,balanced,6,snowfield,霜降り雪原,16,25,4,1,1,27,26,29,8,7,1,0,4,3,2,47,2,2,13,81,4,2,23,0,0,0,13,68,0,0,2388,2475
227,balanced,7,thunder_ruins,雷鳴遺跡,21,31,5,1,1,29,29,35,30,29,0,1,7,13,12,221,2,2,45,342,7,2,29,0,0,0,52,129,0,0,1917,3122
227,balanced,8,prism_sanctuary,虹晶聖域,28,42,6,1,1,35,34,56,145,125,1,19,25,61,60,385,2,2,208,1165,13,2,35,0,0,0,278,709,0,0,2419,7149
227,balanced,9,poison_bog,毒霧の沼地,34,48,5,1,1,56,56,57,5,4,1,0,3,1,0,15,2,2,8,39,0,0,15,0,0,0,8,0,0,0,5537,12927
227,balanced,10,machine_city,古代機械都市,39,57,6,1,1,57,58,68,54,53,1,0,4,25,24,271,2,2,81,389,14,2,39,0,0,0,81,651,0,0,10011,12024
227,balanced,11,deep_sea_temple,深海神殿,46,66,6,1,1,68,68,87,91,89,1,1,4,43,42,1493,2,2,136,1781,8,1,81,21,0,0,140,1174,0,0,9313,16994
227,balanced,12,demon_gate,魔界門,54,76,7,1,1,87,87,93,28,22,1,5,11,9,8,568,2,2,39,691,9,1,74,8,0,0,55,504,0,0,13161,14166
227,balanced,13,sky_ruins,天空遺跡,68,86,7,1,1,93,87,100,70,64,1,5,11,30,29,8598,2,2,102,8816,10,2,334,30,0,0,118,1029,0,0,10971,27692
228,collector,1,meadow,はじまり草原,1,4,2,1,1,1,3,6,10,7,1,2,5,3,2,25,2,1,15,78,2,1,19,0,0,0,10,0,0,0,230,1149
228,collector,2,cave,こだま洞くつ,3,7,2,1,1,6,7,11,8,7,1,0,4,3,2,53,2,1,13,104,4,3,27,0,0,0,6,10,0,0,1090,2448
228,collector,3,brook,しずく湖畔,5,10,3,1,1,11,11,16,24,22,2,0,4,8,7,68,2,1,34,121,1,1,22,0,0,0,28,31,0,0,2289,1568
228,collector,4,volcano,ほむら火山,8,14,4,1,1,17,14,17,8,6,1,1,9,2,1,25,5,5,15,92,1,1,17,0,0,0,14,9,0,0,1587,3724
228,collector,5,tower,星晶の塔,12,20,5,1,1,17,17,21,23,22,1,0,7,7,6,33,5,5,35,179,4,2,14,0,0,0,41,40,0,0,1967,2312
228,collector,6,snowfield,霜降り雪原,16,25,4,1,1,21,23,27,16,12,4,0,9,5,4,208,5,5,26,299,7,2,53,3,0,0,31,64,0,0,1222,2900
228,collector,7,thunder_ruins,雷鳴遺跡,21,31,5,1,1,27,27,38,56,53,3,0,3,18,17,505,0,0,74,616,15,2,60,1,0,0,46,177,1,0,1532,6447
228,collector,8,prism_sanctuary,虹晶聖域,28,42,6,1,1,38,39,54,107,104,1,2,9,34,33,273,5,5,146,1948,22,2,40,0,0,0,144,562,0,0,6447,5620
228,collector,9,poison_bog,毒霧の沼地,34,48,5,1,1,54,54,55,5,3,2,0,8,1,0,6,5,5,11,58,0,0,7,0,0,0,19,0,0,0,2968,14435
228,collector,10,machine_city,古代機械都市,39,57,6,1,1,55,56,66,61,58,2,1,9,19,18,148,5,5,85,497,28,3,47,0,0,0,79,567,0,0,7620,15235
228,collector,11,deep_sea_temple,深海神殿,46,66,6,1,1,66,66,82,75,71,4,0,10,24,23,2341,5,5,104,2593,27,2,146,24,0,0,90,863,0,0,8042,10812
228,collector,12,demon_gate,魔界門,54,76,7,1,1,82,83,91,38,33,1,4,13,10,9,1571,5,5,53,1844,22,2,165,11,0,0,64,546,0,0,5708,15463
228,collector,13,sky_ruins,天空遺跡,68,86,7,1,1,91,92,100,97,95,2,0,10,31,30,5584,5,5,133,5900,60,2,190,31,0,0,113,653,0,0,8162,46417
229,rush,1,meadow,はじまり草原,1,4,2,1,1,1,2,7,6,4,1,1,2,4,3,26,0,0,10,41,0,0,8,0,0,0,8,8,0,0,230,686
229,rush,2,cave,こだま洞くつ,3,7,2,1,1,7,7,12,13,13,0,0,0,12,11,57,0,0,25,84,0,0,6,0,0,0,23,24,0,0,686,1259
229,rush,3,brook,しずく湖畔,5,10,3,1,1,12,12,14,5,4,1,0,2,3,2,16,0,0,8,29,0,0,6,0,0,0,8,18,0,0,1259,1373
229,rush,4,volcano,ほむら火山,8,14,4,1,1,14,15,19,19,19,0,0,0,16,15,74,0,0,35,107,0,0,6,0,0,0,48,48,0,0,1373,1262
229,rush,5,tower,星晶の塔,12,20,5,1,1,19,20,28,50,49,0,1,0,45,44,188,0,0,95,302,0,0,6,0,0,0,143,126,0,0,1262,1552
229,rush,6,snowfield,霜降り雪原,16,25,4,1,1,28,29,38,56,56,0,0,0,53,52,253,0,0,109,347,0,0,6,0,0,0,160,204,0,0,1552,2073
229,rush,7,thunder_ruins,雷鳴遺跡,21,31,5,1,0,38,38,0,85,85,0,0,0,80,80,367,0,0,165,519,0,0,6,0,0,0,240,352,0,0,2073,0
229,rush,8,prism_sanctuary,虹晶聖域,28,42,6,0,0,0,0,0,0,0,0,0,0,0,0,0,0,0,0,0,0,0,0,0,0,0,0,0,0,0,0,0
229,rush,9,poison_bog,毒霧の沼地,34,48,5,0,0,0,0,0,0,0,0,0,0,0,0,0,0,0,0,0,0,0,0,0,0,0,0,0,0,0,0,0
229,rush,10,machine_city,古代機械都市,39,57,6,0,0,0,0,0,0,0,0,0,0,0,0,0,0,0,0,0,0,0,0,0,0,0,0,0,0,0,0,0
229,rush,11,deep_sea_temple,深海神殿,46,66,6,0,0,0,0,0,0,0,0,0,0,0,0,0,0,0,0,0,0,0,0,0,0,0,0,0,0,0,0,0
229,rush,12,demon_gate,魔界門,54,76,7,0,0,0,0,0,0,0,0,0,0,0,0,0,0,0,0,0,0,0,0,0,0,0,0,0,0,0,0,0
229,rush,13,sky_ruins,天空遺跡,68,86,7,0,0,0,0,0,0,0,0,0,0,0,0,0,0,0,0,0,0,0,0,0,0,0,0,0,0,0,0,0
230,balanced,1,meadow,はじまり草原,1,4,2,1,1,1,3,7,6,5,1,0,3,3,2,28,2,2,11,60,6,3,11,0,0,0,9,6,0,0,230,876
230,balanced,2,cave,こだま洞くつ,3,7,2,1,1,7,7,10,8,7,1,0,3,4,3,42,2,2,14,85,7,3,22,0,0,0,18,12,0,0,679,1917
230,balanced,3,brook,しずく湖畔,5,10,3,1,1,10,11,14,13,12,1,0,4,6,5,35,2,2,21,67,6,3,8,0,0,0,22,25,0,0,1485,1603
230,balanced,4,volcano,ほむら火山,8,14,4,1,1,14,14,18,10,9,1,0,3,4,3,27,2,2,16,60,4,1,11,0,0,0,16,34,0,0,1242,2135
230,balanced,5,tower,星晶の塔,12,20,5,1,1,18,17,20,13,12,1,0,3,5,4,22,2,2,20,55,2,1,5,0,0,0,20,43,0,0,1654,1881
230,balanced,6,snowfield,霜降り雪原,16,25,4,1,1,20,21,29,33,31,1,1,7,15,14,81,2,2,50,167,7,1,10,0,0,0,55,130,0,0,1458,2407
230,balanced,7,thunder_ruins,雷鳴遺跡,21,31,5,1,1,29,30,31,5,5,0,0,6,1,0,6,2,2,8,28,1,1,6,0,0,0,9,0,0,0,1865,7139
230,balanced,8,prism_sanctuary,虹晶聖域,28,42,6,1,1,31,33,52,106,100,0,6,11,48,47,227,2,2,156,525,32,2,12,0,0,0,193,601,0,0,5530,4861
230,balanced,9,poison_bog,毒霧の沼地,34,48,5,1,1,52,53,54,5,4,1,0,6,1,0,6,2,2,8,33,6,5,10,0,1,0,9,0,0,0,3765,13912
230,balanced,10,machine_city,古代機械都市,39,57,6,1,1,54,53,56,10,9,1,0,8,3,2,14,2,2,15,53,2,1,7,0,0,0,17,215,0,0,10774,9532
230,balanced,11,deep_sea_temple,深海神殿,46,66,6,1,1,56,57,81,108,103,1,4,11,50,49,302,2,2,160,630,120,2,8,0,0,0,206,1281,0,0,7383,10949
230,balanced,12,demon_gate,魔界門,54,76,7,1,1,81,83,96,59,51,0,8,17,23,22,143,2,2,84,352,11,1,8,0,0,0,114,785,0,0,8480,19013
230,balanced,13,sky_ruins,天空遺跡,68,86,7,1,1,96,94,100,135,134,1,0,5,65,64,9857,2,2,202,10302,14,1,189,55,0,0,206,631,0,0,14725,44730
231,collector,1,meadow,はじまり草原,1,4,2,1,1,1,3,6,12,9,2,1,6,4,3,64,3,1,19,134,22,3,18,0,0,0,19,0,0,0,230,1064
231,collector,2,cave,こだま洞くつ,3,7,2,1,1,8,9,11,8,7,1,0,6,3,2,52,5,5,16,106,3,2,23,0,0,0,23,12,0,0,2733,2139
231,collector,3,brook,しずく湖畔,5,10,3,1,1,11,11,15,18,17,1,0,7,6,5,108,5,5,29,171,4,2,28,0,0,0,31,11,0,0,1131,2247
231,collector,4,volcano,ほむら火山,8,14,4,1,1,15,12,19,43,41,2,0,7,14,13,108,5,5,62,385,8,1,25,0,0,0,59,28,0,0,1188,1958
231,collector,5,tower,星晶の塔,12,20,5,1,1,19,20,26,35,33,2,0,8,11,10,171,5,5,51,342,5,2,84,1,0,0,53,38,0,0,1035,4896
231,collector,6,snowfield,霜降り雪原,16,25,4,1,1,26,24,28,16,13,3,0,8,5,4,262,5,5,26,325,5,1,83,3,0,0,30,72,0,0,2585,2979
231,collector,7,thunder_ruins,雷鳴遺跡,21,31,5,1,1,28,28,36,38,36,2,0,9,12,11,731,5,5,55,853,0,0,104,7,0,0,54,125,0,0,1575,3677
231,collector,8,prism_sanctuary,虹晶聖域,28,42,6,1,1,36,35,53,142,115,2,25,36,38,37,344,5,5,185,2905,23,2,100,28,0,0,238,560,0,0,1943,7721
231,collector,9,poison_bog,毒霧の沼地,34,48,5,1,1,53,54,62,50,46,4,0,10,16,15,193,5,5,71,401,20,2,30,0,0,0,80,378,1,0,4077,6656
231,collector,10,machine_city,古代機械都市,39,57,6,1,1,62,62,72,70,66,3,1,10,22,21,463,5,5,97,1168,15,3,110,7,0,0,91,560,0,0,3515,13052
231,collector,11,deep_sea_temple,深海神殿,46,66,6,1,1,72,73,82,46,42,3,1,10,14,13,2671,5,5,65,2832,7,1,254,14,0,0,61,609,0,0,6890,18165
231,collector,12,demon_gate,魔界門,54,76,7,1,1,82,84,99,73,62,2,9,18,20,19,5705,5,5,98,6836,40,2,310,30,0,0,108,870,0,0,9588,15725
231,collector,13,sky_ruins,天空遺跡,68,86,7,1,1,99,98,100,10,6,4,0,11,2,1,505,5,5,17,607,3,1,253,2,0,0,24,156,0,0,8300,21270
232,rush,1,meadow,はじまり草原,1,4,2,1,1,1,2,7,4,3,1,0,1,3,2,18,0,0,7,28,0,0,7,0,0,0,5,8,0,0,230,717
232,rush,2,cave,こだま洞くつ,3,7,2,1,1,7,7,10,6,4,1,1,2,4,3,29,0,0,10,49,0,0,8,0,0,0,14,14,0,0,717,1410
232,rush,3,brook,しずく湖畔,5,10,3,1,1,10,11,14,5,5,0,0,0,3,2,16,0,0,8,26,0,0,6,0,0,0,7,26,0,0,1410,1158
232,rush,4,volcano,ほむら火山,8,14,4,1,1,14,15,19,19,19,0,0,0,16,15,84,0,0,35,124,0,0,7,0,0,0,47,37,0,0,1158,971
232,rush,5,tower,星晶の塔,12,20,5,1,1,19,20,29,54,54,0,0,0,50,49,236,0,0,104,357,0,0,7,0,0,0,151,148,0,0,971,1517
232,rush,6,snowfield,霜降り雪原,16,25,4,1,1,29,30,37,42,42,0,0,0,39,38,219,0,0,81,308,0,0,7,0,0,0,116,165,0,0,1517,2069
232,rush,7,thunder_ruins,雷鳴遺跡,21,31,5,1,0,37,37,0,85,85,0,0,0,80,80,410,0,0,165,550,0,0,7,0,0,0,240,357,0,0,2069,0
232,rush,8,prism_sanctuary,虹晶聖域,28,42,6,0,0,0,0,0,0,0,0,0,0,0,0,0,0,0,0,0,0,0,0,0,0,0,0,0,0,0,0,0
232,rush,9,poison_bog,毒霧の沼地,34,48,5,0,0,0,0,0,0,0,0,0,0,0,0,0,0,0,0,0,0,0,0,0,0,0,0,0,0,0,0,0
232,rush,10,machine_city,古代機械都市,39,57,6,0,0,0,0,0,0,0,0,0,0,0,0,0,0,0,0,0,0,0,0,0,0,0,0,0,0,0,0,0
232,rush,11,deep_sea_temple,深海神殿,46,66,6,0,0,0,0,0,0,0,0,0,0,0,0,0,0,0,0,0,0,0,0,0,0,0,0,0,0,0,0,0
232,rush,12,demon_gate,魔界門,54,76,7,0,0,0,0,0,0,0,0,0,0,0,0,0,0,0,0,0,0,0,0,0,0,0,0,0,0,0,0,0
232,rush,13,sky_ruins,天空遺跡,68,86,7,0,0,0,0,0,0,0,0,0,0,0,0,0,0,0,0,0,0,0,0,0,0,0,0,0,0,0,0,0
233,balanced,1,meadow,はじまり草原,1,4,2,1,1,1,3,7,6,5,1,0,3,3,2,31,2,0,11,60,9,4,14,0,0,0,6,6,0,0,230,877
233,balanced,2,cave,こだま洞くつ,3,7,2,1,1,8,9,12,6,5,1,0,4,3,2,36,2,2,11,70,1,1,16,0,0,0,9,21,0,0,1653,2187
233,balanced,3,brook,しずく湖畔,5,10,3,1,1,12,10,12,5,4,1,0,3,2,1,11,2,2,9,34,0,0,6,0,0,0,7,10,0,0,1694,1867
233,balanced,4,volcano,ほむら火山,8,14,4,1,1,12,12,19,20,19,1,0,3,9,8,49,2,2,31,111,3,1,7,0,0,0,32,58,0,0,1446,1538
233,balanced,5,tower,星晶の塔,12,20,5,1,1,19,18,27,47,46,1,0,3,22,21,114,2,2,71,242,13,2,9,0,0,0,81,106,0,0,1192,3057
233,balanced,6,snowfield,霜降り雪原,16,25,4,1,1,27,28,31,14,13,1,0,3,6,5,82,2,2,22,139,6,2,26,0,0,0,25,88,1,0,2369,2841
233,balanced,7,thunder_ruins,雷鳴遺跡,21,31,5,1,1,31,31,37,29,28,1,0,3,13,12,156,2,2,44,210,11,2,29,0,0,0,43,118,0,0,2201,2987
233,balanced,8,prism_sanctuary,虹晶聖域,28,42,6,1,1,37,38,60,136,134,0,2,8,65,64,489,2,2,203,1131,16,1,24,0,0,0,217,805,0,0,2314,7169
233,balanced,9,poison_bog,毒霧の沼地,34,48,5,1,1,60,60,61,5,4,1,0,4,1,0,15,2,2,8,50,0,0,15,0,0,0,7,0,0,0,5552,12357
233,balanced,10,machine_city,古代機械都市,39,57,6,1,1,61,60,62,8,7,1,0,3,2,1,27,2,2,12,63,0,0,20,0,0,0,11,129,0,0,9570,18771
233,balanced,11,deep_sea_temple,深海神殿,46,66,6,1,1,62,63,66,11,9,1,1,4,3,2,43,2,2,16,89,0,0,21,0,0,0,19,260,0,0,14537,17010
233,balanced,12,demon_gate,魔界門,54,76,7,1,1,66,65,74,25,24,1,0,3,10,9,764,2,2,37,849,4,1,79,10,0,0,36,508,0,0,13173,14914
233,balanced,13,sky_ruins,天空遺跡,68,86,7,1,1,74,77,80,13,9,0,4,13,2,1,20,2,2,17,136,3,2,13,0,0,0,27,244,0,0,11550,18892
234,collector,1,meadow,はじまり草原,1,4,2,1,1,1,2,5,5,3,2,0,4,2,1,25,2,1,9,69,11,4,16,0,0,0,11,0,0,0,230,1262
234,collector,2,cave,こだま洞くつ,3,7,2,1,1,5,5,10,8,6,2,0,3,3,2,47,1,0,12,72,6,3,25,0,0,0,5,6,0,0,2069,3143
234,collector,3,brook,しずく湖畔,5,10,3,1,1,10,8,13,15,13,2,0,7,5,4,28,5,5,25,78,4,2,8,0,0,0,19,27,0,0,3277,1335
234,collector,4,volcano,ほむら火山,8,14,4,1,1,13,13,16,7,5,2,0,8,2,1,18,5,5,14,89,1,1,14,0,0,0,22,12,0,0,705,3214
234,collector,5,tower,星晶の塔,12,20,5,1,1,16,17,23,32,30,2,0,10,10,9,123,5,5,47,236,5,1,55,1,0,0,50,38,0,0,1698,3807
234,collector,6,snowfield,霜降り雪原,16,25,4,1,1,23,24,29,19,16,3,0,9,6,5,460,5,5,30,619,20,4,93,6,0,0,36,88,1,0,2011,2932
234,collector,7,thunder_ruins,雷鳴遺跡,21,31,5,1,1,29,29,32,17,16,1,0,6,5,4,276,5,5,27,337,6,1,88,3,0,0,30,58,0,0,1549,3616
234,collector,8,prism_sanctuary,虹晶聖域,28,42,6,1,1,32,33,56,143,135,0,8,13,44,43,437,5,5,192,3753,41,2,114,37,0,0,216,661,0,0,1911,7824
234,collector,9,poison_bog,毒霧の沼地,34,48,5,1,1,56,56,64,53,51,2,0,10,17,16,215,5,5,75,920,4,1,41,0,0,0,87,426,1,0,4131,6719
234,collector,10,machine_city,古代機械都市,39,57,6,1,1,64,65,70,38,34,2,2,11,11,10,139,5,5,54,264,6,1,22,0,0,0,55,283,0,0,3548,13960
234,collector,11,deep_sea_temple,深海神殿,46,66,6,1,1,70,71,97,153,149,1,3,9,49,48,9541,5,5,207,13189,73,2,373,64,0,0,191,1749,0,0,7369,17954
234,collector,12,demon_gate,魔界門,54,76,7,1,0,97,98,0,50,41,2,7,10,13,12,5088,0,0,63,10641,26,2,400,46,0,1,78,187,0,0,9476,0
234,collector,13,sky_ruins,天空遺跡,68,86,7,0,0,0,0,0,0,0,0,0,0,0,0,0,0,0,0,0,0,0,0,0,0,0,0,0,0,0,0,0
235,rush,1,meadow,はじまり草原,1,4,2,1,1,1,3,7,8,5,1,2,3,5,4,39,0,0,13,61,0,0,11,0,0,0,11,10,0,0,230,542
235,rush,2,cave,こだま洞くつ,3,7,2,1,1,7,7,10,4,3,1,0,1,3,2,18,0,0,7,32,0,0,7,0,0,0,9,13,0,0,542,672
235,rush,3,brook,しずく湖畔,5,10,3,1,1,10,11,14,6,6,0,0,0,4,3,24,0,0,10,35,0,0,8,0,0,0,11,25,0,0,672,1160
235,rush,4,volcano,ほむら火山,8,14,4,1,1,14,14,19,16,16,0,0,0,13,12,70,0,0,29,96,0,0,6,0,0,0,37,45,0,0,1160,940
235,rush,5,tower,星晶の塔,12,20,5,1,1,19,20,28,45,44,0,1,0,40,39,193,0,0,85,303,0,0,7,0,0,0,122,124,0,0,940,1518
235,rush,6,snowfield,霜降り雪原,16,25,4,1,1,28,29,39,73,73,0,0,0,70,69,373,0,0,143,526,0,0,7,0,0,0,209,247,0,0,1518,2569
235,rush,7,thunder_ruins,雷鳴遺跡,21,31,5,1,1,39,40,44,31,31,0,0,0,27,26,133,0,0,58,181,0,0,6,0,0,0,79,149,0,0,2569,3850
235,rush,8,prism_sanctuary,虹晶聖域,28,42,6,1,0,44,45,0,97,86,0,11,0,80,80,303,0,0,177,627,0,0,6,0,0,0,292,541,0,0,3850,0
235,rush,9,poison_bog,毒霧の沼地,34,48,5,0,0,0,0,0,0,0,0,0,0,0,0,0,0,0,0,0,0,0,0,0,0,0,0,0,0,0,0,0
235,rush,10,machine_city,古代機械都市,39,57,6,0,0,0,0,0,0,0,0,0,0,0,0,0,0,0,0,0,0,0,0,0,0,0,0,0,0,0,0,0
235,rush,11,deep_sea_temple,深海神殿,46,66,6,0,0,0,0,0,0,0,0,0,0,0,0,0,0,0,0,0,0,0,0,0,0,0,0,0,0,0,0,0
235,rush,12,demon_gate,魔界門,54,76,7,0,0,0,0,0,0,0,0,0,0,0,0,0,0,0,0,0,0,0,0,0,0,0,0,0,0,0,0,0
235,rush,13,sky_ruins,天空遺跡,68,86,7,0,0,0,0,0,0,0,0,0,0,0,0,0,0,0,0,0,0,0,0,0,0,0,0,0,0,0,0,0
236,balanced,1,meadow,はじまり草原,1,4,2,1,1,1,2,6,7,5,1,1,2,3,2,27,1,0,11,51,3,1,12,0,0,0,7,5,0,0,230,904
236,balanced,2,cave,こだま洞くつ,3,7,2,1,1,7,4,10,8,7,1,0,4,4,3,54,2,0,14,101,7,2,20,0,0,0,6,16,0,0,982,2256
236,balanced,3,brook,しずく湖畔,5,10,3,1,1,11,11,13,5,4,1,0,3,2,1,11,2,2,9,30,0,0,6,0,0,0,10,9,0,0,2524,3076
236,balanced,4,volcano,ほむら火山,8,14,4,1,1,13,14,18,8,7,1,0,3,3,2,17,2,2,13,53,0,0,9,0,0,0,16,37,0,0,2383,2870
236,balanced,5,tower,星晶の塔,12,20,5,1,1,18,16,20,11,10,1,0,5,4,3,17,2,2,17,60,0,0,7,0,0,0,20,58,0,0,2223,1774
236,balanced,6,snowfield,霜降り雪原,16,25,4,1,1,20,21,22,6,5,1,0,3,2,1,24,2,2,10,50,0,0,19,0,0,0,11,40,0,0,1375,3034
236,balanced,7,thunder_ruins,雷鳴遺跡,21,31,5,1,1,22,23,34,41,40,1,0,3,19,18,571,2,2,62,640,2,1,90,5,0,0,62,183,0,0,2350,5708
236,balanced,8,prism_sanctuary,虹晶聖域,28,42,6,1,1,34,35,48,98,65,1,32,37,31,30,178,2,2,131,613,0,0,15,0,0,0,206,358,0,0,4422,4827
236,balanced,9,poison_bog,毒霧の沼地,34,48,5,1,1,48,49,53,17,17,0,0,7,7,6,51,2,2,26,108,0,0,12,0,0,0,30,156,0,0,3739,11203
236,balanced,10,machine_city,古代機械都市,39,57,6,1,1,53,53,68,80,79,1,0,4,38,37,237,2,2,120,506,37,2,11,0,0,0,168,856,1,0,8676,14281
236,balanced,11,deep_sea_temple,深海神殿,46,66,6,1,1,68,69,81,54,53,1,0,3,25,24,340,2,2,81,461,0,0,40,0,0,0,83,773,0,0,11060,11066
236,balanced,12,demon_gate,魔界門,54,76,7,1,1,81,83,100,76,70,1,5,9,33,32,7128,2,2,111,8709,29,1,348,42,0,0,135,1174,0,0,8571,13998
236,balanced,13,sky_ruins,天空遺跡,68,86,7,1,0,100,100,0,168,166,1,1,2,80,80,22506,0,0,248,22995,0,0,306,80,0,0,259,0,0,0,10841,0
237,collector,1,meadow,はじまり草原,1,4,2,1,1,1,3,7,14,14,0,0,4,5,4,38,4,3,23,95,3,2,12,0,0,0,7,0,0,0,230,1299
237,collector,2,cave,こだま洞くつ,3,7,2,1,1,8,6,10,8,7,1,0,3,3,2,38,2,1,13,79,3,2,16,0,0,0,7,7,0,0,1985,2114
237,collector,3,brook,しずく湖畔,5,10,3,1,1,9,10,12,6,5,1,0,7,2,1,11,5,5,13,53,1,1,6,0,0,0,20,6,0,0,2175,2493
237,collector,4,volcano,ほむら火山,8,14,4,1,1,12,12,16,10,7,3,0,8,3,2,19,5,5,18,83,3,2,10,0,0,0,25,18,0,0,1317,2777
237,collector,5,tower,星晶の塔,12,20,5,1,1,16,14,18,11,9,2,0,8,3,2,16,5,5,19,76,2,1,8,0,0,0,28,15,0,0,1467,3518
237,collector,6,snowfield,霜降り雪原,16,25,4,1,1,18,20,27,26,25,0,1,10,8,7,50,5,5,39,162,9,2,21,0,0,0,42,96,0,0,1858,2980
237,collector,7,thunder_ruins,雷鳴遺跡,21,31,5,1,1,27,27,29,8,7,1,0,7,2,1,12,5,5,15,60,2,1,9,0,0,0,20,16,0,0,1575,4466
237,collector,8,prism_sanctuary,虹晶聖域,28,42,6,1,1,29,40,51,70,68,1,1,11,22,21,116,5,5,97,336,30,2,10,0,0,0,90,358,0,0,2359,7896
237,collector,9,poison_bog,毒霧の沼地,34,48,5,1,1,51,52,52,5,3,2,0,8,1,0,6,5,5,11,51,1,1,7,0,0,0,17,0,0,0,4170,10014
237,collector,10,machine_city,古代機械都市,39,57,6,1,1,52,53,55,9,7,2,0,11,2,1,13,5,5,16,84,1,1,9,0,0,0,23,66,0,0,5287,19598
237,collector,11,deep_sea_temple,深海神殿,46,66,6,1,1,55,62,83,107,104,1,2,12,34,33,1106,5,5,146,2027,36,2,155,9,0,0,134,1233,0,0,10345,18022
237,collector,12,demon_gate,魔界門,54,76,7,1,1,83,83,89,42,35,2,5,14,11,10,1438,5,5,58,4372,16,2,164,28,0,0,85,517,0,0,9513,15417
237,collector,13,sky_ruins,天空遺跡,68,86,7,1,1,89,89,100,50,46,3,1,11,15,14,2610,5,5,70,2960,20,2,183,16,0,0,73,861,0,0,8138,23710
238,rush,1,meadow,はじまり草原,1,4,2,1,1,1,2,7,11,3,1,7,7,3,2,23,0,0,14,54,0,0,9,0,0,0,12,7,0,0,230,686
238,rush,2,cave,こだま洞くつ,3,7,2,1,1,7,7,14,27,27,0,0,1,26,25,136,0,0,53,194,0,0,7,0,0,0,51,38,0,0,686,775
238,rush,3,brook,しずく湖畔,5,10,3,1,1,14,14,17,9,8,1,0,1,7,6,38,0,0,16,55,0,0,8,0,0,0,20,26,0,0,775,1173
238,rush,4,volcano,ほむら火山,8,14,4,1,1,17,17,21,21,21,0,0,0,18,17,101,0,0,39,137,0,0,7,0,0,0,55,50,0,0,1173,964
238,rush,5,tower,星晶の塔,12,20,5,1,0,21,22,0,86,85,0,1,0,80,80,348,0,0,166,541,0,0,7,0,0,0,249,186,0,0,964,0
238,rush,6,snowfield,霜降り雪原,16,25,4,0,0,0,0,0,0,0,0,0,0,0,0,0,0,0,0,0,0,0,0,0,0,0,0,0,0,0,0,0
238,rush,7,thunder_ruins,雷鳴遺跡,21,31,5,0,0,0,0,0,0,0,0,0,0,0,0,0,0,0,0,0,0,0,0,0,0,0,0,0,0,0,0,0
238,rush,8,prism_sanctuary,虹晶聖域,28,42,6,0,0,0,0,0,0,0,0,0,0,0,0,0,0,0,0,0,0,0,0,0,0,0,0,0,0,0,0,0
238,rush,9,poison_bog,毒霧の沼地,34,48,5,0,0,0,0,0,0,0,0,0,0,0,0,0,0,0,0,0,0,0,0,0,0,0,0,0,0,0,0,0
238,rush,10,machine_city,古代機械都市,39,57,6,0,0,0,0,0,0,0,0,0,0,0,0,0,0,0,0,0,0,0,0,0,0,0,0,0,0,0,0,0
238,rush,11,deep_sea_temple,深海神殿,46,66,6,0,0,0,0,0,0,0,0,0,0,0,0,0,0,0,0,0,0,0,0,0,0,0,0,0,0,0,0,0
238,rush,12,demon_gate,魔界門,54,76,7,0,0,0,0,0,0,0,0,0,0,0,0,0,0,0,0,0,0,0,0,0,0,0,0,0,0,0,0,0
238,rush,13,sky_ruins,天空遺跡,68,86,7,0,0,0,0,0,0,0,0,0,0,0,0,0,0,0,0,0,0,0,0,0,0,0,0,0,0,0,0,0
239,balanced,1,meadow,はじまり草原,1,4,2,1,1,1,2,6,10,5,1,4,7,3,2,24,2,1,15,72,3,2,10,0,0,0,12,4,0,0,230,906
239,balanced,2,cave,こだま洞くつ,3,7,2,1,1,7,5,10,6,5,1,0,2,3,2,35,1,0,10,77,4,2,15,0,0,0,5,14,0,0,876,2553
239,balanced,3,brook,しずく湖畔,5,10,3,1,1,11,11,14,7,6,1,0,4,3,2,15,2,2,12,43,2,1,7,0,0,0,9,27,0,0,2687,1837
239,balanced,4,volcano,ほむら火山,8,14,4,1,1,14,14,17,8,7,1,0,3,3,2,19,2,2,13,45,6,2,7,0,0,0,9,31,0,0,1423,1191
239,balanced,5,tower,星晶の塔,12,20,5,1,1,17,18,26,41,38,1,2,7,18,17,83,2,2,61,180,14,2,7,0,0,0,64,98,0,0,924,3406
239,balanced,6,snowfield,霜降り雪原,16,25,4,1,1,26,27,33,30,30,0,0,6,14,13,77,2,2,46,143,9,2,8,0,0,0,47,131,0,0,2639,2932
239,balanced,7,thunder_ruins,雷鳴遺跡,21,31,5,1,1,33,33,36,13,12,1,0,4,5,4,25,2,2,20,54,2,1,7,0,0,0,20,66,0,0,2272,3108
239,balanced,8,prism_sanctuary,虹晶聖域,28,42,6,1,0,36,37,0,174,166,0,8,11,80,80,395,0,0,254,889,66,3,11,0,0,0,307,957,0,0,2408,0
239,balanced,9,poison_bog,毒霧の沼地,34,48,5,0,0,0,0,0,0,0,0,0,0,0,0,0,0,0,0,0,0,0,0,0,0,0,0,0,0,0,0,0
239,balanced,10,machine_city,古代機械都市,39,57,6,0,0,0,0,0,0,0,0,0,0,0,0,0,0,0,0,0,0,0,0,0,0,0,0,0,0,0,0,0
239,balanced,11,deep_sea_temple,深海神殿,46,66,6,0,0,0,0,0,0,0,0,0,0,0,0,0,0,0,0,0,0,0,0,0,0,0,0,0,0,0,0,0
239,balanced,12,demon_gate,魔界門,54,76,7,0,0,0,0,0,0,0,0,0,0,0,0,0,0,0,0,0,0,0,0,0,0,0,0,0,0,0,0,0
239,balanced,13,sky_ruins,天空遺跡,68,86,7,0,0,0,0,0,0,0,0,0,0,0,0,0,0,0,0,0,0,0,0,0,0,0,0,0,0,0,0,0
240,collector,1,meadow,はじまり草原,1,4,2,1,1,1,3,7,12,10,1,1,4,4,3,48,2,1,18,95,10,4,18,0,0,0,10,1,0,0,230,1045
240,collector,2,cave,こだま洞くつ,3,7,2,1,1,7,8,12,11,10,1,0,5,4,3,64,3,2,18,138,10,3,24,0,0,0,19,15,0,0,998,1804
240,collector,3,brook,しずく湖畔,5,10,3,1,1,10,12,14,6,5,1,0,6,2,1,13,5,5,13,56,0,0,9,0,0,0,19,7,0,0,1532,1869
240,collector,4,volcano,ほむら火山,8,14,4,1,1,14,12,16,10,8,2,0,9,3,2,16,5,4,18,79,3,1,7,0,0,0,24,18,0,0,988,2530
240,collector,5,tower,星晶の塔,12,20,5,1,1,17,16,19,15,13,1,1,11,4,3,18,5,5,24,108,3,2,17,0,0,0,31,33,0,0,2975,2277
240,collector,6,snowfield,霜降り雪原,16,25,4,1,1,19,20,27,25,22,3,0,9,8,7,235,5,5,38,408,4,2,33,0,0,0,42,85,0,0,1203,3018
240,collector,7,thunder_ruins,雷鳴遺跡,21,31,5,1,1,27,28,33,26,25,1,0,6,8,7,189,5,5,39,260,3,1,60,1,0,0,37,82,0,0,1595,5877
240,collector,8,prism_sanctuary,虹晶聖域,28,42,6,1,1,33,36,55,110,103,2,5,14,34,33,229,5,5,149,532,21,2,24,0,0,0,138,515,0,0,3103,5766
240,collector,9,poison_bog,毒霧の沼地,34,48,5,1,1,55,55,56,5,3,2,0,9,1,0,10,5,5,11,55,0,0,10,0,0,0,17,0,0,0,3045,13685
240,collector,10,machine_city,古代機械都市,39,57,6,1,1,56,57,63,27,26,1,0,8,8,7,93,5,5,40,188,7,2,21,0,0,0,41,334,0,0,7224,15183
240,collector,11,deep_sea_temple,深海神殿,46,66,6,1,1,63,64,95,169,167,1,1,10,55,54,528,5,5,229,907,50,2,27,0,0,0,192,1989,0,0,8015,11326
240,collector,12,demon_gate,魔界門,54,76,7,1,1,95,94,100,44,38,2,4,14,12,11,134,5,5,61,310,8,1,18,0,0,0,71,437,0,0,5978,24191
240,collector,13,sky_ruins,天空遺跡,68,86,7,1,1,100,100,100,7,4,3,0,8,1,0,7,5,5,13,60,1,1,7,0,0,0,19,0,0,0,12768,34189
241,rush,1,meadow,はじまり草原,1,4,2,1,1,1,2,7,6,4,1,1,2,4,3,30,0,0,10,46,0,0,9,0,0,0,9,8,0,0,230,693
241,rush,2,cave,こだま洞くつ,3,7,2,1,1,7,7,11,5,4,1,0,1,4,3,28,0,0,9,41,0,0,8,0,0,0,12,25,0,0,693,717
241,rush,3,brook,しずく湖畔,5,10,3,1,1,11,11,13,4,4,0,0,0,2,1,11,0,0,6,22,0,0,6,0,0,0,5,15,0,0,717,1179
241,rush,4,volcano,ほむら火山,8,14,4,1,1,13,14,23,49,48,0,1,0,45,44,226,0,0,94,392,0,0,6,0,0,0,160,92,0,0,1179,1009
241,rush,5,tower,星晶の塔,12,20,5,1,1,23,23,33,81,81,0,0,0,77,76,341,0,0,158,545,0,0,7,0,0,0,248,181,0,0,1009,1569
241,rush,6,snowfield,霜降り雪原,16,25,4,1,1,33,34,42,63,63,0,0,0,60,59,314,0,0,123,446,0,0,7,0,0,0,181,222,0,0,1569,2034
241,rush,7,thunder_ruins,雷鳴遺跡,21,31,5,1,0,42,42,0,85,85,0,0,0,80,80,384,0,0,165,604,0,0,6,0,0,0,246,348,0,0,2034,0
241,rush,8,prism_sanctuary,虹晶聖域,28,42,6,0,0,0,0,0,0,0,0,0,0,0,0,0,0,0,0,0,0,0,0,0,0,0,0,0,0,0,0,0
241,rush,9,poison_bog,毒霧の沼地,34,48,5,0,0,0,0,0,0,0,0,0,0,0,0,0,0,0,0,0,0,0,0,0,0,0,0,0,0,0,0,0
241,rush,10,machine_city,古代機械都市,39,57,6,0,0,0,0,0,0,0,0,0,0,0,0,0,0,0,0,0,0,0,0,0,0,0,0,0,0,0,0,0
241,rush,11,deep_sea_temple,深海神殿,46,66,6,0,0,0,0,0,0,0,0,0,0,0,0,0,0,0,0,0,0,0,0,0,0,0,0,0,0,0,0,0
241,rush,12,demon_gate,魔界門,54,76,7,0,0,0,0,0,0,0,0,0,0,0,0,0,0,0,0,0,0,0,0,0,0,0,0,0,0,0,0,0
241,rush,13,sky_ruins,天空遺跡,68,86,7,0,0,0,0,0,0,0,0,0,0,0,0,0,0,0,0,0,0,0,0,0,0,0,0,0,0,0,0,0
242,balanced,1,meadow,はじまり草原,1,4,2,1,1,1,2,7,6,5,1,0,2,3,2,28,1,0,10,49,4,2,13,0,0,0,6,6,0,0,230,865
242,balanced,2,cave,こだま洞くつ,3,7,2,1,1,7,7,11,6,5,1,0,3,3,2,21,2,2,11,53,2,1,9,0,0,0,14,19,0,0,943,2094
242,balanced,3,brook,しずく湖畔,5,10,3,1,1,11,12,14,5,4,1,0,3,2,1,12,2,2,9,34,0,0,8,0,0,0,11,17,0,0,1622,1379
242,balanced,4,volcano,ほむら火山,8,14,4,1,1,14,14,20,22,21,1,0,4,10,9,53,2,2,34,111,8,1,7,0,0,0,38,57,0,0,1069,1588
242,balanced,5,tower,星晶の塔,12,20,5,1,1,20,19,22,13,12,1,0,4,5,4,24,2,2,20,71,4,2,7,0,0,0,23,31,0,0,1231,1835
242,balanced,6,snowfield,霜降り雪原,16,25,4,1,1,22,23,32,36,36,0,0,6,17,16,112,2,2,55,206,27,2,8,0,0,0,58,147,0,0,1422,3605
242,balanced,7,thunder_ruins,雷鳴遺跡,21,31,5,1,1,32,32,35,9,9,0,0,7,3,2,17,2,2,14,52,1,1,7,0,0,0,13,66,0,0,2793,3104
242,balanced,8,prism_sanctuary,虹晶聖域,28,42,6,1,1,35,37,47,56,53,1,2,5,25,24,123,2,2,83,301,29,4,8,0,0,0,94,320,0,0,2405,4871
242,balanced,9,poison_bog,毒霧の沼地,34,48,5,1,1,47,48,49,5,4,1,0,5,1,0,7,2,2,8,33,0,0,7,0,0,0,8,0,0,0,3773,12549
242,balanced,10,machine_city,古代機械都市,39,57,6,1,1,49,50,56,26,25,1,0,5,11,10,67,2,2,39,148,17,2,8,0,0,0,41,394,0,0,9719,7332
242,balanced,11,deep_sea_temple,深海神殿,46,66,6,1,1,56,57,76,77,76,0,1,9,36,35,219,2,2,115,487,79,7,13,0,1,0,131,969,0,0,5679,14721
242,balanced,12,demon_gate,魔界門,54,76,7,1,1,76,75,80,17,16,1,0,3,6,5,45,2,2,25,108,10,2,8,0,0,0,26,393,0,0,11401,21225
242,balanced,13,sky_ruins,天空遺跡,68,86,7,1,1,80,81,100,67,66,1,0,8,31,30,5020,2,2,100,5225,40,5,184,30,1,0,104,1523,0,0,16437,19033
243,collector,1,meadow,はじまり草原,1,4,2,1,1,1,3,6,15,9,2,4,6,4,3,48,2,0,21,125,19,4,17,0,0,0,18,0,0,0,230,1057
243,collector,2,cave,こだま洞くつ,3,7,2,1,1,8,9,12,11,10,1,0,6,4,3,97,5,5,20,174,7,2,28,0,0,0,26,20,0,0,3103,1641
243,collector,3,brook,しずく湖畔,5,10,3,1,1,12,12,16,21,20,1,0,7,7,6,80,5,5,33,196,0,0,20,0,0,0,37,18,0,0,868,1316
243,collector,4,volcano,ほむら火山,8,14,4,1,1,16,9,14,13,10,3,0,8,4,3,22,5,4,22,95,9,2,8,0,0,0,30,16,1,0,697,1586
243,collector,5,tower,星晶の塔,12,20,5,1,1,15,17,21,20,18,2,0,8,6,5,132,5,5,31,253,5,2,54,1,0,0,33,48,0,0,2410,2279
243,collector,6,snowfield,霜降り雪原,16,25,4,1,1,21,22,28,25,22,3,0,8,8,7,535,5,5,38,622,8,2,73,8,0,0,39,91,0,0,1205,3375
243,collector,7,thunder_ruins,雷鳴遺跡,21,31,5,1,1,28,28,32,14,11,3,0,8,4,3,112,5,5,23,169,2,2,53,1,0,0,26,36,0,0,1782,5882
243,collector,8,prism_sanctuary,虹晶聖域,28,42,6,1,1,32,32,52,119,106,2,11,11,35,34,243,5,5,159,1823,28,2,101,15,0,0,155,506,1,0,3106,5468
243,collector,9,poison_bog,毒霧の沼地,34,48,5,1,1,52,52,59,49,46,3,0,10,14,13,132,5,5,68,306,15,3,15,0,0,0,67,325,1,5,2887,11609
243,collector,10,machine_city,古代機械都市,39,57,6,1,1,59,35,73,87,84,3,0,10,28,27,204,5,5,120,639,15,3,108,2,0,0,88,791,1,0,6129,15270
243,collector,11,deep_sea_temple,深海神殿,46,66,6,1,1,73,74,89,100,94,2,4,12,31,30,4718,5,5,136,6894,26,2,253,37,0,0,133,1111,0,0,8060,11081
243,collector,12,demon_gate,魔界門,54,76,7,1,1,89,90,92,23,17,2,4,14,5,4,702,5,5,33,2318,15,2,143,16,0,0,68,276,1,0,5850,15695
243,collector,13,sky_ruins,天空遺跡,68,86,7,1,0,92,93,0,224,222,1,1,5,72,72,17385,0,0,296,18007,122,2,338,72,0,0,302,576,0,0,8285,0
244,rush,1,meadow,はじまり草原,1,4,2,1,1,1,2,6,6,3,1,2,2,3,2,21,0,0,9,39,0,0,8,0,0,0,7,7,0,0,230,715
244,rush,2,cave,こだま洞くつ,3,7,2,1,1,6,6,11,10,9,1,0,1,9,8,67,0,0,19,96,0,0,9,0,0,0,27,17,0,0,715,1703
244,rush,3,brook,しずく湖畔,5,10,3,1,1,11,12,14,5,5,0,0,0,3,2,17,0,0,8,26,0,0,6,0,0,0,8,26,0,0,1703,1127
244,rush,4,volcano,ほむら火山,8,14,4,1,1,14,15,18,12,12,0,0,0,9,8,51,0,0,21,79,0,0,7,0,0,0,26,39,0,0,1127,983
244,rush,5,tower,星晶の塔,12,20,5,1,1,18,19,31,77,77,0,0,0,73,72,360,0,0,150,554,0,0,7,0,0,0,223,180,0,0,983,1488
244,rush,6,snowfield,霜降り雪原,16,25,4,1,1,31,32,39,48,48,0,0,0,45,44,251,0,0,93,360,0,0,7,0,0,0,134,184,0,0,1488,2549
244,rush,7,thunder_ruins,雷鳴遺跡,21,31,5,1,0,39,39,0,85,85,0,0,0,80,80,385,0,0,165,549,0,0,7,0,0,0,241,354,0,0,2549,0
244,rush,8,prism_sanctuary,虹晶聖域,28,42,6,0,0,0,0,0,0,0,0,0,0,0,0,0,0,0,0,0,0,0,0,0,0,0,0,0,0,0,0,0
244,rush,9,poison_bog,毒霧の沼地,34,48,5,0,0,0,0,0,0,0,0,0,0,0,0,0,0,0,0,0,0,0,0,0,0,0,0,0,0,0,0,0
244,rush,10,machine_city,古代機械都市,39,57,6,0,0,0,0,0,0,0,0,0,0,0,0,0,0,0,0,0,0,0,0,0,0,0,0,0,0,0,0,0
244,rush,11,deep_sea_temple,深海神殿,46,66,6,0,0,0,0,0,0,0,0,0,0,0,0,0,0,0,0,0,0,0,0,0,0,0,0,0,0,0,0,0
244,rush,12,demon_gate,魔界門,54,76,7,0,0,0,0,0,0,0,0,0,0,0,0,0,0,0,0,0,0,0,0,0,0,0,0,0,0,0,0,0
244,rush,13,sky_ruins,天空遺跡,68,86,7,0,0,0,0,0,0,0,0,0,0,0,0,0,0,0,0,0,0,0,0,0,0,0,0,0,0,0,0,0
245,balanced,1,meadow,はじまり草原,1,4,2,1,1,1,3,7,6,5,1,0,2,3,2,24,1,0,10,44,2,1,11,0,0,0,6,6,0,0,230,881
245,balanced,2,cave,こだま洞くつ,3,7,2,1,1,7,7,10,4,3,1,0,3,2,1,25,1,0,7,50,4,2,19,0,0,0,8,8,0,0,959,2689
245,balanced,3,brook,しずく湖畔,5,10,3,1,1,8,10,13,7,6,1,0,3,3,2,25,2,2,12,48,0,0,10,0,0,0,14,24,0,0,2823,2287
245,balanced,4,volcano,ほむら火山,8,14,4,1,1,13,12,16,12,11,1,0,4,5,4,52,2,2,19,96,7,3,20,0,0,0,24,29,0,0,1772,1211
245,balanced,5,tower,星晶の塔,12,20,5,1,1,16,17,24,34,32,1,1,8,15,14,117,2,2,51,228,1,1,18,0,0,0,56,87,0,0,939,3393
245,balanced,6,snowfield,霜降り雪原,16,25,4,1,1,24,25,30,16,15,1,0,4,7,6,95,2,2,25,153,5,1,34,0,0,0,26,107,0,0,2628,2438
245,balanced,7,thunder_ruins,雷鳴遺跡,21,31,5,1,1,30,30,34,21,20,1,0,3,9,8,161,2,2,32,216,3,1,30,0,0,0,32,100,0,0,1889,3030
245,balanced,8,prism_sanctuary,虹晶聖域,28,42,6,1,1,34,38,55,112,99,1,12,19,48,47,284,2,2,162,792,11,1,30,0,0,0,205,565,0,0,2347,7113
245,balanced,9,poison_bog,毒霧の沼地,34,48,5,1,1,55,55,58,15,14,1,0,3,6,5,49,2,2,23,91,2,2,13,0,0,0,22,164,0,0,5509,5741
245,balanced,10,machine_city,古代機械都市,39,57,6,1,1,58,59,68,54,53,1,0,3,25,24,203,2,2,81,332,11,4,14,0,0,0,81,579,0,0,4447,12146
245,balanced,11,deep_sea_temple,深海神殿,46,66,6,1,1,68,67,86,94,93,1,0,3,45,44,2004,2,2,141,2283,13,1,79,31,0,0,144,1211,0,0,9407,16905
245,balanced,12,demon_gate,魔界門,54,76,7,1,0,86,88,0,169,166,1,2,5,80,80,20063,0,0,249,20605,11,1,273,80,0,0,258,982,0,0,13092,0
245,balanced,13,sky_ruins,天空遺跡,68,86,7,0,0,0,0,0,0,0,0,0,0,0,0,0,0,0,0,0,0,0,0,0,0,0,0,0,0,0,0,0
246,collector,1,meadow,はじまり草原,1,4,2,1,1,1,3,6,10,6,2,2,5,3,2,34,2,1,15,89,8,3,15,0,0,0,15,0,0,0,230,1148
246,collector,2,cave,こだま洞くつ,3,7,2,1,1,6,6,11,8,8,0,0,3,3,2,51,1,0,12,107,3,2,25,0,0,0,6,9,0,0,2209,2677
246,collector,3,brook,しずく湖畔,5,10,3,1,1,11,11,14,12,10,2,0,3,4,3,23,1,0,17,54,0,0,9,0,0,0,13,23,0,0,2811,1576
246,collector,4,volcano,ほむら火山,8,14,4,1,1,15,11,18,25,23,2,0,9,8,7,105,5,5,38,206,4,1,23,0,0,0,42,39,0,0,1783,2806
246,collector,5,tower,星晶の塔,12,20,5,1,1,18,18,20,12,10,1,1,9,3,2,18,5,5,20,143,8,3,20,0,0,0,33,20,0,0,1483,2646
246,collector,6,snowfield,霜降り雪原,16,25,4,1,1,20,20,31,53,49,0,4,13,16,15,103,5,5,74,315,8,2,32,0,0,0,80,135,0,0,1398,2963
246,collector,7,thunder_ruins,雷鳴遺跡,21,31,5,1,1,31,31,34,11,9,2,0,8,3,2,19,5,5,19,81,3,1,9,0,0,0,23,29,0,0,1566,5728
246,collector,8,prism_sanctuary,虹晶聖域,28,42,6,1,1,34,35,50,82,81,0,1,10,26,25,136,5,5,113,454,41,6,28,0,1,0,114,432,0,0,3025,5663
246,collector,9,poison_bog,毒霧の沼地,34,48,5,1,1,50,48,49,5,3,2,0,9,1,0,6,5,5,11,62,0,0,9,0,0,0,18,0,1,0,2990,18088
246,collector,10,machine_city,古代機械都市,39,57,6,1,1,49,50,56,25,22,2,1,10,7,6,45,5,5,37,201,25,6,16,0,1,0,59,258,0,0,9548,15931
246,collector,11,deep_sea_temple,深海神殿,46,66,6,1,1,56,56,85,136,134,1,1,12,44,43,764,5,5,185,2265,64,3,114,14,0,0,202,1574,0,0,8410,10968
246,collector,12,demon_gate,魔界門,54,76,7,1,1,85,86,88,10,7,3,0,9,2,1,23,5,5,17,222,2,2,122,1,0,0,25,102,0,0,5789,22110
246,collector,13,sky_ruins,天空遺跡,68,86,7,1,1,88,86,100,173,168,4,1,10,56,55,15447,5,5,234,15887,36,2,320,52,0,0,194,1061,0,0,11670,47195
247,rush,1,meadow,はじまり草原,1,4,2,1,1,1,2,7,5,4,1,0,2,4,3,32,0,0,9,48,0,0,9,0,0,0,7,8,0,0,230,715
247,rush,2,cave,こだま洞くつ,3,7,2,1,1,7,7,10,4,3,1,0,1,3,2,22,0,0,7,35,0,0,9,0,0,0,9,15,0,0,715,691
247,rush,3,brook,しずく湖畔,5,10,3,1,1,10,11,14,8,8,0,0,0,6,5,30,0,0,14,46,0,0,6,0,0,0,16,27,0,0,691,1156
247,rush,4,volcano,ほむら火山,8,14,4,1,1,14,15,20,20,20,0,0,0,17,16,97,0,0,37,141,0,0,7,0,0,0,51,47,0,0,1156,2182
247,rush,5,tower,星晶の塔,12,20,5,1,1,20,20,29,55,55,0,0,0,51,50,245,0,0,106,365,0,0,7,0,0,0,154,147,0,0,2182,1541
247,rush,6,snowfield,霜降り雪原,16,25,4,1,0,29,30,0,84,84,0,0,0,80,80,432,0,0,164,619,0,0,8,0,0,0,243,286,0,0,1541,0
247,rush,7,thunder_ruins,雷鳴遺跡,21,31,5,0,0,0,0,0,0,0,0,0,0,0,0,0,0,0,0,0,0,0,0,0,0,0,0,0,0,0,0,0
247,rush,8,prism_sanctuary,虹晶聖域,28,42,6,0,0,0,0,0,0,0,0,0,0,0,0,0,0,0,0,0,0,0,0,0,0,0,0,0,0,0,0,0
247,rush,9,poison_bog,毒霧の沼地,34,48,5,0,0,0,0,0,0,0,0,0,0,0,0,0,0,0,0,0,0,0,0,0,0,0,0,0,0,0,0,0
247,rush,10,machine_city,古代機械都市,39,57,6,0,0,0,0,0,0,0,0,0,0,0,0,0,0,0,0,0,0,0,0,0,0,0,0,0,0,0,0,0
247,rush,11,deep_sea_temple,深海神殿,46,66,6,0,0,0,0,0,0,0,0,0,0,0,0,0,0,0,0,0,0,0,0,0,0,0,0,0,0,0,0,0
247,rush,12,demon_gate,魔界門,54,76,7,0,0,0,0,0,0,0,0,0,0,0,0,0,0,0,0,0,0,0,0,0,0,0,0,0,0,0,0,0
247,rush,13,sky_ruins,天空遺跡,68,86,7,0,0,0,0,0,0,0,0,0,0,0,0,0,0,0,0,0,0,0,0,0,0,0,0,0,0,0,0,0
248,balanced,1,meadow,はじまり草原,1,4,2,1,1,1,2,6,7,4,2,1,4,3,2,36,1,0,11,61,9,4,15,0,0,0,9,5,0,0,230,888
248,balanced,2,cave,こだま洞くつ,3,7,2,1,1,7,7,10,4,3,1,0,3,2,1,27,2,1,8,63,4,1,21,0,0,0,10,8,0,0,1146,2896
248,balanced,3,brook,しずく湖畔,5,10,3,1,1,11,11,12,3,2,1,0,4,1,0,9,2,2,6,27,1,1,9,0,0,0,8,0,0,0,2683,3906
248,balanced,4,volcano,ほむら火山,8,14,4,1,1,12,13,18,14,13,1,0,3,6,5,36,2,2,22,78,5,1,8,0,0,0,24,59,0,0,3026,1240
248,balanced,5,tower,星晶の塔,12,20,5,1,1,18,18,31,84,83,0,1,8,40,39,242,2,2,126,455,41,5,12,0,1,0,134,180,0,0,961,3475
248,balanced,6,snowfield,霜降り雪原,16,25,4,1,1,31,32,36,24,23,1,0,3,11,10,98,2,2,37,175,6,1,20,0,0,0,36,119,0,0,2692,2413
248,balanced,7,thunder_ruins,雷鳴遺跡,21,31,5,1,1,36,36,39,19,19,0,0,7,8,7,166,2,2,29,226,7,2,29,0,0,0,31,93,0,0,1870,3151
248,balanced,8,prism_sanctuary,虹晶聖域,28,42,6,1,1,39,40,60,143,123,1,19,24,60,59,384,2,2,205,1032,30,2,27,0,0,0,261,699,0,0,2441,7179
248,balanced,9,poison_bog,毒霧の沼地,34,48,5,1,1,60,60,63,17,16,1,0,3,7,6,42,2,2,26,90,5,1,8,0,0,0,25,242,0,0,5560,5727
248,balanced,10,machine_city,古代機械都市,39,57,6,1,1,63,64,70,38,37,1,0,7,17,16,139,2,2,57,279,14,2,17,0,0,0,59,388,0,0,4436,12942
248,balanced,11,deep_sea_temple,深海神殿,46,66,6,1,1,70,70,86,78,77,1,0,3,37,36,1587,2,2,117,1960,17,1,63,26,0,0,120,1029,0,0,10023,17074
248,balanced,12,demon_gate,魔界門,54,76,7,1,1,86,88,100,100,98,1,1,4,47,46,4751,2,2,149,5102,42,1,217,47,0,0,156,1015,0,0,13223,28805
248,balanced,13,sky_ruins,天空遺跡,68,86,7,1,1,100,100,100,50,48,1,1,5,22,21,2856,2,2,74,3031,2,1,219,22,0,0,75,0,0,0,22308,38678
249,collector,1,meadow,はじまり草原,1,4,2,1,1,1,3,7,15,13,1,1,3,5,4,58,1,0,21,104,14,3,15,0,0,0,11,0,0,0,230,2000
249,collector,2,cave,こだま洞くつ,3,7,2,1,1,8,8,12,14,13,1,0,3,5,4,116,2,1,21,185,18,3,28,0,0,0,21,20,0,0,2278,1757
249,collector,3,brook,しずく湖畔,5,10,3,1,1,13,13,15,9,8,1,0,7,3,2,27,5,5,17,91,3,2,13,0,0,0,22,14,0,0,1681,2249
249,collector,4,volcano,ほむら火山,8,14,4,1,1,15,16,20,31,30,1,0,8,10,9,83,5,4,46,196,5,1,15,0,0,0,43,23,0,0,1188,1627
249,collector,5,tower,星晶の塔,12,20,5,1,1,19,20,26,39,36,2,1,10,12,11,261,5,5,56,550,16,2,52,2,0,0,59,68,0,0,2784,2740
249,collector,6,snowfield,霜降り雪原,16,25,4,1,1,26,25,29,25,23,2,0,8,8,7,626,5,5,38,708,12,2,105,6,0,0,41,84,0,0,1448,2930
249,collector,7,thunder_ruins,雷鳴遺跡,21,31,5,1,1,29,30,34,23,21,2,0,8,7,6,422,5,5,35,512,9,1,81,5,0,0,37,72,0,0,1548,5862
249,collector,8,prism_sanctuary,虹晶聖域,28,42,6,1,1,34,35,53,99,95,1,3,10,31,30,319,5,5,135,2075,20,2,102,22,0,0,144,498,0,0,3095,5618
249,collector,9,poison_bog,毒霧の沼地,34,48,5,1,1,53,53,65,83,81,2,0,10,27,26,564,5,5,115,1137,8,2,60,1,0,0,114,595,1,0,2966,11468
249,collector,10,machine_city,古代機械都市,39,57,6,1,1,65,66,74,54,51,3,0,8,17,16,1120,5,5,76,1872,14,2,111,18,0,0,72,489,0,0,6054,15150
249,collector,11,deep_sea_temple,深海神殿,46,66,6,1,1,74,75,86,62,58,2,2,9,19,18,2447,5,5,86,3540,20,2,241,27,0,0,83,722,0,0,7997,11311
249,collector,12,demon_gate,魔界門,54,76,7,1,0,86,87,0,256,245,2,9,11,80,80,22543,0,0,336,55441,209,2,297,293,0,0,436,799,0,0,5970,0
249,collector,13,sky_ruins,天空遺跡,68,86,7,0,0,0,0,0,0,0,0,0,0,0,0,0,0,0,0,0,0,0,0,0,0,0,0,0,0,0,0,0
250,rush,1,meadow,はじまり草原,1,4,2,1,1,1,2,7,8,4,1,3,4,4,3,33,0,0,12,55,0,0,11,0,0,0,10,8,0,0,230,675
250,rush,2,cave,こだま洞くつ,3,7,2,1,1,7,7,10,5,4,1,0,1,4,3,43,0,0,9,57,0,0,12,0,0,0,11,15,0,0,675,1393
250,rush,3,brook,しずく湖畔,5,10,3,1,1,10,11,13,5,5,0,0,0,3,2,18,0,0,8,27,0,0,7,0,0,0,8,25,0,0,1393,1167
250,rush,4,volcano,ほむら火山,8,14,4,1,1,13,14,20,24,24,0,0,0,21,20,118,0,0,45,171,0,0,7,0,0,0,62,55,0,0,1167,1986
250,rush,5,tower,星晶の塔,12,20,5,1,1,20,20,31,69,68,0,1,0,64,63,316,0,0,133,519,0,0,8,0,0,0,201,167,0,0,1986,1555
250,rush,6,snowfield,霜降り雪原,16,25,4,1,1,31,31,40,60,60,0,0,0,57,56,360,0,0,117,502,0,0,9,0,0,0,170,224,0,0,1555,2073
250,rush,7,thunder_ruins,雷鳴遺跡,21,31,5,1,0,40,40,0,85,85,0,0,0,80,80,462,0,0,165,628,0,0,8,0,0,0,240,346,0,0,2073,0
250,rush,8,prism_sanctuary,虹晶聖域,28,42,6,0,0,0,0,0,0,0,0,0,0,0,0,0,0,0,0,0,0,0,0,0,0,0,0,0,0,0,0,0
250,rush,9,poison_bog,毒霧の沼地,34,48,5,0,0,0,0,0,0,0,0,0,0,0,0,0,0,0,0,0,0,0,0,0,0,0,0,0,0,0,0,0
250,rush,10,machine_city,古代機械都市,39,57,6,0,0,0,0,0,0,0,0,0,0,0,0,0,0,0,0,0,0,0,0,0,0,0,0,0,0,0,0,0
250,rush,11,deep_sea_temple,深海神殿,46,66,6,0,0,0,0,0,0,0,0,0,0,0,0,0,0,0,0,0,0,0,0,0,0,0,0,0,0,0,0,0
250,rush,12,demon_gate,魔界門,54,76,7,0,0,0,0,0,0,0,0,0,0,0,0,0,0,0,0,0,0,0,0,0,0,0,0,0,0,0,0,0
250,rush,13,sky_ruins,天空遺跡,68,86,7,0,0,0,0,0,0,0,0,0,0,0,0,0,0,0,0,0,0,0,0,0,0,0,0,0,0,0,0,0
251,balanced,1,meadow,はじまり草原,1,4,2,1,1,1,2,7,8,7,1,0,3,4,3,36,2,1,14,72,4,2,11,0,0,0,11,7,0,0,230,792
251,balanced,2,cave,こだま洞くつ,3,7,2,1,1,7,7,11,6,5,1,0,3,3,2,30,2,2,11,59,4,2,17,0,0,0,13,15,0,0,775,2384
251,balanced,3,brook,しずく湖畔,5,10,3,1,1,11,12,14,7,7,0,0,5,3,2,15,2,2,12,37,2,1,7,0,0,0,13,25,0,0,1847,1149
251,balanced,4,volcano,ほむら火山,8,14,4,1,1,14,15,19,18,17,1,0,4,8,7,44,2,2,28,99,6,1,8,0,0,0,30,35,0,0,891,2189
251,balanced,5,tower,星晶の塔,12,20,5,1,1,19,18,24,27,26,1,0,3,12,11,57,2,2,41,122,7,1,8,0,0,0,43,65,0,0,1696,2208
251,balanced,6,snowfield,霜降り雪原,16,25,4,1,1,24,25,31,24,23,1,0,5,11,10,81,2,2,37,148,10,2,24,0,0,0,41,114,0,0,1711,3610
251,balanced,7,thunder_ruins,雷鳴遺跡,21,31,5,1,1,31,32,41,57,56,1,0,4,27,26,166,2,2,86,277,32,2,9,0,0,0,89,248,0,0,2796,3130
251,balanced,8,prism_sanctuary,虹晶聖域,28,42,6,1,1,41,42,64,152,150,0,2,10,73,72,345,2,2,227,791,25,2,9,0,0,0,256,878,0,0,2425,4906
251,balanced,9,poison_bog,毒霧の沼地,34,48,5,1,1,64,64,65,7,6,1,0,6,2,1,55,2,2,11,100,1,1,44,0,0,0,15,81,0,0,3800,8082
251,balanced,10,machine_city,古代機械都市,39,57,6,1,1,65,64,76,77,75,1,1,6,36,35,218,2,2,115,438,26,2,9,0,0,0,123,782,0,0,6260,7145
251,balanced,11,deep_sea_temple,深海神殿,46,66,6,1,1,76,74,88,82,77,1,4,12,37,36,1921,2,2,121,2149,38,2,85,26,0,0,139,978,0,0,5534,14766
251,balanced,12,demon_gate,魔界門,54,76,7,1,1,88,90,100,47,46,1,0,3,21,20,2077,2,2,70,2280,9,1,147,22,0,0,72,867,0,0,11436,22793
251,balanced,13,sky_ruins,天空遺跡,68,86,7,1,1,100,100,100,147,146,1,0,3,71,70,21153,2,2,220,21551,70,1,333,71,0,0,219,0,0,0,17652,38559
252,collector,1,meadow,はじまり草原,1,4,2,1,1,1,3,7,14,13,1,0,4,5,4,55,3,0,22,108,11,4,13,0,0,0,11,1,0,0,230,1306
252,collector,2,cave,こだま洞くつ,3,7,2,1,1,9,9,11,8,7,1,0,7,3,2,51,5,5,16,129,7,2,18,0,0,0,24,11,0,0,3010,2513
252,collector,3,brook,しずく湖畔,5,10,3,1,1,11,12,16,21,19,2,0,8,7,6,49,5,5,33,117,2,1,12,0,0,0,36,19,0,0,1328,1313
252,collector,4,volcano,ほむら火山,8,14,4,1,1,16,14,15,4,0,4,0,9,1,0,5,5,5,10,65,0,0,8,0,0,0,21,0,0,0,695,3722
252,collector,5,tower,星晶の塔,12,20,5,1,1,15,15,17,12,8,3,1,9,3,2,25,5,5,20,95,0,0,11,0,0,0,30,21,0,0,1966,2292
252,collector,6,snowfield,霜降り雪原,16,25,4,1,1,17,18,24,19,17,2,0,9,6,5,122,5,5,30,205,6,1,52,1,0,0,35,60,0,0,1210,2949
252,collector,7,thunder_ruins,雷鳴遺跡,21,31,5,1,1,24,25,26,11,10,1,0,8,1,0,10,5,5,17,87,3,3,11,0,0,0,21,0,0,0,1558,7689
252,collector,8,prism_sanctuary,虹晶聖域,28,42,6,1,1,26,31,43,62,55,2,5,13,18,17,90,5,5,85,1537,22,2,70,19,0,0,118,306,0,0,4060,5736
252,collector,9,poison_bog,毒霧の沼地,34,48,5,1,1,43,44,47,11,10,1,0,10,3,2,20,5,5,19,94,4,2,9,0,0,0,29,108,0,0,3029,12881
252,collector,10,machine_city,古代機械都市,39,57,6,1,1,47,48,55,30,28,2,0,10,9,8,64,5,5,44,254,8,1,91,1,0,0,43,289,0,0,6799,15173
252,collector,11,deep_sea_temple,深海神殿,46,66,6,1,1,55,56,74,76,70,2,4,13,23,22,1741,5,5,104,2167,19,2,95,25,0,0,103,832,0,0,8009,11194
252,collector,12,demon_gate,魔界門,54,76,7,1,1,74,72,73,10,6,1,3,14,1,0,84,5,5,16,169,1,1,84,1,0,0,35,0,0,0,5909,25620
252,collector,13,sky_ruins,天空遺跡,68,86,7,1,1,73,81,100,82,77,2,3,13,25,24,6636,5,5,112,7011,18,1,290,26,0,0,105,1368,0,0,13523,24815
253,rush,1,meadow,はじまり草原,1,4,2,1,1,1,2,6,7,3,1,3,2,3,2,18,0,0,10,35,0,0,7,0,0,0,8,7,0,0,230,720
253,rush,2,cave,こだま洞くつ,3,7,2,1,1,6,7,11,10,10,0,0,2,9,8,45,0,0,19,73,0,0,7,0,0,0,18,14,0,0,720,1934
253,rush,3,brook,しずく湖畔,5,10,3,1,1,11,11,14,5,4,1,0,1,3,2,16,0,0,8,29,0,0,6,0,0,0,8,28,0,0,1934,1137
253,rush,4,volcano,ほむら火山,8,14,4,1,1,14,14,21,33,33,0,0,0,30,29,153,0,0,63,220,0,0,6,0,0,0,90,76,0,0,1137,972
253,rush,5,tower,星晶の塔,12,20,5,1,0,21,22,0,85,85,0,0,0,80,80,361,0,0,165,573,0,0,6,0,0,0,251,183,0,0,972,0
253,rush,6,snowfield,霜降り雪原,16,25,4,0,0,0,0,0,0,0,0,0,0,0,0,0,0,0,0,0,0,0,0,0,0,0,0,0,0,0,0,0
253,rush,7,thunder_ruins,雷鳴遺跡,21,31,5,0,0,0,0,0,0,0,0,0,0,0,0,0,0,0,0,0,0,0,0,0,0,0,0,0,0,0,0,0
253,rush,8,prism_sanctuary,虹晶聖域,28,42,6,0,0,0,0,0,0,0,0,0,0,0,0,0,0,0,0,0,0,0,0,0,0,0,0,0,0,0,0,0
253,rush,9,poison_bog,毒霧の沼地,34,48,5,0,0,0,0,0,0,0,0,0,0,0,0,0,0,0,0,0,0,0,0,0,0,0,0,0,0,0,0,0
253,rush,10,machine_city,古代機械都市,39,57,6,0,0,0,0,0,0,0,0,0,0,0,0,0,0,0,0,0,0,0,0,0,0,0,0,0,0,0,0,0
253,rush,11,deep_sea_temple,深海神殿,46,66,6,0,0,0,0,0,0,0,0,0,0,0,0,0,0,0,0,0,0,0,0,0,0,0,0,0,0,0,0,0
253,rush,12,demon_gate,魔界門,54,76,7,0,0,0,0,0,0,0,0,0,0,0,0,0,0,0,0,0,0,0,0,0,0,0,0,0,0,0,0,0
253,rush,13,sky_ruins,天空遺跡,68,86,7,0,0,0,0,0,0,0,0,0,0,0,0,0,0,0,0,0,0,0,0,0,0,0,0,0,0,0,0,0
254,balanced,1,meadow,はじまり草原,1,4,2,1,1,1,2,6,7,4,2,1,4,3,2,36,1,0,11,63,4,2,15,0,0,0,10,5,0,0,230,892
254,balanced,2,cave,こだま洞くつ,3,7,2,1,1,7,7,11,8,7,1,0,3,4,3,52,2,2,14,99,7,2,17,0,0,0,18,15,0,0,1150,2552
254,balanced,3,brook,しずく湖畔,5,10,3,1,1,11,12,14,5,4,1,0,3,2,1,12,2,2,9,36,0,0,8,0,0,0,11,16,0,0,1977,2179
254,balanced,4,volcano,ほむら火山,8,14,4,1,1,14,13,17,15,13,1,1,6,6,5,42,2,2,23,92,7,1,9,0,0,0,26,38,0,0,1688,1213
254,balanced,5,tower,星晶の塔,12,20,5,1,1,17,18,21,11,10,1,0,3,4,3,23,2,2,17,71,5,2,9,0,0,0,21,40,0,0,940,1885
254,balanced,6,snowfield,霜降り雪原,16,25,4,1,1,21,21,27,14,13,1,0,3,6,5,60,2,2,22,108,1,1,14,0,0,0,22,88,0,0,1460,3953
254,balanced,7,thunder_ruins,雷鳴遺跡,21,31,5,1,1,27,28,30,9,8,1,0,3,3,2,29,2,2,14,64,4,2,13,0,0,0,14,64,0,0,3062,3133
254,balanced,8,prism_sanctuary,虹晶聖域,28,42,6,1,1,30,34,47,70,63,1,6,14,30,29,162,2,2,102,397,21,3,10,0,0,0,123,382,0,0,2428,4920
254,balanced,9,poison_bog,毒霧の沼地,34,48,5,1,1,47,47,49,7,6,1,0,4,2,1,10,2,2,11,37,1,1,8,0,0,0,11,81,0,0,3811,11614
254,balanced,10,machine_city,古代機械都市,39,57,6,1,1,49,50,55,18,17,1,0,6,7,6,47,2,2,27,106,5,2,10,0,0,0,28,263,0,0,8995,7156
254,balanced,11,deep_sea_temple,深海神殿,46,66,6,1,1,55,56,78,90,90,0,0,8,43,42,262,2,2,135,508,44,3,11,0,0,0,155,1149,0,0,5543,14934
254,balanced,12,demon_gate,魔界門,54,76,7,1,1,78,78,88,37,36,1,0,3,16,15,114,2,2,55,229,18,2,9,0,0,0,60,745,0,0,11565,21274
254,balanced,13,sky_ruins,天空遺跡,68,86,7,1,1,88,88,100,55,54,1,0,5,25,24,180,2,2,82,319,30,1,8,0,0,0,82,1108,0,0,16476,26215
255,collector,1,meadow,はじまり草原,1,4,2,1,1,1,3,7,16,13,1,2,5,5,4,57,3,0,24,140,18,4,16,0,0,0,13,0,0,0,230,1298
255,collector,2,cave,こだま洞くつ,3,7,2,1,1,9,9,12,11,10,1,0,6,4,3,95,5,5,20,176,7,2,30,0,0,0,25,18,0,0,3002,1836
255,collector,3,brook,しずく湖畔,5,10,3,1,1,12,9,12,12,9,3,0,8,4,3,27,5,5,21,82,2,1,13,0,0,0,26,6,0,0,971,2196
255,collector,4,volcano,ほむら火山,8,14,4,1,1,12,12,19,31,29,2,0,9,10,9,257,5,5,46,400,14,2,36,0,0,0,47,24,0,0,1161,2826
255,collector,5,tower,星晶の塔,12,20,5,1,1,19,18,22,25,20,3,2,10,7,6,69,5,5,37,238,3,2,36,0,0,0,46,31,0,0,1493,2270
255,collector,6,snowfield,霜降り雪原,16,25,4,1,1,22,23,30,28,27,1,0,8,9,8,565,5,5,42,651,7,2,86,6,0,0,43,96,0,0,1200,2942
255,collector,7,thunder_ruins,雷鳴遺跡,21,31,5,1,1,30,28,34,26,24,2,0,7,8,7,500,5,5,39,578,13,2,87,5,0,0,39,82,0,0,1555,6357
255,collector,8,prism_sanctuary,虹晶聖域,28,42,6,1,1,34,35,52,101,94,2,5,12,31,30,362,5,5,137,2687,13,2,106,28,0,0,147,477,0,0,3357,5676
255,collector,9,poison_bog,毒霧の沼地,34,48,5,1,1,52,52,54,11,8,3,0,8,3,2,53,5,5,19,102,1,1,24,0,0,0,23,111,0,0,2997,12282
255,collector,10,machine_city,古代機械都市,39,57,6,1,1,54,55,74,118,111,3,4,13,37,36,1098,5,5,160,2677,57,2,142,25,0,0,215,959,1,0,6483,15033
255,collector,11,deep_sea_temple,深海神殿,46,66,6,1,1,74,74,96,145,135,3,7,15,45,44,13091,5,5,195,15464,100,2,346,59,0,0,185,1542,0,0,7935,11106
255,collector,12,demon_gate,魔界門,54,76,7,1,1,96,98,100,23,20,2,1,8,6,5,1684,5,5,34,3686,12,2,359,18,0,0,43,279,0,0,5863,22204
255,collector,13,sky_ruins,天空遺跡,68,86,7,1,0,100,98,0,14,4,3,7,10,1,0,400,0,0,15,489,0,0,400,1,0,1,24,0,0,0,11720,0
256,rush,1,meadow,はじまり草原,1,4,2,1,1,1,2,7,4,3,1,0,1,3,2,20,0,0,7,29,0,0,8,0,0,0,5,8,0,0,230,712
256,rush,2,cave,こだま洞くつ,3,7,2,1,1,7,7,10,4,2,1,1,3,2,1,14,0,0,6,32,0,0,7,0,0,0,6,11,0,0,712,757
256,rush,3,brook,しずく湖畔,5,10,3,1,1,10,10,13,5,5,0,0,0,3,2,16,0,0,8,26,0,0,6,0,0,0,8,24,0,0,757,1434
256,rush,4,volcano,ほむら火山,8,14,4,1,1,13,14,17,10,10,0,0,0,7,6,41,0,0,17,57,0,0,7,0,0,0,20,32,0,0,1434,960
256,rush,5,tower,星晶の塔,12,20,5,1,1,17,18,28,53,53,0,0,0,49,48,238,0,0,102,341,0,0,7,0,0,0,146,150,0,0,960,1527
256,rush,6,snowfield,霜降り雪原,16,25,4,1,1,28,29,37,47,47,0,0,0,44,43,250,0,0,91,335,0,0,8,0,0,0,131,178,0,0,1527,2071
256,rush,7,thunder_ruins,雷鳴遺跡,21,31,5,1,1,37,37,44,42,42,0,0,0,38,37,205,0,0,80,266,0,0,7,0,0,0,113,188,0,0,2071,3841
256,rush,8,prism_sanctuary,虹晶聖域,28,42,6,1,0,44,45,0,86,86,0,0,0,80,80,319,0,0,166,581,0,0,6,0,0,0,278,557,0,0,3841,0
256,rush,9,poison_bog,毒霧の沼地,34,48,5,0,0,0,0,0,0,0,0,0,0,0,0,0,0,0,0,0,0,0,0,0,0,0,0,0,0,0,0,0
256,rush,10,machine_city,古代機械都市,39,57,6,0,0,0,0,0,0,0,0,0,0,0,0,0,0,0,0,0,0,0,0,0,0,0,0,0,0,0,0,0
256,rush,11,deep_sea_temple,深海神殿,46,66,6,0,0,0,0,0,0,0,0,0,0,0,0,0,0,0,0,0,0,0,0,0,0,0,0,0,0,0,0,0
256,rush,12,demon_gate,魔界門,54,76,7,0,0,0,0,0,0,0,0,0,0,0,0,0,0,0,0,0,0,0,0,0,0,0,0,0,0,0,0,0
256,rush,13,sky_ruins,天空遺跡,68,86,7,0,0,0,0,0,0,0,0,0,0,0,0,0,0,0,0,0,0,0,0,0,0,0,0,0,0,0,0,0
257,balanced,1,meadow,はじまり草原,1,4,2,1,1,1,2,7,9,7,1,1,4,4,3,46,2,0,15,100,11,3,15,0,0,0,11,7,0,0,230,762
257,balanced,2,cave,こだま洞くつ,3,7,2,1,1,8,9,11,4,3,1,0,3,2,1,10,2,2,8,37,0,0,11,0,0,0,10,12,0,0,2238,2369
257,balanced,3,brook,しずく湖畔,5,10,3,1,1,11,12,14,7,6,1,0,4,3,2,26,2,2,12,54,4,2,10,0,0,0,13,29,0,0,1835,1186
257,balanced,4,volcano,ほむら火山,8,14,4,1,1,14,14,17,8,7,1,0,4,3,2,17,2,2,13,42,2,1,6,0,0,0,13,25,0,0,919,1212
257,balanced,5,tower,星晶の塔,12,20,5,1,1,17,17,21,13,12,1,0,4,5,4,32,2,2,20,70,3,2,12,0,0,0,22,48,0,0,939,3112
257,balanced,6,snowfield,霜降り雪原,16,25,4,1,1,21,22,25,8,7,1,0,4,3,2,93,2,2,13,131,1,1,37,0,0,0,16,63,0,0,2411,3542
257,balanced,7,thunder_ruins,雷鳴遺跡,21,31,5,1,1,25,25,30,21,21,0,0,7,9,8,109,2,2,32,176,5,2,21,0,0,0,37,108,0,0,2743,3098
257,balanced,8,prism_sanctuary,虹晶聖域,28,42,6,1,1,30,31,46,67,64,0,3,11,30,29,197,2,2,99,457,5,1,20,0,0,0,124,377,0,0,2400,7109
257,balanced,9,poison_bog,毒霧の沼地,34,48,5,1,1,46,47,52,21,20,1,0,5,9,8,83,2,2,32,140,4,2,15,0,0,0,35,258,0,0,5506,5803
257,balanced,10,machine_city,古代機械都市,39,57,6,1,1,52,53,59,28,27,1,0,6,12,11,121,2,2,42,207,3,2,16,0,0,0,47,294,0,0,4495,12060
257,balanced,11,deep_sea_temple,深海神殿,46,66,6,1,1,59,59,86,126,123,1,2,8,60,59,698,2,2,188,1113,18,1,144,2,0,0,212,1540,0,0,9340,17784
257,balanced,12,demon_gate,魔界門,54,76,7,1,1,86,88,100,55,54,1,0,4,25,24,3983,2,2,82,4963,30,1,179,30,0,0,92,1018,0,0,13772,17916
257,balanced,13,sky_ruins,天空遺跡,68,86,7,1,0,100,100,0,167,167,0,0,7,80,80,13842,0,0,247,14370,9,2,176,80,0,0,267,0,0,0,13875,0
258,collector,1,meadow,はじまり草原,1,4,2,1,1,1,2,6,8,6,2,0,3,3,2,34,1,0,12,62,8,3,15,0,0,0,8,1,0,0,230,1157
258,collector,2,cave,こだま洞くつ,3,7,2,1,1,6,6,10,8,7,1,0,5,3,2,44,4,2,15,114,9,3,20,0,0,0,10,8,0,0,1415,2857
258,collector,3,brook,しずく湖畔,5,10,3,1,1,11,7,13,18,16,2,0,7,6,5,31,5,4,29,92,6,2,13,0,0,0,19,19,0,0,2712,2196
258,collector,4,volcano,ほむら火山,8,14,4,1,1,15,15,17,7,4,3,0,9,2,1,10,5,4,14,59,1,1,8,0,0,0,17,9,0,0,2726,4040
258,collector,5,tower,星晶の塔,12,20,5,1,1,17,17,22,23,21,2,0,9,7,6,43,5,5,35,157,2,1,28,0,0,0,37,46,0,0,2682,4484
258,collector,6,snowfield,霜降り雪原,16,25,4,1,1,22,23,29,25,22,3,0,9,8,7,262,5,5,38,354,8,3,45,0,0,0,42,97,0,0,2369,3455
258,collector,7,thunder_ruins,雷鳴遺跡,21,31,5,1,1,29,30,33,11,9,2,0,8,3,2,67,5,5,19,155,0,0,47,0,0,0,24,31,0,0,1826,8406
258,collector,8,prism_sanctuary,虹晶聖域,28,42,6,1,1,33,30,52,125,113,1,11,18,37,36,221,5,5,167,2142,19,2,76,19,0,0,175,551,1,0,4438,12619
258,collector,9,poison_bog,毒霧の沼地,34,48,5,1,1,52,53,54,8,5,3,0,10,2,1,14,5,5,15,65,1,1,8,0,0,0,22,75,0,0,6661,11042
258,collector,10,machine_city,古代機械都市,39,57,6,1,1,54,54,56,15,10,2,3,13,3,2,19,5,5,23,219,3,2,84,1,0,0,37,100,0,0,5828,9068
258,collector,11,deep_sea_temple,深海神殿,46,66,6,1,1,56,56,79,113,99,3,11,19,33,32,1783,5,5,151,3669,30,2,284,34,0,0,176,1098,0,0,4788,11401
258,collector,12,demon_gate,魔界門,54,76,7,1,1,79,80,99,88,82,3,3,11,27,26,6733,5,5,120,18518,72,2,345,106,0,0,178,1262,0,0,6019,15462
258,collector,13,sky_ruins,天空遺跡,68,86,7,1,0,99,99,0,250,244,3,3,7,80,80,29241,0,0,330,35171,80,2,368,127,0,0,306,43,0,0,8162,0
259,rush,1,meadow,はじまり草原,1,4,2,1,1,1,2,7,4,3,1,0,1,3,2,23,0,0,7,34,0,0,9,0,0,0,5,8,0,0,230,718
259,rush,2,cave,こだま洞くつ,3,7,2,1,1,7,7,12,11,11,0,0,2,10,9,60,0,0,21,87,0,0,8,0,0,0,20,22,0,0,718,1388
259,rush,3,brook,しずく湖畔,5,10,3,1,1,12,12,14,4,3,1,0,1,2,1,9,0,0,6,17,0,0,5,0,0,0,4,20,0,0,1388,1141
259,rush,4,volcano,ほむら火山,8,14,4,1,1,14,15,19,17,17,0,0,0,14,13,71,0,0,31,104,0,0,6,0,0,0,43,34,0,0,1141,1903
259,rush,5,tower,星晶の塔,12,20,5,1,1,19,20,25,26,26,0,0,0,22,21,85,0,0,48,131,0,0,5,0,0,0,66,87,0,0,1903,2406
259,rush,6,snowfield,霜降り雪原,16,25,4,1,1,25,26,34,42,42,0,0,0,39,38,217,0,0,81,275,0,0,7,0,0,0,115,186,0,0,2406,2094
259,rush,7,thunder_ruins,雷鳴遺跡,21,31,5,1,1,34,35,47,82,82,0,0,0,78,77,371,0,0,160,482,0,0,6,0,0,0,233,341,0,0,2094,3912
259,rush,8,prism_sanctuary,虹晶聖域,28,42,6,1,0,47,48,0,86,86,0,0,0,80,80,331,0,0,166,530,0,0,6,0,0,0,257,564,0,0,3912,0
259,rush,9,poison_bog,毒霧の沼地,34,48,5,0,0,0,0,0,0,0,0,0,0,0,0,0,0,0,0,0,0,0,0,0,0,0,0,0,0,0,0,0
259,rush,10,machine_city,古代機械都市,39,57,6,0,0,0,0,0,0,0,0,0,0,0,0,0,0,0,0,0,0,0,0,0,0,0,0,0,0,0,0,0
259,rush,11,deep_sea_temple,深海神殿,46,66,6,0,0,0,0,0,0,0,0,0,0,0,0,0,0,0,0,0,0,0,0,0,0,0,0,0,0,0,0,0
259,rush,12,demon_gate,魔界門,54,76,7,0,0,0,0,0,0,0,0,0,0,0,0,0,0,0,0,0,0,0,0,0,0,0,0,0,0,0,0,0
259,rush,13,sky_ruins,天空遺跡,68,86,7,0,0,0,0,0,0,0,0,0,0,0,0,0,0,0,0,0,0,0,0,0,0,0,0,0,0,0,0,0
260,balanced,1,meadow,はじまり草原,1,4,2,1,1,1,2,6,6,4,2,0,3,3,2,36,1,0,10,60,5,3,16,0,0,0,8,5,0,0,230,909
260,balanced,2,cave,こだま洞くつ,3,7,2,1,1,7,7,11,6,5,1,0,3,3,2,53,2,0,11,87,3,1,23,0,0,0,12,16,0,0,2107,2477
260,balanced,3,brook,しずく湖畔,5,10,3,1,1,12,12,14,5,4,1,0,4,2,1,16,2,2,9,40,4,2,10,0,0,0,11,14,0,0,3005,2758
260,balanced,4,volcano,ほむら火山,8,14,4,1,1,14,12,18,20,17,1,2,8,8,7,53,2,2,30,133,2,1,11,0,0,0,40,43,0,0,2137,3656
260,balanced,5,tower,星晶の塔,12,20,5,1,1,18,19,26,37,36,1,0,3,17,16,88,2,2,56,160,0,0,8,0,0,0,57,110,0,0,2832,1843
260,balanced,6,snowfield,霜降り雪原,16,25,4,1,1,26,26,31,24,21,1,2,8,10,9,86,2,2,36,165,0,0,23,0,0,0,44,88,0,0,1428,2897
260,balanced,7,thunder_ruins,雷鳴遺跡,21,31,5,1,1,31,31,44,75,74,1,0,3,36,35,322,2,2,113,451,0,0,36,0,0,0,113,313,0,0,2244,5242
260,balanced,8,prism_sanctuary,虹晶聖域,28,42,6,1,1,44,44,62,134,133,1,0,4,65,64,346,2,2,201,768,22,1,13,0,0,0,217,819,0,0,4060,4923
260,balanced,9,poison_bog,毒霧の沼地,34,48,5,1,1,62,62,64,7,6,1,0,3,2,1,28,2,2,11,54,0,0,19,0,0,0,11,78,0,0,3814,10671
260,balanced,10,machine_city,古代機械都市,39,57,6,1,1,64,65,72,38,37,1,0,3,17,16,112,2,2,57,197,14,2,12,0,0,0,59,501,0,0,8265,14299
260,balanced,11,deep_sea_temple,深海神殿,46,66,6,1,1,72,71,89,98,97,1,0,3,47,46,359,2,2,147,690,28,1,17,0,0,0,153,1315,0,0,11074,9945
260,balanced,12,demon_gate,魔界門,54,76,7,1,0,89,91,0,167,166,1,0,1,80,80,12229,0,0,247,12684,20,1,197,69,0,0,245,769,0,0,7702,0
260,balanced,13,sky_ruins,天空遺跡,68,86,7,0,0,0,0,0,0,0,0,0,0,0,0,0,0,0,0,0,0,0,0,0,0,0,0,0,0,0,0,0
261,collector,1,meadow,はじまり草原,1,4,2,1,1,1,2,7,19,13,1,5,7,5,4,64,2,0,26,134,17,2,17,0,0,0,16,0,0,0,230,1303
261,collector,2,cave,こだま洞くつ,3,7,2,1,1,9,9,11,8,7,1,0,2,3,2,53,1,0,12,84,3,2,24,0,0,0,4,11,0,0,2929,2224
261,collector,3,brook,しずく湖畔,5,10,3,1,1,12,8,13,15,13,2,0,7,5,4,38,5,4,25,91,8,3,12,0,0,0,18,23,0,0,2798,2226
261,collector,4,volcano,ほむら火山,8,14,4,1,1,15,15,17,10,8,2,0,7,3,2,49,5,5,18,104,5,2,18,0,0,0,23,22,0,0,2181,2307
261,collector,5,tower,星晶の塔,12,20,5,1,1,17,18,24,47,45,2,0,8,15,14,133,5,5,67,372,10,2,24,0,0,0,68,60,0,0,1220,2293
261,collector,6,snowfield,霜降り雪原,16,25,4,1,1,24,25,31,31,27,4,0,9,10,9,386,5,5,46,507,15,2,48,0,0,0,45,101,0,0,1211,5108
261,collector,7,thunder_ruins,雷鳴遺跡,21,31,5,1,1,31,32,37,26,25,1,0,6,8,7,259,5,5,39,353,6,1,35,0,0,0,39,100,0,0,2699,3657
261,collector,8,prism_sanctuary,虹晶聖域,28,42,6,1,1,37,37,53,93,86,1,6,16,28,27,684,5,5,126,1549,17,2,52,1,0,0,149,416,1,0,1932,10391
261,collector,9,poison_bog,毒霧の沼地,34,48,5,1,1,53,51,53,8,5,3,0,9,2,1,59,5,5,15,117,1,1,43,0,0,0,22,44,1,0,5486,18916
261,collector,10,machine_city,古代機械都市,39,57,6,1,1,53,54,55,6,4,2,0,9,1,0,26,5,5,12,139,0,0,26,0,0,0,22,0,0,0,9984,18782
261,collector,11,deep_sea_temple,深海神殿,46,66,6,1,1,55,51,75,97,92,1,4,11,30,29,1841,5,5,132,2865,26,2,84,27,0,0,155,1064,0,0,9914,10984
261,collector,12,demon_gate,魔界門,54,76,7,1,1,75,77,87,36,33,1,2,13,10,9,1177,5,5,51,1359,14,2,156,9,0,0,49,549,0,0,5799,15774
261,collector,13,sky_ruins,天空遺跡,68,86,7,1,0,87,88,0,247,244,3,0,4,80,80,24483,0,0,327,25121,76,2,315,80,0,0,242,920,0,0,8326,0
262,rush,1,meadow,はじまり草原,1,4,2,1,1,1,3,7,4,3,1,0,1,3,2,25,0,0,7,37,0,0,10,0,0,0,5,9,0,0,230,677
262,rush,2,cave,こだま洞くつ,3,7,2,1,1,7,7,12,11,10,1,0,1,10,9,80,0,0,21,110,0,0,10,0,0,0,30,21,0,0,677,1401
262,rush,3,brook,しずく湖畔,5,10,3,1,1,12,12,15,7,7,0,0,0,5,4,33,0,0,12,44,0,0,7,0,0,0,13,22,0,0,1401,1378
262,rush,4,volcano,ほむら火山,8,14,4,1,1,15,15,21,27,27,0,0,0,24,23,132,0,0,51,191,0,0,7,0,0,0,71,70,0,0,1378,979
262,rush,5,tower,星晶の塔,12,20,5,1,1,21,22,31,65,64,0,1,0,60,59,285,0,0,125,460,0,0,7,0,0,0,189,139,0,0,979,1996
262,rush,6,snowfield,霜降り雪原,16,25,4,1,1,31,31,42,81,81,0,0,0,78,77,441,0,0,159,605,0,0,8,0,0,0,233,284,0,0,1996,1994
262,rush,7,thunder_ruins,雷鳴遺跡,21,31,5,1,0,42,42,0,85,85,0,0,0,80,80,433,0,0,165,592,0,0,7,0,0,0,240,347,0,0,1994,0
262,rush,8,prism_sanctuary,虹晶聖域,28,42,6,0,0,0,0,0,0,0,0,0,0,0,0,0,0,0,0,0,0,0,0,0,0,0,0,0,0,0,0,0
262,rush,9,poison_bog,毒霧の沼地,34,48,5,0,0,0,0,0,0,0,0,0,0,0,0,0,0,0,0,0,0,0,0,0,0,0,0,0,0,0,0,0
262,rush,10,machine_city,古代機械都市,39,57,6,0,0,0,0,0,0,0,0,0,0,0,0,0,0,0,0,0,0,0,0,0,0,0,0,0,0,0,0,0
262,rush,11,deep_sea_temple,深海神殿,46,66,6,0,0,0,0,0,0,0,0,0,0,0,0,0,0,0,0,0,0,0,0,0,0,0,0,0,0,0,0,0
262,rush,12,demon_gate,魔界門,54,76,7,0,0,0,0,0,0,0,0,0,0,0,0,0,0,0,0,0,0,0,0,0,0,0,0,0,0,0,0,0
262,rush,13,sky_ruins,天空遺跡,68,86,7,0,0,0,0,0,0,0,0,0,0,0,0,0,0,0,0,0,0,0,0,0,0,0,0,0,0,0,0,0
263,balanced,1,meadow,はじまり草原,1,4,2,1,1,1,2,6,8,5,1,2,4,3,2,25,1,0,12,62,4,2,10,0,0,0,10,5,0,0,230,892
263,balanced,2,cave,こだま洞くつ,3,7,2,1,1,6,5,10,6,5,1,0,3,3,2,43,2,0,11,92,9,4,20,0,0,0,6,14,0,0,970,2592
263,balanced,3,brook,しずく湖畔,5,10,3,1,1,11,11,12,3,2,1,0,3,1,0,9,2,2,6,24,0,0,9,0,0,0,4,0,0,0,2860,3704
263,balanced,4,volcano,ほむら火山,8,14,4,1,1,12,13,17,10,9,1,0,2,4,3,41,1,0,15,66,6,2,19,0,0,0,14,44,0,0,2869,2437
263,balanced,5,tower,星晶の塔,12,20,5,1,1,17,18,23,13,12,1,0,4,5,4,45,2,2,20,99,1,1,13,0,0,0,20,77,0,0,3234,1820
263,balanced,6,snowfield,霜降り雪原,16,25,4,1,1,23,24,32,32,31,1,0,3,15,14,149,2,2,49,238,17,2,29,0,0,0,49,140,0,0,1410,4667
263,balanced,7,thunder_ruins,雷鳴遺跡,21,31,5,1,1,32,32,35,13,12,1,0,3,5,4,65,2,2,20,101,3,1,30,0,0,0,19,93,0,0,3615,3079
263,balanced,8,prism_sanctuary,虹晶聖域,28,42,6,1,1,35,35,55,107,105,1,1,6,51,50,303,2,2,160,718,19,1,22,0,0,0,176,616,0,0,2385,9589
263,balanced,9,poison_bog,毒霧の沼地,34,48,5,1,1,55,56,58,7,6,1,0,4,2,1,14,2,2,11,39,1,1,9,0,0,0,11,135,0,0,7427,12973
263,balanced,10,machine_city,古代機械都市,39,57,6,1,1,58,59,67,44,43,1,0,3,20,19,188,2,2,66,328,17,2,34,0,0,0,66,561,0,0,10047,7285
263,balanced,11,deep_sea_temple,深海神殿,46,66,6,1,1,67,66,87,104,103,1,0,3,50,49,1897,2,2,156,2399,67,2,63,30,0,0,171,1297,0,0,5642,9860
263,balanced,12,demon_gate,魔界門,54,76,7,1,1,87,88,100,105,102,1,2,10,49,48,3415,2,2,156,4117,65,2,75,54,0,0,190,883,0,0,7636,28661
263,balanced,13,sky_ruins,天空遺跡,68,86,7,1,0,100,100,0,167,166,1,0,3,80,80,5922,0,0,247,6379,105,3,75,80,0,0,256,0,0,0,22196,0
264,collector,1,meadow,はじまり草原,1,4,2,1,1,1,3,7,16,13,1,2,2,5,4,60,1,0,22,110,18,5,17,0,1,0,12,0,0,0,230,1296
264,collector,2,cave,こだま洞くつ,3,7,2,1,1,8,5,9,8,7,1,0,6,3,2,39,5,3,16,113,5,2,16,0,0,0,12,8,0,0,2274,2610
264,collector,3,brook,しずく湖畔,5,10,3,1,1,10,10,13,9,8,1,0,7,3,2,16,5,5,17,66,3,1,8,0,0,0,15,10,0,0,2232,1940
264,collector,4,volcano,ほむら火山,8,14,4,1,1,13,14,17,10,8,2,0,8,3,2,18,5,5,18,72,5,2,8,0,0,0,23,19,0,0,1027,3459
264,collector,5,tower,星晶の塔,12,20,5,1,1,17,17,19,21,13,4,4,13,5,4,31,5,5,31,176,12,2,19,0,0,0,47,19,0,0,1827,2254
264,collector,6,snowfield,霜降り雪原,16,25,4,1,1,19,21,27,22,21,1,0,7,7,6,51,5,5,34,138,5,1,13,0,0,0,35,82,0,0,1191,2981
264,collector,7,thunder_ruins,雷鳴遺跡,21,31,5,1,1,27,28,30,8,7,1,0,9,2,1,13,5,5,15,73,5,3,9,0,0,0,20,22,0,0,1576,6322
264,collector,8,prism_sanctuary,虹晶聖域,28,42,6,1,1,30,32,50,107,93,0,14,24,30,29,164,5,5,142,643,59,4,17,0,0,0,166,438,0,0,3338,6315
264,collector,9,poison_bog,毒霧の沼地,34,48,5,1,1,50,51,52,5,2,3,0,9,1,0,7,5,5,11,62,2,2,8,0,0,0,17,0,0,0,3335,17830
264,collector,10,machine_city,古代機械都市,39,57,6,1,1,52,51,55,15,13,2,0,10,4,3,26,5,5,24,116,7,4,11,0,0,0,28,168,0,0,9411,16212
264,collector,11,deep_sea_temple,深海神殿,46,66,6,1,1,55,56,79,101,95,1,5,14,31,30,213,5,5,137,1632,37,2,59,15,0,0,163,1103,0,0,8558,11383
264,collector,12,demon_gate,魔界門,54,76,7,1,1,79,69,73,28,22,3,3,12,7,6,413,5,5,40,1461,13,2,69,21,0,0,62,368,0,0,6009,15375
264,collector,13,sky_ruins,天空遺跡,68,86,7,1,1,73,74,90,58,53,2,3,11,17,16,1271,5,5,80,1462,25,2,82,17,0,0,79,956,0,0,8116,20347
265,rush,1,meadow,はじまり草原,1,4,2,1,1,1,2,7,4,3,1,0,1,3,2,21,0,0,7,33,0,0,9,0,0,0,4,8,0,0,230,708
265,rush,2,cave,こだま洞くつ,3,7,2,1,1,7,7,10,5,4,1,0,1,4,3,40,0,0,9,53,0,0,11,0,0,0,11,15,0,0,708,1410
265,rush,3,brook,しずく湖畔,5,10,3,1,1,10,11,14,6,6,0,0,0,4,3,24,0,0,10,34,0,0,7,0,0,0,10,26,0,0,1410,1174
265,rush,4,volcano,ほむら火山,8,14,4,1,1,14,15,20,22,22,0,0,0,19,18,123,0,0,41,167,0,0,8,0,0,0,56,50,0,0,1174,2205
265,rush,5,tower,星晶の塔,12,20,5,1,1,20,21,31,73,73,0,0,0,69,68,361,0,0,142,551,0,0,9,0,0,0,209,176,0,0,2205,2007
265,rush,6,snowfield,霜降り雪原,16,25,4,1,1,31,32,39,51,51,0,0,0,48,47,318,0,0,99,425,0,0,9,0,0,0,145,199,0,0,2007,2004
265,rush,7,thunder_ruins,雷鳴遺跡,21,31,5,1,0,39,40,0,85,85,0,0,0,80,80,488,0,0,165,657,0,0,8,0,0,0,240,345,0,0,2004,0
265,rush,8,prism_sanctuary,虹晶聖域,28,42,6,0,0,0,0,0,0,0,0,0,0,0,0,0,0,0,0,0,0,0,0,0,0,0,0,0,0,0,0,0
265,rush,9,poison_bog,毒霧の沼地,34,48,5,0,0,0,0,0,0,0,0,0,0,0,0,0,0,0,0,0,0,0,0,0,0,0,0,0,0,0,0,0
265,rush,10,machine_city,古代機械都市,39,57,6,0,0,0,0,0,0,0,0,0,0,0,0,0,0,0,0,0,0,0,0,0,0,0,0,0,0,0,0,0
265,rush,11,deep_sea_temple,深海神殿,46,66,6,0,0,0,0,0,0,0,0,0,0,0,0,0,0,0,0,0,0,0,0,0,0,0,0,0,0,0,0,0
265,rush,12,demon_gate,魔界門,54,76,7,0,0,0,0,0,0,0,0,0,0,0,0,0,0,0,0,0,0,0,0,0,0,0,0,0,0,0,0,0
265,rush,13,sky_ruins,天空遺跡,68,86,7,0,0,0,0,0,0,0,0,0,0,0,0,0,0,0,0,0,0,0,0,0,0,0,0,0,0,0,0,0
266,balanced,1,meadow,はじまり草原,1,4,2,1,1,1,2,7,9,7,1,1,2,4,3,48,1,0,14,82,13,3,17,0,0,0,9,7,0,0,230,780
266,balanced,2,cave,こだま洞くつ,3,7,2,1,1,7,7,11,6,5,1,0,3,3,2,33,2,2,11,66,0,0,14,0,0,0,13,16,0,0,858,2267
266,balanced,3,brook,しずく湖畔,5,10,3,1,1,11,12,14,9,8,1,0,3,4,3,33,2,2,15,60,1,1,13,0,0,0,17,24,0,0,1756,1177
266,balanced,4,volcano,ほむら火山,8,14,4,1,1,14,15,17,6,5,1,0,4,2,1,10,2,2,10,40,1,1,8,0,0,0,12,15,0,0,912,1942
266,balanced,5,tower,星晶の塔,12,20,5,1,1,17,18,26,39,39,0,0,7,18,17,101,2,2,59,184,16,2,8,0,0,0,59,108,0,0,1504,2191
266,balanced,6,snowfield,霜降り雪原,16,25,4,1,1,26,26,33,34,33,1,0,5,16,15,119,2,2,52,204,10,2,10,0,0,0,54,133,0,0,1698,4098
266,balanced,7,thunder_ruins,雷鳴遺跡,21,31,5,1,1,33,34,34,5,4,1,0,3,1,0,9,2,2,8,30,0,0,9,0,0,0,8,0,0,0,3175,6499
266,balanced,8,prism_sanctuary,虹晶聖域,28,42,6,1,1,34,36,51,79,75,1,3,6,36,35,186,2,2,117,600,23,2,36,0,0,0,143,458,0,0,5034,5437
266,balanced,9,poison_bog,毒霧の沼地,34,48,5,1,1,51,51,52,7,6,1,0,7,2,1,11,2,2,11,54,0,0,7,0,0,0,15,87,0,0,4211,7953
266,balanced,10,machine_city,古代機械都市,39,57,6,1,1,52,53,59,29,27,1,1,9,12,11,65,2,2,43,165,10,3,10,0,0,0,50,351,0,0,6160,7250
266,balanced,11,deep_sea_temple,深海神殿,46,66,6,1,1,59,60,84,114,109,1,4,10,53,52,872,2,2,169,1212,66,3,63,10,0,0,194,1329,0,0,5615,14721
266,balanced,12,demon_gate,魔界門,54,76,7,1,1,84,85,100,63,60,1,2,6,28,27,1928,2,2,93,2559,48,2,73,34,0,0,119,1062,0,0,11401,21292
266,balanced,13,sky_ruins,天空遺跡,68,86,7,1,0,100,100,0,167,167,0,0,7,80,80,6014,0,0,247,6897,85,2,76,82,0,0,278,0,0,0,16489,0
267,collector,1,meadow,はじまり草原,1,4,2,1,1,1,3,6,9,7,1,1,6,3,2,29,4,3,16,91,8,3,14,0,0,0,14,0,0,0,230,1125
267,collector,2,cave,こだま洞くつ,3,7,2,1,1,6,4,9,8,6,2,0,7,3,2,50,5,5,16,128,8,4,20,0,0,0,15,6,0,0,846,2629
267,collector,3,brook,しずく湖畔,5,10,3,1,1,9,9,15,24,21,3,0,5,8,7,44,2,1,34,102,2,1,9,0,0,0,29,24,1,0,1389,1414
267,collector,4,volcano,ほむら火山,8,14,4,1,1,13,10,13,7,5,2,0,8,2,1,25,5,5,14,66,0,0,14,0,0,0,12,6,0,0,1452,3178
267,collector,5,tower,星晶の塔,12,20,5,1,1,13,17,24,45,40,1,4,11,13,12,61,5,5,63,389,6,1,16,0,0,0,70,42,0,0,1679,3469
267,collector,6,snowfield,霜降り雪原,16,25,4,1,1,24,24,28,10,8,2,0,9,3,2,115,5,5,18,207,6,3,45,0,0,0,25,43,0,0,1833,5169
267,collector,7,thunder_ruins,雷鳴遺跡,21,31,5,1,1,28,25,34,45,41,3,1,9,14,13,507,5,5,64,843,8,2,69,3,0,0,66,133,1,0,2730,4149
267,collector,8,prism_sanctuary,虹晶聖域,28,42,6,1,1,34,35,56,127,123,0,4,11,40,39,657,5,5,172,3898,23,2,106,40,0,0,189,620,0,0,2192,7837
267,collector,9,poison_bog,毒霧の沼地,34,48,5,1,1,56,55,63,53,50,3,0,9,17,16,238,5,5,75,667,3,1,34,0,0,0,78,402,1,0,4137,6546
267,collector,10,machine_city,古代機械都市,39,57,6,1,1,63,64,72,58,52,2,4,12,17,16,562,5,5,80,1119,6,2,120,7,0,0,83,422,0,0,3456,12928
267,collector,11,deep_sea_temple,深海神殿,46,66,6,1,1,72,73,90,105,97,2,6,15,32,31,6419,5,5,142,7772,33,2,270,38,0,0,137,1105,0,0,6824,18204
267,collector,12,demon_gate,魔界門,54,76,7,1,0,90,92,0,235,219,1,15,18,71,71,22013,0,0,306,48738,165,2,321,221,0,0,363,517,0,0,9609,0
267,collector,13,sky_ruins,天空遺跡,68,86,7,0,0,0,0,0,0,0,0,0,0,0,0,0,0,0,0,0,0,0,0,0,0,0,0,0,0,0,0,0
268,rush,1,meadow,はじまり草原,1,4,2,1,1,1,3,7,5,2,2,1,3,3,2,33,0,0,8,48,0,0,15,0,0,0,9,8,0,0,230,695
268,rush,2,cave,こだま洞くつ,3,7,2,1,1,7,7,10,6,6,0,0,0,5,4,38,0,0,11,53,0,0,9,0,0,0,14,16,0,0,695,1381
268,rush,3,brook,しずく湖畔,5,10,3,1,1,10,11,12,3,3,0,0,0,1,0,6,0,0,4,11,0,0,6,0,0,0,1,0,0,0,1381,2823
268,rush,4,volcano,ほむら火山,8,14,4,1,1,12,13,22,50,49,0,1,0,46,45,246,0,0,96,407,0,0,7,0,0,0,153,109,0,0,2823,970
268,rush,5,tower,星晶の塔,12,20,5,1,0,22,23,0,86,85,0,1,0,80,80,362,0,0,166,601,0,0,7,0,0,0,254,184,0,0,970,0
268,rush,6,snowfield,霜降り雪原,16,25,4,0,0,0,0,0,0,0,0,0,0,0,0,0,0,0,0,0,0,0,0,0,0,0,0,0,0,0,0,0
268,rush,7,thunder_ruins,雷鳴遺跡,21,31,5,0,0,0,0,0,0,0,0,0,0,0,0,0,0,0,0,0,0,0,0,0,0,0,0,0,0,0,0,0
268,rush,8,prism_sanctuary,虹晶聖域,28,42,6,0,0,0,0,0,0,0,0,0,0,0,0,0,0,0,0,0,0,0,0,0,0,0,0,0,0,0,0,0
268,rush,9,poison_bog,毒霧の沼地,34,48,5,0,0,0,0,0,0,0,0,0,0,0,0,0,0,0,0,0,0,0,0,0,0,0,0,0,0,0,0,0
268,rush,10,machine_city,古代機械都市,39,57,6,0,0,0,0,0,0,0,0,0,0,0,0,0,0,0,0,0,0,0,0,0,0,0,0,0,0,0,0,0
268,rush,11,deep_sea_temple,深海神殿,46,66,6,0,0,0,0,0,0,0,0,0,0,0,0,0,0,0,0,0,0,0,0,0,0,0,0,0,0,0,0,0
268,rush,12,demon_gate,魔界門,54,76,7,0,0,0,0,0,0,0,0,0,0,0,0,0,0,0,0,0,0,0,0,0,0,0,0,0,0,0,0,0
268,rush,13,sky_ruins,天空遺跡,68,86,7,0,0,0,0,0,0,0,0,0,0,0,0,0,0,0,0,0,0,0,0,0,0,0,0,0,0,0,0,0
269,balanced,1,meadow,はじまり草原,1,4,2,1,1,1,2,6,6,5,1,0,3,3,2,25,2,1,11,61,6,3,12,0,0,0,8,6,0,0,230,865
269,balanced,2,cave,こだま洞くつ,3,7,2,1,1,7,6,10,6,5,1,0,2,3,2,34,1,0,10,98,1,1,15,0,0,0,6,10,0,0,840,2555
269,balanced,3,brook,しずく湖畔,5,10,3,1,1,11,11,12,5,4,1,0,3,2,1,11,2,2,9,31,1,1,7,0,0,0,11,13,0,0,2929,3182
269,balanced,4,volcano,ほむら火山,8,14,4,1,1,12,13,17,12,11,1,0,3,5,4,41,2,2,19,75,2,2,17,0,0,0,19,38,0,0,2465,1264
269,balanced,5,tower,星晶の塔,12,20,5,1,1,17,18,22,17,12,1,4,9,5,4,22,2,2,24,108,4,1,8,0,0,0,38,43,0,0,980,3068
269,balanced,6,snowfield,霜降り雪原,16,25,4,1,1,22,20,27,20,19,1,0,3,9,8,73,2,2,31,141,2,1,17,0,0,0,34,119,0,0,2376,2403
269,balanced,7,thunder_ruins,雷鳴遺跡,21,31,5,1,1,27,29,31,11,10,1,0,3,4,3,52,2,2,17,80,3,1,29,0,0,0,17,54,0,0,1862,3073
269,balanced,8,prism_sanctuary,虹晶聖域,28,42,6,1,1,31,33,51,94,86,0,8,11,41,40,215,2,2,137,584,16,2,19,0,0,0,167,479,0,0,2381,7095
269,balanced,9,poison_bog,毒霧の沼地,34,48,5,1,1,51,51,52,5,4,1,0,3,1,0,10,2,2,8,38,0,0,10,0,0,0,9,0,0,0,5495,13178
269,balanced,10,machine_city,古代機械都市,39,57,6,1,1,52,53,62,42,41,1,0,6,19,18,154,2,2,63,255,9,1,22,0,0,0,64,537,0,0,10206,12089
269,balanced,11,deep_sea_temple,深海神殿,46,66,6,1,1,62,61,80,85,79,1,5,11,38,37,214,2,2,125,472,43,3,9,0,0,0,148,985,0,0,9363,17055
269,balanced,12,demon_gate,魔界門,54,76,7,1,1,80,80,83,11,10,1,0,3,3,2,19,2,2,16,60,2,1,7,0,0,0,18,322,0,0,13208,14320
269,balanced,13,sky_ruins,天空遺跡,68,86,7,1,1,83,80,96,59,58,1,0,3,27,26,3396,2,2,88,3539,6,1,169,21,0,0,89,1299,0,0,11090,18860
270,collector,1,meadow,はじまり草原,1,4,2,1,1,1,2,7,14,13,1,0,2,5,4,62,1,0,20,114,20,7,20,0,1,0,12,0,0,0,230,1299
270,collector,2,cave,こだま洞くつ,3,7,2,1,1,8,6,10,11,10,1,0,6,4,3,60,5,2,20,185,12,3,21,0,0,0,14,10,0,0,1577,2065
270,collector,3,brook,しずく湖畔,5,10,3,1,1,11,11,16,12,10,2,0,7,4,3,30,5,5,21,98,2,2,11,0,0,0,26,25,0,0,2130,2965
270,collector,4,volcano,ほむら火山,8,14,4,1,1,16,16,18,10,8,2,0,7,3,2,66,5,5,18,154,4,1,22,0,0,0,24,21,0,0,1567,1774
270,collector,5,tower,星晶の塔,12,20,5,1,1,18,17,26,61,52,1,8,13,17,16,219,5,5,83,726,17,3,58,3,0,0,102,61,0,0,938,2263
270,collector,6,snowfield,霜降り雪原,16,25,4,1,1,26,25,29,13,11,2,0,7,4,3,197,5,5,22,279,4,1,56,3,0,0,27,55,0,0,1196,5157
270,collector,7,thunder_ruins,雷鳴遺跡,21,31,5,1,1,29,29,34,26,24,2,0,8,8,7,403,5,5,39,514,5,2,90,3,0,0,38,86,0,0,2724,4224
270,collector,8,prism_sanctuary,虹晶聖域,28,42,6,1,1,34,34,53,123,106,2,15,24,35,34,345,5,5,163,1069,19,2,37,0,0,0,182,522,0,0,2231,10467
270,collector,9,poison_bog,毒霧の沼地,34,48,5,1,1,53,53,56,11,8,3,0,8,3,2,28,5,5,19,88,2,1,13,0,0,0,23,127,0,0,5525,15752
270,collector,10,machine_city,古代機械都市,39,57,6,1,1,56,57,65,45,42,3,0,10,14,13,335,5,5,64,470,6,1,41,0,0,0,56,426,0,0,8315,8260
270,collector,11,deep_sea_temple,深海神殿,46,66,6,1,1,65,65,83,91,87,3,1,9,29,28,2055,5,5,125,2753,31,2,129,28,0,0,118,1010,0,0,4361,11206
270,collector,12,demon_gate,魔界門,54,76,7,1,1,83,85,92,38,35,2,1,9,11,10,1428,5,5,54,3107,39,2,142,28,0,0,78,613,0,0,5916,15679
270,collector,13,sky_ruins,天空遺跡,68,86,7,1,1,92,84,100,76,70,3,3,14,23,22,5257,5,5,104,7108,25,2,255,46,0,0,110,1254,0,0,8276,22285
271,rush,1,meadow,はじまり草原,1,4,2,1,1,1,2,7,10,5,1,4,3,5,4,38,0,0,15,66,0,0,9,0,0,0,12,9,0,0,230,562
271,rush,2,cave,こだま洞くつ,3,7,2,1,1,7,7,10,5,4,1,0,1,4,3,33,0,0,9,43,0,0,10,0,0,0,10,13,0,0,562,1421
271,rush,3,brook,しずく湖畔,5,10,3,1,1,10,11,12,3,3,0,0,0,1,0,6,0,0,4,11,0,0,6,0,0,0,1,0,0,0,1421,2862
271,rush,4,volcano,ほむら火山,8,14,4,1,1,12,13,18,13,13,0,0,0,10,9,56,0,0,23,80,0,0,7,0,0,0,29,63,0,0,2862,991
271,rush,5,tower,星晶の塔,12,20,5,1,1,18,19,28,49,49,0,0,0,45,44,214,0,0,94,326,0,0,7,0,0,0,134,134,0,0,991,1560
271,rush,6,snowfield,霜降り雪原,16,25,4,1,1,28,28,37,52,52,0,0,0,49,48,291,0,0,101,407,0,0,7,0,0,0,146,198,0,0,1560,2029
271,rush,7,thunder_ruins,雷鳴遺跡,21,31,5,1,1,37,38,46,62,62,0,0,0,58,57,309,0,0,120,396,0,0,7,0,0,0,173,262,0,0,2029,3840
271,rush,8,prism_sanctuary,虹晶聖域,28,42,6,1,0,46,47,0,87,86,0,1,0,80,80,334,0,0,167,586,0,0,6,0,0,0,260,552,0,0,3840,0
271,rush,9,poison_bog,毒霧の沼地,34,48,5,0,0,0,0,0,0,0,0,0,0,0,0,0,0,0,0,0,0,0,0,0,0,0,0,0,0,0,0,0
271,rush,10,machine_city,古代機械都市,39,57,6,0,0,0,0,0,0,0,0,0,0,0,0,0,0,0,0,0,0,0,0,0,0,0,0,0,0,0,0,0
271,rush,11,deep_sea_temple,深海神殿,46,66,6,0,0,0,0,0,0,0,0,0,0,0,0,0,0,0,0,0,0,0,0,0,0,0,0,0,0,0,0,0
271,rush,12,demon_gate,魔界門,54,76,7,0,0,0,0,0,0,0,0,0,0,0,0,0,0,0,0,0,0,0,0,0,0,0,0,0,0,0,0,0
271,rush,13,sky_ruins,天空遺跡,68,86,7,0,0,0,0,0,0,0,0,0,0,0,0,0,0,0,0,0,0,0,0,0,0,0,0,0,0,0,0,0
272,balanced,1,meadow,はじまり草原,1,4,2,1,1,1,3,7,6,5,1,0,3,3,2,23,2,0,11,56,3,2,12,0,0,0,7,6,0,0,230,882
272,balanced,2,cave,こだま洞くつ,3,7,2,1,1,8,9,12,6,5,1,0,3,3,2,33,2,2,11,69,8,2,13,0,0,0,15,22,0,0,1658,2092
272,balanced,3,brook,しずく湖畔,5,10,3,1,1,12,12,14,5,4,1,0,4,2,1,12,2,2,9,32,0,0,9,0,0,0,10,12,0,0,1621,1668
272,balanced,4,volcano,ほむら火山,8,14,4,1,1,14,14,21,28,27,1,0,4,13,12,79,2,1,43,158,5,1,9,0,0,0,44,69,0,0,1292,1253
272,balanced,5,tower,星晶の塔,12,20,5,1,1,21,20,26,30,28,1,1,4,13,12,81,2,2,45,201,5,1,14,0,0,0,46,88,0,0,2560,1822
272,balanced,6,snowfield,霜降り雪原,16,25,4,1,1,26,27,32,28,27,1,0,3,13,12,106,2,2,43,180,6,2,14,0,0,0,44,118,0,0,1412,2427
272,balanced,7,thunder_ruins,雷鳴遺跡,21,31,5,1,1,32,33,39,36,34,1,1,4,16,15,200,2,2,54,284,7,1,30,0,0,0,56,135,0,0,1880,5856
272,balanced,8,prism_sanctuary,虹晶聖域,28,42,6,1,1,39,40,57,104,102,0,2,8,49,48,319,2,2,155,694,10,1,29,0,0,0,170,622,0,0,4536,4941
272,balanced,9,poison_bog,毒霧の沼地,34,48,5,1,1,57,57,63,33,32,1,0,4,15,14,103,2,2,50,186,7,1,12,0,0,0,51,348,0,0,3828,10511
272,balanced,10,machine_city,古代機械都市,39,57,6,1,1,63,61,73,70,69,1,0,4,33,32,245,2,2,105,435,6,1,25,0,0,0,104,734,0,0,8140,14260
272,balanced,11,deep_sea_temple,深海神殿,46,66,6,1,1,73,73,88,76,75,1,0,5,36,35,2133,2,2,114,2333,18,1,124,30,0,0,114,1046,0,0,11044,10078
272,balanced,12,demon_gate,魔界門,54,76,7,1,1,88,89,100,118,116,1,1,5,56,55,8228,2,2,176,8776,38,1,280,58,0,0,184,848,0,0,7805,29864
272,balanced,13,sky_ruins,天空遺跡,68,86,7,1,0,100,100,0,125,124,1,0,1,59,59,9145,0,0,184,9467,0,0,155,59,0,0,179,0,0,0,23128,0
273,collector,1,meadow,はじまり草原,1,4,2,1,1,1,2,6,14,9,2,3,10,4,3,56,5,1,23,166,14,3,17,0,0,0,24,0,0,0,230,1024
273,collector,2,cave,こだま洞くつ,3,7,2,1,1,9,9,11,8,6,2,0,4,3,2,50,2,0,13,91,11,3,20,0,0,0,12,12,0,0,3164,2772
273,collector,3,brook,しずく湖畔,5,10,3,1,1,13,11,11,3,1,2,0,7,1,0,7,5,5,9,43,2,2,8,0,0,0,17,0,0,0,4240,4686
273,collector,4,volcano,ほむら火山,8,14,4,1,1,11,12,17,10,9,1,0,8,3,2,28,5,5,18,121,5,2,15,0,0,0,28,19,0,0,2475,5199
273,collector,5,tower,星晶の塔,12,20,5,1,1,17,17,21,17,14,3,0,8,5,4,27,5,5,27,163,5,2,16,0,0,0,37,48,0,0,2745,2256
273,collector,6,snowfield,霜降り雪原,16,25,4,1,1,21,22,30,29,27,1,1,10,9,8,84,5,5,43,203,11,2,27,0,0,0,44,87,0,0,1193,7765
273,collector,7,thunder_ruins,雷鳴遺跡,21,31,5,1,1,30,31,34,11,9,2,0,8,3,2,17,5,5,19,75,2,1,9,0,0,0,23,74,0,0,4100,10958
273,collector,8,prism_sanctuary,虹晶聖域,28,42,6,1,1,34,35,50,77,74,1,2,12,24,23,120,5,5,106,420,34,3,28,0,0,0,111,414,0,0,5785,5637
273,collector,9,poison_bog,毒霧の沼地,34,48,5,1,1,50,50,51,5,3,2,0,9,1,0,6,5,5,11,65,1,1,8,0,0,0,17,0,0,0,2977,9347
273,collector,10,machine_city,古代機械都市,39,57,6,1,1,51,48,60,57,55,2,0,10,18,17,81,5,5,80,287,30,3,8,0,0,0,65,533,1,0,4935,9088
273,collector,11,deep_sea_temple,深海神殿,46,66,6,1,1,60,61,82,108,101,1,6,15,33,32,452,5,5,146,2249,39,2,115,13,0,0,146,1131,0,0,4798,11216
273,collector,12,demon_gate,魔界門,54,76,7,1,1,82,83,85,12,7,3,2,11,2,1,24,5,5,19,475,1,1,122,3,0,0,32,121,0,0,5921,19390
273,collector,13,sky_ruins,天空遺跡,68,86,7,1,0,85,82,0,253,245,2,6,9,80,80,24648,0,0,333,25404,74,3,331,80,0,0,276,1202,0,0,10235,0
274,rush,1,meadow,はじまり草原,1,4,2,1,1,1,3,7,4,3,1,0,1,3,2,27,0,0,7,39,0,0,11,0,0,0,5,9,0,0,230,676
274,rush,2,cave,こだま洞くつ,3,7,2,1,1,7,7,11,8,7,1,0,2,7,6,62,0,0,15,82,0,0,11,0,0,0,20,16,0,0,676,1366
274,rush,3,brook,しずく湖畔,5,10,3,1,1,11,12,14,6,6,0,0,0,4,3,26,0,0,10,38,0,0,8,0,0,0,11,26,0,0,1366,1160
274,rush,4,volcano,ほむら火山,8,14,4,1,1,14,15,21,25,25,0,0,0,22,21,130,0,0,47,177,0,0,8,0,0,0,65,64,0,0,1160,1265
274,rush,5,tower,星晶の塔,12,20,5,1,1,21,21,32,72,72,0,0,0,68,67,333,0,0,140,490,0,0,8,0,0,0,206,164,0,0,1265,1934
274,rush,6,snowfield,霜降り雪原,16,25,4,1,1,32,32,39,51,51,0,0,0,48,47,287,0,0,99,409,0,0,8,0,0,0,143,196,0,0,1934,2061
274,rush,7,thunder_ruins,雷鳴遺跡,21,31,5,1,1,39,40,50,83,83,0,0,0,79,78,467,0,0,162,612,0,0,8,0,0,0,236,339,0,0,2061,3855
274,rush,8,prism_sanctuary,虹晶聖域,28,42,6,1,0,50,51,0,91,86,0,5,0,80,80,338,0,0,171,655,0,0,7,0,0,0,279,514,0,0,3855,0
274,rush,9,poison_bog,毒霧の沼地,34,48,5,0,0,0,0,0,0,0,0,0,0,0,0,0,0,0,0,0,0,0,0,0,0,0,0,0,0,0,0,0
274,rush,10,machine_city,古代機械都市,39,57,6,0,0,0,0,0,0,0,0,0,0,0,0,0,0,0,0,0,0,0,0,0,0,0,0,0,0,0,0,0
274,rush,11,deep_sea_temple,深海神殿,46,66,6,0,0,0,0,0,0,0,0,0,0,0,0,0,0,0,0,0,0,0,0,0,0,0,0,0,0,0,0,0
274,rush,12,demon_gate,魔界門,54,76,7,0,0,0,0,0,0,0,0,0,0,0,0,0,0,0,0,0,0,0,0,0,0,0,0,0,0,0,0,0
274,rush,13,sky_ruins,天空遺跡,68,86,7,0,0,0,0,0,0,0,0,0,0,0,0,0,0,0,0,0,0,0,0,0,0,0,0,0,0,0,0,0
275,balanced,1,meadow,はじまり草原,1,4,2,1,1,1,3,7,11,10,0,1,3,5,4,33,2,0,18,75,3,2,10,0,0,0,5,6,0,0,230,785
275,balanced,2,cave,こだま洞くつ,3,7,2,1,1,9,9,11,4,3,1,0,3,2,1,23,1,0,7,38,1,1,17,0,0,0,2,8,0,0,2331,2662
275,balanced,3,brook,しずく湖畔,5,10,3,1,1,11,8,13,11,10,1,0,3,5,4,36,2,2,18,81,6,2,10,0,0,0,15,39,1,0,2976,1391
275,balanced,4,volcano,ほむら火山,8,14,4,1,1,13,13,16,10,9,1,0,4,4,3,26,2,2,16,56,4,3,7,0,0,0,11,18,0,0,1078,3604
275,balanced,5,tower,星晶の塔,12,20,5,1,1,16,18,25,37,35,0,2,9,16,15,78,2,2,55,195,9,2,9,0,0,0,40,95,0,0,2792,2753
275,balanced,6,snowfield,霜降り雪原,16,25,4,1,1,25,26,36,56,55,1,0,6,27,26,187,2,2,85,337,24,3,12,0,0,0,58,197,0,0,2133,2461
275,balanced,7,thunder_ruins,雷鳴遺跡,21,31,5,1,1,36,36,48,87,86,1,0,7,42,41,294,2,2,131,467,31,2,15,0,0,0,132,351,0,0,1907,5379
275,balanced,8,prism_sanctuary,虹晶聖域,28,42,6,1,0,48,49,0,169,165,1,3,3,80,80,416,0,0,249,823,41,2,25,0,0,0,274,995,0,0,4166,0
275,balanced,9,poison_bog,毒霧の沼地,34,48,5,0,0,0,0,0,0,0,0,0,0,0,0,0,0,0,0,0,0,0,0,0,0,0,0,0,0,0,0,0
275,balanced,10,machine_city,古代機械都市,39,57,6,0,0,0,0,0,0,0,0,0,0,0,0,0,0,0,0,0,0,0,0,0,0,0,0,0,0,0,0,0
275,balanced,11,deep_sea_temple,深海神殿,46,66,6,0,0,0,0,0,0,0,0,0,0,0,0,0,0,0,0,0,0,0,0,0,0,0,0,0,0,0,0,0
275,balanced,12,demon_gate,魔界門,54,76,7,0,0,0,0,0,0,0,0,0,0,0,0,0,0,0,0,0,0,0,0,0,0,0,0,0,0,0,0,0
275,balanced,13,sky_ruins,天空遺跡,68,86,7,0,0,0,0,0,0,0,0,0,0,0,0,0,0,0,0,0,0,0,0,0,0,0,0,0,0,0,0,0
276,collector,1,meadow,はじまり草原,1,4,2,1,1,1,3,6,12,10,1,1,3,4,3,28,1,0,17,61,0,0,12,0,0,0,9,0,0,0,230,1035
276,collector,2,cave,こだま洞くつ,3,7,2,1,1,7,7,11,8,7,1,0,2,3,2,40,1,0,12,87,4,3,16,0,0,0,4,8,0,0,1113,2576
276,collector,3,brook,しずく湖畔,5,10,3,1,1,11,7,13,18,16,2,0,6,6,5,30,4,3,28,85,5,2,9,0,0,0,18,21,0,0,2710,2287
276,collector,4,volcano,ほむら火山,8,14,4,1,1,13,14,16,7,4,3,0,8,2,1,33,5,5,14,84,4,2,17,0,0,0,19,10,1,0,1767,4480
276,collector,5,tower,星晶の塔,12,20,5,1,1,16,16,20,23,20,3,0,9,7,6,36,5,5,35,222,8,2,17,0,0,0,47,47,0,0,2366,2667
276,collector,6,snowfield,霜降り雪原,16,25,4,1,1,20,22,28,25,23,2,0,7,8,7,301,5,5,38,382,2,1,50,1,0,0,39,82,0,0,1409,3013
276,collector,7,thunder_ruins,雷鳴遺跡,21,31,5,1,1,28,29,31,8,7,1,0,7,2,1,77,5,5,15,126,4,2,69,1,0,0,21,30,0,0,1592,5806
276,collector,8,prism_sanctuary,虹晶聖域,28,42,6,1,1,31,32,53,114,110,1,3,9,36,35,243,5,5,155,2486,34,2,70,28,0,0,173,558,0,0,3066,5563
276,collector,9,poison_bog,毒霧の沼地,34,48,5,1,1,53,53,57,20,18,2,0,10,6,5,37,5,5,31,167,17,2,10,0,0,0,45,173,1,0,2937,11399
276,collector,10,machine_city,古代機械都市,39,57,6,1,1,57,53,64,62,58,2,2,13,19,18,155,5,5,86,487,17,3,92,1,0,0,94,521,1,0,6018,15289
276,collector,11,deep_sea_temple,深海神殿,46,66,6,1,1,64,64,75,49,46,2,1,12,15,14,1010,5,5,69,1289,11,2,98,16,0,0,66,636,0,0,8071,11465
276,collector,12,demon_gate,魔界門,54,76,7,1,1,75,76,81,19,18,1,0,10,5,4,386,5,5,29,486,0,0,82,5,0,0,36,280,0,0,6053,15424
276,collector,13,sky_ruins,天空遺跡,68,86,7,1,1,81,82,100,71,69,1,1,13,22,21,4726,5,5,98,5001,29,2,235,22,0,0,91,1302,0,0,8142,21944
277,rush,1,meadow,はじまり草原,1,4,2,1,1,1,2,7,6,3,1,2,1,3,2,22,0,0,9,37,0,0,8,0,0,0,7,8,0,0,230,678
277,rush,2,cave,こだま洞くつ,3,7,2,1,1,7,7,10,10,8,1,1,3,8,7,66,0,0,18,99,0,0,10,0,0,0,27,11,0,0,678,1703
277,rush,3,brook,しずく湖畔,5,10,3,1,1,10,11,14,5,5,0,0,0,3,2,17,0,0,8,27,0,0,7,0,0,0,7,29,0,0,1703,1136
277,rush,4,volcano,ほむら火山,8,14,4,1,1,14,15,20,24,24,0,0,0,21,20,113,0,0,45,173,0,0,7,0,0,0,64,55,0,0,1136,1285
277,rush,5,tower,星晶の塔,12,20,5,1,1,20,21,32,82,82,0,0,0,78,77,385,0,0,160,605,0,0,8,0,0,0,246,191,0,0,1285,1537
277,rush,6,snowfield,霜降り雪原,16,25,4,1,1,32,33,38,33,33,0,0,0,30,29,179,0,0,63,257,0,0,8,0,0,0,89,135,0,0,1537,2624
277,rush,7,thunder_ruins,雷鳴遺跡,21,31,5,1,0,38,39,0,85,85,0,0,0,80,80,424,0,0,165,591,0,0,7,0,0,0,240,352,0,0,2624,0
277,rush,8,prism_sanctuary,虹晶聖域,28,42,6,0,0,0,0,0,0,0,0,0,0,0,0,0,0,0,0,0,0,0,0,0,0,0,0,0,0,0,0,0
277,rush,9,poison_bog,毒霧の沼地,34,48,5,0,0,0,0,0,0,0,0,0,0,0,0,0,0,0,0,0,0,0,0,0,0,0,0,0,0,0,0,0
277,rush,10,machine_city,古代機械都市,39,57,6,0,0,0,0,0,0,0,0,0,0,0,0,0,0,0,0,0,0,0,0,0,0,0,0,0,0,0,0,0
277,rush,11,deep_sea_temple,深海神殿,46,66,6,0,0,0,0,0,0,0,0,0,0,0,0,0,0,0,0,0,0,0,0,0,0,0,0,0,0,0,0,0
277,rush,12,demon_gate,魔界門,54,76,7,0,0,0,0,0,0,0,0,0,0,0,0,0,0,0,0,0,0,0,0,0,0,0,0,0,0,0,0,0
277,rush,13,sky_ruins,天空遺跡,68,86,7,0,0,0,0,0,0,0,0,0,0,0,0,0,0,0,0,0,0,0,0,0,0,0,0,0,0,0,0,0
278,balanced,1,meadow,はじまり草原,1,4,2,1,1,1,2,6,12,4,2,6,8,3,2,34,2,0,17,86,7,2,14,0,0,0,16,4,0,0,230,886
278,balanced,2,cave,こだま洞くつ,3,7,2,1,1,8,8,11,6,5,1,0,2,3,2,67,1,0,10,93,2,1,30,0,0,0,9,15,0,0,2782,2502
278,balanced,3,brook,しずく湖畔,5,10,3,1,1,11,11,12,3,2,1,0,5,1,0,15,2,2,6,31,0,0,15,0,0,0,8,0,0,0,2896,3739
278,balanced,4,volcano,ほむら火山,8,14,4,1,1,12,13,20,22,21,1,0,4,10,9,68,2,2,34,132,5,2,11,0,0,0,34,77,0,0,2897,2750
278,balanced,5,tower,星晶の塔,12,20,5,1,1,20,19,23,19,18,1,0,3,8,7,40,2,2,29,98,6,3,6,0,0,0,32,54,0,0,2130,2207
278,balanced,6,snowfield,霜降り雪原,16,25,4,1,1,23,24,27,8,7,1,0,6,3,2,91,2,2,13,132,4,2,32,0,0,0,16,70,0,0,1710,2518
278,balanced,7,thunder_ruins,雷鳴遺跡,21,31,5,1,1,27,26,32,21,21,0,0,6,9,8,101,2,2,32,174,3,2,33,0,0,0,32,96,0,0,1951,5752
278,balanced,8,prism_sanctuary,虹晶聖域,28,42,6,1,1,32,33,56,128,127,1,0,4,62,61,391,2,2,192,941,17,2,19,0,0,0,196,772,0,0,4455,4808
278,balanced,9,poison_bog,毒霧の沼地,34,48,5,1,1,56,57,58,5,4,1,0,4,1,0,12,2,2,8,42,0,0,12,0,0,0,8,0,0,0,3725,15061
278,balanced,10,machine_city,古代機械都市,39,57,6,1,1,58,59,65,28,27,1,0,4,12,11,147,2,2,42,242,9,1,27,0,0,0,43,445,0,0,11664,14389
278,balanced,11,deep_sea_temple,深海神殿,46,66,6,1,1,65,65,86,102,101,1,0,4,49,48,2052,2,2,153,2336,40,1,78,30,0,0,162,1360,0,0,11144,10169
278,balanced,12,demon_gate,魔界門,54,76,7,1,1,86,86,95,34,32,1,1,4,14,13,962,2,2,50,1086,14,2,76,13,0,0,58,651,0,0,7876,14353
278,balanced,13,sky_ruins,天空遺跡,68,86,7,1,1,95,96,100,65,64,1,0,3,30,29,2487,2,2,97,2669,23,2,88,30,0,0,96,482,0,0,11116,36470
279,collector,1,meadow,はじまり草原,1,4,2,1,1,1,3,6,8,7,1,0,2,3,2,31,1,0,12,56,6,2,11,0,0,0,6,1,0,0,230,1134
279,collector,2,cave,こだま洞くつ,3,7,2,1,1,7,7,12,11,9,2,0,4,4,3,46,2,1,17,92,4,3,15,0,0,0,14,14,0,0,1212,2211
279,collector,3,brook,しずく湖畔,5,10,3,1,1,11,11,14,15,12,3,0,8,5,4,29,5,5,25,83,2,1,9,0,0,0,29,19,0,0,2340,1309
279,collector,4,volcano,ほむら火山,8,14,4,1,1,14,13,17,16,14,2,0,8,5,4,53,5,5,26,144,1,1,16,0,0,0,32,32,0,0,692,1616
279,collector,5,tower,星晶の塔,12,20,5,1,1,17,17,23,40,36,2,2,9,12,11,134,5,5,57,354,11,2,54,1,0,0,66,35,0,0,855,3514
279,collector,6,snowfield,霜降り雪原,16,25,4,1,1,23,23,28,22,20,2,0,9,7,6,247,5,5,34,373,15,3,51,2,0,0,43,100,1,0,1856,2931
279,collector,7,thunder_ruins,雷鳴遺跡,21,31,5,1,1,28,29,32,17,14,3,0,8,5,4,126,5,5,27,191,1,1,52,1,0,0,30,45,0,0,1549,3711
279,collector,8,prism_sanctuary,虹晶聖域,28,42,6,1,1,32,33,48,80,74,1,5,10,24,23,130,5,5,109,1773,18,2,68,23,0,0,126,378,0,0,1960,7820
279,collector,9,poison_bog,毒霧の沼地,34,48,5,1,1,48,48,51,11,8,3,0,8,3,2,28,5,5,19,83,1,1,14,0,0,0,24,112,0,0,4129,7728
279,collector,10,machine_city,古代機械都市,39,57,6,1,1,51,48,62,68,63,3,2,11,21,20,129,5,5,94,1503,36,2,89,14,0,0,151,532,1,0,4079,13001
279,collector,11,deep_sea_temple,深海神殿,46,66,6,1,1,62,61,79,89,80,1,8,19,26,25,744,5,5,120,1539,36,2,74,16,0,0,157,893,0,0,6863,18195
279,collector,12,demon_gate,魔界門,54,76,7,1,1,79,79,83,41,28,3,10,19,9,8,694,5,5,55,3681,15,2,192,31,0,0,102,393,0,0,9604,15603
279,collector,13,sky_ruins,天空遺跡,68,86,7,1,1,83,84,96,50,45,1,4,14,14,13,2961,5,5,69,3146,19,1,222,14,0,0,76,819,0,0,8236,20630
280,rush,1,meadow,はじまり草原,1,4,2,1,1,1,2,7,12,4,1,7,8,4,3,28,0,0,16,58,0,0,8,0,0,0,14,7,0,0,230,673
280,rush,2,cave,こだま洞くつ,3,7,2,1,1,7,7,10,4,3,1,0,1,3,2,24,0,0,7,34,0,0,9,0,0,0,8,14,0,0,673,718
280,rush,3,brook,しずく湖畔,5,10,3,1,1,10,10,13,5,5,0,0,0,3,2,18,0,0,8,28,0,0,6,0,0,0,8,26,0,0,718,1162
280,rush,4,volcano,ほむら火山,8,14,4,1,1,13,14,20,27,27,0,0,0,24,23,126,0,0,51,193,0,0,7,0,0,0,71,56,0,0,1162,1306
280,rush,5,tower,星晶の塔,12,20,5,1,1,20,21,31,67,67,0,0,0,63,62,306,0,0,130,462,0,0,7,0,0,0,188,165,0,0,1306,1982
280,rush,6,snowfield,霜降り雪原,16,25,4,1,1,31,31,37,33,33,0,0,0,30,29,180,0,0,63,248,0,0,8,0,0,0,89,146,0,0,1982,2041
280,rush,7,thunder_ruins,雷鳴遺跡,21,31,5,1,0,37,37,0,85,85,0,0,0,80,80,426,0,0,165,586,0,0,7,0,0,0,240,354,0,0,2041,0
280,rush,8,prism_sanctuary,虹晶聖域,28,42,6,0,0,0,0,0,0,0,0,0,0,0,0,0,0,0,0,0,0,0,0,0,0,0,0,0,0,0,0,0
280,rush,9,poison_bog,毒霧の沼地,34,48,5,0,0,0,0,0,0,0,0,0,0,0,0,0,0,0,0,0,0,0,0,0,0,0,0,0,0,0,0,0
280,rush,10,machine_city,古代機械都市,39,57,6,0,0,0,0,0,0,0,0,0,0,0,0,0,0,0,0,0,0,0,0,0,0,0,0,0,0,0,0,0
280,rush,11,deep_sea_temple,深海神殿,46,66,6,0,0,0,0,0,0,0,0,0,0,0,0,0,0,0,0,0,0,0,0,0,0,0,0,0,0,0,0,0
280,rush,12,demon_gate,魔界門,54,76,7,0,0,0,0,0,0,0,0,0,0,0,0,0,0,0,0,0,0,0,0,0,0,0,0,0,0,0,0,0
280,rush,13,sky_ruins,天空遺跡,68,86,7,0,0,0,0,0,0,0,0,0,0,0,0,0,0,0,0,0,0,0,0,0,0,0,0,0,0,0,0,0
281,balanced,1,meadow,はじまり草原,1,4,2,1,1,1,3,8,17,14,0,3,3,7,6,57,2,0,26,117,7,2,12,0,0,0,9,4,0,0,230,1349
281,balanced,2,cave,こだま洞くつ,3,7,2,1,1,9,10,11,4,3,1,0,2,2,1,30,1,0,7,44,3,2,25,0,0,0,2,13,0,0,2895,2457
281,balanced,3,brook,しずく湖畔,5,10,3,1,1,12,12,16,15,14,1,0,4,7,6,49,2,2,24,81,7,2,8,0,0,0,16,41,0,0,2771,952
281,balanced,4,volcano,ほむら火山,8,14,4,1,1,16,15,17,6,5,1,0,4,2,1,11,2,2,10,38,2,2,6,0,0,0,7,20,0,0,738,3841
281,balanced,5,tower,星晶の塔,12,20,5,1,1,17,17,23,23,22,1,0,3,10,9,99,2,2,35,164,0,0,15,0,0,0,34,72,0,0,2976,2222
281,balanced,6,snowfield,霜降り雪原,16,25,4,1,1,23,24,26,8,7,1,0,4,3,2,33,2,2,13,71,3,1,15,0,0,0,14,73,0,0,1722,2489
281,balanced,7,thunder_ruins,雷鳴遺跡,21,31,5,1,1,26,27,33,27,26,1,0,4,12,11,160,2,2,41,238,9,1,25,0,0,0,42,121,0,0,1929,5283
281,balanced,8,prism_sanctuary,虹晶聖域,28,42,6,1,1,33,34,51,96,90,0,6,14,43,42,287,2,2,141,668,24,1,16,0,0,0,169,535,0,0,4092,4967
281,balanced,9,poison_bog,毒霧の沼地,34,48,5,1,1,51,52,55,13,12,1,0,3,5,4,34,2,2,20,69,4,1,10,0,0,0,20,174,0,0,3847,10555
281,balanced,10,machine_city,古代機械都市,39,57,6,1,1,55,56,65,43,41,1,1,4,19,18,141,2,2,64,268,16,2,11,0,0,0,65,474,0,0,8175,14276
281,balanced,11,deep_sea_temple,深海神殿,46,66,6,1,1,65,65,84,95,89,1,5,8,43,42,1450,2,2,140,1760,30,1,76,19,0,0,154,1135,0,0,11056,9996
281,balanced,12,demon_gate,魔界門,54,76,7,1,0,84,85,0,168,166,1,1,2,80,80,16562,0,0,248,17199,14,1,228,81,0,0,249,1054,0,0,7742,0
281,balanced,13,sky_ruins,天空遺跡,68,86,7,0,0,0,0,0,0,0,0,0,0,0,0,0,0,0,0,0,0,0,0,0,0,0,0,0,0,0,0,0
282,collector,1,meadow,はじまり草原,1,4,2,1,1,1,2,6,8,6,2,0,3,3,2,31,1,0,12,67,8,3,13,0,0,0,9,1,0,0,230,1162
282,collector,2,cave,こだま洞くつ,3,7,2,1,1,7,7,12,11,9,2,0,5,4,3,71,3,2,18,115,8,2,24,0,0,0,17,18,0,0,1420,2102
282,collector,3,brook,しずく湖畔,5,10,3,1,1,11,12,13,3,2,1,0,7,1,0,10,5,5,9,49,0,0,10,0,0,0,16,0,0,0,1762,2474
282,collector,4,volcano,ほむら火山,8,14,4,1,1,13,12,14,11,8,2,1,8,3,2,19,5,5,19,79,5,1,9,0,0,0,26,5,0,0,1307,1607
282,collector,5,tower,星晶の塔,12,20,5,1,1,14,16,19,9,5,3,1,9,2,1,12,5,5,16,77,1,1,7,0,0,0,24,8,0,0,851,5079
282,collector,6,snowfield,霜降り雪原,16,25,4,1,1,19,19,26,22,21,1,0,9,7,6,197,5,5,34,357,9,2,54,1,0,0,40,103,1,0,2682,3238
282,collector,7,thunder_ruins,雷鳴遺跡,21,31,5,1,1,26,28,31,17,14,3,0,9,5,4,56,5,5,27,127,3,1,14,0,0,0,29,46,0,0,1711,3665
282,collector,8,prism_sanctuary,虹晶聖域,28,42,6,1,1,31,32,48,79,75,0,4,14,24,23,162,5,5,108,506,18,3,17,0,0,0,119,366,0,0,1936,7874
282,collector,9,poison_bog,毒霧の沼地,34,48,5,1,1,48,49,51,11,10,1,0,9,3,2,52,5,5,19,120,3,1,23,0,0,0,23,93,0,0,4158,7304
282,collector,10,machine_city,古代機械都市,39,57,6,1,1,51,52,58,24,23,1,0,11,7,6,92,5,5,36,186,7,2,22,0,0,0,36,240,0,0,3857,13008
282,collector,11,deep_sea_temple,深海神殿,46,66,6,1,1,58,56,88,152,148,2,2,12,49,48,876,5,5,206,3532,42,2,130,23,0,0,195,1696,0,0,6867,18013
282,collector,12,demon_gate,魔界門,54,76,7,1,1,88,88,89,10,4,3,3,11,1,0,13,5,5,16,237,0,0,138,1,0,0,29,0,0,0,9507,26410
282,collector,13,sky_ruins,天空遺跡,68,86,7,1,1,89,90,100,54,50,2,2,9,16,15,2494,5,5,75,2677,12,2,166,16,0,0,74,822,0,0,13940,30162
283,rush,1,meadow,はじまり草原,1,4,2,1,1,1,3,7,4,3,1,0,1,3,2,19,0,0,7,30,0,0,7,0,0,0,4,7,0,0,230,780
283,rush,2,cave,こだま洞くつ,3,7,2,1,1,7,7,14,27,27,0,0,0,26,25,134,0,0,53,187,0,0,7,0,0,0,51,39,0,0,780,753
283,rush,3,brook,しずく湖畔,5,10,3,1,1,14,14,15,3,2,1,0,1,1,0,6,0,0,4,12,0,0,6,0,0,0,2,0,0,0,753,1837
283,rush,4,volcano,ほむら火山,8,14,4,1,1,15,16,21,21,21,0,0,0,18,17,87,0,0,39,130,0,0,6,0,0,0,56,71,0,0,1837,979
283,rush,5,tower,星晶の塔,12,20,5,1,1,21,22,30,58,58,0,0,0,54,53,245,0,0,112,368,0,0,6,0,0,0,162,134,0,0,979,1974
283,rush,6,snowfield,霜降り雪原,16,25,4,1,1,30,31,37,39,39,0,0,0,36,35,178,0,0,75,241,0,0,7,0,0,0,107,160,0,0,1974,2033
283,rush,7,thunder_ruins,雷鳴遺跡,21,31,5,1,0,37,38,0,85,85,0,0,0,80,80,372,0,0,165,524,0,0,6,0,0,0,240,354,0,0,2033,0
283,rush,8,prism_sanctuary,虹晶聖域,28,42,6,0,0,0,0,0,0,0,0,0,0,0,0,0,0,0,0,0,0,0,0,0,0,0,0,0,0,0,0,0
283,rush,9,poison_bog,毒霧の沼地,34,48,5,0,0,0,0,0,0,0,0,0,0,0,0,0,0,0,0,0,0,0,0,0,0,0,0,0,0,0,0,0
283,rush,10,machine_city,古代機械都市,39,57,6,0,0,0,0,0,0,0,0,0,0,0,0,0,0,0,0,0,0,0,0,0,0,0,0,0,0,0,0,0
283,rush,11,deep_sea_temple,深海神殿,46,66,6,0,0,0,0,0,0,0,0,0,0,0,0,0,0,0,0,0,0,0,0,0,0,0,0,0,0,0,0,0
283,rush,12,demon_gate,魔界門,54,76,7,0,0,0,0,0,0,0,0,0,0,0,0,0,0,0,0,0,0,0,0,0,0,0,0,0,0,0,0,0
283,rush,13,sky_ruins,天空遺跡,68,86,7,0,0,0,0,0,0,0,0,0,0,0,0,0,0,0,0,0,0,0,0,0,0,0,0,0,0,0,0,0
284,balanced,1,meadow,はじまり草原,1,4,2,1,1,1,3,7,10,7,1,2,4,4,3,41,1,0,15,76,8,2,16,0,0,0,10,7,0,0,230,744
284,balanced,2,cave,こだま洞くつ,3,7,2,1,1,7,7,11,4,3,1,0,2,2,1,18,1,0,7,43,0,0,12,0,0,0,3,8,0,0,1522,2982
284,balanced,3,brook,しずく湖畔,5,10,3,1,1,11,7,11,9,8,1,0,4,4,3,22,2,2,15,53,2,1,10,0,0,0,11,20,0,0,3116,2346
284,balanced,4,volcano,ほむら火山,8,14,4,1,1,11,12,18,18,17,1,0,3,8,7,61,2,2,28,98,1,1,15,0,0,0,28,58,0,0,1818,1537
284,balanced,5,tower,星晶の塔,12,20,5,1,1,18,18,21,9,8,1,0,3,3,2,14,2,2,14,48,0,0,8,0,0,0,14,24,0,0,1191,3079
284,balanced,6,snowfield,霜降り雪原,16,25,4,1,1,21,22,26,8,7,1,0,4,3,2,28,2,2,13,63,3,2,15,0,0,0,13,70,0,0,2385,3654
284,balanced,7,thunder_ruins,雷鳴遺跡,21,31,5,1,1,26,26,32,23,22,1,0,4,10,9,180,2,2,35,238,13,2,33,0,0,0,35,107,0,0,2831,3078
284,balanced,8,prism_sanctuary,虹晶聖域,28,42,6,1,1,32,33,47,64,60,0,4,12,28,27,196,2,2,94,515,18,1,28,0,0,0,120,341,0,0,2384,7038
284,balanced,9,poison_bog,毒霧の沼地,34,48,5,1,1,47,47,52,15,14,1,0,7,6,5,49,2,2,23,103,9,2,15,0,0,0,25,216,0,0,5451,5848
284,balanced,10,machine_city,古代機械都市,39,57,6,1,1,52,54,58,24,23,1,0,8,10,9,76,2,2,36,150,16,2,15,0,0,0,37,266,0,0,4530,11972
284,balanced,11,deep_sea_temple,深海神殿,46,66,6,1,1,58,56,73,68,61,1,6,14,29,28,202,2,2,99,511,17,2,19,0,0,0,120,764,0,0,9272,17027
284,balanced,12,demon_gate,魔界門,54,76,7,1,1,73,75,90,56,54,1,1,3,25,24,1676,2,2,83,2211,30,1,78,31,0,0,102,1006,0,0,13186,15244
284,balanced,13,sky_ruins,天空遺跡,68,86,7,1,1,90,91,100,139,138,1,0,5,67,66,13539,2,2,208,13980,36,2,224,66,0,0,212,864,0,0,11806,38232
285,collector,1,meadow,はじまり草原,1,4,2,1,1,1,3,6,11,10,1,0,3,4,3,53,2,0,17,92,12,5,16,0,1,0,8,1,0,0,230,1064
285,collector,2,cave,こだま洞くつ,3,7,2,1,1,8,8,12,17,15,2,0,6,6,5,89,4,3,27,154,18,3,20,0,0,0,25,22,0,0,2690,1312
285,collector,3,brook,しずく湖畔,5,10,3,1,1,11,11,14,9,6,3,0,8,3,2,23,5,5,17,67,5,2,10,0,0,0,23,8,0,0,1529,2230
285,collector,4,volcano,ほむら火山,8,14,4,1,1,14,11,16,13,10,3,0,8,4,3,25,5,5,22,96,3,1,9,0,0,0,30,25,1,0,1179,2905
285,collector,5,tower,星晶の塔,12,20,5,1,1,16,17,19,16,12,2,2,10,4,3,25,5,5,25,204,1,1,46,0,0,0,39,23,0,0,1535,2658
285,collector,6,snowfield,霜降り雪原,16,25,4,1,1,19,19,26,22,18,1,3,11,6,5,214,5,5,33,312,6,2,65,1,0,0,45,54,0,0,1405,3832
285,collector,7,thunder_ruins,雷鳴遺跡,21,31,5,1,1,26,27,30,11,10,1,0,7,3,2,34,5,5,19,93,0,0,26,0,0,0,24,40,0,0,2024,6320
285,collector,8,prism_sanctuary,虹晶聖域,28,42,6,1,1,30,31,49,120,84,0,36,39,27,26,139,5,5,152,2376,23,1,80,27,0,0,230,377,0,0,3337,6283
285,collector,9,poison_bog,毒霧の沼地,34,48,5,1,1,49,49,51,8,5,3,0,8,2,1,11,5,5,15,58,1,1,7,0,0,0,21,49,0,0,3318,11415
285,collector,10,machine_city,古代機械都市,39,57,6,1,1,51,52,63,56,52,2,2,10,17,16,121,5,5,78,1514,14,2,105,13,0,0,83,510,0,0,6027,15240
285,collector,11,deep_sea_temple,深海神殿,46,66,6,1,1,63,59,78,103,97,2,4,11,32,31,1629,5,5,140,6173,27,2,323,47,0,0,152,1140,0,0,8045,11098
285,collector,12,demon_gate,魔界門,54,76,7,1,0,78,79,0,97,86,2,9,11,28,27,10249,0,0,125,21471,61,2,400,96,0,1,156,1171,0,0,5859,0
285,collector,13,sky_ruins,天空遺跡,68,86,7,0,0,0,0,0,0,0,0,0,0,0,0,0,0,0,0,0,0,0,0,0,0,0,0,0,0,0,0,0
286,rush,1,meadow,はじまり草原,1,4,2,1,1,1,2,6,7,4,1,2,4,4,3,31,0,0,11,53,0,0,10,0,0,0,10,8,0,0,230,666
286,rush,2,cave,こだま洞くつ,3,7,2,1,1,6,7,12,14,14,0,0,2,13,12,76,0,0,27,105,0,0,7,0,0,0,25,24,0,0,666,1265
286,rush,3,brook,しずく湖畔,5,10,3,1,1,12,12,15,9,8,1,0,1,7,6,36,0,0,16,50,0,0,8,0,0,0,20,21,0,0,1265,1374
286,rush,4,volcano,ほむら火山,8,14,4,1,1,15,15,21,27,27,0,0,0,24,23,135,0,0,51,193,0,0,7,0,0,0,72,70,0,0,1374,955
286,rush,5,tower,星晶の塔,12,20,5,1,0,21,22,0,86,85,0,1,0,80,80,366,0,0,166,590,0,0,8,0,0,0,258,187,0,0,955,0
286,rush,6,snowfield,霜降り雪原,16,25,4,0,0,0,0,0,0,0,0,0,0,0,0,0,0,0,0,0,0,0,0,0,0,0,0,0,0,0,0,0
286,rush,7,thunder_ruins,雷鳴遺跡,21,31,5,0,0,0,0,0,0,0,0,0,0,0,0,0,0,0,0,0,0,0,0,0,0,0,0,0,0,0,0,0
286,rush,8,prism_sanctuary,虹晶聖域,28,42,6,0,0,0,0,0,0,0,0,0,0,0,0,0,0,0,0,0,0,0,0,0,0,0,0,0,0,0,0,0
286,rush,9,poison_bog,毒霧の沼地,34,48,5,0,0,0,0,0,0,0,0,0,0,0,0,0,0,0,0,0,0,0,0,0,0,0,0,0,0,0,0,0
286,rush,10,machine_city,古代機械都市,39,57,6,0,0,0,0,0,0,0,0,0,0,0,0,0,0,0,0,0,0,0,0,0,0,0,0,0,0,0,0,0
286,rush,11,deep_sea_temple,深海神殿,46,66,6,0,0,0,0,0,0,0,0,0,0,0,0,0,0,0,0,0,0,0,0,0,0,0,0,0,0,0,0,0
286,rush,12,demon_gate,魔界門,54,76,7,0,0,0,0,0,0,0,0,0,0,0,0,0,0,0,0,0,0,0,0,0,0,0,0,0,0,0,0,0
286,rush,13,sky_ruins,天空遺跡,68,86,7,0,0,0,0,0,0,0,0,0,0,0,0,0,0,0,0,0,0,0,0,0,0,0,0,0,0,0,0,0
287,balanced,1,meadow,はじまり草原,1,4,2,1,1,1,3,7,12,12,0,0,2,6,5,51,2,2,20,87,7,2,12,0,0,0,7,7,0,0,230,685
287,balanced,2,cave,こだま洞くつ,3,7,2,1,1,7,8,11,6,2,2,2,6,2,1,17,2,0,10,52,4,2,15,0,0,0,9,12,0,0,531,1614
287,balanced,3,brook,しずく湖畔,5,10,3,1,1,9,10,14,9,8,1,0,3,4,3,16,2,2,15,42,0,0,7,0,0,0,10,38,0,0,2722,960
287,balanced,4,volcano,ほむら火山,8,14,4,1,1,14,14,17,10,9,1,0,5,4,3,18,2,2,16,58,3,2,7,0,0,0,18,16,0,0,744,2468
287,balanced,5,tower,星晶の塔,12,20,5,1,1,17,18,27,42,40,1,1,4,19,18,81,2,2,63,199,2,1,10,0,0,0,67,116,0,0,1912,3047
287,balanced,6,snowfield,霜降り雪原,16,25,4,1,1,27,25,32,32,31,1,0,5,15,14,176,2,2,49,281,7,1,26,0,0,0,55,138,0,0,2361,2401
287,balanced,7,thunder_ruins,雷鳴遺跡,21,31,5,1,1,32,33,37,25,24,1,0,3,11,10,118,2,2,38,182,3,1,29,0,0,0,38,103,0,0,1860,3041
287,balanced,8,prism_sanctuary,虹晶聖域,28,42,6,1,1,37,38,54,98,91,1,6,9,44,43,263,2,2,144,704,16,1,33,0,0,0,165,537,0,0,2356,7102
287,balanced,9,poison_bog,毒霧の沼地,34,48,5,1,1,54,55,58,15,14,1,0,4,6,5,42,2,2,23,82,3,1,12,0,0,0,23,172,0,0,5500,5881
287,balanced,10,machine_city,古代機械都市,39,57,6,1,1,58,59,73,89,87,1,1,5,42,41,314,2,2,133,594,7,1,16,0,0,0,139,890,0,0,4555,12142
287,balanced,11,deep_sea_temple,深海神殿,46,66,6,1,1,73,73,92,106,105,1,0,3,51,50,2018,2,2,159,2469,36,1,65,32,0,0,165,1389,0,0,9403,16930
287,balanced,12,demon_gate,魔界門,54,76,7,1,0,92,94,0,167,166,1,0,1,80,80,5592,0,0,247,6153,74,2,74,80,0,0,263,672,0,0,13112,0
287,balanced,13,sky_ruins,天空遺跡,68,86,7,0,0,0,0,0,0,0,0,0,0,0,0,0,0,0,0,0,0,0,0,0,0,0,0,0,0,0,0,0
288,collector,1,meadow,はじまり草原,1,4,2,1,1,1,3,6,10,7,1,2,7,3,2,39,5,5,18,124,17,5,19,0,2,0,18,0,0,0,230,1151
288,collector,2,cave,こだま洞くつ,3,7,2,1,1,6,6,11,11,9,2,0,7,4,3,66,5,5,20,154,9,2,27,0,0,0,26,12,0,0,609,1712
288,collector,3,brook,しずく湖畔,5,10,3,1,1,11,11,13,6,5,1,0,7,2,1,14,5,5,13,64,0,0,9,0,0,0,19,1,0,0,905,1940
288,collector,4,volcano,ほむら火山,8,14,4,1,1,13,12,16,17,14,2,1,8,5,4,26,5,5,27,105,5,1,7,0,0,0,34,21,0,0,1027,2254
288,collector,5,tower,星晶の塔,12,20,5,1,1,16,17,27,62,58,1,3,11,19,18,97,5,5,86,553,16,2,18,0,0,0,104,71,0,0,1191,2261
288,collector,6,snowfield,霜降り雪原,16,25,4,1,1,27,24,37,83,79,3,1,10,27,26,1540,5,5,115,1796,38,2,80,16,0,0,98,199,0,0,1195,2928
288,collector,7,thunder_ruins,雷鳴遺跡,21,31,5,1,1,37,37,43,41,38,3,0,9,13,12,509,5,5,59,989,15,1,72,2,0,0,75,123,1,0,1547,4794
288,collector,8,prism_sanctuary,虹晶聖域,28,42,6,1,1,43,43,59,124,114,3,7,13,38,37,438,5,5,167,1506,37,2,47,0,0,0,187,585,1,0,2531,5496
288,collector,9,poison_bog,毒霧の沼地,34,48,5,1,1,59,60,61,5,3,2,0,9,1,0,4,5,5,11,47,0,0,8,0,0,0,16,0,0,0,2903,13202
288,collector,10,machine_city,古代機械都市,39,57,6,1,1,61,61,65,24,21,3,0,10,7,6,68,5,5,36,193,2,1,50,1,0,0,36,239,0,0,6969,10405
288,collector,11,deep_sea_temple,深海神殿,46,66,6,1,1,65,65,78,57,55,2,0,10,18,17,1447,5,5,80,1691,7,2,128,19,0,0,71,649,0,0,5493,12076
288,collector,12,demon_gate,魔界門,54,76,7,1,1,78,70,71,9,4,3,2,12,1,0,79,5,5,15,298,1,1,79,3,0,0,27,0,0,0,6374,30279
288,collector,13,sky_ruins,天空遺跡,68,86,7,1,1,71,68,69,10,5,2,3,14,1,0,79,5,5,16,186,0,0,79,1,0,0,34,0,0,0,15981,38301
289,rush,1,meadow,はじまり草原,1,4,2,1,1,1,3,8,14,13,0,1,1,12,11,63,0,0,26,94,0,0,8,0,0,0,12,10,0,0,230,679
289,rush,2,cave,こだま洞くつ,3,7,2,1,1,8,9,12,6,5,1,0,2,5,4,28,0,0,11,41,0,0,6,0,0,0,9,17,0,0,679,1467
289,rush,3,brook,しずく湖畔,5,10,3,1,1,12,12,15,10,9,1,0,1,8,7,43,0,0,18,57,0,0,7,0,0,0,23,24,0,0,1467,1349
289,rush,4,volcano,ほむら火山,8,14,4,1,1,15,15,16,4,4,0,0,0,1,0,6,0,0,5,12,0,0,6,0,0,0,2,0,0,0,1349,3116
289,rush,5,tower,星晶の塔,12,20,5,1,1,16,18,29,57,57,0,0,0,53,52,240,0,0,110,354,0,0,6,0,0,0,158,172,0,0,3116,1531
289,rush,6,snowfield,霜降り雪原,16,25,4,1,1,29,29,39,66,66,0,0,0,63,62,355,0,0,129,490,0,0,8,0,0,0,188,228,0,0,1531,2566
289,rush,7,thunder_ruins,雷鳴遺跡,21,31,5,1,1,39,40,43,19,19,0,0,0,15,14,83,0,0,34,112,0,0,7,0,0,0,44,101,0,0,2566,3888
289,rush,8,prism_sanctuary,虹晶聖域,28,42,6,1,0,43,44,0,94,86,0,8,0,80,80,313,0,0,174,619,0,0,7,0,0,0,296,524,0,0,3888,0
289,rush,9,poison_bog,毒霧の沼地,34,48,5,0,0,0,0,0,0,0,0,0,0,0,0,0,0,0,0,0,0,0,0,0,0,0,0,0,0,0,0,0
289,rush,10,machine_city,古代機械都市,39,57,6,0,0,0,0,0,0,0,0,0,0,0,0,0,0,0,0,0,0,0,0,0,0,0,0,0,0,0,0,0
289,rush,11,deep_sea_temple,深海神殿,46,66,6,0,0,0,0,0,0,0,0,0,0,0,0,0,0,0,0,0,0,0,0,0,0,0,0,0,0,0,0,0
289,rush,12,demon_gate,魔界門,54,76,7,0,0,0,0,0,0,0,0,0,0,0,0,0,0,0,0,0,0,0,0,0,0,0,0,0,0,0,0,0
289,rush,13,sky_ruins,天空遺跡,68,86,7,0,0,0,0,0,0,0,0,0,0,0,0,0,0,0,0,0,0,0,0,0,0,0,0,0,0,0,0,0
290,balanced,1,meadow,はじまり草原,1,4,2,1,1,1,2,6,15,2,2,11,12,2,1,23,2,1,19,101,10,3,13,0,0,0,21,2,0,0,230,953
290,balanced,2,cave,こだま洞くつ,3,7,2,1,1,6,6,12,12,12,0,0,2,6,5,81,2,2,20,128,6,2,23,0,0,0,23,29,0,0,917,1492
290,balanced,3,brook,しずく湖畔,5,10,3,1,1,12,12,14,5,4,1,0,3,2,1,20,2,2,9,47,0,0,12,0,0,0,11,14,0,0,1156,1288
290,balanced,4,volcano,ほむら火山,8,14,4,1,1,14,15,23,56,53,1,2,6,26,25,181,2,2,84,339,16,1,21,0,0,0,95,81,0,0,998,1579
290,balanced,5,tower,星晶の塔,12,20,5,1,1,23,24,29,37,36,1,0,3,17,16,105,2,2,56,217,2,1,12,0,0,0,59,89,0,0,1224,2323
290,balanced,6,snowfield,霜降り雪原,16,25,4,1,1,29,30,35,28,27,1,0,3,13,12,108,2,2,43,177,9,1,19,0,0,0,42,118,0,0,1800,3692
290,balanced,7,thunder_ruins,雷鳴遺跡,21,31,5,1,1,35,34,38,21,20,1,0,3,9,8,130,2,2,32,179,2,1,35,0,0,0,30,112,0,0,2860,3019
290,balanced,8,prism_sanctuary,虹晶聖域,28,42,6,1,1,38,37,50,80,71,1,8,14,34,33,213,2,2,116,573,9,1,35,0,0,0,145,407,0,0,2339,4796
290,balanced,9,poison_bog,毒霧の沼地,34,48,5,1,1,50,51,53,9,9,0,0,7,3,2,17,2,2,14,64,0,0,7,0,0,0,16,152,0,0,3715,8052
290,balanced,10,machine_city,古代機械都市,39,57,6,1,1,53,54,63,48,47,1,0,4,22,21,153,2,2,72,320,14,2,15,0,0,0,77,506,0,0,6236,7277
290,balanced,11,deep_sea_temple,深海神殿,46,66,6,1,1,63,64,65,6,5,1,0,3,1,0,9,2,2,9,38,0,0,9,0,0,0,8,0,0,0,5636,23139
290,balanced,12,demon_gate,魔界門,54,76,7,1,1,65,66,82,47,44,1,2,6,20,19,2279,2,2,69,2446,24,1,151,20,0,0,71,897,0,0,17920,21159
290,balanced,13,sky_ruins,天空遺跡,68,86,7,1,1,82,83,84,7,6,1,0,3,1,0,73,2,2,10,105,1,1,73,1,0,0,8,0,0,0,16386,40145
291,collector,1,meadow,はじまり草原,1,4,2,1,1,1,3,6,8,6,2,0,4,3,2,43,2,0,13,84,14,4,20,0,0,0,9,1,0,0,230,1159
291,collector,2,cave,こだま洞くつ,3,7,2,1,1,7,8,10,5,4,1,0,4,2,1,30,3,1,10,73,6,3,20,0,0,0,10,5,0,0,1915,3187
291,collector,3,brook,しずく湖畔,5,10,3,1,1,9,9,14,12,10,2,0,8,4,3,77,5,5,21,144,6,2,34,0,0,0,25,15,0,0,3317,3492
291,collector,4,volcano,ほむら火山,8,14,4,1,1,14,14,15,4,2,2,0,7,1,0,10,5,5,10,53,0,0,10,0,0,0,18,0,0,0,1845,2850
291,collector,5,tower,星晶の塔,12,20,5,1,1,15,16,18,15,9,2,4,12,3,2,25,5,5,23,105,5,2,13,0,0,0,35,18,0,0,1506,2628
291,collector,6,snowfield,霜降り雪原,16,25,4,1,1,18,22,28,25,23,2,0,8,8,7,418,5,5,38,508,10,2,74,5,0,0,43,83,0,0,1388,5099
291,collector,7,thunder_ruins,雷鳴遺跡,21,31,5,1,1,28,29,31,11,8,3,0,8,3,2,102,5,5,19,158,3,2,80,1,0,0,24,50,0,0,2692,3723
291,collector,8,prism_sanctuary,虹晶聖域,28,42,6,1,1,31,38,59,153,131,1,21,28,43,42,416,5,5,201,3684,25,2,106,38,0,0,247,637,0,0,1966,10415
291,collector,9,poison_bog,毒霧の沼地,34,48,5,1,1,59,59,60,5,2,3,0,8,1,0,6,5,5,11,47,0,0,6,0,0,0,18,0,0,0,5499,17727
291,collector,10,machine_city,古代機械都市,39,57,6,1,1,60,61,70,52,49,2,1,10,16,15,208,5,5,73,1275,9,1,149,9,0,0,73,526,0,0,9357,8114
291,collector,11,deep_sea_temple,深海神殿,46,66,6,1,1,70,67,89,118,114,3,1,10,38,37,5738,5,5,161,6913,22,2,269,40,0,0,146,1303,0,0,4284,10912
291,collector,12,demon_gate,魔界門,54,76,7,1,1,89,90,100,73,62,2,9,17,20,19,5800,5,5,98,13923,61,2,303,72,0,0,138,615,0,0,5760,27409
291,collector,13,sky_ruins,天空遺跡,68,86,7,1,1,100,99,100,158,152,2,4,14,50,49,11984,5,5,213,12837,37,2,245,55,0,0,190,131,0,0,14466,47535
292,rush,1,meadow,はじまり草原,1,4,2,1,1,1,2,6,7,3,1,3,3,3,2,21,0,0,10,44,0,0,10,0,0,0,8,7,0,0,230,683
292,rush,2,cave,こだま洞くつ,3,7,2,1,1,6,6,11,11,10,1,0,1,10,9,78,0,0,21,117,0,0,10,0,0,0,32,21,0,0,683,1382
292,rush,3,brook,しずく湖畔,5,10,3,1,1,11,12,15,8,8,0,0,0,6,5,34,0,0,14,50,0,0,7,0,0,0,17,23,0,0,1382,1359
292,rush,4,volcano,ほむら火山,8,14,4,1,1,15,15,20,20,20,0,0,0,17,16,92,0,0,37,141,0,0,7,0,0,0,52,61,0,0,1359,1251
292,rush,5,tower,星晶の塔,12,20,5,1,0,20,21,0,85,85,0,0,0,80,80,373,0,0,165,606,0,0,7,0,0,0,250,186,0,0,1251,0
292,rush,6,snowfield,霜降り雪原,16,25,4,0,0,0,0,0,0,0,0,0,0,0,0,0,0,0,0,0,0,0,0,0,0,0,0,0,0,0,0,0
292,rush,7,thunder_ruins,雷鳴遺跡,21,31,5,0,0,0,0,0,0,0,0,0,0,0,0,0,0,0,0,0,0,0,0,0,0,0,0,0,0,0,0,0
292,rush,8,prism_sanctuary,虹晶聖域,28,42,6,0,0,0,0,0,0,0,0,0,0,0,0,0,0,0,0,0,0,0,0,0,0,0,0,0,0,0,0,0
292,rush,9,poison_bog,毒霧の沼地,34,48,5,0,0,0,0,0,0,0,0,0,0,0,0,0,0,0,0,0,0,0,0,0,0,0,0,0,0,0,0,0
292,rush,10,machine_city,古代機械都市,39,57,6,0,0,0,0,0,0,0,0,0,0,0,0,0,0,0,0,0,0,0,0,0,0,0,0,0,0,0,0,0
292,rush,11,deep_sea_temple,深海神殿,46,66,6,0,0,0,0,0,0,0,0,0,0,0,0,0,0,0,0,0,0,0,0,0,0,0,0,0,0,0,0,0
292,rush,12,demon_gate,魔界門,54,76,7,0,0,0,0,0,0,0,0,0,0,0,0,0,0,0,0,0,0,0,0,0,0,0,0,0,0,0,0,0
292,rush,13,sky_ruins,天空遺跡,68,86,7,0,0,0,0,0,0,0,0,0,0,0,0,0,0,0,0,0,0,0,0,0,0,0,0,0,0,0,0,0
293,balanced,1,meadow,はじまり草原,1,4,2,1,1,1,3,6,13,5,1,7,5,3,2,29,2,1,18,88,9,3,14,0,0,0,15,4,0,0,230,889
293,balanced,2,cave,こだま洞くつ,3,7,2,1,1,7,7,10,6,5,1,0,3,3,2,53,2,2,11,90,4,2,18,0,0,0,15,11,0,0,861,2334
293,balanced,3,brook,しずく湖畔,5,10,3,1,1,10,11,13,5,4,1,0,4,2,1,13,2,2,9,39,2,1,7,0,0,0,11,13,0,0,1808,2128
293,balanced,4,volcano,ほむら火山,8,14,4,1,1,13,13,18,22,21,1,0,4,10,9,63,2,1,34,129,10,2,14,0,0,0,36,53,0,0,1649,1524
293,balanced,5,tower,星晶の塔,12,20,5,1,1,18,19,25,27,26,1,0,3,12,11,93,2,2,41,190,9,2,12,0,0,0,42,73,0,0,1859,4316
293,balanced,6,snowfield,霜降り雪原,16,25,4,1,1,25,26,31,22,21,1,0,3,10,9,105,2,2,34,168,1,1,18,0,0,0,34,121,0,0,3344,2475
293,balanced,7,thunder_ruins,雷鳴遺跡,21,31,5,1,1,31,32,39,39,39,0,0,7,18,17,276,2,2,59,383,10,2,34,0,0,0,61,168,0,0,1917,3035
293,balanced,8,prism_sanctuary,虹晶聖域,28,42,6,1,1,39,39,57,111,109,1,1,3,53,52,319,2,2,166,773,20,2,27,0,0,0,176,654,0,0,2351,7203
293,balanced,9,poison_bog,毒霧の沼地,34,48,5,1,1,57,58,60,9,8,1,0,4,3,2,30,2,2,14,67,0,0,21,0,0,0,15,120,0,0,5579,6538
293,balanced,10,machine_city,古代機械都市,39,57,6,1,1,60,61,71,64,63,1,0,3,30,29,306,2,2,96,431,11,2,34,0,0,0,95,685,0,0,5064,12178
293,balanced,11,deep_sea_temple,深海神殿,46,66,6,1,1,71,70,91,111,109,1,1,8,53,52,3676,2,2,166,3998,52,1,127,42,0,0,178,1435,0,0,9431,17058
293,balanced,12,demon_gate,魔界門,54,76,7,1,1,91,92,100,83,76,1,6,11,36,35,4909,2,2,121,5202,29,2,149,36,0,0,138,638,0,0,13211,28239
293,balanced,13,sky_ruins,天空遺跡,68,86,7,1,1,100,100,100,41,40,1,0,4,18,17,2681,2,2,61,2799,19,2,153,18,0,0,64,0,0,0,21869,39144
294,collector,1,meadow,はじまり草原,1,4,2,1,1,1,2,6,9,6,2,1,5,3,2,40,2,0,14,82,9,4,20,0,0,0,12,0,0,0,230,1162
294,collector,2,cave,こだま洞くつ,3,7,2,1,1,8,8,11,8,7,1,0,6,3,2,76,5,5,16,133,4,1,27,0,0,0,23,12,0,0,3058,2531
294,collector,3,brook,しずく湖畔,5,10,3,1,1,11,10,15,21,18,3,0,8,7,6,63,5,5,33,127,3,2,13,0,0,0,35,9,0,0,1337,2256
294,collector,4,volcano,ほむら火山,8,14,4,1,1,15,13,17,23,20,2,1,8,7,6,83,5,5,35,174,4,1,16,0,0,0,38,18,0,0,1193,1606
294,collector,5,tower,星晶の塔,12,20,5,1,1,17,17,23,35,33,2,0,8,11,10,60,5,5,51,236,6,2,42,0,0,0,54,44,0,0,850,3546
294,collector,6,snowfield,霜降り雪原,16,25,4,1,1,23,23,24,4,1,3,0,8,1,0,69,5,5,10,130,3,2,69,1,0,0,19,0,0,0,1873,6236
294,collector,7,thunder_ruins,雷鳴遺跡,21,31,5,1,1,24,24,31,26,25,1,0,8,8,7,140,5,5,39,257,4,1,29,0,0,0,41,104,0,0,3293,3750
294,collector,8,prism_sanctuary,虹晶聖域,28,42,6,1,1,31,31,56,139,134,1,4,13,44,43,441,5,5,188,3273,19,2,81,39,0,0,199,679,0,0,1980,8658
294,collector,9,poison_bog,毒霧の沼地,34,48,5,1,1,56,57,57,5,3,2,0,8,1,0,9,5,5,11,61,0,0,9,0,0,0,18,0,0,0,4571,10366
294,collector,10,machine_city,古代機械都市,39,57,6,1,1,57,58,61,15,13,2,0,11,4,3,87,5,5,24,443,3,1,87,3,0,0,33,195,0,0,5473,13041
294,collector,11,deep_sea_temple,深海神殿,46,66,6,1,1,61,62,92,162,154,2,6,14,51,50,5780,5,5,218,7205,36,2,298,42,0,0,206,1749,0,0,6884,17940
294,collector,12,demon_gate,魔界門,54,76,7,1,1,92,90,90,16,4,3,9,19,1,0,206,5,5,22,628,2,1,206,3,0,0,52,0,0,0,9469,18253
294,collector,13,sky_ruins,天空遺跡,68,86,7,1,1,90,91,97,34,24,4,6,16,8,7,1580,5,5,47,1744,8,1,220,8,0,0,62,417,0,0,9635,21144
295,rush,1,meadow,はじまり草原,1,4,2,1,1,1,2,5,4,2,1,1,2,2,1,16,0,0,6,28,0,0,8,0,0,0,4,3,0,0,230,917
295,rush,2,cave,こだま洞くつ,3,7,2,1,1,5,6,10,7,5,1,1,2,5,4,38,0,0,12,61,0,0,10,0,0,0,16,18,0,0,917,1413
295,rush,3,brook,しずく湖畔,5,10,3,1,1,10,11,14,5,5,0,0,0,3,2,17,0,0,8,27,0,0,7,0,0,0,7,26,0,0,1413,1151
295,rush,4,volcano,ほむら火山,8,14,4,1,1,14,14,19,18,18,0,0,0,15,14,83,0,0,33,118,0,0,7,0,0,0,44,45,0,0,1151,967
295,rush,5,tower,星晶の塔,12,20,5,1,1,19,20,30,63,63,0,0,0,59,58,294,0,0,122,432,0,0,8,0,0,0,177,155,0,0,967,1538
295,rush,6,snowfield,霜降り雪原,16,25,4,1,1,30,31,38,50,50,0,0,0,47,46,288,0,0,97,397,0,0,8,0,0,0,141,186,0,0,1538,2050
295,rush,7,thunder_ruins,雷鳴遺跡,21,31,5,1,1,38,39,49,82,82,0,0,0,78,77,451,0,0,160,574,0,0,7,0,0,0,233,349,0,0,2050,3826
295,rush,8,prism_sanctuary,虹晶聖域,28,42,6,1,0,49,50,0,86,86,0,0,0,80,80,363,0,0,166,618,0,0,7,0,0,0,261,547,0,0,3826,0
295,rush,9,poison_bog,毒霧の沼地,34,48,5,0,0,0,0,0,0,0,0,0,0,0,0,0,0,0,0,0,0,0,0,0,0,0,0,0,0,0,0,0
295,rush,10,machine_city,古代機械都市,39,57,6,0,0,0,0,0,0,0,0,0,0,0,0,0,0,0,0,0,0,0,0,0,0,0,0,0,0,0,0,0
295,rush,11,deep_sea_temple,深海神殿,46,66,6,0,0,0,0,0,0,0,0,0,0,0,0,0,0,0,0,0,0,0,0,0,0,0,0,0,0,0,0,0
295,rush,12,demon_gate,魔界門,54,76,7,0,0,0,0,0,0,0,0,0,0,0,0,0,0,0,0,0,0,0,0,0,0,0,0,0,0,0,0,0
295,rush,13,sky_ruins,天空遺跡,68,86,7,0,0,0,0,0,0,0,0,0,0,0,0,0,0,0,0,0,0,0,0,0,0,0,0,0,0,0,0,0
296,balanced,1,meadow,はじまり草原,1,4,2,1,1,1,3,7,6,5,1,0,2,3,2,21,1,0,10,41,3,2,11,0,0,0,5,6,0,0,230,872
296,balanced,2,cave,こだま洞くつ,3,7,2,1,1,7,7,10,4,3,1,0,3,2,1,26,2,2,8,57,2,1,16,0,0,0,10,8,0,0,950,2457
296,balanced,3,brook,しずく湖畔,5,10,3,1,1,10,10,11,3,2,1,0,5,1,0,8,2,2,6,35,0,0,8,0,0,0,11,0,0,0,1904,3302
296,balanced,4,volcano,ほむら火山,8,14,4,1,1,11,12,16,10,9,1,0,3,4,3,27,2,2,16,59,3,1,12,0,0,0,17,43,0,0,2558,1230
296,balanced,5,tower,星晶の塔,12,20,5,1,1,16,17,21,13,13,0,0,6,5,4,24,2,2,20,83,5,2,9,0,0,0,28,43,0,0,954,2759
296,balanced,6,snowfield,霜降り雪原,16,25,4,1,1,21,21,28,24,23,1,0,4,11,10,100,2,2,37,160,5,1,13,0,0,0,45,101,0,0,2137,3567
296,balanced,7,thunder_ruins,雷鳴遺跡,21,31,5,1,1,28,29,33,13,12,1,0,4,5,4,53,2,2,20,86,3,2,26,0,0,0,19,95,0,0,2763,3058
296,balanced,8,prism_sanctuary,虹晶聖域,28,42,6,1,1,33,36,49,77,67,1,9,15,32,31,181,2,2,111,445,29,2,11,0,0,0,140,390,0,0,2369,4874
296,balanced,9,poison_bog,毒霧の沼地,34,48,5,1,1,49,49,50,5,4,1,0,5,1,0,6,2,2,8,33,1,1,8,0,0,0,8,0,0,0,3776,12680
296,balanced,10,machine_city,古代機械都市,39,57,6,1,1,50,51,59,36,35,1,0,3,16,15,105,2,2,54,198,16,1,11,0,0,0,54,491,0,0,9820,7193
296,balanced,11,deep_sea_temple,深海神殿,46,66,6,1,1,59,60,79,84,83,1,0,4,40,39,327,2,2,126,618,5,1,20,0,0,0,129,1051,0,0,5571,14700
296,balanced,12,demon_gate,魔界門,54,76,7,1,1,79,80,100,111,104,1,6,13,50,49,4548,2,2,163,5078,66,3,177,25,0,0,256,1248,1,0,11384,33393
296,balanced,13,sky_ruins,天空遺跡,68,86,7,1,1,100,100,100,160,158,1,1,4,77,76,24929,2,2,239,25403,2,2,359,75,0,0,241,0,0,0,25860,37620
297,collector,1,meadow,はじまり草原,1,4,2,1,1,1,2,7,21,16,1,4,3,6,5,69,1,0,28,137,20,3,16,0,0,0,17,0,0,0,230,1150
297,collector,2,cave,こだま洞くつ,3,7,2,1,1,8,9,12,11,9,2,0,7,4,3,93,5,5,20,160,5,1,31,0,0,0,25,21,0,0,1578,1756
297,collector,3,brook,しずく湖畔,5,10,3,1,1,12,12,13,3,1,2,0,7,1,0,6,5,5,9,44,0,0,8,0,0,0,17,0,0,0,929,1627
297,collector,4,volcano,ほむら火山,8,14,4,1,1,13,11,16,19,17,2,0,8,6,5,34,5,5,30,113,4,1,20,0,0,0,36,20,0,0,860,1567
297,collector,5,tower,星晶の塔,12,20,5,1,1,16,17,22,28,23,3,2,11,8,7,50,5,5,41,281,10,2,47,0,0,0,55,39,0,0,829,2250
297,collector,6,snowfield,霜降り雪原,16,25,4,1,1,22,23,25,8,3,4,1,10,2,1,77,5,5,15,166,3,1,40,0,0,0,25,24,0,0,1188,5766
297,collector,7,thunder_ruins,雷鳴遺跡,21,31,5,1,1,25,25,31,23,20,3,0,8,7,6,101,5,5,35,193,5,2,33,0,0,0,37,84,0,0,3045,3572
297,collector,8,prism_sanctuary,虹晶聖域,28,42,6,1,1,31,33,52,103,101,1,1,9,33,32,241,5,5,141,2841,29,2,67,36,0,0,165,524,0,0,1886,5600
297,collector,9,poison_bog,毒霧の沼地,34,48,5,1,1,52,53,56,14,12,2,0,10,4,3,25,5,5,23,223,3,1,23,0,0,0,41,134,1,0,2956,9574
297,collector,10,machine_city,古代機械都市,39,57,6,1,1,56,49,66,93,88,2,3,13,29,28,325,5,5,127,1766,39,2,104,4,0,0,166,740,1,0,5054,8254
297,collector,11,deep_sea_temple,深海神殿,46,66,6,1,1,66,66,78,64,62,1,1,7,20,19,434,5,5,89,2101,16,2,164,18,0,0,89,731,0,0,4357,15969
297,collector,12,demon_gate,魔界門,54,76,7,1,1,78,78,84,52,41,2,9,18,13,12,1075,5,5,70,4255,22,3,199,35,0,0,116,642,0,0,8429,22777
297,collector,13,sky_ruins,天空遺跡,68,86,7,1,1,84,85,99,57,53,2,2,11,17,16,3679,5,5,79,4720,28,2,229,28,0,0,82,1023,0,0,12022,20591
298,rush,1,meadow,はじまり草原,1,4,2,1,1,1,2,6,6,2,2,2,4,3,2,30,0,0,9,47,0,0,12,0,0,0,10,8,0,0,230,659
298,rush,2,cave,こだま洞くつ,3,7,2,1,1,6,7,11,10,10,0,0,0,9,8,66,0,0,19,88,0,0,9,0,0,0,27,17,0,0,659,1676
298,rush,3,brook,しずく湖畔,5,10,3,1,1,11,12,14,5,5,0,0,0,3,2,13,0,0,8,22,0,0,5,0,0,0,6,25,0,0,1676,1192
298,rush,4,volcano,ほむら火山,8,14,4,1,1,14,15,23,51,51,0,0,0,48,47,224,0,0,99,362,0,0,6,0,0,0,154,96,0,0,1192,1287
298,rush,5,tower,星晶の塔,12,20,5,1,0,23,24,0,85,85,0,0,0,80,80,333,0,0,165,547,0,0,6,0,0,0,256,181,0,0,1287,0
298,rush,6,snowfield,霜降り雪原,16,25,4,0,0,0,0,0,0,0,0,0,0,0,0,0,0,0,0,0,0,0,0,0,0,0,0,0,0,0,0,0
298,rush,7,thunder_ruins,雷鳴遺跡,21,31,5,0,0,0,0,0,0,0,0,0,0,0,0,0,0,0,0,0,0,0,0,0,0,0,0,0,0,0,0,0
298,rush,8,prism_sanctuary,虹晶聖域,28,42,6,0,0,0,0,0,0,0,0,0,0,0,0,0,0,0,0,0,0,0,0,0,0,0,0,0,0,0,0,0
298,rush,9,poison_bog,毒霧の沼地,34,48,5,0,0,0,0,0,0,0,0,0,0,0,0,0,0,0,0,0,0,0,0,0,0,0,0,0,0,0,0,0
298,rush,10,machine_city,古代機械都市,39,57,6,0,0,0,0,0,0,0,0,0,0,0,0,0,0,0,0,0,0,0,0,0,0,0,0,0,0,0,0,0
298,rush,11,deep_sea_temple,深海神殿,46,66,6,0,0,0,0,0,0,0,0,0,0,0,0,0,0,0,0,0,0,0,0,0,0,0,0,0,0,0,0,0
298,rush,12,demon_gate,魔界門,54,76,7,0,0,0,0,0,0,0,0,0,0,0,0,0,0,0,0,0,0,0,0,0,0,0,0,0,0,0,0,0
298,rush,13,sky_ruins,天空遺跡,68,86,7,0,0,0,0,0,0,0,0,0,0,0,0,0,0,0,0,0,0,0,0,0,0,0,0,0,0,0,0,0
299,balanced,1,meadow,はじまり草原,1,4,2,1,1,1,3,7,8,7,1,0,3,4,3,42,2,0,14,84,11,2,14,0,0,0,10,8,0,0,230,741
299,balanced,2,cave,こだま洞くつ,3,7,2,1,1,9,9,13,8,7,1,0,2,4,3,54,1,0,13,83,7,2,17,0,0,0,13,40,0,0,2217,760
299,balanced,3,brook,しずく湖畔,5,10,3,1,1,11,11,14,9,8,1,0,4,4,3,21,2,2,15,46,3,1,6,0,0,0,11,18,0,0,894,979
299,balanced,4,volcano,ほむら火山,8,14,4,1,1,14,14,20,20,19,1,0,3,9,8,58,2,2,31,110,5,2,9,0,0,0,33,51,0,0,759,2450
299,balanced,5,tower,星晶の塔,12,20,5,1,1,20,20,24,21,20,1,0,3,9,8,73,2,2,32,135,0,0,25,0,0,0,32,53,0,0,1898,2216
299,balanced,6,snowfield,霜降り雪原,16,25,4,1,1,24,25,28,8,7,1,0,4,3,2,62,2,2,13,108,0,0,34,0,0,0,16,72,0,0,1717,2459
299,balanced,7,thunder_ruins,雷鳴遺跡,21,31,5,1,1,28,28,36,33,32,1,0,6,15,14,246,2,2,50,338,4,1,36,0,0,0,52,140,0,0,1905,5354
299,balanced,8,prism_sanctuary,虹晶聖域,28,42,6,1,1,36,37,54,94,93,1,0,3,45,44,348,2,2,141,755,14,1,35,0,0,0,145,602,0,0,4147,4928
299,balanced,9,poison_bog,毒霧の沼地,34,48,5,1,1,54,55,56,7,6,1,0,4,2,1,25,2,2,11,56,0,0,15,0,0,0,12,80,0,0,3817,10678
299,balanced,10,machine_city,古代機械都市,39,57,6,1,1,56,55,61,26,25,1,0,5,11,10,116,2,2,39,206,2,1,18,0,0,0,41,359,0,0,8270,14986
299,balanced,11,deep_sea_temple,深海神殿,46,66,6,1,1,61,62,85,113,109,1,3,6,53,52,3380,2,2,168,3714,27,1,140,34,0,0,184,1390,0,0,11606,9883
299,balanced,12,demon_gate,魔界門,54,76,7,1,1,85,87,99,49,48,1,0,3,22,21,3346,2,2,73,3651,31,1,206,24,0,0,78,936,0,0,7655,15140
299,balanced,13,sky_ruins,天空遺跡,68,86,7,1,1,99,99,100,95,94,1,0,3,45,44,12016,2,2,142,12282,0,0,320,44,0,0,139,238,0,0,11726,38338
300,collector,1,meadow,はじまり草原,1,4,2,1,1,1,2,6,8,6,2,0,6,3,2,37,4,2,15,110,9,2,18,0,0,0,18,1,0,0,230,1119
300,collector,2,cave,こだま洞くつ,3,7,2,1,1,8,9,12,11,11,0,0,6,4,3,77,5,5,20,153,4,1,24,0,0,0,27,19,0,0,2746,1630
300,collector,3,brook,しずく湖畔,5,10,3,1,1,12,12,16,21,19,2,0,7,7,6,64,5,5,33,124,0,0,18,0,0,0,35,18,0,0,862,1311
300,collector,4,volcano,ほむら火山,8,14,4,1,1,16,14,16,10,8,2,0,9,3,2,25,5,5,18,98,3,2,12,0,0,0,28,15,0,0,694,1567
300,collector,5,tower,星晶の塔,12,20,5,1,1,16,17,24,47,42,2,3,10,14,13,341,5,5,66,513,7,1,66,3,0,0,66,38,0,0,829,3441
300,collector,6,snowfield,霜降り雪原,16,25,4,1,1,24,26,30,22,20,2,0,7,7,6,517,5,5,34,589,10,2,81,7,0,0,35,96,0,0,1819,2963
300,collector,7,thunder_ruins,雷鳴遺跡,21,31,5,1,1,30,31,38,38,37,1,0,8,12,11,1002,5,5,55,1090,8,1,97,11,0,0,52,120,0,0,1566,3759
300,collector,8,prism_sanctuary,虹晶聖域,28,42,6,1,1,38,39,58,138,125,1,12,19,41,40,548,5,5,184,2484,21,2,148,25,0,0,201,615,0,0,1986,7790
300,collector,9,poison_bog,毒霧の沼地,34,48,5,1,1,58,59,65,38,36,2,0,8,12,11,197,5,5,55,282,0,0,44,0,0,0,50,322,0,0,4113,6635
300,collector,10,machine_city,古代機械都市,39,57,6,1,1,65,65,78,96,92,4,0,9,31,30,1558,5,5,132,1805,8,1,194,10,0,0,110,785,0,0,3504,12947
300,collector,11,deep_sea_temple,深海神殿,46,66,6,1,1,78,77,91,80,75,3,2,11,25,24,5166,5,5,110,5904,36,2,237,29,0,0,101,885,0,0,6835,18310
300,collector,12,demon_gate,魔界門,54,76,7,1,1,91,91,92,10,4,3,3,12,1,0,187,5,5,16,630,3,1,187,4,0,0,33,0,0,0,9665,24858
300,collector,13,sky_ruins,天空遺跡,68,86,7,1,1,92,91,92,8,4,3,1,9,1,0,5,5,5,14,63,0,0,7,0,0,0,22,0,0,0,13120,32451
