run,profile,profile_label,seed,initialStateHash,status,completed,failed_stage,failure_reason,maxBattles,maxTurnsPerBattle,maxBossLosses,totalBattles,normalBattles,bossBattles,totalTurns,wins,losses,kos,guardTurns,maxGuardStreak,maxBattleTurns,guardLoopBattles,battles50Plus,battles100Plus,stalledBattles,timerOrTurnCaps,scoutAttempts,scoutSuccesses,scoutCharmPurchases,scoutCharmGold,scoutCharmConsumed,scoutCharmWasted,zeroRewardScoutWins,scoutEncountersByStage,scoutSuccessesByStage,fusions,fusionLevelDebt,levelRecoveryBattles,equips,trainingBooks,trainingGold,freeHeals,freeHealPoints,questClaims,questGold,rankClaims,rankGold,battleGold,defeatGoldLost,firstBRankBattle,firstARankBattle,firstSRankBattle,minGold,actions,finalGold,finalHighestLevel,finalPlayerRank,finalOwned,finalDexDiscovered,finalDexScouted,finalParty,finalPartyData,bossesCleared,goldInflow,goldSink,goldSinkRate,charmWasteRate,sourceRandomCalls,scenario
1,rush,速攻,1471897641,6db87357877e13c6014a44e8930428d4b49be7e4a5b7f1723ae3bdb34842a700,stuck,0,tower,boss_retry_cap,400,200,40,155,84,71,637,87,68,213,0,0,12,0,0,0,0,0,4,2,0,0,1,1,2,[object Object],[object Object],0,0,0,3,219,13140,155,7938,23,6400,5,1100,9117,3275,,,,80,[object Object],282,27,6,3,24,3,ペブロン Lv27 / つぼみラビ Lv27 / ぷるミン Lv27,"[object Object],[object Object],[object Object]",4,16697,16415,0.98311073845601,1,3923,control
2,balanced,バランス,3021753912,7c0c64f4175cdfecf1c60ea249cc09243caf6818c35c2788b044515ae2a3f8ba,completed,1,,,400,200,40,111,70,41,518,73,38,121,29,1,19,0,0,0,0,0,19,5,0,0,1,1,5,[object Object],[object Object],0,0,0,6,135,8100,111,5185,26,6980,5,1100,6460,4810,,,,80,[object Object],1710,23,6,6,23,6,クラッグベア Lv19 / シンダーホーン Lv20 / アクアン Lv23,"[object Object],[object Object],[object Object]",5,14620,12910,0.8830369357045144,1,3015,control
3,collector,収集・配合,1972113374,1dab649181c9abb6af6e495a0cc3af6800b1ebe2d3702ac207123d11cb944b4e,completed,1,,,400,200,40,156,105,51,1054,110,46,152,19,1,76,0,2,0,0,0,19,11,75,3750,76,70,9,[object Object],[object Object],0,0,0,11,117,7020,156,7867,29,9680,5,1100,10357,8167,,,,80,[object Object],2280,25,6,12,23,12,ルーメンオウル Lv22 / グルーモス Lv25 / ルミネル Lv23,"[object Object],[object Object],[object Object]",5,21217,18937,0.8925390017438847,0.9210526315789473,5300,control
4,rush,速攻,9383375,5c3f0073413b99ca6721b97ae850ac111235a724559eca74742bdc91ee785b7f,stuck,0,tower,boss_retry_cap,400,200,40,180,100,80,643,96,84,212,0,0,8,0,0,0,0,0,2,2,0,0,1,1,2,[object Object],[object Object],0,0,0,3,215,12900,180,6819,23,6400,5,1100,9118,3518,,,,80,[object Object],280,27,6,3,24,3,ペブロン Lv26 / アワマリン Lv26 / ぷるミン Lv27,"[object Object],[object Object],[object Object]",4,16698,16418,0.9832315247335011,1,4195,control
5,balanced,バランス,1641133921,92d6c7dfcaa2ee27998d84af5ca00c99caa13d1b5a59a4fe7d65011f6c985f0b,completed,1,,,400,200,40,92,58,34,413,65,27,84,12,1,22,0,0,0,0,0,10,7,0,0,1,1,5,[object Object],[object Object],0,0,0,8,147,8820,92,4435,28,9080,5,1100,6815,4892,,,,80,[object Object],3363,25,6,8,23,8,ルミネル Lv24 / シンドレイク Lv25 / ドリモール Lv25,"[object Object],[object Object],[object Object]",5,17075,13712,0.8030453879941435,1,2481,control
6,collector,収集・配合,3448281562,cb42f0679a7bd5dc5b8cd2c2b5865d3c7058175561556d0ef3986d68d47be30b,completed,1,,,400,200,40,130,81,49,783,84,46,162,21,1,62,0,2,0,0,0,32,9,56,2800,57,44,8,[object Object],[object Object],0,0,0,8,82,4920,130,7065,27,8180,5,1100,7922,8345,,,,80,[object Object],1217,23,6,10,23,10,ルーメンオウル Lv20 / グルーモス Lv22 / ギアビット Lv23,"[object Object],[object Object],[object Object]",5,17282,16065,0.9295799097326698,0.7719298245614035,4076,control
7,rush,速攻,3881588202,b794cee672f0616f1ed45dec12a2408e228f623e6a25cf8e7bc8a55a7983cb83,stuck,0,volcano,boss_retry_cap,400,200,40,111,60,51,452,62,49,166,0,0,14,0,0,0,0,0,2,2,0,0,1,1,2,[object Object],[object Object],0,0,0,3,126,7560,111,5308,20,4320,4,750,4727,2088,,,,80,[object Object],229,22,5,3,17,3,ぷるミン Lv20 / つぼみラビ Lv21 / プフバット Lv22,"[object Object],[object Object],[object Object]",3,9877,9648,0.9768148223144679,1,2797,control
8,balanced,バランス,3675537264,ffaf99010b094fd9de40f6decff39595ce45221288e676b764cce6cbca8dd5e1,completed,1,,,400,200,40,63,38,25,315,45,18,45,14,1,20,0,0,0,0,0,11,6,0,0,1,1,4,[object Object],[object Object],0,0,0,7,113,6780,63,2279,27,8180,4,750,4187,4010,,,,80,[object Object],2407,21,5,7,21,7,ルーメンオウル Lv20 / オアロード Lv21,"[object Object],[object Object]",5,13197,10790,0.8176100628930818,1,1796,control
9,collector,収集・配合,3046571462,3db856ad2acbc4297177ed6f8b45d82dd44a82e2ba7a48fd0abf9b68bb8c855e,completed,1,,,400,200,40,125,82,43,722,86,39,127,25,1,24,0,0,0,0,0,24,12,61,3050,62,50,10,[object Object],[object Object],0,0,0,10,84,5040,125,6566,28,8780,5,1100,7064,7082,,,,80,[object Object],1852,21,6,13,25,13,グルーモス Lv21 / シンダーホーン Lv21 / ルミネル Lv20,"[object Object],[object Object],[object Object]",5,17024,15172,0.8912124060150376,0.8064516129032258,3874,control
10,rush,速攻,2853839096,768f295867f41089f43493bc822ffd9bdf9909f722939df35969feb66a63144e,stuck,0,tower,boss_retry_cap,400,200,40,167,96,71,627,87,80,226,0,0,10,0,0,0,0,0,5,2,0,0,1,1,2,[object Object],[object Object],0,0,0,3,217,13020,167,8968,23,6400,5,1100,9099,3387,,,,80,[object Object],272,28,6,3,23,3,トゲホッグ Lv26 / リーフリン Lv27 / ぷるミン Lv28,"[object Object],[object Object],[object Object]",4,16679,16407,0.9836920678697764,1,3978,control
11,balanced,バランス,1481333286,8748622d904b43f71307b483dc4f23942852911c7333aa1ccdb70bbedb7246ef,completed,1,,,400,200,40,92,57,35,400,63,29,103,16,1,15,0,0,0,0,0,14,5,0,0,1,1,5,[object Object],[object Object],0,0,0,6,143,8580,92,4830,27,8180,4,750,5978,4063,,,,80,[object Object],2345,22,5,6,24,6,グルーモス Lv21 / クリスタゴン Lv19 / シンドレイク Lv22,"[object Object],[object Object],[object Object]",5,14988,12643,0.8435414998665599,1,2426,control
12,collector,収集・配合,1324164130,c1b474a6df339e934d35a050ea184c90533f14ba034db2dabddebc624f1a712e,completed,1,,,400,200,40,142,90,52,669,92,50,146,25,1,22,0,0,0,0,0,32,9,63,3150,64,56,8,[object Object],[object Object],0,0,0,7,74,4440,142,6622,27,8180,5,1100,8502,8442,,,,80,[object Object],1830,23,6,10,25,10,クラッグベア Lv19 / クリスタゴン Lv19 / ギアビット Lv23,"[object Object],[object Object],[object Object]",5,17862,16032,0.8975478669801814,0.875,3928,control
13,rush,速攻,2407032757,2712bf8778f4a6429f55bb76892ed6a6a5d36ccabd5c1bfe481a66dc6f639976,stuck,0,tower,boss_retry_cap,400,200,40,150,83,67,556,83,67,207,0,0,9,0,0,0,0,0,2,2,0,0,1,1,2,[object Object],[object Object],0,0,0,3,223,13380,150,7459,23,6400,5,1100,9257,3179,,,,80,[object Object],278,28,6,3,23,3,トゲホッグ Lv27 / プフバット Lv27 / ぷるミン Lv28,"[object Object],[object Object],[object Object]",4,16837,16559,0.9834887450258359,1,3563,control
14,balanced,バランス,1387753497,6a45791c8159f39eda2754b4f38d15865a2feb156e06d6b2359996ca4d763ac0,completed,1,,,400,200,40,77,48,29,347,55,22,65,16,1,23,0,0,0,0,0,15,7,0,0,1,1,5,[object Object],[object Object],0,0,0,8,133,7980,77,1708,27,8180,4,750,5139,3798,,,,80,[object Object],2371,22,5,8,23,8,シンダーホーン Lv21 / ルミネル Lv20 / リーファウル Lv22,"[object Object],[object Object],[object Object]",5,14149,11778,0.8324263198812637,1,2057,control
15,collector,収集・配合,3282849046,1747cdd41e84ddfb01753264d5364600332cf38c05e12bf95f2202e43cc5fd4c,completed,1,,,400,200,40,92,56,36,407,62,30,89,15,1,23,0,0,0,0,0,34,9,46,2300,47,37,7,[object Object],[object Object],0,0,0,8,60,3600,92,4363,27,8180,4,750,5721,7000,,,,80,[object Object],1831,21,5,10,24,10,クリスタゴン Lv19 / シンダーホーン Lv20 / ヒノコぐま Lv21,"[object Object],[object Object],[object Object]",5,14731,12900,0.8757042970606205,0.7872340425531915,2433,control
16,rush,速攻,2088528153,43db3c368bca92885a475dcf3e663798acf771483db89bec06f731e67136c1c7,stuck,0,tower,boss_retry_cap,400,200,40,138,79,59,503,75,63,183,0,0,9,0,0,0,0,0,3,2,0,0,1,1,2,[object Object],[object Object],0,0,0,3,205,12300,138,5921,23,6400,5,1100,8250,3265,,,,80,[object Object],265,27,6,3,23,3,ドリモール Lv26 / リーフリン Lv27 / ぷるミン Lv27,"[object Object],[object Object],[object Object]",4,15830,15565,0.9832596336070751,1,3266,control
17,balanced,バランス,4025567715,b197da5007914460487d20c260ade7439a3c52bad099a187b21177892170dbe8,completed,1,,,400,200,40,145,93,52,532,97,48,157,14,1,15,0,0,0,0,0,17,6,0,0,1,1,5,[object Object],[object Object],0,0,0,7,206,12360,145,6378,28,9080,5,1100,10881,6419,,,,80,[object Object],2362,28,6,7,24,7,グルーモス Lv27 / リーファウル Lv28 / ギアビット Lv28,"[object Object],[object Object],[object Object]",5,21141,18779,0.8882739700108794,1,3489,control
18,collector,収集・配合,3697710452,a381dcc8f6ba584e4b910e72cb04ef69d0b2cf2a89a4237c0a1bfdeede586f02,completed,1,,,400,200,40,147,96,51,929,99,48,145,19,1,59,0,1,0,0,0,20,10,69,3450,70,57,8,[object Object],[object Object],1,5,0,9,91,5460,147,7200,29,8930,5,1100,8503,8520,,,,80,[object Object],1183,23,6,10,25,12,ルーメンオウル Lv21 / グルーモス Lv23 / ルミネル Lv22,"[object Object],[object Object],[object Object]",5,18613,17430,0.9364422715306506,0.8142857142857143,4832,control
19,rush,速攻,1115294812,76ca92228f99364c4fe9af63554f58e0f12be6d78bfb95d5aabf8cf8241aae7c,stuck,0,volcano,boss_retry_cap,400,200,40,123,67,56,469,67,56,172,0,0,10,0,0,0,0,0,2,2,0,0,1,1,2,[object Object],[object Object],0,0,0,3,137,8220,123,3669,21,5020,4,750,4874,2278,,,,80,[object Object],226,22,5,3,19,3,ぷるミン Lv21 / つぼみラビ Lv22 / プフバット Lv22,"[object Object],[object Object],[object Object]",3,10724,10498,0.9789257739649384,1,2982,control
20,balanced,バランス,596734450,ea70bf8ed7d80cd0f82009ee9f995e4d960afd70a88b3cd810f1ccdeea3969c8,completed,1,,,400,200,40,135,86,49,520,94,41,136,24,1,18,0,0,0,0,0,11,8,0,0,1,1,6,[object Object],[object Object],0,0,0,7,222,13320,135,4152,28,9080,5,1100,9764,5264,,,,80,[object Object],1440,28,6,9,24,9,グルーモス Lv24 / ギアビット Lv26 / トゲホッグ Lv28,"[object Object],[object Object],[object Object]",5,20024,18584,0.9280862964442669,1,3346,control
21,collector,収集・配合,1560936911,1560193125c928402d21a4527dbecdbe45f5e49baf6418a654c2f1d5f0e4cea3,completed,1,,,400,200,40,96,57,39,432,61,35,114,20,1,14,0,0,0,0,0,31,10,40,2000,41,30,9,[object Object],[object Object],0,0,0,9,47,2820,96,3977,27,7580,4,750,3872,6259,,,,80,[object Object],1203,17,5,11,24,11,クリスタゴン Lv17 / シンダーホーン Lv15 / グルーモス Lv15,"[object Object],[object Object],[object Object]",5,12282,11079,0.9020517830972155,0.7317073170731707,2584,control
22,rush,速攻,3293104866,5492731b68fb4b36cef943124c5d05dff714b9ff1deae996ee2b6fd277578209,stuck,0,tower,boss_retry_cap,400,200,40,142,77,65,535,81,61,192,0,0,11,0,0,0,0,0,2,2,0,0,1,1,2,[object Object],[object Object],0,0,0,3,218,13080,142,6492,23,6400,5,1100,8782,3012,,,,80,[object Object],270,27,6,3,25,3,ペブロン Lv27 / リーフリン Lv27 / ぷるミン Lv27,"[object Object],[object Object],[object Object]",4,16362,16092,0.9834983498349835,1,3443,control
23,balanced,バランス,720064122,53e6dd87e43d64efd12ce79b6e19af6c9a05f3ec0bdef879a9e26b18663b22a8,completed,1,,,400,200,40,123,78,45,472,82,41,133,19,1,24,0,0,0,0,0,16,7,0,0,1,1,6,[object Object],[object Object],0,0,0,6,179,10740,123,5255,27,7880,5,1100,8734,5601,,,,80,[object Object],1453,26,6,8,23,8,クリスタゴン Lv24 / ギアビット Lv26 / トゲホッグ Lv26,"[object Object],[object Object],[object Object]",5,17794,16341,0.9183432617736316,1,3037,control
24,collector,収集・配合,3437843960,4217cd846982eb7cd9a1cc8e3338ef9f3f0c85cf9aef0a815e2450f848a4bfc7,completed,1,,,400,200,40,120,79,41,638,80,40,136,19,1,22,0,0,0,0,0,32,12,61,3050,62,47,10,[object Object],[object Object],0,0,0,11,74,4440,120,8292,28,8780,5,1100,7404,8014,,,,80,[object Object],1860,22,6,13,25,13,ルミネル Lv22 / クリスタゴン Lv21 / グルーモス Lv21,"[object Object],[object Object],[object Object]",5,17364,15504,0.8928818244644091,0.7580645161290323,3588,control
25,rush,速攻,1150933655,0b2e71cc74c0e13f8c6c6b0467fd5ddb7f217c29d1d1bcfbdd97a54c1fbc9b73,stuck,0,tower,boss_retry_cap,400,200,40,161,88,73,618,89,72,223,0,0,11,0,0,0,0,0,2,2,0,0,1,1,2,[object Object],[object Object],0,0,0,3,227,13620,161,9152,23,6400,5,1100,9705,3372,,,,80,[object Object],293,28,6,3,24,3,トゲホッグ Lv27 / リーフリン Lv28 / ぷるミン Lv28,"[object Object],[object Object],[object Object]",4,17285,16992,0.9830488863176164,1,3936,control
26,balanced,バランス,2641165819,f81e75a1c8017cc5ac13b37f749ae4b5fd4369046ea0aca0b3d1e0a36727b8f6,completed,1,,,400,200,40,118,75,43,449,81,37,118,26,1,15,0,0,0,0,0,14,5,0,0,1,1,3,[object Object],[object Object],0,0,0,6,190,11400,118,5302,28,9080,5,1100,8872,5325,,,,80,[object Object],2407,27,6,6,24,6,ギアビット Lv26 / ドリモール Lv27 / ぷるミン Lv27,"[object Object],[object Object],[object Object]",5,19132,16725,0.8741898390131716,1,2902,control
27,collector,収集・配合,3232900675,97bd7e8e0ca1f9cd57c16dea45231d6c5e6fc428b77ddaee9c6175c45b9233e5,completed,1,,,400,200,40,99,58,41,546,63,36,123,11,1,67,0,1,0,0,0,36,13,44,2200,45,34,12,[object Object],[object Object],0,0,0,11,59,3540,99,4486,28,8780,4,750,5110,7752,,,,80,[object Object],1228,20,5,14,25,14,ルーメンオウル Lv20 / シンダーホーン Lv20 / ルミネル Lv20,"[object Object],[object Object],[object Object]",5,14720,13492,0.9165760869565217,0.7555555555555555,2952,control
28,rush,速攻,3008870801,ed5cc488da52f01343d4bbc6ad156136ebd3f899a30a9c0e77d15e538b22b952,completed,1,,,400,200,40,117,65,52,385,68,49,141,0,0,7,0,0,0,0,0,3,2,0,0,1,1,2,[object Object],[object Object],0,0,0,3,184,11040,117,5145,24,7200,4,750,7263,2692,,,,80,[object Object],1561,26,5,3,24,3,グルーモス Lv23 / ペブロン Lv25 / ぷるミン Lv26,"[object Object],[object Object],[object Object]",5,15293,13732,0.8979271562152619,1,2633,control
29,balanced,バランス,3471184274,f28b271e64e93f2b0af7cadf3011e489e15e77cc3e0f902a9a8027a7a4d9a6d4,completed,1,,,400,200,40,127,81,46,401,86,41,86,14,1,12,0,0,0,0,0,15,6,0,0,1,1,5,[object Object],[object Object],0,0,0,6,180,10800,127,3941,27,7880,5,1100,8596,4724,,,,80,[object Object],2132,25,6,7,22,7,グルーモス Lv25 / オアロード Lv25,"[object Object],[object Object]",5,17656,15524,0.8792478477571364,1,2830,control
30,collector,収集・配合,2829812522,d7abedef357a750f970e2d55a87e5efa92f24408b2098a1fc3f2205686ed5ce9,completed,1,,,400,200,40,99,62,37,457,66,33,113,14,1,21,0,0,0,0,0,23,11,50,2500,51,40,9,[object Object],[object Object],0,0,0,10,65,3900,99,3968,28,8780,5,1100,5858,8021,,,,80,[object Object],1397,20,6,12,23,12,シンダーホーン Lv20 / グルーモス Lv20 / クリスタゴン Lv19,"[object Object],[object Object],[object Object]",5,15818,14421,0.911682892906815,0.7843137254901961,2696,control
31,rush,速攻,3668946669,194bbb4be91a2210861318a9c904e08208189f1c6b7ec73e848fca1e54e11343,stuck,0,tower,boss_retry_cap,400,200,40,155,84,71,578,87,68,209,0,0,11,0,0,0,0,0,2,2,0,0,1,1,2,[object Object],[object Object],0,0,0,3,224,13440,155,5369,23,6400,5,1100,9428,3297,,,,80,[object Object],271,28,6,3,24,3,ペブロン Lv27 / つぼみラビ Lv28 / ぷるミン Lv28,"[object Object],[object Object],[object Object]",4,17008,16737,0.9840663217309501,1,3721,control
32,balanced,バランス,214036932,6c127f6858fbfc84bc976f23c2d722b97f7fd6453291d256cb86c287216b9aa5,completed,1,,,400,200,40,173,112,61,720,117,56,159,10,1,25,0,0,0,0,0,17,5,0,0,1,1,4,[object Object],[object Object],0,0,0,5,253,15180,173,7068,28,9080,6,1550,13568,6387,,,,80,[object Object],2711,30,7,6,24,6,グルーモス Lv28 / アクアン Lv30 / リーフリン Lv29,"[object Object],[object Object],[object Object]",5,24278,21567,0.8883351182140209,1,4454,control
33,collector,収集・配合,492118699,35cb0ec277ee264eaa9fad512c1263a9e82e130e3764ff68e0ba70eb844a3869,completed,1,,,400,200,40,150,100,50,885,104,46,158,27,1,34,0,0,0,0,0,39,12,73,3650,74,59,10,[object Object],[object Object],0,0,0,10,105,6300,150,10390,29,9680,5,1100,10260,8880,,,,80,[object Object],2290,25,6,13,25,13,グルーモス Lv22 / ルミネル Lv25 / シンドレイク Lv25,"[object Object],[object Object],[object Object]",5,21120,18830,0.8915719696969697,0.7972972972972973,4777,control
34,rush,速攻,3954715732,fadcced644bbed088e6c33dcb76a475811a1578d0fe0c1652fc6476e0b804bf3,stuck,0,tower,boss_retry_cap,400,200,40,206,111,95,758,111,95,301,0,0,9,0,0,0,0,0,3,2,0,0,1,1,2,[object Object],[object Object],0,0,0,3,240,14400,206,11628,23,6400,5,1100,11033,3917,,,,80,[object Object],296,29,6,3,24,3,プフバット Lv28 / リーフリン Lv29 / ぷるミン Lv29,"[object Object],[object Object],[object Object]",4,18613,18317,0.984097136410036,1,4911,control
35,balanced,バランス,2489228875,c688ae7227deb35b73a2a721e79e662f39a6cc2686cdb3dc5d7e30f3eb9f11aa,completed,1,,,400,200,40,69,43,26,338,45,24,83,14,1,14,0,0,0,0,0,18,6,0,0,1,1,6,[object Object],[object Object],0,0,0,7,111,6660,69,3739,26,7940,4,750,4290,4012,,,,80,[object Object],2388,21,5,7,20,7,シンダーホーン Lv19 / ルミネル Lv21 / グルーモス Lv20,"[object Object],[object Object],[object Object]",5,13060,10672,0.8171516079632466,1,1945,control
36,collector,収集・配合,2464448860,fee2cef7d626b31f935a419c65c8b4700a7ecab481b908cf704de931c1fc3fe7,completed,1,,,400,200,40,144,93,51,815,95,49,156,15,1,34,0,0,0,0,0,33,9,63,3150,64,55,8,[object Object],[object Object],0,0,0,7,84,5040,144,7026,27,8180,5,1100,8759,8076,,,,80,[object Object],1853,24,6,10,25,10,ルーメンオウル Lv21 / グルーモス Lv23 / リーファウル Lv24,"[object Object],[object Object],[object Object]",5,18119,16266,0.8977316628953033,0.859375,4445,control
37,rush,速攻,774645660,0db2482b224fd3a55be528dd9a1462a0729b3faf0324419d7be05aaeb3346ff7,completed,1,,,400,200,40,111,64,47,365,63,48,114,0,0,8,0,0,0,0,0,8,2,0,0,1,1,2,[object Object],[object Object],0,0,0,3,152,9120,111,2665,23,6300,4,750,6135,2638,,,,80,[object Object],1507,24,5,3,23,3,シンダーホーン Lv20 / ドリモール Lv23 / ぷるミン Lv24,"[object Object],[object Object],[object Object]",5,13265,11758,0.8863927629099133,1,2508,control
38,balanced,バランス,3524978395,216a5571994aee3c1d145cdcc3ea0626e0245ba75182fb0133b13f5c6f76787b,completed,1,,,400,200,40,63,39,24,283,46,17,54,12,1,22,0,0,0,0,0,15,7,0,0,1,1,5,[object Object],[object Object],0,0,0,6,121,7260,63,3495,27,8180,4,750,4437,3812,30,,,80,[object Object],2375,21,5,8,22,8,クリスタゴン Lv21 / シンダーホーン Lv19 / つぼみラビ Lv21,"[object Object],[object Object],[object Object]",5,13447,11072,0.8233806797055105,1,1699,control
39,collector,収集・配合,872252436,5f9f2b9b655de3236d00e87a5aecbb5abc6dfcf8ca5f0bbc7a7f5539a734d0e0,completed,1,,,400,200,40,113,74,39,561,74,39,99,18,1,45,0,0,0,0,0,36,13,51,2550,52,43,10,[object Object],[object Object],0,0,0,12,90,5400,113,5311,29,10980,5,1100,6627,8455,59,,,80,[object Object],2382,22,6,14,21,14,ルーメンオウル Lv22 / グルーモス Lv22 / クリスタゴン Lv22,"[object Object],[object Object],[object Object]",5,18787,16405,0.8732101985415447,0.8269230769230769,3166,control
40,rush,速攻,845911254,558458ed8ae4f8af648e1dad9b030879fb56659a469d4e44c6074fbbc615d45f,stuck,0,tower,boss_retry_cap,400,200,40,160,92,68,620,84,76,227,0,0,10,0,0,0,0,0,3,2,0,0,1,1,2,[object Object],[object Object],0,0,0,3,214,12840,160,7874,23,6400,5,1100,9153,3587,,,,76,[object Object],306,27,6,3,25,3,ペブロン Lv26 / プフバット Lv27 / ぷるミン Lv27,"[object Object],[object Object],[object Object]",4,16733,16427,0.9817127831231698,1,3900,control
41,balanced,バランス,2194091372,3429f53ac5e446d2d755def6fd9d7510b22e5ea605587003f73e309d22732bb6,completed,1,,,400,200,40,100,63,37,472,68,32,98,17,1,26,0,0,0,0,0,17,6,0,0,1,1,5,[object Object],[object Object],0,0,0,6,138,8280,100,3960,26,6980,4,750,6164,4292,,,,80,[object Object],1402,23,5,7,24,7,シンダーホーン Lv20 / クリスタゴン Lv20 / アクアン Lv23,"[object Object],[object Object],[object Object]",5,13974,12572,0.8996708172320023,1,2757,control
42,collector,収集・配合,1045559965,e3b07e534b99a52e782e21100ef3d6c490cdd3e077b0bb2a9d0c033d26ab8f81,completed,1,,,400,200,40,111,69,42,572,74,37,126,28,1,21,0,0,0,0,0,32,13,56,2800,57,44,11,[object Object],[object Object],0,0,0,11,79,4740,111,5861,28,8780,5,1100,6878,7292,,,,80,[object Object],2006,23,6,14,24,14,グルーモス Lv23 / シンダーホーン Lv22 / ルミネル Lv22,"[object Object],[object Object],[object Object]",5,16838,14832,0.880864710773251,0.7719298245614035,3240,control
43,rush,速攻,3182161548,3fcf18a83ef325e028d1906af4e05dd02ea577ef53c1fb64bfab3a3b8f7f6514,stuck,0,tower,boss_retry_cap,400,200,40,172,93,79,696,95,77,234,0,0,12,0,0,0,0,0,4,2,0,0,1,1,2,[object Object],[object Object],0,0,0,3,227,13620,172,7766,23,6400,5,1100,9837,3515,,,,80,[object Object],282,28,6,3,24,3,ペブロン Lv27 / つぼみラビ Lv28 / ぷるミン Lv28,"[object Object],[object Object],[object Object]",4,17417,17135,0.9838089223172762,1,4307,control
44,balanced,バランス,2626341443,9cb0042d90f72959918900db6b995dcf40e8de2b19dc211912fb9fe7828af866,completed,1,,,400,200,40,102,64,38,426,72,30,73,21,1,15,0,0,0,0,0,17,6,0,0,1,1,5,[object Object],[object Object],0,0,0,5,169,10140,102,3031,27,8180,5,1100,6610,4099,,,,80,[object Object],1731,23,6,7,23,7,クラッグベア Lv18 / ギアビット Lv23 / ぷるミン Lv21,"[object Object],[object Object],[object Object]",5,15970,14239,0.8916092673763306,1,2614,control
45,collector,収集・配合,2389835488,27cf268c1c10fbd224c2a878f72c36ea67a8614a94d2f919a17e87d43c8116b0,completed,1,,,400,200,40,99,58,41,521,65,34,118,20,1,27,0,0,0,0,0,35,11,41,2050,42,33,10,[object Object],[object Object],0,0,0,9,66,3960,99,4895,28,8780,4,750,5274,7027,,,,80,[object Object],1847,19,5,12,25,12,クラッグベア Lv18 / シンダーホーン Lv19 / ルーメンオウル Lv17,"[object Object],[object Object],[object Object]",5,14884,13037,0.8759070142434829,0.7857142857142857,2933,control
46,rush,速攻,1666585048,4736916d43fb09bd6a9368a23d2a81d5daa5e7f5fa2478ca5adc90a4a1450aa9,stuck,0,tower,boss_retry_cap,400,200,40,128,70,58,473,74,54,171,0,0,10,0,0,0,0,0,2,2,0,0,1,1,2,[object Object],[object Object],0,0,0,3,206,12360,128,5954,23,6400,5,1100,8158,2750,,,,80,[object Object],628,27,6,3,23,3,ドリモール Lv26 / プフバット Lv27 / ぷるミン Lv26,"[object Object],[object Object],[object Object]",4,15738,15110,0.9600965815224298,1,3059,control
47,balanced,バランス,1934237886,b622fe9bce6179b0fde11780913d8f4c24bc9c9b6bf09b018a44aae8ac372feb,completed,1,,,400,200,40,91,57,34,436,64,27,98,12,1,16,0,0,0,0,0,15,8,0,0,1,1,6,[object Object],[object Object],0,0,0,9,153,9180,91,5413,27,8180,5,1100,6232,4665,,,,80,[object Object],1747,22,6,9,23,9,グルーモス Lv22 / ルミネル Lv22 / ギアビット Lv22,"[object Object],[object Object],[object Object]",5,15592,13845,0.8879553617239611,1,2555,control
48,collector,収集・配合,754877195,7ec1b147a3a642b12e65b8638ed1e2d334f7dd612c70ffb4a3ceec40e2bc143a,completed,1,,,400,200,40,125,78,47,664,86,39,131,19,1,27,0,0,0,0,0,44,12,60,3000,61,47,10,[object Object],[object Object],0,0,0,9,95,5700,125,5739,29,10980,5,1100,8401,9511,,,,80,[object Object],2350,24,6,13,25,13,クリスタゴン Lv23 / ルミネル Lv23 / ギアビット Lv24,"[object Object],[object Object],[object Object]",5,20561,18211,0.8857059481542726,0.7704918032786885,3691,control
49,rush,速攻,3843746136,144372eb6166a99694737f9206164628cb1fdfb2c78fff2d1767f5d63227b1b0,stuck,0,volcano,boss_retry_cap,400,200,40,113,63,50,476,61,52,175,0,0,12,0,0,0,0,0,3,2,0,0,1,1,2,[object Object],[object Object],0,0,0,3,127,7620,113,7811,20,4320,4,750,4814,2125,,,,80,[object Object],219,22,5,3,16,3,リーフリン Lv21 / つぼみラビ Lv20 / ぷるミン Lv22,"[object Object],[object Object],[object Object]",3,9964,9745,0.9780208751505419,1,2889,control
50,balanced,バランス,4040574288,2df5913232695c8025dbeb0a456157365597c59a1f204da7302c54e4a786a7db,completed,1,,,400,200,40,109,71,38,445,75,34,94,16,1,18,0,0,0,0,0,16,8,0,0,1,1,5,[object Object],[object Object],0,0,0,8,187,11220,109,5873,28,9080,5,1100,8135,5028,55,,,80,[object Object],2147,25,6,9,23,9,ルミネル Lv22 / ギアビット Lv25 / トゲホッグ Lv24,"[object Object],[object Object],[object Object]",5,18395,16248,0.8832835009513454,1,2771,control
51,collector,収集・配合,2762233523,c2ec2efba22ae5b03b39eb3054edbfb4427f3ec081a1e97bb84d292e47a04ef1,completed,1,,,400,200,40,114,71,43,573,78,36,108,17,1,27,0,0,0,0,0,42,11,53,2650,54,41,9,[object Object],[object Object],0,0,0,10,80,4800,114,4858,28,8780,5,1100,5850,6949,,,,80,[object Object],1411,18,6,12,24,12,クリスタゴン Lv18 / シンダーホーン Lv18 / グルーモス Lv17,"[object Object],[object Object],[object Object]",5,15810,14399,0.910752688172043,0.7592592592592593,3203,control
52,rush,速攻,322992823,a9889c952f599df2d17dd88cbbd37f248311e47692ee4282969be59ba3a1eca2,stuck,0,tower,boss_retry_cap,400,200,40,196,105,91,766,107,89,288,0,0,11,0,0,0,0,0,2,2,0,0,1,1,2,[object Object],[object Object],0,0,0,3,237,14220,196,11218,23,6400,5,1100,10980,4066,,,,80,[object Object],274,29,6,3,21,3,リーフリン Lv28 / つぼみラビ Lv29 / ぷるミン Lv29,"[object Object],[object Object],[object Object]",4,18560,18286,0.9852370689655172,1,4815,control
53,balanced,バランス,2035769764,d689ad9d7fedb34667d475b3d8a706ae5c7a3021174c0f536d04240093cbf169,completed,1,,,400,200,40,131,84,47,524,87,44,133,25,1,16,0,0,0,0,0,22,5,0,0,1,1,4,[object Object],[object Object],0,0,0,5,192,11520,131,4905,28,9080,5,1100,8950,5345,,,,80,[object Object],2345,27,6,6,24,6,クリスタゴン Lv23 / ドリモール Lv26 / リーフリン Lv27,"[object Object],[object Object],[object Object]",5,19210,16865,0.8779281624154086,1,3276,control
54,collector,収集・配合,2843383722,e02f3c7bc0f4b26af144de5dbc920600cb943678146f24b043310155b7eefdc4,completed,1,,,400,200,40,119,76,43,663,83,36,125,20,1,76,0,1,0,0,0,27,10,60,3000,61,50,8,[object Object],[object Object],0,0,0,9,93,5580,119,6496,28,8780,5,1100,8316,7846,,,,80,[object Object],1850,24,6,11,24,11,ルーメンオウル Lv22 / シンドレイク Lv24 / リーファウル Lv24,"[object Object],[object Object],[object Object]",5,18276,16426,0.8987743488728387,0.819672131147541,3531,control
55,rush,速攻,2375139437,4552c339b47abff97fdba894e35d71b1761a8546cdb287fef4ae18782514c9f9,stuck,0,tower,boss_retry_cap,400,200,40,211,115,96,782,112,99,258,0,0,11,0,0,0,0,0,4,2,0,0,1,1,2,[object Object],[object Object],0,0,0,3,236,14160,211,7305,23,6400,5,1100,10848,3942,,,,80,[object Object],326,28,6,3,24,3,トゲホッグ Lv28 / リーフリン Lv27 / ぷるミン Lv28,"[object Object],[object Object],[object Object]",4,18428,18102,0.9823095289776427,1,5056,control
56,balanced,バランス,717261139,e5dc86ef8a4eb9ef8062834870cd371be5e15e619ec75c04ba76f22225c98a12,completed,1,,,400,200,40,58,35,23,252,43,15,39,11,1,13,0,0,0,0,0,14,8,0,0,1,1,5,[object Object],[object Object],0,0,0,7,101,6060,58,3111,27,8180,4,750,3790,3576,47,,,80,[object Object],3164,19,5,9,23,9,クラッグベア Lv16 / シンダーホーン Lv17 / プフバット Lv19,"[object Object],[object Object],[object Object]",5,12800,9636,0.7528125,1,1548,control
57,collector,収集・配合,970618694,6bd98c3af744fa28941c90301d8c6156aa5d3a2622adba40c58992c078f7bfb4,completed,1,,,400,200,40,135,89,46,776,97,38,135,25,1,37,0,0,0,0,0,23,12,70,3500,71,62,9,[object Object],[object Object],0,0,0,10,115,6900,135,7678,28,8780,5,1100,8696,7070,65,,,80,[object Object],1186,23,6,13,24,13,ルーメンオウル Lv20 / クリスタゴン Lv20 / シンドレイク Lv23,"[object Object],[object Object],[object Object]",5,18656,17470,0.9364279588336192,0.8732394366197183,4261,control
58,rush,速攻,4044457912,40f606b0127fe3ddff028d6b57c5058e6826eb3938102156ebd88617918f3c46,stuck,0,tower,boss_retry_cap,400,200,40,165,90,75,570,91,74,208,0,0,9,0,0,0,0,0,4,2,0,0,1,1,2,[object Object],[object Object],0,0,0,3,221,13260,165,4365,23,6400,5,1100,9368,3403,,,,80,[object Object],285,28,6,3,23,3,ドリモール Lv27 / プフバット Lv27 / ぷるミン Lv28,"[object Object],[object Object],[object Object]",4,16948,16663,0.9831838565022422,1,3800,control
59,balanced,バランス,1390568887,b42e4297ddffd745b70c23afb60b27e6bf2611063b173a1c399c9390c48bea35,completed,1,,,400,200,40,81,50,31,350,56,25,83,16,1,16,0,0,0,0,0,9,6,0,0,1,1,5,[object Object],[object Object],0,0,0,7,118,7080,81,3618,26,6980,4,750,4805,4105,,,,80,[object Object],1430,22,5,7,22,7,ルーメンオウル Lv18 / リーファウル Lv20 / トゲホッグ Lv22,"[object Object],[object Object],[object Object]",5,12615,11185,0.8866428854538249,1,2121,control
60,collector,収集・配合,2097967396,b9cdcccfb6e1954ed7efb5bb5d7fd46e1a64295dd8fd8af898d982417b1a9d6f,completed,1,,,400,200,40,148,99,49,758,101,47,142,25,1,24,0,0,0,0,0,27,10,75,3750,76,68,8,[object Object],[object Object],1,6,0,10,92,5520,148,7308,29,8930,5,1100,9312,8304,,,,80,[object Object],1848,22,6,10,24,12,クリスタゴン Lv21 / ルミネル Lv22 / シンドレイク Lv22,"[object Object],[object Object],[object Object]",5,19422,17574,0.9048501699104109,0.8947368421052632,4313,control
61,rush,速攻,765568617,861a5b3e81bc79cdbdbfcfc6e689c781c397a4ebebb565255fce3ff06fe2d39f,stuck,0,tower,boss_retry_cap,400,200,40,174,93,81,695,97,77,241,0,0,9,0,0,0,0,0,3,2,0,0,1,1,2,[object Object],[object Object],0,0,0,3,233,13980,174,8056,23,6400,5,1100,10146,3461,,,,80,[object Object],285,28,6,3,24,3,ペブロン Lv27 / プフバット Lv28 / ぷるミン Lv28,"[object Object],[object Object],[object Object]",4,17726,17441,0.9839219225995712,1,4332,control
62,balanced,バランス,2360622262,82d0f2ade03076653e4e1220ea3f32d9a343cea184e4b31bfdabb97c753e2d98,completed,1,,,400,200,40,111,72,39,494,71,40,126,16,1,16,0,0,0,0,0,20,7,0,0,1,1,5,[object Object],[object Object],0,0,0,8,141,8460,111,4957,28,9080,5,1100,7648,6104,,,,80,[object Object],3344,25,6,8,21,8,グルーモス Lv24 / ルミネル Lv22 / ドリモール Lv25,"[object Object],[object Object],[object Object]",5,17908,14564,0.8132678132678133,1,2980,control
63,collector,収集・配合,3278977842,13d55bf5b81db1e04130f8f960e5dcd2180ee0c5d256e02e969883eb2e9bc0d1,completed,1,,,400,200,40,84,50,34,422,56,28,88,16,1,21,0,0,0,0,0,24,12,42,2100,43,31,10,[object Object],[object Object],0,0,0,12,55,3300,84,3733,28,8780,4,750,4698,7062,,,,80,[object Object],1846,20,5,13,24,13,クラッグベア Lv19 / シンダーホーン Lv18 / ルミネル Lv20,"[object Object],[object Object],[object Object]",5,14308,12462,0.8709812692200167,0.7209302325581395,2431,control
64,rush,速攻,4002276643,0ab2fb051198ddc450cc6d98b9f073f459f347e4ecde01cbe2b4971d69821c39,stuck,0,tower,boss_retry_cap,400,200,40,130,72,58,454,74,56,172,0,0,9,0,0,0,0,0,2,2,0,0,1,1,2,[object Object],[object Object],0,0,0,3,205,12300,130,4085,23,6400,5,1100,8217,2883,,,,80,[object Object],614,27,6,3,24,3,ドリモール Lv26 / プフバット Lv27 / ぷるミン Lv26,"[object Object],[object Object],[object Object]",4,15797,15183,0.9611318604798379,1,3023,control
65,balanced,バランス,3697688610,e938646abd3d9836edc61849985769ca94a2713c551b4d02b5281366de6923e9,stuck,0,tower,boss_retry_cap,400,200,40,201,133,68,809,135,66,224,52,1,20,0,0,0,0,0,22,6,0,0,1,1,5,[object Object],[object Object],0,0,0,5,282,16920,201,14446,26,7080,6,1550,15555,6751,,,,80,[object Object],594,32,7,7,24,7,アッシュインプ Lv30 / ペブロン Lv32 / ぷるミン Lv32,"[object Object],[object Object],[object Object]",4,24265,23671,0.9755202967236761,1,5075,control
66,collector,収集・配合,3688447801,c8be2f720b8c8fa0c5c352ca9fa8aabe219227da8d53362f01cf1c736cf1384d,completed,1,,,400,200,40,107,67,40,560,68,39,121,13,1,45,0,0,0,0,0,20,12,52,2600,53,40,10,[object Object],[object Object],0,0,0,10,56,3360,107,3514,28,8780,5,1100,6070,8059,,,,80,[object Object],2011,22,6,13,23,13,ルーメンオウル Lv22 / シンダーホーン Lv21 / ギアビット Lv21,"[object Object],[object Object],[object Object]",5,16030,14019,0.8745477230193387,0.7547169811320755,3151,control
67,rush,速攻,4238992508,5d13702e7e87b569c925088d652ba1b3de4d0d9221e97cadf0d00c396f62c709,stuck,0,tower,boss_retry_cap,400,200,40,176,96,80,653,96,80,244,0,0,10,0,0,0,0,0,3,2,0,0,1,1,2,[object Object],[object Object],0,0,0,3,226,13560,176,6689,23,6400,5,1100,9805,3596,,,,80,[object Object],229,28,6,3,24,3,トゲホッグ Lv27 / プフバット Lv28 / ぷるミン Lv28,"[object Object],[object Object],[object Object]",4,17385,17156,0.9868277250503308,1,4229,control
68,balanced,バランス,2970325822,cc3a782fe7218bc39ccb91e815030058b4f2ad8b4df0e13a62cdd69c386ddbff,completed,1,,,400,200,40,112,70,42,445,77,35,115,21,1,22,0,0,0,0,0,15,6,0,0,1,1,6,[object Object],[object Object],0,0,0,6,157,9420,112,3063,27,8180,5,1100,6852,4466,,,,80,[object Object],2326,24,6,7,24,7,ルーメンオウル Lv20 / ドリモール Lv24 / ヒノコぐま Lv22,"[object Object],[object Object],[object Object]",5,16212,13886,0.8565260301011597,1,2826,control
69,collector,収集・配合,1650749039,afbc32ad6432701c0b0a82d10d9509adfc0c7a91018132c4e118e42f1b538c20,completed,1,,,400,200,40,106,65,41,481,67,39,119,15,1,22,0,0,0,0,0,38,10,46,2300,47,33,9,[object Object],[object Object],0,0,0,10,52,3120,106,4129,27,7580,4,750,4959,6743,,,,80,[object Object],1206,19,5,11,24,11,クリスタゴン Lv19 / シンダーホーン Lv18 / ルミネル Lv17,"[object Object],[object Object],[object Object]",5,13369,12163,0.9097913082504301,0.7021276595744681,2858,control
70,rush,速攻,2001307675,4836b77e321a30ffdff695cc2c4109de6e408ad6bec22999862fb70de74a68c5,stuck,0,tower,boss_retry_cap,400,200,40,175,95,80,720,96,79,244,0,0,12,0,0,0,0,0,3,2,0,0,1,1,2,[object Object],[object Object],0,0,0,3,225,13500,175,7548,23,6400,5,1100,9809,3635,,,,80,[object Object],254,28,6,3,24,3,ペブロン Lv27 / つぼみラビ Lv28 / ぷるミン Lv28,"[object Object],[object Object],[object Object]",4,17389,17135,0.985393064581057,1,4427,control
71,balanced,バランス,2566648975,94317f91ef34854f0f7f5fca98a5fd852ecfc2e2d36b09225eea0de35523d451,completed,1,,,400,200,40,116,76,40,539,77,39,108,14,1,26,0,0,0,0,0,29,8,0,0,1,1,5,[object Object],[object Object],1,4,0,8,153,9180,116,4645,28,8330,5,1100,8405,7293,40,,,80,[object Object],1442,24,6,8,23,10,ルミネル Lv24 / シンドレイク Lv23 / トゲホッグ Lv24,"[object Object],[object Object],[object Object]",5,17915,16473,0.9195087915154898,1,3183,control
72,collector,収集・配合,1206131578,637adea8dc77eb8a9dd5b263d4286ed531d98fd28e0069d7865b5ab8b0ca1752,completed,1,,,400,200,40,90,54,36,393,56,34,114,12,1,13,0,0,0,0,0,27,9,45,2250,46,33,7,[object Object],[object Object],0,0,0,8,50,3000,90,3672,27,8180,4,750,5298,7217,,,,80,[object Object],1841,21,5,10,24,10,グルーモス Lv19 / シンダーホーン Lv19 / ドリモール Lv21,"[object Object],[object Object],[object Object]",5,14308,12467,0.8713307240704501,0.717391304347826,2396,control
73,rush,速攻,3539659348,106e56833082cb413973fffebc2811c1c78a5ec10600baa59c75c5175fc2d40c,completed,1,,,400,200,40,186,101,85,618,101,85,218,0,0,9,0,0,0,0,0,5,2,0,0,1,1,2,[object Object],[object Object],0,0,0,3,214,12840,186,7010,24,7200,5,1100,9438,3458,,,,80,[object Object],1520,28,6,3,24,3,シンドレイク Lv24 / プフバット Lv28 / ぷるミン Lv28,"[object Object],[object Object],[object Object]",5,17818,16298,0.9146930070715007,1,4183,control
74,balanced,バランス,2522747149,de672e84f1447ad68b3b28674fee6a4305f5e9e2b0fa82b97bd5aa915dd159d2,completed,1,,,400,200,40,112,71,41,412,78,34,90,24,1,16,0,0,0,0,0,22,7,0,0,1,1,5,[object Object],[object Object],0,0,0,7,195,11700,112,4509,28,9080,5,1100,7803,4911,,,,80,[object Object],1452,26,6,8,22,8,クリスタゴン Lv23 / トゲホッグ Lv26 / アッシュインプ Lv22,"[object Object],[object Object],[object Object]",5,18063,16611,0.9196146819465205,1,2716,control
75,collector,収集・配合,3933425669,41edc904544dc97ed7df8667670e7ad1a99c56048334137a9a5e684326878804,completed,1,,,400,200,40,108,68,40,468,74,34,116,22,1,27,0,0,0,0,0,27,10,54,2700,55,45,8,[object Object],[object Object],0,0,0,9,70,4200,108,5660,28,8780,5,1100,6704,7730,,,,80,[object Object],2034,22,6,11,23,11,シンダーホーン Lv20 / グルーモス Lv22 / クリスタゴン Lv20,"[object Object],[object Object],[object Object]",5,16664,14630,0.877940470475276,0.8181818181818182,2840,control
76,rush,速攻,1745814365,00744ebe9e8afb0fe666bedbe35ac9340ec79b79db9570ef9e97657e80f8af61,stuck,0,volcano,boss_retry_cap,400,200,40,120,65,55,492,66,54,173,0,0,11,0,0,0,0,0,2,2,0,0,1,1,2,[object Object],[object Object],0,0,0,3,138,8280,120,5893,21,5020,4,750,4821,2174,,,,80,[object Object],217,22,5,3,19,3,つぼみラビ Lv21 / ぷるミン Lv22 / プフバット Lv22,"[object Object],[object Object],[object Object]",3,10671,10454,0.9796645112922875,1,3028,control
77,balanced,バランス,659939162,c177c9f44ef28722ec445254c9780a58bbb150dfa02e53131b6627fabceab9c9,completed,1,,,400,200,40,111,70,41,515,77,34,101,14,1,25,0,0,0,0,0,14,5,0,0,1,1,4,[object Object],[object Object],0,0,0,6,177,10620,111,5294,27,8180,5,1100,8078,4468,,,,80,[object Object],2350,24,6,6,25,6,ルミネル Lv21 / シンドレイク Lv24 / アクアン Lv24,"[object Object],[object Object],[object Object]",5,17438,15088,0.8652368390870513,1,3052,control
78,collector,収集・配合,1864607914,86140802614a8218cdbaa4a480e8fb2bc5d788f8b8c67a22d494413f479c5099,completed,1,,,400,200,40,158,104,54,955,107,51,177,28,1,36,0,0,0,0,0,21,11,73,3650,74,65,9,[object Object],[object Object],0,0,0,10,97,5820,158,8385,28,8780,5,1100,10185,8837,,,,80,[object Object],1838,24,6,12,25,12,ルーメンオウル Lv23 / グルーモス Lv23 / ギアビット Lv24,"[object Object],[object Object],[object Object]",5,20145,18307,0.9087614792752544,0.8783783783783784,5096,control
79,rush,速攻,2290906,e7fc7728fca1b4106f80f8b5b8f181dd48d6a2368449f45023b116efdc41713d,stuck,0,tower,boss_retry_cap,400,200,40,167,94,73,648,89,78,227,0,0,10,0,0,0,0,0,3,2,0,0,1,1,2,[object Object],[object Object],0,0,0,3,219,13140,167,7668,23,6400,5,1100,9237,3364,,,,80,[object Object],313,28,6,3,25,3,ペブロン Lv27 / プフバット Lv28 / ぷるミン Lv27,"[object Object],[object Object],[object Object]",4,16817,16504,0.9813878813105786,1,4096,control
80,balanced,バランス,3841425035,565be2641692ecf39adfee423d515be576cd5eae9578a3ec6a68f67adad1ea7f,completed,1,,,400,200,40,102,64,38,438,69,33,110,16,1,17,0,0,0,0,0,13,6,0,0,1,1,5,[object Object],[object Object],0,0,0,7,142,8520,102,4613,27,8180,5,1100,6803,5016,,,,80,[object Object],2627,23,6,7,25,7,クリスタゴン Lv23 / リーファウル Lv23 / ギアビット Lv23,"[object Object],[object Object],[object Object]",5,16163,13536,0.8374682917775166,1,2680,control
81,collector,収集・配合,492432520,0b19aa4b7db8a7b6af0d28c0bb11af5ba1b8b295d90298ef998aa594f19c7e38,completed,1,,,400,200,40,108,67,41,540,76,32,99,14,1,20,0,0,0,0,0,26,11,54,2700,55,48,8,[object Object],[object Object],0,0,0,10,93,5580,108,4971,28,8780,5,1100,6572,7050,59,,,80,[object Object],1202,21,6,12,24,12,ルーメンオウル Lv21 / グルーモス Lv21 / ルミネル Lv20,"[object Object],[object Object],[object Object]",5,16532,15330,0.9272925235906121,0.8727272727272727,3080,control
82,rush,速攻,2201070972,de497c94aae83d10636577517194443f506989f4877fa150bbfa395c124037e6,stuck,0,cave,boss_retry_cap,400,200,40,104,55,49,289,53,51,51,0,0,7,0,0,0,0,0,2,0,0,0,1,1,0,[object Object],[object Object],0,0,0,1,67,4020,104,1126,16,3290,3,450,1960,1569,,,,80,[object Object],191,16,4,1,9,1,ぷるミン Lv16,[object Object],1,5780,5589,0.9669550173010381,1,2116,control
83,balanced,バランス,1228148598,412bac0d0952945302d10105ceba34a991b246e861204e32daceca0405364d22,completed,1,,,400,200,40,86,54,32,355,56,30,102,10,1,14,0,0,0,0,0,18,5,0,0,1,1,5,[object Object],[object Object],0,0,0,6,127,7620,86,4869,26,6980,4,750,5949,4718,,,,80,[object Object],1421,22,5,6,23,6,ルーメンオウル Lv21 / シンダーホーン Lv21 / グルーモス Lv22,"[object Object],[object Object],[object Object]",5,13759,12338,0.8967221455047605,1,2203,control
84,collector,収集・配合,2738311366,cf8e00941e71c3d4d6e61c1881faf34400e8ffba5884aaa8d61fff28f86651c3,completed,1,,,400,200,40,139,86,53,866,90,49,167,21,1,24,0,0,0,0,0,24,8,58,2900,59,53,8,[object Object],[object Object],0,0,0,8,74,4440,139,8402,26,6980,5,1100,7394,7018,,,,80,[object Object],1196,20,6,9,23,9,グルーモス Lv20 / ルーメンオウル Lv18 / クリスタゴン Lv19,"[object Object],[object Object],[object Object]",5,15554,14358,0.9231065963739231,0.8983050847457628,4502,control
85,rush,速攻,350295222,ba301268a39663d35607fddbf710d0e972ba42383c822ac53fe33467a85c01cc,completed,1,,,400,200,40,211,111,100,603,116,95,209,0,0,6,0,0,0,0,0,5,2,0,0,1,1,2,[object Object],[object Object],0,0,0,3,218,13080,211,6288,24,7200,5,1100,9939,3693,,,,80,[object Object],1546,28,6,3,22,3,グルーモス Lv25 / リーファウル Lv25 / ぷるミン Lv28,"[object Object],[object Object],[object Object]",5,18319,16773,0.9156067470931819,1,4404,control
86,balanced,バランス,2978731909,0952637bd9a7b8e38c55ae04951be024b80b59ce788a37f63860b0a5eb297f70,completed,1,,,400,200,40,78,48,30,317,55,23,81,12,1,19,0,0,0,0,0,16,6,0,0,1,1,5,[object Object],[object Object],0,0,0,7,133,7980,78,5919,27,8180,4,750,5625,4299,,,,80,[object Object],2356,22,5,7,23,7,クリスタゴン Lv21 / グルーモス Lv21 / シンダーホーン Lv22,"[object Object],[object Object],[object Object]",5,14635,12279,0.8390160573966519,1,1996,control
87,collector,収集・配合,2232687247,992ed5e415a05903e1525425cac32aa73cd6cb814c1355fb1578862591dfa808,completed,1,,,400,200,40,122,79,43,534,80,42,115,15,1,29,0,0,0,0,0,36,12,59,2950,60,47,10,[object Object],[object Object],0,0,0,11,71,4260,122,3871,28,8780,5,1100,7021,7945,,,,80,[object Object],1826,21,6,13,24,13,ルーメンオウル Lv21 / シンダーホーン Lv20 / グルーモス Lv20,"[object Object],[object Object],[object Object]",5,16981,15155,0.8924680525292974,0.7833333333333333,3207,control
88,rush,速攻,3796973379,0a1884a638bc27880556c367da8e0392a9c4d625b3808a4041c9d9d387313362,stuck,0,tower,boss_retry_cap,400,200,40,198,106,92,728,108,90,288,0,0,14,0,0,0,0,0,2,2,0,0,1,1,2,[object Object],[object Object],0,0,0,3,243,14580,198,10283,23,6400,5,1100,11028,3763,,,,80,[object Object],265,29,6,3,25,3,プフバット Lv28 / リーフリン Lv29 / ぷるミン Lv29,"[object Object],[object Object],[object Object]",4,18608,18343,0.9857588134135855,1,4717,control
89,balanced,バランス,832048751,7eb6724d5e6ced63ec5bda9fcb7bf4888bf315c036ec16015818a2f34c01d07a,completed,1,,,400,200,40,101,64,37,380,71,30,96,16,1,17,0,0,0,0,0,15,7,0,0,1,1,5,[object Object],[object Object],0,0,0,8,153,9180,101,4718,27,8180,5,1100,7167,4676,,,,80,[object Object],2671,24,6,8,21,8,クリスタゴン Lv22 / リーファウル Lv23 / ドリモール Lv24,"[object Object],[object Object],[object Object]",5,16527,13856,0.83838567193078,1,2461,control
90,collector,収集・配合,316077382,35dc164ca08934cf05b191521a72050750c5f1bed28f3661af2ad430bd5847fc,completed,1,,,400,200,40,116,72,44,639,73,43,152,24,1,22,0,0,0,0,0,42,10,52,2600,53,39,9,[object Object],[object Object],1,5,0,9,70,4200,116,7324,28,7730,5,1100,6979,7685,,,,80,[object Object],1404,21,6,10,23,12,グルーモス Lv21 / シンダーホーン Lv21 / シンドレイク Lv20,"[object Object],[object Object],[object Object]",5,15889,14485,0.9116369815595695,0.7358490566037735,3524,control
91,rush,速攻,595016353,bd89b3a1f3eafdf63ed7b5f1eef387a9bb871384aec5eefbd2af51f470b02540,stuck,0,tower,boss_retry_cap,400,200,40,189,106,83,725,99,90,276,0,0,11,0,0,0,0,0,3,2,0,0,1,1,2,[object Object],[object Object],0,0,0,3,228,13680,189,10617,23,6400,5,1100,10061,3662,,,,80,[object Object],299,28,6,3,25,3,プフバット Lv27 / リーフリン Lv28 / ぷるミン Lv28,"[object Object],[object Object],[object Object]",4,17641,17342,0.9830508474576272,1,4577,control
92,balanced,バランス,2301381754,7e0aa13a62e76ecfd7ee1c7d36c321b4c39bb26467b6cbaa97fc5f347bb84478,completed,1,,,400,200,40,94,61,33,373,63,31,78,20,1,16,0,0,0,0,0,9,7,0,0,1,1,5,[object Object],[object Object],0,0,0,7,149,8940,94,3410,28,9080,4,750,6613,4483,,,,80,[object Object],3100,25,5,8,24,8,クラッグベア Lv22 / ドリモール Lv25 / ヒノコぐま Lv21,"[object Object],[object Object],[object Object]",5,16523,13423,0.8123827392120075,1,2357,control
93,collector,収集・配合,3787603678,f134ac34cfc476c73c10c0bc7dfce302fc3fdad4c56414ff8ad548caa6170b1a,completed,1,,,400,200,40,135,86,49,600,91,44,147,19,1,19,0,0,0,0,0,24,8,60,3000,61,53,7,[object Object],[object Object],0,0,0,8,85,5100,135,6384,26,6980,5,1100,7855,6725,,,,80,[object Object],1190,23,6,9,23,9,クリスタゴン Lv21 / グルーモス Lv22 / ドリモール Lv23,"[object Object],[object Object],[object Object]",5,16015,14825,0.9256946612550734,0.8688524590163934,3592,control
94,rush,速攻,1990309610,286491d4b0256abe2ef339b80a0e6aa9fc45a2188432c6286125a2fb41d5f190,stuck,0,tower,boss_retry_cap,400,200,40,160,89,71,569,87,73,193,0,0,9,0,0,0,0,0,4,2,0,0,1,1,2,[object Object],[object Object],0,0,0,3,209,12540,160,7559,23,6400,5,1100,8509,3265,,,,80,[object Object],284,27,6,3,24,3,ドリモール Lv26 / アクアン Lv24 / ぷるミン Lv27,"[object Object],[object Object],[object Object]",4,16089,15805,0.9823481882031202,1,3729,control
95,balanced,バランス,1232925529,3de8f194d71f2b9a4dacb6b195736f8f05c4f2d3f349a71e9d6845c7a2eec683,completed,1,,,400,200,40,123,79,44,504,81,42,129,28,1,19,0,0,0,0,0,14,6,0,0,1,1,5,[object Object],[object Object],0,0,0,7,185,11100,123,5809,28,9080,5,1100,8327,5113,,,,80,[object Object],2374,26,6,7,25,7,クリスタゴン Lv24 / ギアビット Lv25 / トゲホッグ Lv26,"[object Object],[object Object],[object Object]",5,18587,16213,0.8722763221606499,1,3119,control
96,collector,収集・配合,543362380,b6d7becc3a627737718be2b4953af42ea780e2bbffc480a9b073f1e631d95461,completed,1,,,400,200,40,140,89,51,875,95,45,146,25,1,38,0,0,0,0,0,39,12,68,3400,69,57,10,[object Object],[object Object],0,0,0,10,95,5700,140,6124,28,8780,5,1100,9047,8081,,,,80,[object Object],1826,24,6,13,25,13,ルーメンオウル Lv22 / シンダーホーン Lv22 / ルミネル Lv24,"[object Object],[object Object],[object Object]",5,19007,17181,0.9039301310043668,0.8260869565217391,4583,control
97,rush,速攻,3536532352,027f8d42582997a0fe81b8996456f34f893ba605bc5ea56a243e96e2c269fe2a,stuck,0,tower,boss_retry_cap,400,200,40,161,89,72,635,88,73,217,0,0,9,0,0,0,0,0,3,2,0,0,1,1,2,[object Object],[object Object],0,0,0,3,223,13380,161,7222,23,6400,5,1100,9398,3331,,,,80,[object Object],267,27,6,3,22,3,ペブロン Lv27 / リーフリン Lv27 / ぷるミン Lv27,"[object Object],[object Object],[object Object]",4,16978,16711,0.9842737660501826,1,3961,control
98,balanced,バランス,3844708681,507d229926ce2b7ed01ed84aaeebc033c2baf5c137504354572891baa542dbb0,completed,1,,,400,200,40,70,42,28,383,48,22,76,10,1,21,0,0,0,0,0,14,5,0,0,1,1,5,[object Object],[object Object],0,0,0,6,97,5820,70,2862,26,6980,4,750,3723,3592,,,,80,[object Object],2121,19,5,6,22,6,ルーメンオウル Lv19 / シンダーホーン Lv17 / アクアン Lv19,"[object Object],[object Object],[object Object]",5,11533,9412,0.816092950663314,1,2096,control
99,collector,収集・配合,2135709877,75cfb3dd0b406ba182364a611683f4ae81f2579c5b588e23281018044eb4e1ef,completed,1,,,400,200,40,141,91,50,838,95,46,140,18,1,72,0,3,0,0,0,36,13,64,3200,65,56,12,[object Object],[object Object],0,0,0,11,94,5640,141,5435,28,8780,5,1100,8971,8237,,,,80,[object Object],1854,23,6,14,24,14,ルーメンオウル Lv23 / グルーモス Lv22 / ルミネル Lv22,"[object Object],[object Object],[object Object]",5,18931,17077,0.9020653953832338,0.8615384615384616,4331,control
100,rush,速攻,97201735,18814b5e0835318178e4487018c61eed3a264f5504c13341c3c376e5f6e77995,stuck,0,tower,boss_retry_cap,400,200,40,148,82,66,561,82,66,200,0,0,9,0,0,0,0,0,2,2,0,0,1,1,2,[object Object],[object Object],0,0,0,3,213,12780,148,7355,23,6400,5,1100,8750,3282,,,,80,[object Object],268,27,6,3,24,3,ペブロン Lv27 / プフバット Lv27 / ぷるミン Lv27,"[object Object],[object Object],[object Object]",4,16330,16062,0.9835884874464176,1,3588,control
101,balanced,バランス,3486624815,4c6b538a0b1f823463b0d858c859a5a11592267901aa30f4e9588e374c8acdc9,completed,1,,,400,200,40,102,64,38,396,72,30,85,17,1,22,0,0,0,0,0,15,6,0,0,1,1,4,[object Object],[object Object],0,0,0,7,178,10680,102,3468,27,8180,5,1100,7522,4503,,,,80,[object Object],1699,24,6,7,23,7,グルーモス Lv24 / ルミネル Lv23 / ヒノコぐま Lv22,"[object Object],[object Object],[object Object]",5,16882,15183,0.8993602653714015,1,2539,control
102,collector,収集・配合,1785451935,f534a0609ab33a95f5e968fb478389754391635da87d7cf53e0391581338e70b,completed,1,,,400,200,40,121,76,45,679,84,37,105,23,1,74,0,1,0,0,0,29,11,57,2850,58,52,9,[object Object],[object Object],0,0,0,11,99,5940,121,5176,28,8780,5,1100,7501,7453,,,,80,[object Object],1218,22,6,12,24,12,ルーメンオウル Lv21 / グルーモス Lv22 / ルミネル Lv22,"[object Object],[object Object],[object Object]",5,17461,16243,0.9302445449859688,0.896551724137931,3643,control
103,rush,速攻,1605152414,bf0ab5d0e3131880495f0421b7c6b6a7e067e3c481556a7ec62431fe6e5c1448,stuck,0,tower,boss_retry_cap,400,200,40,148,82,66,564,82,66,203,0,0,11,0,0,0,0,0,3,2,0,0,1,1,2,[object Object],[object Object],0,0,0,3,208,12480,148,7772,23,6400,5,1100,8859,3650,,,,80,[object Object],309,27,6,3,25,3,トゲホッグ Lv26 / つぼみラビ Lv27 / ぷるミン Lv27,"[object Object],[object Object],[object Object]",4,16439,16130,0.9812032362065819,1,3611,control
104,balanced,バランス,3925287803,4359a176c967eda5f8d70e5f41b907cde0594168745641effceaa24f60c7afb9,completed,1,,,400,200,40,159,102,57,619,107,52,175,28,1,16,0,0,0,0,0,17,5,0,0,1,1,5,[object Object],[object Object],0,0,0,6,225,13500,159,6996,28,9080,5,1100,12538,6870,,,,80,[object Object],2428,29,6,6,23,6,グルーモス Lv29 / トゲホッグ Lv29 / ヒノコぐま Lv29,"[object Object],[object Object],[object Object]",5,22798,20370,0.8934994297745417,1,3940,control
105,collector,収集・配合,574893284,5b999b2de6642d3483ae1bdee4f4be6588ca17329b739c79f8882ac39b24ed07,completed,1,,,400,200,40,106,64,42,559,71,35,119,23,1,28,0,0,0,0,0,31,14,48,2400,49,38,13,[object Object],[object Object],0,0,0,12,74,4440,106,4774,29,9630,5,1100,4957,6908,,,,80,[object Object],2019,21,6,15,25,15,クラッグベア Lv17 / クリスタゴン Lv21 / ルーメンオウル Lv18,"[object Object],[object Object],[object Object]",5,15767,13748,0.8719477389484366,0.7755102040816326,3114,control
106,rush,速攻,1291763530,ba9ceb18e4d2b0bdd5e2741e016065312e69aec55e8537e4a9d47be11c1c7d6a,completed,1,,,400,200,40,146,80,66,456,82,64,183,0,0,8,0,0,0,0,0,3,2,0,0,1,1,2,[object Object],[object Object],0,0,0,3,207,12420,146,6042,24,7200,5,1100,8657,3046,,,,80,[object Object],1571,27,6,3,24,3,リーファウル Lv25 / プフバット Lv27 / ぷるミン Lv27,"[object Object],[object Object],[object Object]",5,17037,15466,0.9077889299759347,1,3195,control
107,balanced,バランス,4149931886,0b85037e2ca3f3d51ad64a707ca86c9a617b389b8985d483d1a46f1368a91d0c,completed,1,,,400,200,40,122,78,44,467,85,37,112,8,1,17,0,0,0,0,0,12,7,0,0,1,1,5,[object Object],[object Object],0,0,0,7,177,10620,122,4691,28,9080,5,1100,8732,5316,,,,80,[object Object],3056,25,6,8,23,8,グルーモス Lv24 / ギアビット Lv25 / リーファウル Lv25,"[object Object],[object Object],[object Object]",5,18992,15936,0.8390901432181971,1,3017,control
108,collector,収集・配合,880402122,b46e4215cd9763974c8beddc43ea0038929b3c3e27ffd1584901769303b226e9,completed,1,,,400,200,40,105,64,41,557,69,36,122,18,1,23,0,0,0,0,0,42,13,47,2350,48,39,11,[object Object],[object Object],0,0,0,14,81,4860,105,6266,28,8780,5,1100,5804,7144,,,,80,[object Object],1410,20,6,14,23,14,クラッグベア Lv19 / ルミネル Lv20 / クリスタゴン Lv19,"[object Object],[object Object],[object Object]",5,15764,14354,0.9105556965237249,0.8125,3118,control
109,rush,速攻,2741270145,61b1544e6810b6c5bf7b475a6a8b98fad2c1d5fe79fa4914f2455daf60b2180b,stuck,0,tower,boss_retry_cap,400,200,40,155,86,69,580,85,70,207,0,0,10,0,0,0,0,0,5,2,0,0,1,1,2,[object Object],[object Object],0,0,0,3,219,13140,155,7297,23,6400,5,1100,9126,3317,,,,80,[object Object],249,28,6,3,23,3,ドリモール Lv27 / リーフリン Lv28 / ぷるミン Lv28,"[object Object],[object Object],[object Object]",4,16706,16457,0.9850951753860888,1,3723,control
110,balanced,バランス,1334090972,3dcb398943c247a0a6aaf1e72c974d7bb5746aaa96b4612026818ebc5037b1fc,completed,1,,,400,200,40,111,70,41,483,75,36,118,26,1,14,0,0,0,0,0,17,6,0,0,1,1,5,[object Object],[object Object],0,0,0,6,156,9360,111,4986,28,9080,5,1100,7022,4906,79,,,80,[object Object],3016,25,6,7,21,7,クラッグベア Lv21 / リーファウル Lv24 / トゲホッグ Lv25,"[object Object],[object Object],[object Object]",5,17282,14266,0.8254831616711029,1,2910,control
111,collector,収集・配合,2417447104,0853b347871bd9f3d009595cd3ed98226dc6b63df5ff708597a890c9b62ce3b9,completed,1,,,400,200,40,183,125,58,1284,125,58,190,24,1,50,0,1,0,0,0,25,10,94,4700,95,82,8,[object Object],[object Object],0,0,0,10,93,5580,183,8618,28,8780,6,1550,11293,9553,,,,80,[object Object],1870,22,7,11,23,11,ルーメンオウル Lv20 / ルミネル Lv22 / クリスタゴン Lv21,"[object Object],[object Object],[object Object]",5,21703,19833,0.9138367967562088,0.8631578947368421,6484,control
112,rush,速攻,1348912859,f1d026580979a9f7027398334b753e6f7595ccbd9235a73cd5b2a0e654566a6b,stuck,0,volcano,boss_retry_cap,400,200,40,124,68,56,564,67,57,184,0,0,14,0,0,0,0,0,2,2,0,0,1,1,2,[object Object],[object Object],0,0,0,3,138,8280,124,6539,21,5020,4,750,4947,2293,,,,80,[object Object],224,22,5,3,19,3,リーフリン Lv22 / ぷるミン Lv22 / プフバット Lv22,"[object Object],[object Object],[object Object]",3,10797,10573,0.9792534963415763,1,3320,control
113,balanced,バランス,446906750,e6f369a38f1767196c4c99bdc42b27c9fa1fd4ac16a71ceb5bda8c88a7b71fc3,completed,1,,,400,200,40,104,67,37,431,69,35,99,18,1,18,0,0,0,0,0,18,7,0,0,1,1,5,[object Object],[object Object],0,0,0,8,136,8160,104,3910,27,8180,5,1100,6918,5489,,,,80,[object Object],2629,23,6,8,24,8,クリスタゴン Lv22 / リーファウル Lv23 / ギアビット Lv22,"[object Object],[object Object],[object Object]",5,16278,13649,0.8384936724413319,1,2660,control
114,collector,収集・配合,2368476831,4390aff64fe56864905abecb2425d880566fd11647beb602552d949142151046,completed,1,,,400,200,40,109,66,43,498,71,38,122,20,1,27,0,0,0,0,0,24,10,47,2350,48,39,9,[object Object],[object Object],0,0,0,9,61,3660,109,4348,28,8780,4,750,5536,7283,,,,80,[object Object],1853,20,5,11,24,11,ルーメンオウル Lv19 / シンダーホーン Lv19 / グルーモス Lv20,"[object Object],[object Object],[object Object]",5,15146,13293,0.8776574673181038,0.8125,2960,control
115,rush,速攻,289162756,7e6d8d80e0e71afab3f1c674d23ba29f48ea5d0b8424a2d41845d9c99850f94f,completed,1,,,400,200,40,166,90,76,480,92,74,130,0,0,7,0,0,0,0,0,4,2,0,0,1,1,2,[object Object],[object Object],0,0,0,3,170,10200,166,2953,24,7200,5,1100,7170,2903,,,,80,[object Object],2447,25,6,3,24,3,シンダーホーン Lv20 / リーフリン Lv22 / ぷるミン Lv25,"[object Object],[object Object],[object Object]",5,15550,13103,0.8426366559485531,1,3467,control
116,balanced,バランス,3471199428,5a377670169625c7689128478f4896e5fcb9403a5d9a4412427fa8b2f828a269,completed,1,,,400,200,40,128,83,45,472,87,41,86,24,1,21,0,0,0,0,0,19,6,0,0,1,1,4,[object Object],[object Object],0,0,0,6,201,12060,128,5600,28,9080,5,1100,9371,5215,,,,80,[object Object],2356,27,6,7,24,7,オアロード Lv26 / シンドレイク Lv27,"[object Object],[object Object]",5,19631,17275,0.8799857368447863,1,3061,control
117,collector,収集・配合,4071045514,27bb7d29875581da35f130708407826cf23896c9a75223db7ed282fae67b5ab5,completed,1,,,400,200,40,108,66,42,550,72,36,102,16,1,22,0,0,0,0,0,39,9,50,2500,51,40,7,[object Object],[object Object],0,0,0,9,61,3660,108,4595,27,8180,5,1100,5807,7593,,,,80,[object Object],1414,19,6,10,24,10,クラッグベア Lv17 / シンダーホーン Lv18 / シンドレイク Lv19,"[object Object],[object Object],[object Object]",5,15167,13753,0.9067712797520934,0.7843137254901961,3063,control
118,rush,速攻,1753486406,586e38aaf11e01d5d90e411230bc5162579a28be61d706d29030d992921a1deb,completed,1,,,400,200,40,125,69,56,411,72,53,134,0,0,9,0,0,0,0,0,4,2,0,0,1,1,2,[object Object],[object Object],0,0,0,3,162,9720,125,3966,24,7200,4,750,6622,2457,,,,80,[object Object],2475,25,5,3,23,3,グルーモス Lv22 / トゲホッグ Lv23 / ぷるミン Lv25,"[object Object],[object Object],[object Object]",5,14652,12177,0.831081081081081,1,2791,control
119,balanced,バランス,1203465411,a084717f765d2d6285702819ac36e8536c7006c1386f86b04f3e169885aef458,completed,1,,,400,200,40,122,77,45,468,82,40,129,18,1,16,0,0,0,0,0,9,6,0,0,1,1,5,[object Object],[object Object],0,0,0,7,187,11220,122,5931,27,7880,5,1100,8394,4771,,,,80,[object Object],1463,26,6,7,25,7,クリスタゴン Lv22 / リーファウル Lv25 / トゲホッグ Lv26,"[object Object],[object Object],[object Object]",5,17454,15991,0.9161796722814255,1,3004,control
120,collector,収集・配合,1070055821,bb6a8b1024433b8616499ba9bcd1ca438841ba4362d9fd824afa48bf758cd490,completed,1,,,400,200,40,74,41,33,399,49,25,87,13,1,19,0,0,0,0,0,29,11,35,1750,36,25,9,[object Object],[object Object],0,0,0,12,48,2880,74,4425,28,8780,4,750,3933,7348,,,,80,[object Object],1565,18,5,12,21,12,ルーメンオウル Lv18 / シンダーホーン Lv17 / クラッグベア Lv15,"[object Object],[object Object],[object Object]",5,13543,11978,0.8844421472347338,0.6944444444444444,2244,control
121,rush,速攻,2152747103,3e31d90283737421a8ee1c70a13bf097de622c515b2242dcf36237f5919ad66a,stuck,0,tower,boss_retry_cap,400,200,40,169,93,76,648,92,77,218,0,0,11,0,0,0,0,0,2,2,0,0,1,1,2,[object Object],[object Object],0,0,0,3,215,12900,169,7273,23,6400,5,1100,9155,3518,,,,80,[object Object],317,27,6,3,25,3,ペブロン Lv26 / プフバット Lv27 / ぷるミン Lv27,"[object Object],[object Object],[object Object]",4,16735,16418,0.9810576635793248,1,4123,control
122,balanced,バランス,671379074,9db56880c321e6593adb0f49639ca455baa28094dbd467b13f59de4fd9e70c59,completed,1,,,400,200,40,62,38,24,279,44,18,49,14,1,19,0,0,0,0,0,20,5,0,0,1,1,4,[object Object],[object Object],0,0,0,5,129,7740,62,2816,27,8180,4,750,4232,4050,,,,80,[object Object],1452,20,5,6,18,6,クラッグベア Lv19 / シンダーホーン Lv20 / プフバット Lv20,"[object Object],[object Object],[object Object]",5,13242,11790,0.8903488898957861,1,1658,control
123,collector,収集・配合,4169271622,ebac2fc53101a2227db1b5cd6e886497fa35ee44726efd44d1a7c1e628e4487b,completed,1,,,400,200,40,105,64,41,546,72,33,108,15,1,27,0,0,0,0,0,27,10,48,2400,49,39,8,[object Object],[object Object],0,0,0,8,71,4260,105,4973,28,8780,5,1100,5776,7701,64,,,80,[object Object],1375,19,6,11,24,11,ルミネル Lv19 / シンダーホーン Lv19 / クラッグベア Lv18,"[object Object],[object Object],[object Object]",5,15736,14361,0.9126207422470768,0.7959183673469388,3076,control
124,rush,速攻,1533696136,31487496a496caef5c6657ed0f2eddbeafcd09fbd3508ef562301099ca9b6364,stuck,0,tower,boss_retry_cap,400,200,40,152,84,68,575,84,68,208,0,0,11,0,0,0,0,0,3,2,0,0,1,1,2,[object Object],[object Object],0,0,0,3,218,13080,152,7108,23,6400,5,1100,9142,3365,,,,80,[object Object],277,27,6,3,24,3,トゲホッグ Lv26 / プフバット Lv27 / ぷるミン Lv27,"[object Object],[object Object],[object Object]",4,16722,16445,0.9834349958138978,1,3672,control
125,balanced,バランス,3922753331,4db345dda81c7dca86d17593e6d2bcf3f29060f8ff2cb88d2363720bfe765b9e,completed,1,,,400,200,40,124,79,45,559,84,40,134,21,1,17,0,0,0,0,0,11,7,0,0,1,1,6,[object Object],[object Object],0,0,0,7,191,11460,124,5523,26,7640,5,1100,9016,4938,,,,80,[object Object],1438,27,6,8,24,8,ルミネル Lv24 / ギアビット Lv25 / ドリモール Lv27,"[object Object],[object Object],[object Object]",5,17836,16398,0.9193765418255214,1,3368,control
126,collector,収集・配合,1920059920,d2f1fb639b0573e17e056d034a7c90944294453257965d8066a0fc4b90dfa431,completed,1,,,400,200,40,97,56,41,520,63,34,120,13,1,31,0,0,0,0,0,41,9,39,1950,40,31,8,[object Object],[object Object],0,0,0,7,67,4020,97,4998,27,8180,4,750,5271,7123,,,,80,[object Object],1188,21,5,10,24,10,クリスタゴン Lv20 / シンダーホーン Lv18 / リーファウル Lv21,"[object Object],[object Object],[object Object]",5,14281,13093,0.9168125481408865,0.775,2895,control
127,rush,速攻,1920423339,a97aa1c9e74c039a71f5d8f88d7dc4b8bfca8ada879bf63d30098f9c9c937731,stuck,0,volcano,boss_retry_cap,400,200,40,112,61,51,461,62,50,163,0,0,10,0,0,0,0,0,2,2,0,0,1,1,2,[object Object],[object Object],0,0,0,3,138,8280,112,6598,21,5020,4,750,4760,2114,,,,80,[object Object],216,22,5,3,19,3,リーフリン Lv22 / つぼみラビ Lv21 / ぷるミン Lv22,"[object Object],[object Object],[object Object]",3,10610,10394,0.9796418473138548,1,2831,control
128,balanced,バランス,3737359250,cc4a24beefafafca23dcef5fea6de2b19440b1137b5863308fda20de25672137,completed,1,,,400,200,40,106,67,39,372,74,32,77,9,1,15,0,0,0,0,0,19,5,0,0,1,1,4,[object Object],[object Object],0,0,0,4,160,9600,106,4970,27,8180,5,1100,7440,5489,,,,80,[object Object],1711,24,6,6,23,6,クリスタゴン Lv21 / ギアビット Lv24 / ぷるミン Lv23,"[object Object],[object Object],[object Object]",5,16800,15089,0.898154761904762,1,2500,control
129,collector,収集・配合,1562461926,006cf19ef2b9cf204577f2004fb2d2bf81a2ad814a2793da89cc670e7d28e837,completed,1,,,400,200,40,130,84,46,716,89,41,139,29,1,25,0,0,0,0,0,39,9,58,2900,59,51,7,[object Object],[object Object],0,0,0,10,78,4680,130,6979,27,8180,5,1100,7397,7323,,,,80,[object Object],1854,22,6,10,24,10,クラッグベア Lv19 / ルーメンオウル Lv19 / シンドレイク Lv22,"[object Object],[object Object],[object Object]",5,16757,14903,0.889359670585427,0.864406779661017,3960,control
130,rush,速攻,2496258462,c6c148e73247549fe0dc7fedddefa453bd7845b5cfc4ca7249db2121c9667487,stuck,0,tower,boss_retry_cap,400,200,40,157,85,72,571,88,69,216,0,0,10,0,0,0,0,0,4,2,0,0,1,1,2,[object Object],[object Object],0,0,0,3,223,13380,157,7450,23,6400,5,1100,9492,3425,,,,80,[object Object],267,28,6,3,22,3,トゲホッグ Lv27 / プフバット Lv28 / ぷるミン Lv27,"[object Object],[object Object],[object Object]",4,17072,16805,0.9843603561387066,1,3707,control
131,balanced,バランス,1551684428,5f7a0d7f537cbbf918499ccf853ade8b3cd0314af318568f5030a57154fbef41,completed,1,,,400,200,40,94,58,36,379,67,27,95,17,1,16,0,0,0,0,0,14,7,0,0,1,1,5,[object Object],[object Object],0,0,0,7,163,9780,94,5858,27,8180,5,1100,6939,4803,,,,80,[object Object],1716,24,6,8,24,8,クリスタゴン Lv21 / リーファウル Lv23 / トゲホッグ Lv24,"[object Object],[object Object],[object Object]",5,16299,14583,0.894717467329284,1,2398,control
132,collector,収集・配合,2098310971,7cacebbcd670ff1acc15a8609d1c5286bee46170f1fb2b081a7104e1a485f4c6,completed,1,,,400,200,40,114,72,42,659,79,35,120,21,1,41,0,0,0,0,0,41,13,59,2950,60,46,11,[object Object],[object Object],0,0,0,12,79,4740,114,6970,28,8780,5,1100,7667,8721,,,,80,[object Object],1216,22,6,14,24,14,ルーメンオウル Lv22 / シンダーホーン Lv21 / ルミネル Lv22,"[object Object],[object Object],[object Object]",5,17627,16411,0.9310149202927327,0.7666666666666667,3572,control
133,rush,速攻,3870180703,f4079b9c7be6050ba80592f6651c2f8e9389a6c28953e603e0617bc8b1f220ab,stuck,0,tower,boss_retry_cap,400,200,40,134,73,61,458,77,57,175,0,0,9,0,0,0,0,0,2,2,0,0,1,1,2,[object Object],[object Object],0,0,0,3,218,13080,134,4451,23,6400,5,1100,8720,2970,,,,80,[object Object],250,27,6,3,22,3,ドリモール Lv26 / リーフリン Lv27 / ぷるミン Lv27,"[object Object],[object Object],[object Object]",4,16300,16050,0.9846625766871165,1,3076,control
134,balanced,バランス,3140426626,88c429b26a4b7e09414a8987c201587d5a958ef01cd57926393f2639ff904a49,completed,1,,,400,200,40,65,42,23,290,42,23,58,7,1,23,0,0,0,0,0,18,6,0,0,1,1,5,[object Object],[object Object],0,0,0,7,99,5940,65,3058,27,8180,4,750,3722,4441,,,,80,[object Object],2351,19,5,7,23,7,シンダーホーン Lv19 / グルーモス Lv19 / ルーメンオウル Lv16,"[object Object],[object Object],[object Object]",5,12732,10381,0.8153471567703424,1,1728,control
135,collector,収集・配合,65225137,b8b76b494ae791878ee096f368b51f360f92567b2b04fac6f0ccf253efe79fe4,completed,1,,,400,200,40,156,99,57,791,102,54,172,16,1,43,0,0,0,0,0,24,7,72,3600,73,64,7,[object Object],[object Object],0,0,0,7,84,5040,156,6237,26,6980,5,1100,10114,8434,,,,80,[object Object],1200,24,6,8,24,8,ルーメンオウル Lv23 / グルーモス Lv24 / シンドレイク Lv24,"[object Object],[object Object],[object Object]",5,18274,17074,0.9343329320345847,0.8767123287671232,4436,control
136,rush,速攻,1664158313,0df63bf58efd10f22db1aeca6646c747f9196e926bf45e44477c18042e41390f,stuck,0,tower,boss_retry_cap,400,200,40,166,91,75,595,91,75,228,0,0,10,0,0,0,0,0,2,2,0,0,1,1,2,[object Object],[object Object],0,0,0,3,230,13800,166,7950,23,6400,5,1100,9923,3436,,,,80,[object Object],267,28,6,3,22,3,トゲホッグ Lv27 / つぼみラビ Lv28 / ぷるミン Lv28,"[object Object],[object Object],[object Object]",4,17503,17236,0.9847454722047649,1,3900,control
137,balanced,バランス,2743848862,3671db14a2cc28a6d599fca850ac5c87c5494220b5da8d2aeb9cf3522d20914b,completed,1,,,400,200,40,85,52,33,377,59,26,93,17,1,20,0,0,0,0,0,11,7,0,0,1,1,6,[object Object],[object Object],0,0,0,6,119,7140,85,5008,27,8180,4,750,5264,4750,,,,80,[object Object],2384,22,5,8,22,8,ルーメンオウル Lv19 / トゲホッグ Lv22 / ヒノコぐま Lv22,"[object Object],[object Object],[object Object]",5,14274,11890,0.8329830460978002,1,2258,control
138,collector,収集・配合,1109758763,cc80257e92d603a8d674a49a51b99c8312043725e30340ce00d091929dbb43c0,completed,1,,,400,200,40,151,102,49,876,102,49,159,7,1,55,0,1,0,0,0,37,11,79,3950,80,59,8,[object Object],[object Object],0,0,0,9,112,6720,151,8473,29,9680,5,1100,11299,10291,39,,,80,[object Object],1198,26,6,12,24,12,グルーモス Lv26 / ルミネル Lv25 / リーファウル Lv26,"[object Object],[object Object],[object Object]",5,22159,20961,0.9459361884561578,0.7375,4712,control
139,rush,速攻,866772286,ea67b11426dbced56c3d57db52022dca874b72a68de8f6e1cf003e1313ed8634,stuck,0,tower,boss_retry_cap,400,200,40,160,87,73,583,89,71,200,0,0,8,0,0,0,0,0,3,2,0,0,1,1,2,[object Object],[object Object],0,0,0,3,211,12660,160,6875,23,6400,5,1100,8800,3424,,,,80,[object Object],296,27,6,3,24,3,ペブロン Lv26 / アワマリン Lv26 / ぷるミン Lv27,"[object Object],[object Object],[object Object]",4,16380,16084,0.9819291819291819,1,3764,control
140,balanced,バランス,1779906677,a0208cceefbfd53ac4392833ac042e542b813d5e2d735e0f76621ebbcd3c4fa1,completed,1,,,400,200,40,179,116,63,693,119,60,168,13,1,17,0,0,0,0,0,13,5,0,0,1,1,4,[object Object],[object Object],0,0,0,6,244,14640,179,7945,28,9080,6,1550,13761,7118,,,,80,[object Object],2713,30,7,6,22,6,グルーモス Lv29 / アクアン Lv30 / アッシュインプ Lv28,"[object Object],[object Object],[object Object]",5,24471,21758,0.8891340770708185,1,4461,control
141,collector,収集・配合,92197536,5b4e4be6546801212694b92337c4bfc76a8ee9c92127df38e17b43ff2ec30efb,completed,1,,,400,200,40,88,51,37,499,52,36,119,16,1,25,0,0,0,0,0,54,9,38,1900,39,22,8,[object Object],[object Object],0,0,0,8,40,2400,88,5149,26,6980,4,750,3845,6121,,,,80,[object Object],1234,18,5,10,24,10,クリスタゴン Lv18 / シンダーホーン Lv16 / シンドレイク Lv17,"[object Object],[object Object],[object Object]",5,11655,10421,0.8941226941226941,0.5641025641025641,2662,control
142,rush,速攻,472724748,4be013c350e1811151533007d2a1315d3f5445ab8988842379bb7951f7cee96d,stuck,0,tower,boss_retry_cap,400,200,40,166,89,77,611,93,73,232,0,0,9,0,0,0,0,0,3,2,0,0,1,1,2,[object Object],[object Object],0,0,0,3,227,13620,166,7115,23,6400,5,1100,9579,3263,,,,80,[object Object],276,28,6,3,25,3,ペブロン Lv27 / プフバット Lv28 / ぷるミン Lv28,"[object Object],[object Object],[object Object]",4,17159,16883,0.983915146570313,1,3951,control
143,balanced,バランス,212849361,bdc54b0d5018c406e6d519eb363df3bae192ce551beb8a899a294f61f5e99590,completed,1,,,400,200,40,101,64,37,437,70,31,110,16,1,15,0,0,0,0,0,18,6,0,0,1,1,5,[object Object],[object Object],0,0,0,7,159,9540,101,5162,27,8180,5,1100,7219,5278,,,,80,[object Object],1761,24,6,7,22,7,ルミネル Lv21 / シンドレイク Lv24 / リーファウル Lv24,"[object Object],[object Object],[object Object]",5,16579,14818,0.8937812895832077,1,2661,control
144,collector,収集・配合,485023144,0201204348963e63cbac84d2bb26b4426bcf2edaa0c57e584c38b98219949f15,completed,1,,,400,200,40,89,53,36,415,60,29,83,17,1,17,0,0,0,0,0,49,12,43,2150,44,32,10,[object Object],[object Object],0,0,0,11,73,4380,89,4248,28,8780,4,750,4688,6564,,,,80,[object Object],1204,19,5,13,25,13,ルーメンオウル Lv17 / クリスタゴン Lv19 / シンダーホーン Lv18,"[object Object],[object Object],[object Object]",5,14298,13094,0.9157924185200728,0.7272727272727273,2463,control
145,rush,速攻,2250212252,f30c2c366f1254e7e06a95d5cbbfc52f8cb42e4711972b42f86443e6c73fe486,stuck,0,tower,boss_retry_cap,400,200,40,138,76,62,519,78,60,187,0,0,10,0,0,0,0,0,3,2,0,0,1,1,2,[object Object],[object Object],0,0,0,3,214,12840,138,6152,23,6400,5,1100,8484,2956,,,,80,[object Object],268,27,6,3,25,3,ドリモール Lv26 / つぼみラビ Lv27 / ぷるミン Lv27,"[object Object],[object Object],[object Object]",4,16064,15796,0.983316733067729,1,3334,control
146,balanced,バランス,167969064,cd8eea762729dbaf9c97b08ab3a2b5b33e16163c46757cd65a9b48f08e186e25,completed,1,,,400,200,40,125,80,45,528,87,38,138,18,1,18,0,0,0,0,0,25,6,0,0,1,1,4,[object Object],[object Object],0,0,0,7,205,12300,125,8022,28,9080,5,1100,9299,4921,,,,80,[object Object],2338,28,6,7,25,7,リーファウル Lv26 / ギアビット Lv26 / トゲホッグ Lv28,"[object Object],[object Object],[object Object]",5,19559,17221,0.8804642364129045,1,3258,control
147,collector,収集・配合,600581780,59c6cdc721cb28b872d1f3cca46209d052f5f3d0ec83412bf6c3003b45083df1,completed,1,,,400,200,40,123,77,46,836,84,39,132,16,1,58,0,2,0,0,0,35,11,62,3100,63,54,9,[object Object],[object Object],0,0,0,10,88,5280,123,6145,28,8780,5,1100,6425,6795,,,,80,[object Object],1210,21,6,12,25,12,ルーメンオウル Lv20 / グルーモス Lv21 / ルミネル Lv20,"[object Object],[object Object],[object Object]",5,16385,15175,0.9261519682636558,0.8571428571428571,4218,control
148,rush,速攻,2509000387,2b84c7b682260768de732738ef9b3abc8557a1cb6cacbd0f9e87eb4749126c72,stuck,0,volcano,boss_retry_cap,400,200,40,124,66,58,482,69,55,184,0,0,10,0,0,0,0,0,2,2,0,0,1,1,2,[object Object],[object Object],0,0,0,3,142,8520,124,5423,21,5020,4,750,5166,2270,,,,80,[object Object],226,23,5,3,20,3,ぷるミン Lv22 / つぼみラビ Lv22 / プフバット Lv23,"[object Object],[object Object],[object Object]",3,11016,10790,0.9794843863471314,1,3036,control
149,balanced,バランス,52671186,90d3c7112cbe2d5c462556472432e793269fc402db1ee1f26c9fd86c29772865,completed,1,,,400,200,40,90,57,33,432,64,26,94,19,1,24,0,0,0,0,0,15,8,0,0,1,1,6,[object Object],[object Object],0,0,0,6,156,9360,90,5418,27,8180,5,1100,6308,4629,60,,,80,[object Object],1679,24,6,9,23,9,グルーモス Lv20 / シンドレイク Lv23 / ドリモール Lv24,"[object Object],[object Object],[object Object]",5,15668,13989,0.892838907327036,1,2499,control
150,collector,収集・配合,1142326432,272268c51a1271c8481b1f1ad4727b2d402c7d10e4495b2a8fc94af0f4db948e,completed,1,,,400,200,40,112,72,40,553,77,35,114,23,1,18,0,0,0,0,0,25,11,57,2850,58,43,9,[object Object],[object Object],0,0,0,10,78,4680,112,7007,28,8780,5,1100,7334,7945,,,,80,[object Object],1819,22,6,12,23,12,グルーモス Lv21 / クリスタゴン Lv21 / ギアビット Lv22,"[object Object],[object Object],[object Object]",5,17294,15475,0.8948190123742339,0.7413793103448276,3207,control
151,rush,速攻,1689966199,bcdcb7a0441fd1c3da17df8a2ba6884b7a7262c7ef2ae7d9913ee4e5c7a7f9d3,stuck,0,tower,boss_retry_cap,400,200,40,203,109,94,799,110,93,300,0,0,11,0,0,0,0,0,3,2,0,0,1,1,2,[object Object],[object Object],0,0,0,3,240,14400,203,12517,23,6400,5,1100,11149,4051,,,,80,[object Object],278,29,6,3,24,3,リーフリン Lv29 / プフバット Lv28 / ぷるミン Lv29,"[object Object],[object Object],[object Object]",4,18729,18451,0.9851567088472423,1,5034,control
152,balanced,バランス,1996017030,fb2da0392b36d6d51bf9322e07cc9f9d6966cdb769a27059dd80dd4a77074544,completed,1,,,400,200,40,104,68,36,383,69,35,89,23,1,15,0,0,0,0,0,12,8,0,0,1,1,6,[object Object],[object Object],0,0,0,8,154,9240,104,3033,27,8180,5,1100,7117,4626,,,,80,[object Object],2611,24,6,9,22,9,クリスタゴン Lv23 / リーファウル Lv24 / アッシュインプ Lv21,"[object Object],[object Object],[object Object]",5,16477,13866,0.8415366875037932,1,2492,control
153,collector,収集・配合,3661579143,cb38627107e7b5ee875534c3fe6be17992a1e01600552f314cabf257bd39b35d,completed,1,,,400,200,40,112,72,40,508,75,37,99,17,1,37,0,0,0,0,0,36,11,53,2650,54,42,9,[object Object],[object Object],1,7,0,9,78,4680,112,3805,29,8930,5,1100,6497,7869,,,,80,[object Object],1408,21,6,11,24,13,ルーメンオウル Lv20 / シンダーホーン Lv21 / グルーモス Lv19,"[object Object],[object Object],[object Object]",5,16607,15199,0.9152164749804299,0.7777777777777778,3017,control
154,rush,速攻,170156852,5730fbb2846fc8d619475e997d91165c62b5228a855b654247f77d9a709481b9,stuck,0,tower,boss_retry_cap,400,200,40,169,93,76,622,92,77,230,0,0,10,0,0,0,0,0,2,2,0,0,1,1,2,[object Object],[object Object],0,0,0,3,219,13140,169,7132,23,6400,5,1100,9348,3502,,,,80,[object Object],286,28,6,3,25,3,ペブロン Lv27 / プフバット Lv28 / ぷるミン Lv28,"[object Object],[object Object],[object Object]",4,16928,16642,0.9831049149338374,1,4036,control
155,balanced,バランス,4152567338,cc66337f77c063fbf1a43329199d62365c6771c660d224d45e3137a89abf18b4,completed,1,,,400,200,40,101,63,38,438,70,31,105,15,1,23,0,0,0,0,0,21,6,0,0,1,1,5,[object Object],[object Object],0,0,0,5,138,8280,101,4670,27,8180,5,1100,6177,4671,89,,,80,[object Object],2586,22,6,7,24,7,ヴォルカザード Lv16 / ギアビット Lv22,"[object Object],[object Object]",5,15537,12951,0.8335586020467272,1,2665,control
156,collector,収集・配合,391854761,2fdc1edcb6cbf24229a04d3e659644e5234312a730e610b40559bd46a00a2d05,completed,1,,,400,200,40,81,45,36,428,53,28,93,14,1,17,0,0,0,0,0,44,15,38,1900,39,24,13,[object Object],[object Object],0,0,0,11,58,3480,81,3885,30,11830,4,750,3467,8107,,,,80,[object Object],2640,18,5,16,23,16,ルーメンオウル Lv17 / シンダーホーン Lv18 / クリスタゴン Lv17,"[object Object],[object Object],[object Object]",5,16127,13487,0.8362993737210889,0.6153846153846154,2435,control
157,rush,速攻,2031991957,838b7ab3e3c8f0ce321b4779adfe057a7a50446ddadd72365fd51737af72c0b0,stuck,0,tower,boss_retry_cap,400,200,40,163,89,74,568,90,73,200,0,0,9,0,0,0,0,0,4,2,0,0,1,1,2,[object Object],[object Object],0,0,0,3,218,13080,163,7642,23,6400,5,1100,9107,3316,,,,80,[object Object],291,27,6,3,24,3,トゲホッグ Lv26 / リーフリン Lv26 / ぷるミン Lv27,"[object Object],[object Object],[object Object]",4,16687,16396,0.9825612752442021,1,3776,control
158,balanced,バランス,3771058796,2e9356899fcb07e66ecb497b29eb9136d6cd80c250fdf6192ca88ce92d95fb27,completed,1,,,400,200,40,85,53,32,396,58,27,85,12,1,24,0,0,0,0,0,10,6,0,0,1,1,5,[object Object],[object Object],0,0,0,6,125,7500,85,3873,26,6980,4,750,5184,4056,,,,80,[object Object],1438,22,5,7,19,7,ルーメンオウル Lv19 / グルーモス Lv21 / シンドレイク Lv22,"[object Object],[object Object],[object Object]",5,12994,11556,0.8893335385562567,1,2296,control
159,collector,収集・配合,3588436739,93d417a25919852848f75fedeca023d41db839d594d5b7e9919dec6288269cd3,completed,1,,,400,200,40,146,99,47,808,98,48,167,14,1,43,0,0,0,0,0,32,9,73,3650,74,60,7,[object Object],[object Object],0,0,0,8,84,5040,146,8870,28,9080,5,1100,9700,8937,,,,80,[object Object],2333,25,6,10,24,10,グルーモス Lv24 / ルーメンオウル Lv23 / ギアビット Lv25,"[object Object],[object Object],[object Object]",5,19960,17627,0.8831162324649299,0.8108108108108109,4424,control
160,rush,速攻,2876980105,3f66359eb4376a493a5ea4a559a3319cfa3410806038d02da0590f710f48ee9f,stuck,0,tower,boss_retry_cap,400,200,40,138,76,62,500,78,60,180,0,0,11,0,0,0,0,0,3,2,0,0,1,1,2,[object Object],[object Object],0,0,0,3,217,13020,138,5392,23,6400,5,1100,8734,2993,,,,80,[object Object],301,27,6,3,21,3,ドリモール Lv26 / つぼみラビ Lv27 / ぷるミン Lv27,"[object Object],[object Object],[object Object]",4,16314,16013,0.9815495893097953,1,3247,control
161,balanced,バランス,719005967,b4f8af87deab958e7ead6a568c08786e92af1a9105c68cd391a97b942ba378fa,completed,1,,,400,200,40,90,56,34,362,64,26,89,13,1,17,0,0,0,0,0,12,6,0,0,1,1,5,[object Object],[object Object],0,0,0,6,159,9540,90,5100,27,8180,5,1100,6710,4831,52,,,80,[object Object],1699,24,6,7,24,7,クリスタゴン Lv23 / シンドレイク Lv24 / リーファウル Lv23,"[object Object],[object Object],[object Object]",5,16070,14371,0.8942750466708151,1,2279,control
162,collector,収集・配合,3045860018,5a7ebdba47fdd5dad171eb1fd793974ca1f21162ea2bdb979defb2908f6afbee,completed,1,,,400,200,40,76,43,33,395,55,21,76,14,1,22,0,0,0,0,0,47,14,31,1550,32,21,11,[object Object],[object Object],0,0,0,11,65,3900,76,4410,32,23630,5,1100,4684,17183,53,,,80,[object Object],6861,23,6,15,23,15,シンダーホーン Lv23 / ルミネル Lv19 / クリスタゴン Lv19,"[object Object],[object Object],[object Object]",5,29494,22633,0.7673764155421442,0.65625,2250,control
163,rush,速攻,780940182,9c53770f7fc6599daa96df98c6339800f057ff681787a0a0288d1ae1bfffdecb,stuck,0,tower,boss_retry_cap,400,200,40,155,85,70,551,86,69,210,0,0,10,0,0,0,0,0,2,2,0,0,1,1,2,[object Object],[object Object],0,0,0,3,222,13320,155,6312,23,6400,5,1100,9269,3276,,,,80,[object Object],253,28,6,3,22,3,トゲホッグ Lv27 / リーフリン Lv27 / ぷるミン Lv28,"[object Object],[object Object],[object Object]",4,16849,16596,0.9849842720636239,1,3623,control
164,balanced,バランス,1605034543,e606f5b5f17ef7b0ea3e01d62800716b3f184ab1d526f35c04dc7d59d5ffc91d,completed,1,,,400,200,40,84,52,32,397,59,25,66,17,1,22,0,0,0,0,0,19,6,0,0,1,1,5,[object Object],[object Object],0,0,0,5,157,9420,84,3181,27,8180,4,750,6026,4158,,,,80,[object Object],1458,23,5,7,23,7,クリスタゴン Lv22 / ギアビット Lv23 / リーフリン Lv22,"[object Object],[object Object],[object Object]",5,15036,13578,0.9030327214684757,1,2308,control
165,collector,収集・配合,833599287,942240dad9aa51bf9051ffee2a0be6b07595d8e33c971592ee531481995b64d1,completed,1,,,400,200,40,131,85,46,749,82,49,137,22,1,42,0,0,0,0,0,39,10,58,2900,59,43,9,[object Object],[object Object],0,0,0,9,64,3840,131,5843,27,7580,5,1100,7466,8290,,,,80,[object Object],1196,23,6,11,23,11,ルーメンオウル Lv21 / シンダーホーン Lv21 / ルミネル Lv23,"[object Object],[object Object],[object Object]",5,16226,15030,0.9262911376802663,0.7288135593220338,3999,control
166,rush,速攻,3191580428,e85eb511b1e57b974710dbc7c60117e970ad8ddd3f0b3ef546fcbfb9c160a6ad,stuck,0,tower,boss_retry_cap,400,200,40,166,89,77,651,93,73,226,0,0,11,0,0,0,0,0,3,2,0,0,1,1,2,[object Object],[object Object],0,0,0,3,228,13680,166,8558,23,6400,5,1100,9900,3497,,,,80,[object Object],303,28,6,3,22,3,トゲホッグ Lv27 / リーフリン Lv28 / ぷるミン Lv28,"[object Object],[object Object],[object Object]",4,17480,17177,0.9826659038901602,1,4096,control
167,balanced,バランス,994818610,fdb8d69d7adc91e63714d68affc045ea72a4dcad948bab86216a2531d077d777,completed,1,,,400,200,40,122,78,44,459,83,39,77,21,1,18,0,0,0,0,0,19,5,0,0,1,1,3,[object Object],[object Object],0,0,0,4,179,10740,122,4772,28,9080,5,1100,8555,5711,,,,80,[object Object],2364,27,6,6,22,6,オアロード Lv25 / トゲホッグ Lv27,"[object Object],[object Object]",5,18815,16451,0.8743555673664629,1,2967,control
168,collector,収集・配合,2892623649,d8124240c622af4fc4a5d992b537891e9c6cc6fffc444867c55c60f1a307cc3e,completed,1,,,400,200,40,134,88,46,722,95,39,137,17,1,31,0,0,0,0,0,30,13,66,3300,67,57,11,[object Object],[object Object],0,0,0,11,107,6420,134,8612,28,8780,5,1100,8908,7318,,,,80,[object Object],1830,24,6,14,25,14,ルミネル Lv24 / クリスタゴン Lv22 / グルーモス Lv22,"[object Object],[object Object],[object Object]",5,18868,17038,0.9030103879584481,0.8507462686567164,4023,control
169,rush,速攻,3645219766,fd8b699d7db6ff2af75f1008f0f2b73a7de976069af023cc8548032e91e143e2,stuck,0,tower,boss_retry_cap,400,200,40,158,85,73,613,89,69,217,0,0,11,0,0,0,0,0,2,2,0,0,1,1,2,[object Object],[object Object],0,0,0,3,226,13560,158,8717,23,6400,5,1100,9577,3282,,,,80,[object Object],315,28,6,3,21,3,トゲホッグ Lv27 / つぼみラビ Lv27 / ぷるミン Lv28,"[object Object],[object Object],[object Object]",4,17157,16842,0.981640146878825,1,3866,control
170,balanced,バランス,2517987518,153f57fc728b888a82db318b50cfb4a2162728c05b3b1f7223eb6ffc693314d2,completed,1,,,400,200,40,69,44,25,313,44,25,76,12,1,15,0,0,0,0,0,10,7,0,0,1,1,6,[object Object],[object Object],0,0,0,8,119,7140,69,3661,26,6980,4,750,4280,3504,,,,80,[object Object],1446,21,5,8,22,8,シンダーホーン Lv18 / クリスタゴン Lv18 / トゲホッグ Lv21,"[object Object],[object Object],[object Object]",5,12090,10644,0.8803970223325062,1,1860,control
171,collector,収集・配合,3919684067,29c8b8bd9d8afe04463e2720878f8fb4bcd5ce8dfd5f459a4ffe05ca9e3985e9,completed,1,,,400,200,40,106,65,41,491,72,34,115,18,1,22,0,0,0,0,0,34,12,51,2550,52,41,10,[object Object],[object Object],0,0,0,11,83,4980,106,5199,28,8780,5,1100,6216,7215,,,,80,[object Object],1431,21,6,13,23,13,クラッグベア Lv19 / グルーモス Lv21 / クリスタゴン Lv19,"[object Object],[object Object],[object Object]",5,16176,14745,0.9115356083086054,0.7884615384615384,2914,control
172,rush,速攻,2339976588,ea150a533e15b37bee6d09f5f83d6ff916ba56b3f47005cf5883d4092fd66ee9,stuck,0,tower,boss_retry_cap,400,200,40,175,97,78,634,94,81,264,0,0,9,0,0,0,0,0,2,2,0,0,1,1,2,[object Object],[object Object],0,0,0,3,231,13860,175,11478,23,6400,5,1100,10200,3632,,,,80,[object Object],288,27,6,3,22,3,つぼみラビ Lv27 / プフバット Lv27 / ぷるミン Lv27,"[object Object],[object Object],[object Object]",4,17780,17492,0.9838020247469066,1,4136,control
173,balanced,バランス,403942441,107ac63923ff07ca43caee87f07085dc09ad61c69f6002643ceea931126f6f50,completed,1,,,400,200,40,126,80,46,475,85,41,139,28,1,14,0,0,0,0,0,11,7,0,0,1,1,5,[object Object],[object Object],0,0,0,7,196,11760,126,7412,28,9080,5,1100,8624,4732,70,,,80,[object Object],2392,27,6,8,24,8,グルーモス Lv21 / シンドレイク Lv25 / トゲホッグ Lv27,"[object Object],[object Object],[object Object]",5,18884,16492,0.873331921203135,1,3073,control
174,collector,収集・配合,2906448968,a870d082a84dfcdc75b7a12397cef80b22d08e456f13e9394f6893c00a900926,completed,1,,,400,200,40,144,95,49,833,99,45,130,19,1,94,0,2,0,0,0,25,9,73,3650,74,65,6,[object Object],[object Object],0,0,0,9,117,7020,144,5053,28,9080,5,1100,10422,8775,53,,,80,[object Object],1237,26,6,10,25,10,ルーメンオウル Lv24 / グルーモス Lv24 / リーファウル Lv26,"[object Object],[object Object],[object Object]",5,20682,19445,0.940189536795281,0.8783783783783784,4322,control
175,rush,速攻,2659038852,031b25f3a534bcf9036e014b1263c50489333402233666bbfafa377f663d006c,stuck,0,volcano,boss_retry_cap,400,200,40,127,70,57,565,68,59,185,0,0,14,0,0,0,0,0,2,2,0,0,1,1,2,[object Object],[object Object],0,0,0,3,139,8340,127,7211,21,5020,4,750,5015,2308,,,,80,[object Object],217,22,5,3,19,3,リーフリン Lv21 / つぼみラビ Lv22 / ぷるミン Lv22,"[object Object],[object Object],[object Object]",3,10865,10648,0.9800276115968707,1,3360,control
176,balanced,バランス,2363888612,448c89f669fb0cf2f8a9c9b890da71964074954f5be1b7f561d2cfc62dcda65e,completed,1,,,400,200,40,114,72,42,443,77,37,83,21,1,15,0,0,0,0,0,17,7,0,0,1,1,5,[object Object],[object Object],0,0,0,7,174,10440,114,4416,28,9080,5,1100,8224,4970,,,,80,[object Object],3074,25,6,8,25,8,オアロード Lv25 / ルミネル Lv24,"[object Object],[object Object]",5,18484,15410,0.8336940056264878,1,2829,control
177,collector,収集・配合,3156615055,97c2f249044d93cc5cec6ad35c30182a691e2876674d1d161fd3d4850cbf41e0,completed,1,,,400,200,40,96,58,38,525,62,34,119,13,1,27,0,0,0,0,0,26,10,40,2000,41,31,8,[object Object],[object Object],0,0,0,8,62,3720,96,4707,28,8780,4,750,5288,7336,,,,80,[object Object],1842,20,5,11,23,11,シンダーホーン Lv19 / クリスタゴン Lv19 / アクアン Lv20,"[object Object],[object Object],[object Object]",5,14898,13056,0.8763592428513894,0.7560975609756098,2883,control
178,rush,速攻,4140895781,6d760cec26f1a1b1b025d5fa86e45dbdd2790b6db5c1696e9265a20e720343c6,stuck,0,tower,boss_retry_cap,400,200,40,154,83,71,567,87,67,191,0,0,8,0,0,0,0,0,2,2,0,0,1,1,2,[object Object],[object Object],0,0,0,3,213,12780,154,7425,23,6400,5,1100,8709,3187,,,,80,[object Object],322,27,6,3,23,3,トゲホッグ Lv25 / ペブロン Lv26 / ぷるミン Lv27,"[object Object],[object Object],[object Object]",4,16289,15967,0.9802320584443489,1,3666,control
179,balanced,バランス,2197671356,c4a4fd58fef1e55e17659a2d5df6cff17be90206a2421e89035e7b28dcc26609,completed,1,,,400,200,40,93,58,35,395,64,29,92,13,1,16,0,0,0,0,0,13,6,0,0,1,1,5,[object Object],[object Object],0,0,0,7,131,7860,93,4399,26,6980,4,750,5939,4473,,,,80,[object Object],1416,22,5,7,23,7,グルーモス Lv21 / クリスタゴン Lv19 / シンドレイク Lv22,"[object Object],[object Object],[object Object]",5,13749,12333,0.8970106916866681,1,2402,control
180,collector,収集・配合,3777435359,a05a9e97b32223fb0815f33c250cf9ede7ab07b103b30ece7e12b32edf5291d2,completed,1,,,400,200,40,123,80,43,646,86,37,116,22,1,25,0,0,0,0,0,24,12,54,2700,55,44,10,[object Object],[object Object],0,0,0,11,79,4740,123,4404,28,8780,5,1100,7316,8017,,,,80,[object Object],1819,24,6,13,23,13,ルミネル Lv23 / グルーモス Lv24 / シンダーホーン Lv22,"[object Object],[object Object],[object Object]",5,17276,15457,0.8947094234776569,0.8,3608,control
181,rush,速攻,1825405927,62a01e733a3cd8292a6f438eafc494f60ffea01799ec1fd63d5619f6154fb047,stuck,0,tower,boss_retry_cap,400,200,40,178,96,82,707,98,80,266,0,0,12,0,0,0,0,0,2,2,0,0,1,1,2,[object Object],[object Object],0,0,0,3,233,13980,178,13092,23,6400,5,1100,10296,3632,,,,80,[object Object],264,28,6,3,23,3,リーフリン Lv27 / プフバット Lv28 / ぷるミン Lv28,"[object Object],[object Object],[object Object]",4,17876,17612,0.9852315954352204,1,4436,control
182,balanced,バランス,2704974689,cd05bb275e372dc84d2ecb8c66ef70002e57acc959abc1547cd1b1a355631729,completed,1,,,400,200,40,96,63,33,346,66,30,75,27,1,15,0,0,0,0,0,13,8,0,0,1,1,5,[object Object],[object Object],0,0,0,8,159,9540,96,3335,28,9080,5,1100,6454,4763,48,,,80,[object Object],2411,25,6,9,23,9,クリスタゴン Lv23 / ギアビット Lv20 / ドリモール Lv25,"[object Object],[object Object],[object Object]",5,16714,14303,0.8557496709345459,1,2289,control
183,collector,収集・配合,4258951830,ae09cc1e1191ba71cdd845339c70d0f0fe009431b6f1c68c8ab3e1fcbba37985,completed,1,,,400,200,40,107,66,41,611,72,35,131,18,1,27,0,0,0,0,0,30,10,53,2650,54,45,8,[object Object],[object Object],0,0,0,9,80,4800,107,6784,28,8780,5,1100,6355,7483,,,,80,[object Object],1382,21,6,11,22,11,ルーメンオウル Lv21 / クリスタゴン Lv20 / グルーモス Lv20,"[object Object],[object Object],[object Object]",5,16315,14933,0.915292675452038,0.8333333333333334,3316,control
184,rush,速攻,3833496089,c0a89a9e77bc94cf27b1a0bce434066e8457438218ea049011aad4b4a8d8d78c,stuck,0,cave,boss_retry_cap,400,200,40,95,51,44,248,48,47,47,0,0,7,0,0,0,0,0,3,0,0,0,1,1,0,[object Object],[object Object],0,0,0,1,65,3900,95,865,16,3290,3,450,1870,1578,,,,80,[object Object],212,16,4,1,9,1,ぷるミン Lv16,[object Object],1,5690,5478,0.9627416520210896,1,1871,control
185,balanced,バランス,2973291770,fd5af2ba6f289c9d408f65014c2d5da247dfa367250dab5d78ab7897ce092f76,completed,1,,,400,200,40,123,78,45,498,82,41,125,21,1,17,0,0,0,0,0,9,5,0,0,1,1,5,[object Object],[object Object],0,0,0,5,188,11280,123,3865,27,7880,5,1100,8490,4856,,,,80,[object Object],1414,26,6,6,25,6,ルミネル Lv24 / ドリモール Lv26 / ヒノコぐま Lv26,"[object Object],[object Object],[object Object]",5,17550,16136,0.9194301994301994,1,3110,control
186,collector,収集・配合,1167032070,eb2db3612d3650ed3b91a31a3b650dc76d6b7642d808561fcb107cdc20293c33,completed,1,,,400,200,40,104,61,43,524,65,39,104,18,1,25,0,0,0,0,0,37,9,42,2100,43,31,7,[object Object],[object Object],0,0,0,9,55,3300,104,4652,27,8180,4,750,5158,6934,59,,,80,[object Object],1834,20,5,10,23,10,クラッグベア Lv17 / グルーモス Lv20 / クリスタゴン Lv19,"[object Object],[object Object],[object Object]",5,14168,12334,0.8705533596837944,0.7209302325581395,2938,control
187,rush,速攻,3586738682,70d2776b9b2fc36f9c28a5edcdf4caeba0c09e92497d7c94b32c465b09f5af1e,stuck,0,tower,boss_retry_cap,400,200,40,203,108,95,696,111,92,258,0,0,7,0,0,0,0,0,4,2,0,0,1,1,2,[object Object],[object Object],0,0,0,3,232,13920,203,7933,23,6400,5,1100,10389,3745,,,,80,[object Object],304,28,6,3,24,3,アワマリン Lv26 / プフバット Lv28 / ぷるミン Lv28,"[object Object],[object Object],[object Object]",4,17969,17665,0.983081974511659,1,4630,control
188,balanced,バランス,973105951,15885fecc4ee08ba7dd3dfaa6488436e814296fc6206b9c4a7b9b47840b688de,completed,1,,,400,200,40,125,80,45,634,82,43,124,18,1,27,0,0,0,0,0,22,6,0,0,1,1,5,[object Object],[object Object],0,0,0,6,162,9720,125,5390,27,7880,5,1100,8719,5926,51,,,80,[object Object],2133,25,6,7,22,7,ルミネル Lv24 / ギアビット Lv25 / トゲホッグ Lv25,"[object Object],[object Object],[object Object]",5,17779,15646,0.8800269981438776,1,3555,control
189,collector,収集・配合,530777985,1fb2038956ecab6c36fc8b9f03e72b00e9adc68cb1d1039e490ff4ed519bf977,completed,1,,,400,200,40,98,61,37,433,68,30,91,25,1,19,0,0,0,0,0,18,8,44,2200,45,36,6,[object Object],[object Object],0,0,0,7,61,3660,98,4057,27,8180,4,750,5185,6474,,,,80,[object Object],1861,21,5,9,23,9,クラッグベア Lv17 / シンダーホーン Lv18 / ドリモール Lv21,"[object Object],[object Object],[object Object]",5,14195,12334,0.8688974991194083,0.8,2587,control
190,rush,速攻,2913895430,7f2b63bab02e1662c298cac4e9ee33165464ac9fd3fe61f1f1d9f47431c0e14e,stuck,0,tower,boss_retry_cap,400,200,40,170,92,78,580,94,76,201,0,0,7,0,0,0,0,0,4,2,0,0,1,1,2,[object Object],[object Object],0,0,0,3,218,13080,170,4970,23,6400,5,1100,9210,3442,,,,80,[object Object],268,27,6,3,23,3,ドリモール Lv26 / リーフリン Lv26 / ぷるミン Lv27,"[object Object],[object Object],[object Object]",4,16790,16522,0.9840381179273378,1,3877,control
191,balanced,バランス,138136006,096a79af144d162196435da20a6f5f7c6d41b8fdd0e753ef65a93183472a6c5a,completed,1,,,400,200,40,188,122,66,861,125,63,196,24,1,25,0,0,0,0,0,20,4,0,0,1,1,4,[object Object],[object Object],0,0,0,5,236,14160,188,10144,27,8820,6,1550,12346,6246,,,,80,[object Object],2390,29,7,5,25,5,クリスタゴン Lv24 / ヒノコぐま Lv27 / アワマリン Lv29,"[object Object],[object Object],[object Object]",5,22796,20406,0.8951570450956308,1,5115,control
192,collector,収集・配合,963832883,7fef6594080ce0d0778406576fc2afcd68e6e0c9fa2ec4a44892108c188ac8f8,completed,1,,,400,200,40,95,61,34,429,69,26,91,16,1,16,0,0,0,0,0,30,14,52,2600,53,41,11,[object Object],[object Object],0,0,0,13,89,5340,95,5445,29,9630,5,1100,5957,7413,46,,,80,[object Object],1414,21,6,15,24,15,クラッグベア Lv18 / グルーモス Lv21 / ルミネル Lv19,"[object Object],[object Object],[object Object]",5,16767,15353,0.9156676805630106,0.7735849056603774,2631,control
193,rush,速攻,3090681418,d824c0475cd88bd302e2e566d0df9f4dba91a1e44add0f81c72978f868c018dd,stuck,0,tower,boss_retry_cap,400,200,40,169,92,77,576,93,76,230,0,0,9,0,0,0,0,0,3,2,0,0,1,1,2,[object Object],[object Object],0,0,0,3,215,12900,169,7879,23,6400,5,1100,9221,3585,,,,80,[object Object],316,28,6,3,24,3,プフバット Lv26 / アワマリン Lv26 / ぷるミン Lv28,"[object Object],[object Object],[object Object]",4,16801,16485,0.9811915957383489,1,3862,control
194,balanced,バランス,1444590150,ea03a9f2b92b56cc3d79f32c004466c28391be1bb5d86ef2aecb86896be2084d,completed,1,,,400,200,40,127,81,46,664,85,42,132,25,1,22,0,0,0,0,0,16,6,0,0,1,1,6,[object Object],[object Object],0,0,0,7,184,11040,127,5364,27,8840,5,1100,9072,5730,,,,80,[object Object],2322,27,6,7,23,7,ルミネル Lv25 / ドリモール Lv27 / アクアン Lv26,"[object Object],[object Object],[object Object]",5,19092,16770,0.8783783783783784,1,3765,control
195,collector,収集・配合,2560432886,7d647a9803f0867ab937cd4f3d7bdc61a67546335bfdcff3992348eef17c3c5a,completed,1,,,400,200,40,124,80,44,548,86,38,111,20,1,25,0,0,0,0,0,28,12,59,2950,60,49,10,[object Object],[object Object],0,0,0,9,81,4860,124,5760,28,8780,5,1100,7878,8200,,,,80,[object Object],1828,22,6,13,24,13,シンダーホーン Lv22 / グルーモス Lv22 / ルミネル Lv22,"[object Object],[object Object],[object Object]",5,17838,16010,0.8975221437380873,0.8166666666666667,3302,control
196,rush,速攻,2083460545,db36436b6e9b0aafbf9c555ae4f64f3dc1f0b73894b90b87efdec0f9c131b112,stuck,0,tower,boss_retry_cap,400,200,40,172,92,80,601,96,76,232,0,0,9,0,0,0,0,0,4,2,0,0,1,1,2,[object Object],[object Object],0,0,0,3,230,13800,172,7708,23,6400,5,1100,9968,3445,,,,80,[object Object],303,28,6,3,25,3,リーファウル Lv26 / リーフリン Lv28 / ぷるミン Lv28,"[object Object],[object Object],[object Object]",4,17548,17245,0.9827330749943013,1,3994,control
197,balanced,バランス,635428041,be3b0e2fd009219419a78dd632bdfdcffc7205f760fa1c819496e1353aed7742,completed,1,,,400,200,40,93,58,35,401,62,31,100,19,1,16,0,0,0,0,0,12,6,0,0,1,1,5,[object Object],[object Object],0,0,0,7,137,8220,93,4642,26,6980,4,750,6008,4153,,,,80,[object Object],1445,22,5,7,23,7,グルーモス Lv22 / シンダーホーン Lv21 / リーファウル Lv22,"[object Object],[object Object],[object Object]",5,13818,12373,0.8954262556086264,1,2421,control
198,collector,収集・配合,1230483003,97e0a4893bcd487855ab7381394dcda2f50c6233fe271e83b86294d75f28b566,completed,1,,,400,200,40,137,88,49,741,92,45,144,16,1,28,0,0,0,0,0,36,12,68,3400,69,54,11,[object Object],[object Object],0,0,0,12,81,4860,137,6115,28,8780,5,1100,8411,8279,,,,80,[object Object],1832,23,6,13,24,13,ルーメンオウル Lv21 / グルーモス Lv23 / クリスタゴン Lv22,"[object Object],[object Object],[object Object]",5,18371,16539,0.9002776114528332,0.782608695652174,4055,control
199,rush,速攻,1937863341,d78039fc64d4fed82e482d4230ffa6a195231133efc47a60b2292c03b2a50029,stuck,0,tower,boss_retry_cap,400,200,40,155,85,70,591,86,69,221,0,0,10,0,0,0,0,0,2,2,0,0,1,1,2,[object Object],[object Object],0,0,0,3,223,13380,155,11181,23,6400,5,1100,9363,3267,,,,80,[object Object],296,28,6,3,24,3,トゲホッグ Lv26 / プフバット Lv28 / ぷるミン Lv28,"[object Object],[object Object],[object Object]",4,16943,16647,0.9825296582659505,1,3775,control
200,balanced,バランス,2208837696,e21e7bba88359c87675853eefbc795acc736b088aadb1b55c7c175255c5fd7a2,completed,1,,,400,200,40,107,67,40,431,71,36,105,19,1,13,0,0,0,0,0,25,4,0,0,1,1,4,[object Object],[object Object],0,0,0,5,140,8400,107,5137,24,6480,5,1100,6897,4407,,,,80,[object Object],1750,24,6,5,23,5,シンダーホーン Lv22 / ルミネル Lv21 / ドリモール Lv24,"[object Object],[object Object],[object Object]",5,14557,12807,0.8797829223054201,1,2691,control
201,collector,収集・配合,2794351500,a213c6fda4278234a6c36651a278d51c2dfeaed4ce67efaf1ceef336124d7452,completed,1,,,400,200,40,87,52,35,402,60,27,81,23,1,23,0,0,0,0,0,44,12,42,2100,43,31,10,[object Object],[object Object],0,0,0,10,53,3180,87,3712,28,8780,4,750,3804,6586,,,,80,[object Object],1548,16,5,13,23,13,クラッグベア Lv16 / シンダーホーン Lv16 / クリスタゴン Lv16,"[object Object],[object Object],[object Object]",5,13414,11866,0.8845981810049203,0.7209302325581395,2352,control
202,rush,速攻,1601021148,c19ed02d882da1671c1273da761ea7e0cd8b0cc29bb59b0204789b6d3c395c98,stuck,0,tower,boss_retry_cap,400,200,40,172,94,78,608,94,78,231,0,0,9,0,0,0,0,0,6,2,0,0,1,1,2,[object Object],[object Object],0,0,0,3,216,12960,172,9295,23,6400,5,1100,9294,3678,,,,80,[object Object],236,28,6,3,24,3,リーファウル Lv25 / プフバット Lv28 / ぷるミン Lv27,"[object Object],[object Object],[object Object]",4,16874,16638,0.986013986013986,1,3987,control
203,balanced,バランス,2531297536,c98a95348e93ed122e9be76dd06754da10c8db76a58f35479aa8c2108e846bdd,completed,1,,,400,200,40,131,83,48,645,89,42,142,17,1,24,0,0,0,0,0,18,4,0,0,1,1,4,[object Object],[object Object],0,0,0,5,191,11460,131,7089,26,8580,5,1100,9089,4976,,,,80,[object Object],2413,27,6,5,22,5,ルミネル Lv24 / リーファウル Lv26 / トゲホッグ Lv27,"[object Object],[object Object],[object Object]",5,18849,16436,0.871982598546342,1,3729,control
204,collector,収集・配合,225353476,a16174223934a69b2b5b124db1851cb6498be5ad9c0aa3cbf0fd402555f5550b,completed,1,,,400,200,40,127,83,44,657,89,38,127,16,1,52,0,1,0,0,0,28,12,67,3350,68,57,10,[object Object],[object Object],1,6,0,11,99,5940,127,6323,29,8930,5,1100,7722,6715,,,,80,[object Object],1827,22,6,12,23,14,ルーメンオウル Lv22 / ルミネル Lv21 / クリスタゴン Lv20,"[object Object],[object Object],[object Object]",5,17832,16005,0.8975437415881561,0.8382352941176471,3681,control
205,rush,速攻,3283972329,b2843758acee34791fddb63cd4f7218b8401557156dfb79012994df240b3e218,stuck,0,tower,boss_retry_cap,400,200,40,167,92,75,611,91,76,226,0,0,11,0,0,0,0,0,2,2,0,0,1,1,2,[object Object],[object Object],0,0,0,3,228,13680,167,7780,23,6400,5,1100,9883,3458,,,,80,[object Object],325,28,6,3,22,3,トゲホッグ Lv27 / リーフリン Lv28 / ぷるミン Lv28,"[object Object],[object Object],[object Object]",4,17463,17138,0.9813892229284773,1,3963,control
206,balanced,バランス,703032160,a0642529a731b536ac9dd7e05647285bb7d36c90621eb3ece23b98a8cae28b15,completed,1,,,400,200,40,150,97,53,502,103,47,131,15,1,29,0,0,0,0,0,15,7,0,0,1,1,5,[object Object],[object Object],0,0,0,6,229,13740,150,4847,28,9080,5,1100,11644,5802,,,,80,[object Object],2362,28,6,8,24,8,グルーモス Lv27 / シンドレイク Lv28 / つぼみラビ Lv28,"[object Object],[object Object],[object Object]",5,21904,19542,0.8921658144631117,1,3431,control
207,collector,収集・配合,1066814771,0b3579453e9105dc42297bdaa422ee190ba8fcbc33579aa5e2a4bedb380f9e22,completed,1,,,400,200,40,114,71,43,484,73,41,136,9,1,17,0,0,0,0,0,16,11,51,2550,52,42,10,[object Object],[object Object],0,0,0,10,61,3660,114,3875,27,7580,5,1100,6510,7671,,,,80,[object Object],1389,22,6,12,24,12,ルーメンオウル Lv22 / グルーモス Lv21 / シンダーホーン Lv20,"[object Object],[object Object],[object Object]",5,15270,13881,0.9090373280943026,0.8076923076923077,3009,control
208,rush,速攻,1271262620,256dfe72b8a714963183d99b249c57fea992b61a76f90e5349b2febc57ef379a,stuck,0,tower,boss_retry_cap,400,200,40,160,87,73,622,89,71,218,0,0,11,0,0,0,0,0,2,2,0,0,1,1,2,[object Object],[object Object],0,0,0,3,221,13260,160,6521,23,6400,5,1100,9346,3423,,,,80,[object Object],243,28,6,3,23,3,ペブロン Lv27 / プフバット Lv28 / ぷるミン Lv27,"[object Object],[object Object],[object Object]",4,16926,16683,0.9856433888691953,1,3935,control
209,balanced,バランス,1321583361,7fb2a9ac2f77acb783acf0d00c82a1a1256d25d937925a7d17d095692fc8c425,completed,1,,,400,200,40,107,69,38,409,73,34,96,20,1,20,0,0,0,0,0,11,6,0,0,1,1,4,[object Object],[object Object],0,0,0,7,177,10620,107,4228,28,9080,5,1100,7765,4793,,,,80,[object Object],2612,26,6,7,21,7,クリスタゴン Lv25 / アクアン Lv23 / トゲホッグ Lv26,"[object Object],[object Object],[object Object]",5,18025,15413,0.8550901525658807,1,2649,control
210,collector,収集・配合,3275993230,fe4f477df40dfce85db1258261c5d5d1cd4cbacad8703b47881337b284fc2ee3,completed,1,,,400,200,40,87,49,38,471,54,33,114,13,1,19,0,0,0,0,0,35,12,32,1600,33,25,11,[object Object],[object Object],0,0,0,11,48,2880,87,4628,28,8780,4,750,3506,7205,,,,80,[object Object],1431,17,5,13,23,13,クラッグベア Lv16 / ルミネル Lv17 / クリスタゴン Lv16,"[object Object],[object Object],[object Object]",5,13116,11685,0.890896614821592,0.7575757575757576,2612,control
211,rush,速攻,1979971925,fc294bfbfae8c59517d9f4ebebd32bac23a3a5995f28152d30a0849ae6aaf13b,stuck,0,tower,boss_retry_cap,400,200,40,210,111,99,799,115,95,301,0,0,10,0,0,0,0,0,2,2,0,0,1,1,2,[object Object],[object Object],0,0,0,3,243,14580,210,11294,23,6400,5,1100,11195,3926,,,,80,[object Object],269,29,6,3,25,3,プフバット Lv29 / つぼみラビ Lv29 / ぷるミン Lv29,"[object Object],[object Object],[object Object]",4,18775,18506,0.9856724367509987,1,5056,control
212,balanced,バランス,3081543405,86bfa8e16c4e72df09200f93752a600ed58dc8bf7d9a98fffc334677ae70a34e,completed,1,,,400,200,40,72,45,27,339,50,22,61,13,1,17,0,0,0,0,0,19,5,0,0,1,1,4,[object Object],[object Object],0,0,0,6,103,6180,72,3097,27,8180,4,750,3856,4605,,,,80,[object Object],2081,19,5,6,23,6,グルーモス Lv19 / ルーメンオウル Lv18 / ギアビット Lv19,"[object Object],[object Object],[object Object]",5,12866,10785,0.8382558681796984,1,1966,control
213,collector,収集・配合,2628631562,21b3082550a977637052433e5744a9f0ccfe1228b186dd91c399477604cba390,completed,1,,,400,200,40,119,77,42,500,83,36,112,18,1,19,0,0,0,0,0,31,11,58,2900,59,47,9,[object Object],[object Object],0,0,0,11,92,5520,119,5343,28,8780,5,1100,7539,7209,,,,80,[object Object],1870,22,6,12,25,12,シンダーホーン Lv22 / グルーモス Lv20 / ルミネル Lv21,"[object Object],[object Object],[object Object]",5,17499,15629,0.8931367506714669,0.7966101694915254,3108,control
214,rush,速攻,4025466008,5ab5352004d0afbe57abfdec16780fa9b4cde7ed15e0ce3cce99ffe60dbd8574,stuck,0,tower,boss_retry_cap,400,200,40,207,110,97,808,113,94,308,0,0,11,0,0,0,0,0,2,2,0,0,1,1,2,[object Object],[object Object],0,0,0,3,248,14880,207,13522,23,6400,5,1100,11605,4031,,,,80,[object Object],274,29,6,3,23,3,リーフリン Lv29 / プフバット Lv29 / ぷるミン Lv29,"[object Object],[object Object],[object Object]",4,19185,18911,0.9857180088610894,1,5098,control
215,balanced,バランス,2592844621,e204db33a0c47e9ef9b2057cf8dccbe0214ed5da4b687cf66d0f7228cacfd2d4,completed,1,,,400,200,40,138,88,50,495,91,47,134,20,1,15,0,0,0,0,0,10,4,0,0,1,1,4,[object Object],[object Object],0,0,0,5,166,9960,138,5924,25,6720,5,1100,8447,4946,,,,80,[object Object],1441,24,6,5,25,5,グルーモス Lv23 / クリスタゴン Lv21 / ギアビット Lv24,"[object Object],[object Object],[object Object]",5,16347,14906,0.9118492689790175,1,3277,control
216,collector,収集・配合,277735207,65c382e4583e60035931eddffcb095a6a79e99cfceff095ce6eda86bdccfe273,completed,1,,,400,200,40,112,68,44,609,75,37,122,18,1,39,0,0,0,0,0,42,9,54,2700,55,45,7,[object Object],[object Object],0,0,0,9,82,4920,112,6064,27,8180,5,1100,7136,7460,,,,80,[object Object],1416,22,6,10,24,10,シンダーホーン Lv21 / ルーメンオウル Lv19 / グルーモス Lv22,"[object Object],[object Object],[object Object]",5,16496,15080,0.914161008729389,0.8181818181818182,3301,control
217,rush,速攻,3120265937,2d8583c82a97440294304b00dcf98114e40207725501c2081c448bda112c99db,stuck,0,tower,boss_retry_cap,400,200,40,152,82,70,568,86,66,206,0,0,10,0,0,0,0,0,2,2,0,0,1,1,2,[object Object],[object Object],0,0,0,3,220,13200,152,6652,23,6400,5,1100,9090,3212,,,,80,[object Object],258,28,6,3,23,3,ドリモール Lv27 / プフバット Lv28 / ぷるミン Lv27,"[object Object],[object Object],[object Object]",4,16670,16412,0.9845230953809239,1,3666,control
218,balanced,バランス,2102594094,976c3c4ea2d826ea8451d284fd75531665c47b1ef70bca004226f9266d439b9d,completed,1,,,400,200,40,180,117,63,652,119,61,188,19,1,17,0,0,0,0,0,18,6,0,0,1,1,5,[object Object],[object Object],0,0,0,5,241,14460,180,6874,28,9080,6,1550,12939,6508,,,,80,[object Object],2681,30,7,7,23,7,グルーモス Lv29 / アッシュインプ Lv29 / リーフリン Lv30,"[object Object],[object Object],[object Object]",5,23649,20968,0.8866336842995476,1,4322,control
219,collector,収集・配合,3646755185,a0cb691911c9fef188e3f296f52e67c4bbbb5512a78f2179c163ff77dc6dfbcb,completed,1,,,400,200,40,152,103,49,880,104,48,148,20,1,41,0,0,0,0,0,26,11,74,3700,75,64,9,[object Object],[object Object],0,0,0,9,91,5460,152,7412,28,8780,5,1100,8593,7561,,,,80,[object Object],1832,23,6,12,25,12,グルーモス Lv23 / ルーメンオウル Lv20 / クリスタゴン Lv20,"[object Object],[object Object],[object Object]",5,18553,16721,0.9012558615857273,0.8533333333333334,4718,control
220,rush,速攻,1592952155,22498a85f24daeb0cde27dd1e5635d5a99f9856b45d642bc6b28244d657bbce7,stuck,0,tower,boss_retry_cap,400,200,40,154,83,71,598,87,67,208,0,0,12,0,0,0,0,0,2,2,0,0,1,1,2,[object Object],[object Object],0,0,0,3,224,13440,154,7654,23,6400,5,1100,9408,3251,,,,80,[object Object],297,28,6,3,22,3,ペブロン Lv27 / リーフリン Lv28 / ぷるミン Lv28,"[object Object],[object Object],[object Object]",4,16988,16691,0.9825170708735578,1,3778,control
221,balanced,バランス,675484281,ac600c465d61e2a2a8704fd822677de531727a67ac7a49536f2bf2dc5aa194c1,completed,1,,,400,200,40,108,70,38,455,70,38,123,20,1,22,0,0,0,0,0,19,7,0,0,1,1,6,[object Object],[object Object],0,0,0,7,143,8580,108,4885,26,6980,5,1100,6996,4871,,,,80,[object Object],1705,24,6,8,24,8,ルーメンオウル Lv21 / ギアビット Lv23 / ペブロン Lv24,"[object Object],[object Object],[object Object]",5,15156,13451,0.887503299023489,1,2788,control
222,collector,収集・配合,2331548672,d2abde26f4c5c01a42e8c22324019e4f0015ab2a030b37eacaa89233dcb5f1be,completed,1,,,400,200,40,144,94,50,588,92,52,160,30,1,15,0,0,0,0,0,50,9,58,2900,59,49,8,[object Object],[object Object],0,0,0,10,70,4200,144,5437,27,8180,5,1100,8040,8474,,,,80,[object Object],1826,22,6,10,24,10,クリスタゴン Lv21 / シンドレイク Lv21 / ギアビット Lv22,"[object Object],[object Object],[object Object]",5,17400,15574,0.8950574712643679,0.8305084745762712,3672,control
223,rush,速攻,3433508683,4bbfd1e70eb239b1bb4487d815dee86bc7012dd2d6f31ba6ccbc26209c423ca4,stuck,0,tower,boss_retry_cap,400,200,40,158,87,71,644,87,71,226,0,0,10,0,0,0,0,0,2,2,0,0,1,1,2,[object Object],[object Object],0,0,0,3,216,12960,158,8509,23,6400,5,1100,8945,3283,,,,80,[object Object],282,27,6,3,23,3,トゲホッグ Lv26 / プフバット Lv27 / ぷるミン Lv27,"[object Object],[object Object],[object Object]",4,16525,16243,0.9829349470499243,1,3957,control
224,balanced,バランス,4061246489,6a22ac7d0509c897efae2979b0f7a0f916c1cdac963fc22d0f2fefa209748230,completed,1,,,400,200,40,112,71,41,527,76,36,97,8,1,27,0,0,0,0,0,28,6,0,0,1,1,5,[object Object],[object Object],0,0,0,6,178,10680,112,4311,28,9080,5,1100,7066,4548,,,,80,[object Object],2098,25,6,7,24,7,ルーメンオウル Lv20 / アクアン Lv25 / ヒノコぐま Lv24,"[object Object],[object Object],[object Object]",5,17326,15228,0.8789103082073185,1,3066,control
225,collector,収集・配合,1645071644,b835ddd1ffecb254dee0732c9d75f54ea8acb0abe489dc1b112d4ec96a92139c,completed,1,,,400,200,40,124,78,46,570,82,42,139,15,1,17,0,0,0,0,0,23,10,57,2850,58,49,9,[object Object],[object Object],0,0,0,9,76,4560,124,6750,27,7580,5,1100,7129,7304,,,,80,[object Object],1175,21,6,11,23,11,シンダーホーン Lv21 / グルーモス Lv20 / ルミネル Lv21,"[object Object],[object Object],[object Object]",5,15889,14714,0.9260494681855371,0.8448275862068966,3387,control
226,rush,速攻,3579859222,00bb03253981875aa048673dc288841748bba6b11a238666d280ed9a3bc2c9a7,stuck,0,tower,boss_retry_cap,400,200,40,127,70,57,496,73,54,166,0,0,11,0,0,0,0,0,3,2,0,0,1,1,2,[object Object],[object Object],0,0,0,3,205,12300,127,5299,23,6400,5,1100,8190,2814,,,,80,[object Object],656,27,6,3,23,3,ペブロン Lv26 / リーフリン Lv27 / ぷるミン Lv27,"[object Object],[object Object],[object Object]",4,15770,15114,0.9584020291693088,1,3127,control
227,balanced,バランス,3693716050,7b4d7a6d574922f2023ec1f2f5acab385c71dfbd22efd45098a4792246e116a8,completed,1,,,400,200,40,128,82,46,574,85,43,141,16,1,22,0,0,0,0,0,23,6,0,0,1,1,6,[object Object],[object Object],0,0,0,6,165,9900,128,6874,27,8180,5,1100,8078,5154,,,,80,[object Object],2384,24,6,7,23,7,ルーメンオウル Lv21 / シンダーホーン Lv22 / アクアン Lv24,"[object Object],[object Object],[object Object]",5,17438,15054,0.8632870742057576,1,3452,control
228,collector,収集・配合,2428015088,5ac4ec2528a659dbeb3574b599f2329d8d3c58e5b37bb197432f5db4afb5a290,completed,1,,,400,200,40,119,77,42,600,83,36,104,16,1,32,0,0,0,0,0,35,9,61,3050,62,49,7,[object Object],[object Object],0,0,0,9,87,5220,119,6325,27,8180,5,1100,8536,7778,,,,80,[object Object],1848,23,6,10,23,10,ルーメンオウル Lv21 / ルミネル Lv22 / ギアビット Lv23,"[object Object],[object Object],[object Object]",5,17896,16048,0.8967367009387572,0.7903225806451613,3432,control
229,rush,速攻,1453781572,58b2bc0c0b8a212358ccec26cac1eadc3d84afb86e6500c993dedd4dd90d3e8e,stuck,0,tower,boss_retry_cap,400,200,40,148,81,67,541,83,65,207,0,0,14,0,0,0,0,0,2,2,0,0,1,1,2,[object Object],[object Object],0,0,0,3,221,13260,148,7274,23,6400,5,1100,9187,3199,,,,80,[object Object],308,27,6,3,23,3,トゲホッグ Lv26 / プフバット Lv27 / ぷるミン Lv27,"[object Object],[object Object],[object Object]",4,16767,16459,0.9816305838850122,1,3540,control
230,balanced,バランス,3361617413,097435f81e957854971ec05ba9d6e2d4e7bef5e5f804fe258b473f149e9bca32,completed,1,,,400,200,40,90,56,34,418,60,30,70,10,1,25,0,0,0,0,0,15,5,0,0,1,1,4,[object Object],[object Object],0,0,0,5,136,8160,90,3056,26,6980,4,750,6108,4333,39,,,80,[object Object],1425,23,5,6,20,6,タイダルセラフ Lv22 / ルミネル Lv23,"[object Object],[object Object]",5,13918,12493,0.8976145997988216,1,2454,control
231,collector,収集・配合,2693440767,bfd4491f1f5f097f295fc578f3d09371dc615971cc46495f33a6788d27194d51,completed,1,,,400,200,40,110,70,40,636,77,33,110,19,1,49,0,0,0,0,0,38,11,56,2800,57,44,9,[object Object],[object Object],0,0,0,9,80,4800,110,5075,29,10980,5,1100,7072,9263,50,,,80,[object Object],2369,23,6,12,23,12,ルーメンオウル Lv21 / グルーモス Lv23 / クリスタゴン Lv22,"[object Object],[object Object],[object Object]",5,19232,16863,0.8768198835274542,0.7719298245614035,3400,control
232,rush,速攻,3410611155,fd5d085a920636cfd13d695dedd2098e8c05781bde72cbd9c2f91f24eec7bfde,stuck,0,volcano,boss_retry_cap,400,200,40,106,57,49,445,60,46,157,0,0,10,0,0,0,0,0,2,2,0,0,1,1,2,[object Object],[object Object],0,0,0,3,125,7500,106,6620,20,4320,4,750,4579,1962,,,,80,[object Object],267,21,5,3,17,3,リーフリン Lv21 / つぼみラビ Lv21 / ぷるミン Lv21,"[object Object],[object Object],[object Object]",3,9729,9462,0.9725562750539624,1,2732,control
233,balanced,バランス,1847687113,d3f3590f15883a71782ec84c7dd2d42a4a1539a88bf5fb1f885a2c92d0715b06,completed,1,,,400,200,40,151,98,53,620,100,51,164,19,1,30,0,0,0,0,0,11,7,0,0,1,1,6,[object Object],[object Object],0,0,0,6,207,12420,151,6610,27,7880,5,1100,10398,5565,,,,80,[object Object],1473,27,6,8,23,8,グルーモス Lv23 / リーファウル Lv27 / アッシュインプ Lv27,"[object Object],[object Object],[object Object]",5,19458,17985,0.9242984890533457,1,3839,control
234,collector,収集・配合,486838357,7d8bc72592112770437fa9454268dcf6a2285e8be9c96d416dccb2a0181d6f98,completed,1,,,400,200,40,102,64,38,484,71,31,87,23,1,35,0,0,0,0,0,21,12,50,2500,51,42,10,[object Object],[object Object],0,0,0,11,72,4320,102,4563,28,8780,5,1100,6025,7111,,,,80,[object Object],2054,21,6,13,23,13,シンダーホーン Lv21 / ルーメンオウル Lv20 / クラッグベア Lv19,"[object Object],[object Object],[object Object]",5,15985,13931,0.8715045355020331,0.8235294117647058,2808,control
235,rush,速攻,1094751399,598f532fa2a872730c705d3add1bf2f22ee451a751c95b7280be578d117cf37e,stuck,0,tower,boss_retry_cap,400,200,40,153,83,70,589,86,67,208,0,0,10,0,0,0,0,0,2,2,0,0,1,1,2,[object Object],[object Object],0,0,0,3,222,13320,153,7652,23,6400,5,1100,9237,3226,,,,80,[object Object],271,28,6,3,23,3,ペブロン Lv27 / リーフリン Lv28 / ぷるミン Lv27,"[object Object],[object Object],[object Object]",4,16817,16546,0.9838853541059642,1,3741,control
236,balanced,バランス,1970033845,4df771abf8bc007a192078c99305972ad1942bc83a204c94040a84601fb816f4,completed,1,,,400,200,40,101,64,37,391,69,32,72,16,1,14,0,0,0,0,0,13,6,0,0,1,1,4,[object Object],[object Object],0,0,0,6,153,9180,101,5029,27,8180,5,1100,7523,5022,,,,80,[object Object],2681,24,6,7,21,7,グルーモス Lv24 / オアロード Lv24,"[object Object],[object Object]",5,16883,14202,0.8412012083160576,1,2490,control
237,collector,収集・配合,2415497218,9cc20862b0d35cc92a00594fdb0ce9ac2a83910e802a1f54849dc40fb4ce1ca7,completed,1,,,400,200,40,85,53,32,373,60,25,76,14,1,24,0,0,0,0,0,21,13,45,2250,46,38,10,[object Object],[object Object],0,0,0,12,68,4080,85,2829,28,8780,4,750,4732,6761,52,,,80,[object Object],1251,19,5,14,21,14,クリスタゴン Lv19 / ルーメンオウル Lv17 / シンダーホーン Lv18,"[object Object],[object Object],[object Object]",5,14342,13091,0.9127736717333705,0.8260869565217391,2280,control
238,rush,速攻,4282061661,74a12badcb85567fab845bed438f883ea35e0d8bf135fe1f8755154f95199fe9,stuck,0,tower,boss_retry_cap,400,200,40,135,74,61,506,77,58,182,0,0,12,0,0,0,0,0,3,2,0,0,1,1,2,[object Object],[object Object],0,0,0,3,212,12720,135,6240,23,6400,5,1100,8615,3163,,,,80,[object Object],312,27,6,3,19,3,ドリモール Lv26 / リーフリン Lv27 / ぷるミン Lv27,"[object Object],[object Object],[object Object]",4,16195,15883,0.980734794689719,1,3267,control
239,balanced,バランス,3182739477,a7ab1888c11558d15c8281a5eae57ecc3d930a42810b08961376a1ee3aeed533,completed,1,,,400,200,40,100,63,37,400,69,31,86,15,1,15,0,0,0,0,0,16,7,0,0,1,1,5,[object Object],[object Object],0,0,0,7,152,9120,100,4013,27,8180,5,1100,7184,4798,,,,80,[object Object],2626,24,6,8,23,8,ルーメンオウル Lv22 / シンドレイク Lv24 / ドリモール Lv23,"[object Object],[object Object],[object Object]",5,16544,13918,0.8412717601547389,1,2517,control
240,collector,収集・配合,1309358153,17b227074a71878759c45f3a0f1797c47f24661821adb184f5ce28d60a6d6aa8,completed,1,,,400,200,40,167,113,54,911,118,49,154,29,1,38,0,0,0,0,0,42,12,82,4100,83,71,9,[object Object],[object Object],0,0,0,9,134,8040,167,9005,29,9680,6,1550,11256,9013,100,,,80,[object Object],1413,27,7,13,23,13,グルーモス Lv23 / ルミネル Lv24 / シンドレイク Lv27,"[object Object],[object Object],[object Object]",5,22566,21153,0.9373836745546398,0.8554216867469879,4959,control
241,rush,速攻,43506075,eb1c53ea43c729c0a83a546ed4f47aa183adc02e70bb091b3dedfe961dfb00bc,stuck,0,tower,boss_retry_cap,400,200,40,162,89,73,641,89,73,220,0,0,14,0,0,0,0,0,4,2,0,0,1,1,2,[object Object],[object Object],0,0,0,3,219,13140,162,6159,23,6400,5,1100,9308,3441,,,,80,[object Object],307,28,6,3,24,3,ペブロン Lv27 / プフバット Lv28 / ぷるミン Lv27,"[object Object],[object Object],[object Object]",4,16888,16581,0.9818214116532449,1,4011,control
242,balanced,バランス,2978077888,3e8f70eb86d4fca3ed5559c1c8d7d3af64f6df369bee6556e1600bbfa6aed62e,completed,1,,,400,200,40,69,43,26,356,47,22,60,5,1,22,0,0,0,0,0,25,7,0,0,1,1,5,[object Object],[object Object],0,0,0,7,110,6600,69,3312,27,8180,4,750,4615,5592,34,,,80,[object Object],1433,20,5,8,20,8,グルーモス Lv20 / ルーメンオウル Lv18 / ギアビット Lv18,"[object Object],[object Object],[object Object]",5,13625,12192,0.8948256880733945,1,2002,control
243,collector,収集・配合,256612591,051e86e1fcc1c7cfcf95d1a97e8c1125529e0004dbbf1b61d1dec0211e8c42f0,completed,1,,,400,200,40,130,80,50,860,88,42,152,19,1,39,0,0,0,0,0,38,10,59,2950,60,51,9,[object Object],[object Object],0,0,0,8,95,5700,130,8795,28,8780,5,1100,8963,9043,,,,80,[object Object],1230,23,6,11,23,11,グルーモス Lv23 / ルーメンオウル Lv21 / ルミネル Lv23,"[object Object],[object Object],[object Object]",5,18923,17693,0.9349997357712836,0.85,4340,control
244,rush,速攻,3006509272,c504a68f884539405ac2b829a93ab2a82001cbae8e8e9c832639175fc47b8656,stuck,0,tower,boss_retry_cap,400,200,40,132,74,58,491,74,58,175,0,0,10,0,0,0,0,0,2,2,0,0,1,1,2,[object Object],[object Object],0,0,0,3,209,12540,132,6880,23,6400,5,1100,8421,3151,,,,80,[object Object],310,27,6,3,22,3,トゲホッグ Lv26 / リーフリン Lv27 / ぷるミン Lv27,"[object Object],[object Object],[object Object]",4,16001,15691,0.9806262108618211,1,3147,control
245,balanced,バランス,3210020708,02b58ed06f11b2945687213ead13960e739d8b5eac97e9b2ec5898df21bf7a09,completed,1,,,400,200,40,115,74,41,505,76,39,120,18,1,29,0,0,0,0,0,10,7,0,0,1,1,6,[object Object],[object Object],0,0,0,6,164,9840,115,4491,27,7880,5,1100,7672,4774,,,,80,[object Object],2118,25,6,8,24,8,グルーモス Lv24 / クリスタゴン Lv21 / ヒノコぐま Lv25,"[object Object],[object Object],[object Object]",5,16732,14614,0.8734162084628257,1,3058,control
246,collector,収集・配合,1781855760,e441f190bca8f1e708f5d36e1fc18a0bc86c72edd1b28ef02c0354a29f5c8c1b,completed,1,,,400,200,40,123,74,49,597,78,45,144,20,1,30,0,0,0,0,0,24,8,50,2500,51,41,8,[object Object],[object Object],0,0,0,8,56,3360,123,5877,26,6980,5,1100,6159,7038,,,,80,[object Object],1421,20,6,9,25,9,クリスタゴン Lv20 / グルーモス Lv20 / シンダーホーン Lv19,"[object Object],[object Object],[object Object]",5,14319,12898,0.9007612263426217,0.803921568627451,3428,control
247,rush,速攻,3941061617,e181a1576116972911d145b78ed6074f3758cdaa46dd7ae97181f8d0653149c1,stuck,0,tower,boss_retry_cap,400,200,40,181,104,77,648,93,88,224,0,0,10,0,0,0,0,0,4,2,0,0,1,1,2,[object Object],[object Object],0,0,0,3,213,12780,181,7452,23,6400,5,1100,9257,3742,,,,67,[object Object],315,27,6,3,23,3,トゲホッグ Lv27 / プフバット Lv27 / ぷるミン Lv27,"[object Object],[object Object],[object Object]",4,16837,16522,0.9812912038961811,1,4243,control
248,balanced,バランス,2237512558,3ff5bf17dc6b5c327e743c8eb98b4188328c102acefbda380915e726c18cb669,completed,1,,,400,200,40,61,36,25,320,44,17,51,11,1,25,0,0,0,0,0,14,7,0,0,1,1,5,[object Object],[object Object],0,0,0,7,121,7260,61,3075,27,8180,4,750,3938,4252,,,,80,[object Object],1436,21,5,8,25,8,グルーモス Lv19 / シンダーホーン Lv19 / アクアン Lv21,"[object Object],[object Object],[object Object]",5,12948,11512,0.8890948409020698,1,1790,control
249,collector,収集・配合,2345028134,59cc6a6c77c181e1858edfc8b94c193a345fc6dd85b9310eb557503ff9c5f8ee,completed,1,,,400,200,40,117,73,44,691,80,37,127,22,1,43,0,0,0,0,0,24,12,57,2850,58,49,10,[object Object],[object Object],0,0,0,11,89,5340,117,5511,28,8780,5,1100,6807,6736,,,,80,[object Object],1841,21,6,13,25,13,ルーメンオウル Lv20 / ルミネル Lv21 / シンダーホーン Lv21,"[object Object],[object Object],[object Object]",5,16767,14926,0.8902009900399594,0.8448275862068966,3619,control
250,rush,速攻,435390412,be6890276fc34240abfb1853fa5d728ec0542f4468376180ce60cee59b80a2d1,stuck,0,tower,boss_retry_cap,400,200,40,154,85,69,600,85,69,210,0,0,11,0,0,0,0,0,2,2,0,0,1,1,2,[object Object],[object Object],0,0,0,3,220,13200,154,6825,23,6400,5,1100,9249,3342,,,,80,[object Object],287,28,6,3,22,3,ペブロン Lv27 / プフバット Lv28 / ぷるミン Lv27,"[object Object],[object Object],[object Object]",4,16829,16542,0.9829461049379048,1,3783,control
251,balanced,バランス,2780830730,70699795142f5e002db6762ed70d904b0f4cf6f59bd9233f61cdda4ca29e349c,completed,1,,,400,200,40,93,59,34,399,62,31,103,10,1,18,0,0,0,0,0,15,6,0,0,1,1,5,[object Object],[object Object],0,0,0,7,146,8760,93,5163,26,6980,4,750,6367,3982,,,,80,[object Object],1435,23,5,7,24,7,ルミネル Lv21 / シンドレイク Lv22 / トゲホッグ Lv23,"[object Object],[object Object],[object Object]",5,14177,12742,0.8987797136206531,1,2453,control
252,collector,収集・配合,164287231,89a00447d3fc341704a248567726fc4e25db768283f197363dd06b6dc520ef5c,completed,1,,,400,200,40,101,59,42,551,68,33,110,20,1,24,0,0,0,0,0,41,11,47,2350,48,39,9,[object Object],[object Object],0,0,0,8,69,4140,101,3515,29,10980,5,1100,6187,9308,52,,,80,[object Object],2549,22,6,12,23,12,クラッグベア Lv20 / シンダーホーン Lv20 / ルミネル Lv22,"[object Object],[object Object],[object Object]",5,18347,15798,0.8610672044475937,0.8125,3047,control
253,rush,速攻,1481856828,f0bc929f686754467e68e8882d6cca379f2b9ee7d491f2a3641de84906cc0639,stuck,0,tower,boss_retry_cap,400,200,40,131,72,59,468,75,56,171,0,0,9,0,0,0,0,0,2,2,0,0,1,1,2,[object Object],[object Object],0,0,0,3,211,12660,131,5836,23,6400,5,1100,8438,3101,,,,80,[object Object],257,27,6,3,21,3,ドリモール Lv26 / リーフリン Lv27 / ぷるミン Lv27,"[object Object],[object Object],[object Object]",4,16018,15761,0.983955550006243,1,3083,control
254,balanced,バランス,2191709599,c56bebad198793cb3d856b50d65f90952663b7aa20304ee3ed5bcdd1811529d0,completed,1,,,400,200,40,179,117,62,802,118,61,192,17,1,29,0,0,0,0,0,17,7,0,0,1,1,6,[object Object],[object Object],0,0,0,5,214,12840,179,7661,27,7880,6,1550,12042,6896,,,,80,[object Object],1816,29,7,8,23,8,ルミネル Lv25 / アッシュインプ Lv29 / リーフリン Lv29,"[object Object],[object Object],[object Object]",5,21552,19736,0.9157386785449146,1,4808,control
255,collector,収集・配合,1076745375,11ca2c5b5802c5e5752ea73f8dcb05b5a9b234991b31a0bbaa1d726fcbacba10,completed,1,,,400,200,40,129,80,49,631,86,43,153,24,1,22,0,0,0,0,0,24,11,56,2800,57,49,10,[object Object],[object Object],0,0,0,9,89,5340,129,7418,28,8780,5,1100,7917,7919,,,,80,[object Object],1818,22,6,12,24,12,クリスタゴン Lv22 / ルミネル Lv22 / シンドレイク Lv22,"[object Object],[object Object],[object Object]",5,17877,16059,0.8983050847457628,0.8596491228070176,3670,control
256,rush,速攻,3645337507,fa55ed53f732bc0c580127d966fdfdab90178f838d18e3add0b48ac2bc33ae0f,stuck,0,tower,boss_retry_cap,400,200,40,142,79,63,516,79,63,177,0,0,8,0,0,0,0,0,2,2,0,0,1,1,2,[object Object],[object Object],0,0,0,3,210,12600,142,6263,23,6400,5,1100,8389,3063,,,,80,[object Object],306,27,6,3,24,3,ドリモール Lv25 / トゲホッグ Lv26 / ぷるミン Lv27,"[object Object],[object Object],[object Object]",4,15969,15663,0.9808378733796731,1,3348,control
257,balanced,バランス,3521489405,a6d59aaea2c9a38e322021e41d0156d5b3d307cb64fbde623f340dbab65925f6,completed,1,,,400,200,40,113,73,40,472,79,34,101,17,1,21,0,0,0,0,0,23,7,0,0,1,1,5,[object Object],[object Object],1,4,0,6,184,11040,113,4719,27,8090,5,1100,7521,4272,87,,,80,[object Object],1479,24,6,7,25,9,ルーメンオウル Lv21 / トゲホッグ Lv24 / アッシュインプ Lv24,"[object Object],[object Object],[object Object]",5,16791,15312,0.9119170984455959,1,2936,control
258,collector,収集・配合,3159889623,ea99fe3568ec6c798baef9d51535a3b4fb2ed7406d111e5ced79fd8f0a9e600f,completed,1,,,400,200,40,165,111,54,934,116,49,162,32,1,24,0,0,0,0,0,33,9,80,4000,81,69,7,[object Object],[object Object],0,0,0,9,91,5460,165,10746,27,8180,6,1550,10558,8812,,,,80,[object Object],2096,23,7,10,24,10,グルーモス Lv23 / クリスタゴン Lv22 / ルミネル Lv23,"[object Object],[object Object],[object Object]",5,20368,18272,0.8970934799685781,0.8518518518518519,5099,control
259,rush,速攻,1629899228,f040bf164acf87ed534aecb70744fdfdcd301aa966bc5724ecc73ff03224558b,stuck,0,tower,boss_retry_cap,400,200,40,158,85,73,530,89,69,206,0,0,8,0,0,0,0,0,4,2,0,0,1,1,2,[object Object],[object Object],0,0,0,3,218,13080,158,6642,23,6400,5,1100,8972,3176,,,,80,[object Object],296,27,6,3,24,3,リーファウル Lv26 / つぼみラビ Lv27 / ぷるミン Lv27,"[object Object],[object Object],[object Object]",4,16552,16256,0.9821169647172547,1,3607,control
260,balanced,バランス,1521143957,82d8e4b106f3b0174c5e10a58a64524b5143baad29a69341463c316e82347301,completed,1,,,400,200,40,176,113,63,702,117,59,185,45,1,16,0,0,0,0,0,9,5,0,0,1,1,5,[object Object],[object Object],0,0,0,5,221,13260,176,7522,27,7880,5,1100,11404,5786,,,,80,[object Object],1418,29,6,6,23,6,グルーモス Lv25 / アッシュインプ Lv26 / ペブロン Lv29,"[object Object],[object Object],[object Object]",5,20464,19046,0.9307075840500391,1,4394,control
261,collector,収集・配合,1225474039,6804b61e6b254ba7e39fb9ea7dd9b2555dfeb21f28760760e82f5ae509124e7e,completed,1,,,400,200,40,87,53,34,416,59,28,96,16,1,16,0,0,0,0,0,28,13,41,2050,42,32,11,[object Object],[object Object],0,0,0,13,65,3900,87,4149,28,8780,4,750,4424,6270,,,,80,[object Object],1814,19,5,14,24,14,クリスタゴン Lv19 / クラッグベア Lv16 / シンダーホーン Lv18,"[object Object],[object Object],[object Object]",5,14034,12220,0.8707424825423971,0.7619047619047619,2455,control
262,rush,速攻,1677978847,7665b7c640ab11aae1c8aafa89c414d1d2a823e137bff66a3cc11682d677171a,stuck,0,tower,boss_retry_cap,400,200,40,185,101,84,743,100,85,258,0,0,10,0,0,0,0,0,3,2,0,0,1,1,2,[object Object],[object Object],0,0,0,3,228,13680,185,8551,23,6400,5,1100,10216,3866,,,,80,[object Object],250,28,6,3,25,3,トゲホッグ Lv27 / リーフリン Lv28 / ぷるミン Lv28,"[object Object],[object Object],[object Object]",4,17796,17546,0.9859518993032143,1,4622,control
263,balanced,バランス,527685460,c35ebf2732c85ebd24a787f28b74371ad8847e6110bb40cfb1f537185a6e8233,completed,1,,,400,200,40,117,74,43,504,79,38,129,11,1,14,0,0,0,0,0,19,7,0,0,1,1,6,[object Object],[object Object],0,0,0,7,159,9540,117,5506,28,9080,5,1100,8428,6062,,,,80,[object Object],3086,25,6,8,24,8,ルミネル Lv23 / シンドレイク Lv25 / リーファウル Lv25,"[object Object],[object Object],[object Object]",5,18688,15602,0.834867294520548,1,3087,control
264,collector,収集・配合,1933608899,011c1bc553d7c57773bfe4a77c0c74416c5316ed39e53313f0b61c99919c5af7,completed,1,,,400,200,40,102,61,41,432,67,35,117,17,1,17,0,0,0,0,0,22,10,46,2300,47,39,9,[object Object],[object Object],0,0,0,9,65,3900,102,4776,27,7580,4,750,5302,6279,,,,80,[object Object],1233,19,5,11,23,11,クラッグベア Lv16 / グルーモス Lv18 / シンドレイク Lv19,"[object Object],[object Object],[object Object]",5,13712,12479,0.9100787631271878,0.8297872340425532,2666,control
265,rush,速攻,63354172,8495cd17b3799c13cd14e2dcfa810ba930abd49cea90f04cdc1b1fc8b1a99bbf,stuck,0,tower,boss_retry_cap,400,200,40,170,95,75,701,91,79,242,0,0,10,0,0,0,0,0,3,2,0,0,1,1,2,[object Object],[object Object],0,0,0,3,220,13200,170,8034,23,6400,5,1100,9399,3462,,,,80,[object Object],317,28,6,3,24,3,ペブロン Lv26 / プフバット Lv27 / ぷるミン Lv28,"[object Object],[object Object],[object Object]",4,16979,16662,0.9813298780846929,1,4303,control
266,balanced,バランス,384667050,7f5ac0f3bff50f8f7a46554076eb0f4b5d791de14b13f02230f42f97ab509873,completed,1,,,400,200,40,119,75,44,485,80,39,131,29,1,16,0,0,0,0,0,17,6,0,0,1,1,5,[object Object],[object Object],0,0,0,6,179,10740,119,4084,27,7880,5,1100,8490,5386,,,,80,[object Object],1424,26,6,7,21,7,ルミネル Lv24 / シンドレイク Lv26 / ドリモール Lv26,"[object Object],[object Object],[object Object]",5,17550,16126,0.9188603988603988,1,3023,control
267,collector,収集・配合,3996975150,785c432d7ce59c4c9a6b4e4dd1374379a0ae2fce828287a8970e364b9e9ade85,completed,1,,,400,200,40,133,86,47,588,92,41,109,25,1,22,0,0,0,0,0,28,11,62,3100,63,53,9,[object Object],[object Object],0,0,0,10,88,5280,133,4925,28,8780,5,1100,7735,7481,68,,,80,[object Object],1834,23,6,12,24,12,シンダーホーン Lv22 / クリスタゴン Lv23 / ルミネル Lv21,"[object Object],[object Object],[object Object]",5,17695,15861,0.8963549025148347,0.8412698412698413,3541,control
268,rush,速攻,1112252743,ab1d6fd22d26e5dc1b893b7398907e3b729e0befc7812b09024d4166a50337a1,completed,1,,,400,200,40,115,63,52,407,68,47,147,0,0,9,0,0,0,0,0,2,2,0,0,1,1,2,[object Object],[object Object],0,0,0,3,192,11520,115,4327,24,7200,5,1100,7686,2650,,,,80,[object Object],1896,26,6,3,23,3,ドリモール Lv25 / プフバット Lv26 / ぷるミン Lv26,"[object Object],[object Object],[object Object]",5,16066,14170,0.8819868044317192,1,2704,control
269,balanced,バランス,1722815290,717e14b6a8fa3ae9c83eb188cbdabd025a69b7531f0fae325bdd74f34a0e3457,completed,1,,,400,200,40,128,82,46,527,86,42,135,24,1,17,0,0,0,0,0,22,5,0,0,1,1,4,[object Object],[object Object],0,0,0,6,199,11940,128,5544,28,9080,5,1100,9249,6115,,,,80,[object Object],1454,27,6,6,24,6,グルーモス Lv26 / ドリモール Lv27 / アッシュインプ Lv26,"[object Object],[object Object],[object Object]",5,19509,18055,0.9254702957609309,1,3249,control
270,collector,収集・配合,4283170859,bbbacdb2e13c222cf860ed0f0a0d41b1139fd8e012efea6fa8a04891fe4a3a59,completed,1,,,400,200,40,102,63,39,502,69,33,119,17,1,24,0,0,0,0,0,34,12,49,2450,50,42,10,[object Object],[object Object],0,0,0,10,72,4320,102,4658,28,8780,5,1100,5486,7285,,,,80,[object Object],1391,21,6,13,25,13,クリスタゴン Lv21 / ルミネル Lv20 / グルーモス Lv20,"[object Object],[object Object],[object Object]",5,15446,14055,0.9099443221546031,0.84,2895,control
271,rush,速攻,749232628,1a25d1f687e23e22bf2c51d3b65842d956847f065695a899bbb13c9dcf984de8,stuck,0,tower,boss_retry_cap,400,200,40,160,86,74,635,90,70,220,0,0,11,0,0,0,0,0,2,2,0,0,1,1,2,[object Object],[object Object],0,0,0,3,225,13500,160,8799,23,6400,5,1100,9540,3314,,,,80,[object Object],306,28,6,3,23,3,トゲホッグ Lv27 / リーフリン Lv28 / ぷるミン Lv28,"[object Object],[object Object],[object Object]",4,17120,16814,0.9821261682242991,1,3971,control
272,balanced,バランス,315069300,d3dab70bdebd93339e5b8d1cf5d3bcab4b9070930ff23c052838295da6cb76cb,completed,1,,,400,200,40,128,83,45,466,87,41,113,30,1,20,0,0,0,0,0,14,7,0,0,1,1,5,[object Object],[object Object],0,0,0,7,203,12180,128,4495,28,9080,5,1100,9380,5099,,,,80,[object Object],2361,26,6,8,24,8,グルーモス Lv26 / シンドレイク Lv26 / ドリモール Lv26,"[object Object],[object Object],[object Object]",5,19640,17279,0.879786150712831,1,3060,control
273,collector,収集・配合,3761155165,6ce1e98547cf0f8988db25faa4b08a4f50f92584d3642994fec706c27de4087f,completed,1,,,400,200,40,102,64,38,419,68,34,96,17,1,22,0,0,0,0,0,31,9,47,2350,48,36,7,[object Object],[object Object],0,0,0,8,59,3540,102,4481,27,8180,5,1100,6204,7632,,,,80,[object Object],2042,20,6,10,23,10,シンダーホーン Lv20 / クリスタゴン Lv20 / グルーモス Lv20,"[object Object],[object Object],[object Object]",5,15564,13522,0.8687997943973271,0.75,2609,control
274,rush,速攻,4242100682,b65c329350dd211aa81029206df97c637976a8563b2fe62da90c67160d2dc53e,stuck,0,tower,boss_retry_cap,400,200,40,167,90,77,595,93,74,229,0,0,10,0,0,0,0,0,3,2,0,0,1,1,2,[object Object],[object Object],0,0,0,3,229,13740,167,6324,23,6400,5,1100,9851,3380,,,,80,[object Object],311,28,6,3,22,3,トゲホッグ Lv27 / つぼみラビ Lv28 / ぷるミン Lv28,"[object Object],[object Object],[object Object]",4,17431,17120,0.9821582238540532,1,3927,control
275,balanced,バランス,3483730047,5bda74ab5df65b3b9482367755fc536dd4a4eb2ef63df050c4f5319fd73348c5,completed,1,,,400,200,40,125,80,45,446,84,41,126,26,1,16,0,0,0,0,0,10,6,0,0,1,1,5,[object Object],[object Object],0,0,0,6,169,10140,125,4678,27,7880,5,1100,8079,4880,,,,80,[object Object],2119,25,6,7,24,7,グルーモス Lv24 / ドリモール Lv25 / アッシュインプ Lv24,"[object Object],[object Object],[object Object]",5,17139,15020,0.8763638485325865,1,2963,control
276,collector,収集・配合,3623955517,66b983662546661abafec428bec91f9e65bd3eaee0a497556a2f8f1a3e764a52,completed,1,,,400,200,40,108,66,42,538,70,38,127,15,1,23,0,0,0,0,0,25,12,48,2400,49,38,11,[object Object],[object Object],0,0,0,9,58,3480,108,5285,27,7580,4,750,5097,6418,,,,80,[object Object],1209,19,5,13,24,13,クリスタゴン Lv19 / クラッグベア Lv16 / グルーモス Lv19,"[object Object],[object Object],[object Object]",5,13507,12298,0.9104908565928778,0.7755102040816326,3082,control
277,rush,速攻,3247910813,655533b77b997cef5d60f667bdc15bf5895e9a9817a39f60eba44260776955ff,stuck,0,tower,boss_retry_cap,400,200,40,162,88,74,663,90,72,218,0,0,12,0,0,0,0,0,3,2,0,0,1,1,2,[object Object],[object Object],0,0,0,3,221,13260,162,6449,23,6400,5,1100,9356,3416,,,,80,[object Object],260,28,6,3,23,3,ペブロン Lv27 / リーフリン Lv27 / ぷるミン Lv28,"[object Object],[object Object],[object Object]",4,16936,16676,0.9846480869154464,1,4092,control
278,balanced,バランス,1043753525,a98f44707ab1957abb266981f5e6ee8993396e8c06cdf83537d3e530b33aa4ce,completed,1,,,400,200,40,127,84,43,512,78,49,137,25,1,16,0,0,0,0,0,17,5,0,0,1,1,5,[object Object],[object Object],0,0,0,6,158,9480,127,4532,26,7640,5,1100,7784,4997,,,,75,[object Object],2127,26,6,6,24,6,グルーモス Lv23 / クリスタゴン Lv22 / トゲホッグ Lv26,"[object Object],[object Object],[object Object]",5,16604,14477,0.8718983377499397,1,3169,control
279,collector,収集・配合,3067579022,97baea53952ad16a59aa253db9c2b1a699b6dba7668750a245aa123c4d6e5eaa,completed,1,,,400,200,40,160,105,55,1039,109,51,177,24,1,70,0,2,0,0,0,32,11,81,4050,82,69,10,[object Object],[object Object],1,7,0,9,98,5880,160,7900,28,7730,5,1100,10205,7977,,,,80,[object Object],1208,23,6,11,25,13,ルーメンオウル Lv23 / グルーモス Lv23 / ルミネル Lv22,"[object Object],[object Object],[object Object]",5,19115,17907,0.9368035574156421,0.8414634146341463,5228,control
280,rush,速攻,3857127251,40603daa6517eec719855f990fea1e2016ef9ae392ac8bd975683e127f9b0192,stuck,0,tower,boss_retry_cap,400,200,40,140,76,64,490,80,60,186,0,0,10,0,0,0,0,0,2,2,0,0,1,1,2,[object Object],[object Object],0,0,0,3,215,12900,140,5272,23,6400,5,1100,8708,3062,,,,80,[object Object],326,27,6,3,24,3,ドリモール Lv27 / リーフリン Lv27 / ぷるミン Lv27,"[object Object],[object Object],[object Object]",4,16288,15962,0.9799852652259332,1,3281,control
281,balanced,バランス,789598460,6d0d1209c7d5dd8c762973332b630c9f4ebe27e5f664811dc590ed7f0359df68,completed,1,,,400,200,40,63,39,24,330,39,24,77,15,1,26,0,0,0,0,0,11,6,0,0,1,1,6,[object Object],[object Object],0,0,0,7,90,5400,63,3424,25,6080,4,750,3308,3102,,,,80,[object Object],1716,18,5,7,20,7,ルーメンオウル Lv17 / シンダーホーン Lv18 / グルーモス Lv17,"[object Object],[object Object],[object Object]",5,10218,8502,0.8320610687022901,1,1831,control
282,collector,収集・配合,2950272841,9c0d1bdfe06f09bf621596ecf236776e6a9d0e1b4be259d048506075d18694f0,completed,1,,,400,200,40,143,89,54,961,94,49,161,34,1,47,0,0,0,0,0,32,10,59,2950,60,48,10,[object Object],[object Object],0,0,0,8,86,5160,143,5719,27,7580,5,1100,8155,7634,,,,80,[object Object],1171,23,6,11,23,11,ルーメンオウル Lv22 / クリスタゴン Lv21 / ギアビット Lv23,"[object Object],[object Object],[object Object]",5,16915,15744,0.9307715045817322,0.8,4786,control
283,rush,速攻,2962199255,2a9cfa4d4029134d7494e1498df94dbfb5a90898416bd3bd9ce5bf259c2d7abc,stuck,0,tower,boss_retry_cap,400,200,40,211,112,99,748,115,96,294,0,0,9,0,0,0,0,0,4,2,0,0,1,1,2,[object Object],[object Object],0,0,0,3,243,14580,211,8236,23,6400,5,1100,11242,3951,,,,80,[object Object],291,29,6,3,24,3,アワマリン Lv27 / つぼみラビ Lv29 / ぷるミン Lv29,"[object Object],[object Object],[object Object]",4,18822,18531,0.984539368823717,1,4929,control
284,balanced,バランス,790260214,ccf02de1cd2a0560131127e895ac2af127cb980ce4633bfb5cc836e710aa50a3,completed,1,,,400,200,40,90,57,33,344,63,27,74,14,1,23,0,0,0,0,0,16,7,0,0,1,1,5,[object Object],[object Object],1,5,0,7,137,8220,90,3856,28,8330,4,750,6359,4915,,,,80,[object Object],2384,23,5,7,23,9,クリスタゴン Lv22 / トゲホッグ Lv23 / アッシュインプ Lv20,"[object Object],[object Object],[object Object]",5,15519,13135,0.8463818545009343,1,2215,control
285,collector,収集・配合,1893036511,62c99d1e6edcd4be214c75a32a50e274cdec56c1e675989dd65c59db016820cf,completed,1,,,400,200,40,106,68,38,440,71,35,91,20,1,18,0,0,0,0,0,28,10,52,2600,53,43,8,[object Object],[object Object],1,6,0,9,83,4980,106,3516,29,8930,5,1100,6482,6977,,,,80,[object Object],2035,21,6,10,24,12,ルーメンオウル Lv21 / クラッグベア Lv19 / シンドレイク Lv20,"[object Object],[object Object],[object Object]",5,16592,14557,0.8773505303760849,0.8113207547169812,2749,control
286,rush,速攻,135511715,c924017444268e6f8bb6a63317a8ac2401e38e77e415e3b7a2eff5b4bd66004e,stuck,0,tower,boss_retry_cap,400,200,40,193,103,90,785,106,87,291,0,0,10,0,0,0,0,0,2,2,0,0,1,1,2,[object Object],[object Object],0,0,0,3,239,14340,193,13793,23,6400,5,1100,10859,3797,,,,80,[object Object],302,29,6,3,24,3,リーフリン Lv28 / プフバット Lv29 / ぷるミン Lv28,"[object Object],[object Object],[object Object]",4,18439,18137,0.9836216714572373,1,4837,control
287,balanced,バランス,4092001528,88064d8fc59af3b641421e581a2c4b973e0cca870f57c5b24d615679e5af89b2,completed,1,,,400,200,40,145,92,53,566,99,46,157,19,1,24,0,0,0,0,0,12,6,0,0,1,1,6,[object Object],[object Object],0,0,0,5,206,12360,145,6466,28,9080,5,1100,9909,5450,,,,80,[object Object],2359,28,6,7,24,7,クリスタゴン Lv25 / シンドレイク Lv26 / つぼみラビ Lv28,"[object Object],[object Object],[object Object]",5,20169,17810,0.8830383261440825,1,3618,control
288,collector,収集・配合,2000713318,422148ff2788f6d9cfac194a93ac67fbc604cf2cfc7a67c6af4113a9e30cf5fc,completed,1,,,400,200,40,131,85,46,858,90,41,152,15,1,28,0,0,0,0,0,36,11,66,3300,67,55,9,[object Object],[object Object],0,0,0,11,109,6540,131,9906,28,8780,5,1100,9197,8116,,,,80,[object Object],1201,24,6,12,25,12,グルーモス Lv22 / ルミネル Lv23 / シンドレイク Lv24,"[object Object],[object Object],[object Object]",5,19157,17956,0.9373075116145534,0.8208955223880597,4503,control
289,rush,速攻,399712112,7a2021194b7bbd4bc9b5a5df6058e9a8361d2dd09527b3e89a81fc0bb600c761,stuck,0,tower,boss_retry_cap,400,200,40,161,88,73,608,89,72,222,0,0,9,0,0,0,0,0,2,2,0,0,1,1,2,[object Object],[object Object],0,0,0,3,221,13260,161,7347,23,6400,5,1100,9320,3352,,,,80,[object Object],288,28,6,3,24,3,ドリモール Lv27 / つぼみラビ Lv28 / ぷるミン Lv28,"[object Object],[object Object],[object Object]",4,16900,16612,0.9829585798816568,1,3883,control
290,balanced,バランス,598043668,0411149a2179604bf5f96d38b4614f5ba3e4275913ba6ed88f8fed278d802e33,completed,1,,,400,200,40,117,75,42,479,81,36,118,26,1,21,0,0,0,0,0,18,7,0,0,1,1,5,[object Object],[object Object],0,0,0,7,186,11160,117,4531,28,9080,5,1100,8216,4959,,,,80,[object Object],2357,27,6,8,22,8,グルーモス Lv24 / シンドレイク Lv25 / トゲホッグ Lv27,"[object Object],[object Object],[object Object]",5,18476,16119,0.8724290972071878,1,2986,control
291,collector,収集・配合,1792295767,d9f038cf729621bb0cb06900022f1a546e38a40b10616df06cb340dbbfd339bf,completed,1,,,400,200,40,137,88,49,680,93,44,139,14,1,51,0,1,0,0,0,26,10,64,3200,65,55,8,[object Object],[object Object],0,0,0,9,93,5580,137,5077,28,8780,5,1100,9109,9061,,,,80,[object Object],1228,24,6,11,23,11,ルーメンオウル Lv22 / グルーモス Lv24 / ギアビット Lv24,"[object Object],[object Object],[object Object]",5,19069,17841,0.9356022864334784,0.8461538461538461,3872,control
292,rush,速攻,1099046723,25405dcdfd2851fee8577e8803703d98120f770ebb82f7d1080dd1d40ad1dd34,stuck,0,tower,boss_retry_cap,400,200,40,200,106,94,787,110,90,307,0,0,11,0,0,0,0,0,2,2,0,0,1,1,2,[object Object],[object Object],0,0,0,3,241,14460,200,12506,23,6400,5,1100,10970,3850,,,,80,[object Object],240,28,6,3,23,3,プフバット Lv28 / リーフリン Lv28 / ぷるミン Lv28,"[object Object],[object Object],[object Object]",4,18550,18310,0.9870619946091644,1,4944,control
293,balanced,バランス,420270786,f0ee77e8b21dc0455f9a7e17b4053889c154644a23db291601d6dd00f2f80f1f,completed,1,,,400,200,40,141,90,51,574,94,47,130,24,1,19,0,0,0,0,0,17,5,0,0,1,1,5,[object Object],[object Object],0,0,0,5,189,11340,141,5166,27,7880,5,1100,8864,5144,,,,80,[object Object],1440,26,6,6,23,6,ルミネル Lv25 / ドリモール Lv26 / アッシュインプ Lv24,"[object Object],[object Object],[object Object]",5,17924,16484,0.9196607900022317,1,3579,control
294,collector,収集・配合,334380677,5aa98baefbf5a05007137954ad4ee37c27e38d42f2fbf5a4a5e1f01ab2bba4d5,completed,1,,,400,200,40,127,86,41,550,93,34,93,16,1,21,0,0,0,0,0,19,11,63,3150,64,54,8,[object Object],[object Object],1,9,0,8,98,5880,127,5059,29,8930,5,1100,6957,6828,65,,,80,[object Object],1209,22,6,11,25,13,ルーメンオウル Lv20 / グルーモス Lv22 / クリスタゴン Lv20,"[object Object],[object Object],[object Object]",5,17067,15858,0.9291615398136756,0.84375,3348,control
295,rush,速攻,1483275713,49a1d48dc305f0e5d52a462de1551259632925c316e0b15d048cc4ecaa019361,stuck,0,tower,boss_retry_cap,400,200,40,153,83,70,584,86,67,203,0,0,12,0,0,0,0,0,2,2,0,0,1,1,2,[object Object],[object Object],0,0,0,3,218,13080,153,5569,23,6400,5,1100,8989,3223,,,,80,[object Object],266,28,6,3,24,3,ペブロン Lv27 / リーフリン Lv27 / ぷるミン Lv28,"[object Object],[object Object],[object Object]",4,16569,16303,0.9839459231094212,1,3738,control
296,balanced,バランス,901320591,4322829fc3d7e23d3a5bb052d7ead35272c1c9be8de5a185eff278cf141352cb,completed,1,,,400,200,40,128,84,44,504,79,49,143,22,1,14,0,0,0,0,0,10,5,0,0,1,1,5,[object Object],[object Object],0,0,0,6,187,11220,128,5049,27,7880,5,1100,8720,5095,,,,80,[object Object],1465,26,6,6,23,6,グルーモス Lv26 / リーファウル Lv26 / シンドレイク Lv26,"[object Object],[object Object],[object Object]",5,17780,16315,0.9176040494938132,1,3182,control
297,collector,収集・配合,428175087,952d2c7836667590e7739d052290bb3e93407ff28d41e1b0d9eaee2bf07bacff,completed,1,,,400,200,40,133,84,49,866,87,46,164,23,1,40,0,0,0,0,0,31,10,62,3100,63,53,9,[object Object],[object Object],0,0,0,8,83,4980,133,6224,28,8780,5,1100,7482,8146,,,,80,[object Object],1216,22,6,11,23,11,ルーメンオウル Lv22 / グルーモス Lv21 / シンドレイク Lv21,"[object Object],[object Object],[object Object]",5,17442,16226,0.9302832244008714,0.8412698412698413,4440,control
298,rush,速攻,3190745180,9874b6d61d50db4008e676a1a33a68dcd0d2ccc11703f0a458dadfb7220c1070,stuck,0,tower,boss_retry_cap,400,200,40,170,92,78,678,94,76,263,0,0,9,0,0,0,0,0,2,2,0,0,1,1,2,[object Object],[object Object],0,0,0,3,234,14040,170,15500,23,6400,5,1100,10259,3539,,,,80,[object Object],260,28,6,3,23,3,リーフリン Lv27 / つぼみラビ Lv27 / ぷるミン Lv28,"[object Object],[object Object],[object Object]",4,17839,17579,0.985425191995067,1,4239,control
299,balanced,バランス,2412304765,0effce40d40361064f6fd9bc388948bd67b1dfa59307b40f4de677f2f12d6910,completed,1,,,400,200,40,118,77,41,496,76,42,117,19,1,14,0,0,0,0,0,14,6,0,0,1,1,5,[object Object],[object Object],0,0,0,7,144,8640,118,6453,26,6980,5,1100,7681,5472,,,,80,[object Object],1729,23,6,7,23,7,クリスタゴン Lv21 / シンドレイク Lv23 / リーファウル Lv23,"[object Object],[object Object],[object Object]",5,15841,14112,0.8908528501988511,1,3041,control
300,collector,収集・配合,1294104557,d1586ff68731b6d90568e4e77c496cbe434d0154c85517eace2ee9beea207a6f,completed,1,,,400,200,40,107,67,40,579,72,35,119,17,1,16,0,0,0,0,0,25,10,54,2700,55,42,8,[object Object],[object Object],0,0,0,9,83,4980,107,7194,28,8780,5,1100,6144,7008,,,,80,[object Object],1416,20,6,11,25,11,グルーモス Lv20 / シンダーホーン Lv19 / クリスタゴン Lv19,"[object Object],[object Object],[object Object]",5,16104,14688,0.9120715350223547,0.7636363636363637,3218,control
1,rush,速攻,1471897641,6db87357877e13c6014a44e8930428d4b49be7e4a5b7f1723ae3bdb34842a700,stuck,0,tower,boss_retry_cap,400,200,40,122,69,53,467,69,53,186,0,0,11,0,0,0,0,0,2,2,0,0,1,1,2,[object Object],[object Object],0,0,0,3,193,11580,122,9878,23,6400,4,750,7989,3338,,,,80,[object Object],301,26,5,3,22,3,リーフリン Lv26 / プフバット Lv26 / ぷるミン Lv26,"[object Object],[object Object],[object Object]",4,15219,14918,0.9802220908075432,1,2989,production
2,balanced,バランス,3021753912,7c0c64f4175cdfecf1c60ea249cc09243caf6818c35c2788b044515ae2a3f8ba,completed,1,,,400,200,40,55,33,22,221,42,13,32,10,1,17,0,0,0,0,0,26,6,0,0,1,1,4,[object Object],[object Object],0,0,0,6,90,5400,55,2163,28,10380,4,750,3990,4729,,,,80,[object Object],5071,22,5,7,21,7,ルーメンオウル Lv18 / ギアビット Lv22 / ドリモール Lv20,"[object Object],[object Object],[object Object]",5,15200,10129,0.6663815789473684,1,1364,production
3,collector,収集・配合,1972113374,1dab649181c9abb6af6e495a0cc3af6800b1ebe2d3702ac207123d11cb944b4e,completed,1,,,400,200,40,69,39,30,374,54,15,59,10,1,20,0,0,0,0,0,49,12,33,1650,34,24,9,[object Object],[object Object],0,0,0,10,137,8220,69,5197,32,23680,5,1100,6317,17585,23,,,80,[object Object],3722,28,6,13,19,13,グルーモス Lv21 / クリスタゴン Lv23 / リーファウル Lv28,"[object Object],[object Object],[object Object]",5,31177,27455,0.8806171215960483,0.7058823529411765,2107,production
4,rush,速攻,9383375,5c3f0073413b99ca6721b97ae850ac111235a724559eca74742bdc91ee785b7f,stuck,0,tower,boss_retry_cap,400,200,40,158,88,70,696,86,72,251,0,0,11,0,0,0,0,0,2,2,0,0,1,1,2,[object Object],[object Object],0,0,0,3,203,12180,158,12905,23,6400,5,1100,9541,4641,,,,80,[object Object],300,29,6,3,21,3,リーフリン Lv27 / つぼみラビ Lv25 / ぷるミン Lv29,"[object Object],[object Object],[object Object]",4,17121,16821,0.9824776590152444,1,4120,production
5,balanced,バランス,1641133921,92d6c7dfcaa2ee27998d84af5ca00c99caa13d1b5a59a4fe7d65011f6c985f0b,completed,1,,,400,200,40,54,33,21,225,42,12,39,7,1,16,0,0,0,0,0,26,7,0,0,1,1,5,[object Object],[object Object],0,0,0,7,113,6780,54,2962,28,10380,4,750,4567,5141,,,,80,[object Object],3856,22,5,8,22,8,シンダーホーン Lv22 / グルーモス Lv21 / ドリモール Lv21,"[object Object],[object Object],[object Object]",5,15777,11921,0.7555935855992901,1,1390,production
6,collector,収集・配合,3448281562,cb42f0679a7bd5dc5b8cd2c2b5865d3c7058175561556d0ef3986d68d47be30b,completed,1,,,400,200,40,72,45,27,345,51,21,61,11,1,20,0,0,0,0,0,21,10,40,2000,41,32,7,[object Object],[object Object],0,0,0,9,65,3900,72,3463,28,8780,4,750,4488,6567,47,,,80,[object Object],1631,21,5,11,23,11,ルーメンオウル Lv19 / グルーモス Lv21 / シンダーホーン Lv19,"[object Object],[object Object],[object Object]",5,14098,12467,0.8843098311817279,0.7804878048780488,2035,production
7,rush,速攻,3881588202,b794cee672f0616f1ed45dec12a2408e228f623e6a25cf8e7bc8a55a7983cb83,stuck,0,tower,boss_retry_cap,400,200,40,111,63,48,429,64,47,159,0,0,9,0,0,0,0,0,3,2,0,0,1,1,2,[object Object],[object Object],0,0,0,3,194,11640,111,7271,23,6400,4,750,7868,3128,,,,80,[object Object],330,27,5,3,20,3,トゲホッグ Lv25 / プフバット Lv27 / ぷるミン Lv26,"[object Object],[object Object],[object Object]",4,15098,14768,0.9781428003709101,1,2719,production
8,balanced,バランス,3675537264,ffaf99010b094fd9de40f6decff39595ce45221288e676b764cce6cbca8dd5e1,completed,1,,,400,200,40,81,50,31,272,58,23,70,8,1,13,0,0,0,0,0,20,8,0,0,1,1,6,[object Object],[object Object],0,0,0,6,142,8520,81,2226,28,9080,4,750,6434,5706,,,,80,[object Object],2118,25,5,9,21,9,クリスタゴン Lv24 / シンドレイク Lv25 / リーフリン Lv24,"[object Object],[object Object],[object Object]",5,16344,14226,0.8704111600587372,1,1887,production
9,collector,収集・配合,3046571462,3db856ad2acbc4297177ed6f8b45d82dd44a82e2ba7a48fd0abf9b68bb8c855e,completed,1,,,400,200,40,97,59,38,610,68,29,96,16,1,44,0,0,0,0,0,54,11,49,2450,50,38,9,[object Object],[object Object],0,0,0,11,73,4380,97,4943,29,10980,5,1100,6670,9435,,,,80,[object Object],2565,24,6,12,23,12,ルーメンオウル Lv23 / クリスタゴン Lv23 / ルミネル Lv24,"[object Object],[object Object],[object Object]",5,18830,16265,0.863781200212427,0.76,3210,production
10,rush,速攻,2853839096,768f295867f41089f43493bc822ffd9bdf9909f722939df35969feb66a63144e,completed,1,,,400,200,40,93,54,39,311,55,38,113,0,0,8,0,0,0,0,0,5,2,0,0,1,1,2,[object Object],[object Object],0,0,0,3,175,10500,93,4874,24,7200,4,750,6507,2492,,,,80,[object Object],1545,27,5,3,21,3,シンドレイク Lv22 / トゲホッグ Lv24 / ぷるミン Lv27,"[object Object],[object Object],[object Object]",5,14537,12992,0.8937194744445208,1,2097,production
11,balanced,バランス,1481333286,8748622d904b43f71307b483dc4f23942852911c7333aa1ccdb70bbedb7246ef,completed,1,,,400,200,40,99,62,37,472,67,32,124,6,1,22,0,0,0,0,0,19,7,0,0,1,1,6,[object Object],[object Object],0,0,0,6,143,8580,99,6685,28,9080,5,1100,7368,5753,,,,80,[object Object],3295,25,6,8,23,8,グルーモス Lv23 / ルミネル Lv25 / アッシュインプ Lv24,"[object Object],[object Object],[object Object]",5,17628,14333,0.8130814613115498,1,2742,production
12,collector,収集・配合,1324164130,c1b474a6df339e934d35a050ea184c90533f14ba034db2dabddebc624f1a712e,completed,1,,,400,200,40,120,78,42,749,77,43,150,11,1,21,0,0,0,0,0,37,9,62,3100,63,44,7,[object Object],[object Object],0,0,0,9,69,4140,120,6372,29,11280,5,1100,8852,11242,,,,80,[object Object],2830,25,6,10,21,10,グルーモス Lv23 / ルミネル Lv25 / シンドレイク Lv24,"[object Object],[object Object],[object Object]",5,21312,18482,0.867210960960961,0.6984126984126984,3954,production
13,rush,速攻,2407032757,2712bf8778f4a6429f55bb76892ed6a6a5d36ccabd5c1bfe481a66dc6f639976,stuck,0,tower,boss_retry_cap,400,200,40,119,66,53,452,69,50,168,0,0,9,0,0,0,0,0,4,2,0,0,1,1,2,[object Object],[object Object],0,0,0,3,202,12120,119,8545,23,6400,4,750,7902,2706,,,,80,[object Object],306,27,5,3,21,3,ペブロン Lv25 / プフバット Lv27 / ぷるミン Lv26,"[object Object],[object Object],[object Object]",4,15132,14826,0.9797779540047581,1,2876,production
14,balanced,バランス,1387753497,6a45791c8159f39eda2754b4f38d15865a2feb156e06d6b2359996ca4d763ac0,completed,1,,,400,200,40,51,30,21,243,36,15,52,3,1,17,0,0,0,0,0,15,6,0,0,1,1,5,[object Object],[object Object],0,0,0,7,92,5520,51,1899,26,7280,4,750,3457,4413,,,,80,[object Object],1634,21,5,7,19,7,ルーメンオウル Lv20 / アクアン Lv19 / アッシュインプ Lv21,"[object Object],[object Object],[object Object]",5,11567,9933,0.8587360594795539,1,1433,production
15,collector,収集・配合,3282849046,1747cdd41e84ddfb01753264d5364600332cf38c05e12bf95f2202e43cc5fd4c,completed,1,,,400,200,40,97,60,37,435,66,31,115,15,1,34,0,0,0,0,0,32,12,49,2450,50,38,10,[object Object],[object Object],0,0,0,11,71,4260,97,5933,28,8780,5,1100,6928,8792,,,,80,[object Object],1386,22,6,13,23,13,ルーメンオウル Lv21 / グルーモス Lv21 / クリスタゴン Lv22,"[object Object],[object Object],[object Object]",5,16888,15502,0.9179298910468972,0.76,2638,production
16,rush,速攻,2088528153,43db3c368bca92885a475dcf3e663798acf771483db89bec06f731e67136c1c7,stuck,0,tower,boss_retry_cap,400,200,40,121,68,53,500,69,52,172,0,0,8,0,0,0,0,0,2,2,0,0,1,1,2,[object Object],[object Object],0,0,0,3,195,11700,121,9768,23,6400,4,750,8027,3266,,,,80,[object Object],291,27,5,3,22,3,ペブロン Lv25 / つぼみラビ Lv27 / ぷるミン Lv26,"[object Object],[object Object],[object Object]",4,15257,14966,0.9809267877040048,1,3047,production
17,balanced,バランス,4025567715,b197da5007914460487d20c260ade7439a3c52bad099a187b21177892170dbe8,completed,1,,,400,200,40,54,33,21,252,41,13,46,8,1,16,0,0,0,0,0,20,6,0,0,1,1,4,[object Object],[object Object],0,0,0,7,115,6900,54,3469,27,8180,4,750,4434,4444,,,,80,[object Object],2100,23,5,7,18,7,クリスタゴン Lv19 / シンドレイク Lv21 / トゲホッグ Lv23,"[object Object],[object Object],[object Object]",5,13444,11344,0.8437964891401368,1,1470,production
18,collector,収集・配合,3697710452,a381dcc8f6ba584e4b910e72cb04ef69d0b2cf2a89a4237c0a1bfdeede586f02,completed,1,,,400,200,40,122,82,40,758,89,33,110,14,1,59,0,1,0,0,0,38,14,66,3300,67,53,10,[object Object],[object Object],1,4,0,10,131,7860,122,7272,32,12880,5,1100,9708,10227,39,,,80,[object Object],2381,28,6,14,23,16,グルーモス Lv24 / ルミネル Lv26 / リーファウル Lv28,"[object Object],[object Object],[object Object]",5,23768,21387,0.8998232918209357,0.7910447761194029,3953,production
19,rush,速攻,1115294812,76ca92228f99364c4fe9af63554f58e0f12be6d78bfb95d5aabf8cf8241aae7c,stuck,0,tower,boss_retry_cap,400,200,40,112,64,48,411,64,48,155,0,0,7,0,0,0,0,0,3,2,0,0,1,1,2,[object Object],[object Object],0,0,0,3,194,11640,112,7216,23,6400,4,750,7823,3104,,,,80,[object Object],309,27,5,3,22,3,ペブロン Lv25 / プフバット Lv27 / ぷるミン Lv26,"[object Object],[object Object],[object Object]",4,15053,14744,0.9794725303926127,1,2666,production
20,balanced,バランス,596734450,ea70bf8ed7d80cd0f82009ee9f995e4d960afd70a88b3cd810f1ccdeea3969c8,completed,1,,,400,200,40,48,28,20,176,39,9,23,9,1,23,0,0,0,0,0,22,8,0,0,1,1,5,[object Object],[object Object],0,0,0,7,116,6960,48,2006,27,9480,4,750,4410,5104,28,,,80,[object Object],2656,22,5,9,18,9,ヴォルカザード Lv20 / クリスタゴン Lv22,"[object Object],[object Object]",5,14720,12064,0.8195652173913044,1,1155,production
21,collector,収集・配合,1560936911,1560193125c928402d21a4527dbecdbe45f5e49baf6418a654c2f1d5f0e4cea3,completed,1,,,400,200,40,104,62,42,619,78,26,82,11,1,52,0,1,0,0,0,61,12,54,2700,55,45,9,[object Object],[object Object],0,0,0,10,171,10260,104,6223,32,23680,5,1100,8446,19126,38,,,80,[object Object],1220,30,6,13,19,13,グルーモス Lv24 / ルミネル Lv26 / リーファウル Lv30,"[object Object],[object Object],[object Object]",5,33306,32086,0.9633699633699634,0.8181818181818182,3304,production
22,rush,速攻,3293104866,5492731b68fb4b36cef943124c5d05dff714b9ff1deae996ee2b6fd277578209,stuck,0,tower,boss_retry_cap,400,200,40,109,61,48,385,64,45,151,0,0,8,0,0,0,0,0,2,2,0,0,1,1,2,[object Object],[object Object],0,0,0,3,195,11700,109,8009,23,6400,4,750,7663,2901,,,,80,[object Object],292,27,5,3,20,3,トゲホッグ Lv24 / リーフリン Lv27 / ぷるミン Lv26,"[object Object],[object Object],[object Object]",4,14893,14601,0.9803934734438998,1,2553,production
23,balanced,バランス,720064122,53e6dd87e43d64efd12ce79b6e19af6c9a05f3ec0bdef879a9e26b18663b22a8,completed,1,,,400,200,40,48,29,19,226,35,13,44,9,1,18,0,0,0,0,0,18,6,0,0,1,1,4,[object Object],[object Object],0,0,0,7,57,3420,48,2162,26,7280,4,750,2992,4310,,,,80,[object Object],3372,16,5,7,22,7,ルーメンオウル Lv15 / グルーモス Lv16 / ギアビット Lv16,"[object Object],[object Object],[object Object]",5,11102,7730,0.6962709421725816,1,1303,production
24,collector,収集・配合,3437843960,4217cd846982eb7cd9a1cc8e3338ef9f3f0c85cf9aef0a815e2450f848a4bfc7,completed,1,,,400,200,40,79,46,33,385,53,26,83,10,1,31,0,0,0,0,0,43,14,37,1850,38,26,12,[object Object],[object Object],0,0,0,11,72,4320,79,3251,29,9630,4,750,4951,7379,,,,80,[object Object],1862,23,5,15,22,15,ルーメンオウル Lv23 / ルミネル Lv23 / クリスタゴン Lv22,"[object Object],[object Object],[object Object]",5,15411,13549,0.8791772110829926,0.6842105263157895,2284,production
25,rush,速攻,1150933655,0b2e71cc74c0e13f8c6c6b0467fd5ddb7f217c29d1d1bcfbdd97a54c1fbc9b73,stuck,0,tower,boss_retry_cap,400,200,40,150,83,67,530,83,67,199,0,0,7,0,0,0,0,0,5,2,0,0,1,1,2,[object Object],[object Object],0,0,0,3,203,12180,150,8531,23,6400,5,1100,8628,3685,,,,80,[object Object],343,28,6,3,22,3,ヒノコぐま Lv24 / プフバット Lv28 / ぷるミン Lv26,"[object Object],[object Object],[object Object]",4,16208,15865,0.9788376110562685,1,3477,production
26,balanced,バランス,2641165819,f81e75a1c8017cc5ac13b37f749ae4b5fd4369046ea0aca0b3d1e0a36727b8f6,completed,1,,,400,200,40,85,53,32,318,60,25,58,16,1,16,0,0,0,0,0,26,5,0,0,1,1,3,[object Object],[object Object],0,0,0,5,156,9360,85,4621,28,9080,4,750,7092,6207,,,,80,[object Object],1435,27,5,6,22,6,オアロード Lv24 / シンドレイク Lv27,"[object Object],[object Object]",5,17002,15567,0.9155981649217739,1,2073,production
27,collector,収集・配合,3232900675,97bd7e8e0ca1f9cd57c16dea45231d6c5e6fc428b77ddaee9c6175c45b9233e5,completed,1,,,400,200,40,64,34,30,345,48,16,71,12,1,17,0,0,0,0,0,37,13,29,1450,30,18,11,[object Object],[object Object],0,0,0,11,47,2820,64,5433,32,23680,4,750,4768,16273,,,,80,[object Object],8735,26,5,14,22,14,グルーモス Lv23 / クラッグベア Lv18 / シンドレイク Lv26,"[object Object],[object Object],[object Object]",5,29278,20543,0.7016531183824032,0.6,1932,production
28,rush,速攻,3008870801,ed5cc488da52f01343d4bbc6ad156136ebd3f899a30a9c0e77d15e538b22b952,stuck,0,tower,boss_retry_cap,400,200,40,151,82,69,499,85,66,178,0,0,8,0,0,0,0,0,7,2,0,0,1,1,2,[object Object],[object Object],0,0,0,3,214,12840,151,9105,23,6400,5,1100,8764,3239,,,,80,[object Object],265,27,6,3,22,3,シンドレイク Lv24 / アワマリン Lv27 / ぷるミン Lv27,"[object Object],[object Object],[object Object]",4,16344,16079,0.9837860988742047,1,3390,production
29,balanced,バランス,3471184274,f28b271e64e93f2b0af7cadf3011e489e15e77cc3e0f902a9a8027a7a4d9a6d4,completed,1,,,400,200,40,63,39,24,231,45,18,50,13,1,11,0,0,0,0,0,20,6,0,0,1,1,5,[object Object],[object Object],0,0,0,6,121,7260,63,2802,27,8180,4,750,4793,5081,,,,80,[object Object],1462,22,5,7,19,7,クリスタゴン Lv21 / シンダーホーン Lv22 / トゲホッグ Lv21,"[object Object],[object Object],[object Object]",5,13803,12341,0.8940809968847352,1,1513,production
30,collector,収集・配合,2829812522,d7abedef357a750f970e2d55a87e5efa92f24408b2098a1fc3f2205686ed5ce9,completed,1,,,400,200,40,96,59,37,665,68,28,101,13,1,68,0,2,0,0,0,42,10,48,2400,49,38,8,[object Object],[object Object],0,0,0,9,86,5160,96,5611,30,11880,5,1100,7094,9573,,,,80,[object Object],3021,26,6,11,23,11,ルーメンオウル Lv21 / ルミネル Lv22 / ドリモール Lv26,"[object Object],[object Object],[object Object]",5,20154,17133,0.8501041976778804,0.7755102040816326,3295,production
31,rush,速攻,3668946669,194bbb4be91a2210861318a9c904e08208189f1c6b7ec73e848fca1e54e11343,stuck,0,tower,boss_retry_cap,400,200,40,123,68,55,492,71,52,177,0,0,11,0,0,0,0,0,3,2,0,0,1,1,2,[object Object],[object Object],0,0,0,3,201,12060,123,10285,23,6400,4,750,8215,3072,,,,80,[object Object],313,27,5,3,23,3,ペブロン Lv25 / リーフリン Lv27 / ぷるミン Lv27,"[object Object],[object Object],[object Object]",4,15445,15132,0.9797345419229524,1,3071,production
32,balanced,バランス,214036932,6c127f6858fbfc84bc976f23c2d722b97f7fd6453291d256cb86c287216b9aa5,completed,1,,,400,200,40,112,71,41,452,76,36,117,16,1,19,0,0,0,0,0,18,6,0,0,1,1,5,[object Object],[object Object],0,0,0,6,196,11760,112,5732,27,7880,5,1100,8891,4785,,,,80,[object Object],1406,26,6,7,19,7,グルーモス Lv25 / シンドレイク Lv25 / トゲホッグ Lv26,"[object Object],[object Object],[object Object]",5,17951,16545,0.9216756726644755,1,2827,production
33,collector,収集・配合,492118699,35cb0ec277ee264eaa9fad512c1263a9e82e130e3764ff68e0ba70eb844a3869,completed,1,,,400,200,40,105,67,38,544,71,34,108,12,1,34,0,0,0,0,0,36,9,55,2750,56,42,7,[object Object],[object Object],0,0,0,9,70,4200,105,5297,27,8180,5,1100,7723,8117,,,,80,[object Object],2016,23,6,10,24,10,グルーモス Lv23 / ルーメンオウル Lv22 / クリスタゴン Lv22,"[object Object],[object Object],[object Object]",5,17083,15067,0.8819879412281215,0.75,3073,production
34,rush,速攻,3954715732,fadcced644bbed088e6c33dcb76a475811a1578d0fe0c1652fc6476e0b804bf3,stuck,0,tower,boss_retry_cap,400,200,40,128,71,57,521,73,55,200,0,0,10,0,0,0,0,0,2,2,0,0,1,1,2,[object Object],[object Object],0,0,0,3,201,12060,128,11380,23,6400,5,1100,8214,3432,,,,80,[object Object],302,28,6,3,22,3,つぼみラビ Lv25 / リーフリン Lv26 / ぷるミン Lv28,"[object Object],[object Object],[object Object]",4,15794,15492,0.9808788147397746,1,3215,production
35,balanced,バランス,2489228875,c688ae7227deb35b73a2a721e79e662f39a6cc2686cdb3dc5d7e30f3eb9f11aa,completed,1,,,400,200,40,75,46,29,294,51,24,87,9,1,13,0,0,0,0,0,28,5,0,0,1,1,5,[object Object],[object Object],0,0,0,5,121,7260,75,3955,27,8180,4,750,5552,4933,,,,80,[object Object],2369,24,5,6,23,6,クリスタゴン Lv22 / シンドレイク Lv22 / トゲホッグ Lv24,"[object Object],[object Object],[object Object]",5,14562,12193,0.8373163027056723,1,1875,production
36,collector,収集・配合,2464448860,fee2cef7d626b31f935a419c65c8b4700a7ecab481b908cf704de931c1fc3fe7,completed,1,,,400,200,40,79,48,31,409,57,22,88,12,1,26,0,0,0,0,0,44,12,42,2100,43,30,9,[object Object],[object Object],0,0,0,11,92,5520,79,5753,29,10980,4,750,5859,8818,39,,,80,[object Object],1231,22,5,13,23,13,シンダーホーン Lv21 / グルーモス Lv22 / ルミネル Lv21,"[object Object],[object Object],[object Object]",5,17669,16438,0.93032995642085,0.6976744186046512,2316,production
37,rush,速攻,774645660,0db2482b224fd3a55be528dd9a1462a0729b3faf0324419d7be05aaeb3346ff7,stuck,0,tower,boss_retry_cap,400,200,40,120,69,51,471,67,53,180,0,0,10,0,0,0,0,0,5,2,0,0,1,1,2,[object Object],[object Object],0,0,0,3,193,11580,120,9570,23,6400,4,750,7831,3194,,,,80,[object Object],287,27,5,3,22,3,リーファウル Lv23 / つぼみラビ Lv27 / ぷるミン Lv26,"[object Object],[object Object],[object Object]",4,15061,14774,0.9809441604143151,1,2947,production
38,balanced,バランス,3524978395,216a5571994aee3c1d145cdcc3ea0626e0245ba75182fb0133b13f5c6f76787b,completed,1,,,400,200,40,41,24,17,193,35,6,18,7,1,17,0,0,0,0,0,24,8,0,0,1,1,5,[object Object],[object Object],0,0,0,8,25,1500,41,2070,27,9480,4,750,3472,3421,26,,,80,[object Object],8861,18,5,9,21,9,タイダルセラフ Lv18 / クリスタゴン Lv16,"[object Object],[object Object]",5,13782,4921,0.35705993324626323,1,1142,production
39,collector,収集・配合,872252436,5f9f2b9b655de3236d00e87a5aecbb5abc6dfcf8ca5f0bbc7a7f5539a734d0e0,completed,1,,,400,200,40,89,53,36,467,61,28,100,9,1,32,0,0,0,0,0,41,11,43,2150,44,32,9,[object Object],[object Object],0,0,0,10,79,4740,89,5025,28,8780,4,750,6344,7868,,,,80,[object Object],1196,22,5,12,21,12,ルーメンオウル Lv21 / クリスタゴン Lv22 / グルーモス Lv21,"[object Object],[object Object],[object Object]",5,15954,14758,0.925034474113075,0.7272727272727273,2601,production
40,rush,速攻,845911254,558458ed8ae4f8af648e1dad9b030879fb56659a469d4e44c6074fbbc615d45f,stuck,0,tower,boss_retry_cap,400,200,40,121,69,52,415,68,53,177,0,0,10,0,0,0,0,0,4,2,0,0,1,1,2,[object Object],[object Object],0,0,0,3,196,11760,121,6896,23,6400,4,750,8021,3172,,,,80,[object Object],319,26,5,3,21,3,アワマリン Lv25 / プフバット Lv26 / ぷるミン Lv26,"[object Object],[object Object],[object Object]",4,15251,14932,0.9790833387974559,1,2791,production
41,balanced,バランス,2194091372,3429f53ac5e446d2d755def6fd9d7510b22e5ea605587003f73e309d22732bb6,completed,1,,,400,200,40,63,38,25,261,48,15,40,14,1,15,0,0,0,0,0,20,6,0,0,1,1,4,[object Object],[object Object],0,0,0,6,145,8700,63,2683,29,11280,4,750,5158,4762,,,,80,[object Object],3806,25,5,7,20,7,クラッグベア Lv22 / ギアビット Lv25 / アクアン Lv21,"[object Object],[object Object],[object Object]",5,17268,13462,0.7795923094741719,1,1607,production
42,collector,収集・配合,1045559965,e3b07e534b99a52e782e21100ef3d6c490cdd3e077b0bb2a9d0c033d26ab8f81,completed,1,,,400,200,40,67,35,32,361,47,20,83,7,1,35,0,0,0,0,0,52,13,30,1500,31,18,11,[object Object],[object Object],0,0,0,10,69,4140,67,3984,31,22780,4,750,4895,16822,35,,,80,[object Object],6043,23,5,14,21,14,ルーメンオウル Lv23 / グルーモス Lv23 / シンダーホーン Lv23,"[object Object],[object Object],[object Object]",5,28505,22462,0.7880021048938782,0.5806451612903226,2013,production
43,rush,速攻,3182161548,3fcf18a83ef325e028d1906af4e05dd02ea577ef53c1fb64bfab3a3b8f7f6514,stuck,0,tower,boss_retry_cap,400,200,40,133,74,59,488,75,58,195,0,0,8,0,0,0,0,0,3,2,0,0,1,1,2,[object Object],[object Object],0,0,0,3,216,12960,133,9113,23,6400,5,1100,8692,3044,,,,80,[object Object],268,27,6,3,20,3,プフバット Lv27 / リーフリン Lv26 / ぷるミン Lv27,"[object Object],[object Object],[object Object]",4,16272,16004,0.9835299901671584,1,3157,production
44,balanced,バランス,2626341443,9cb0042d90f72959918900db6b995dcf40e8de2b19dc211912fb9fe7828af866,completed,1,,,400,200,40,86,53,33,359,59,27,95,5,1,14,0,0,0,0,0,11,6,0,0,1,1,6,[object Object],[object Object],0,0,0,7,141,8460,86,4549,28,9080,4,750,6835,5881,,,,80,[object Object],2404,26,5,7,19,7,グルーモス Lv26 / シンドレイク Lv24 / アクアン Lv26,"[object Object],[object Object],[object Object]",5,16745,14341,0.8564347566437742,1,2226,production
45,collector,収集・配合,2389835488,27cf268c1c10fbd224c2a878f72c36ea67a8614a94d2f919a17e87d43c8116b0,completed,1,,,400,200,40,108,69,39,595,74,34,112,11,1,23,0,0,0,0,0,39,10,56,2800,57,44,8,[object Object],[object Object],0,0,0,9,84,5040,108,4873,28,8780,5,1100,7830,7901,,,,80,[object Object],2049,23,6,11,25,11,ルーメンオウル Lv22 / シンドレイク Lv23 / リーファウル Lv23,"[object Object],[object Object],[object Object]",5,17790,15741,0.884822934232715,0.7719298245614035,3321,production
46,rush,速攻,1666585048,4736916d43fb09bd6a9368a23d2a81d5daa5e7f5fa2478ca5adc90a4a1450aa9,stuck,0,tower,boss_retry_cap,400,200,40,112,64,48,414,64,48,154,0,0,9,0,0,0,0,0,2,2,0,0,1,1,2,[object Object],[object Object],0,0,0,3,196,11760,112,6069,23,6400,4,750,7650,2829,,,,80,[object Object],291,27,5,3,19,3,ドリモール Lv25 / プフバット Lv27 / ぷるミン Lv26,"[object Object],[object Object],[object Object]",4,14880,14589,0.9804435483870968,1,2676,production
47,balanced,バランス,1934237886,b622fe9bce6179b0fde11780913d8f4c24bc9c9b6bf09b018a44aae8ac372feb,completed,1,,,400,200,40,83,53,30,335,57,26,73,12,1,16,0,0,0,0,0,22,7,0,0,1,1,5,[object Object],[object Object],0,0,0,7,117,7020,83,3469,28,9080,4,750,6299,6161,,,,80,[object Object],3028,25,5,8,21,8,ルーメンオウル Lv23 / シンドレイク Lv25 / トゲホッグ Lv23,"[object Object],[object Object],[object Object]",5,16209,13181,0.8131902029736566,1,2095,production
48,collector,収集・配合,754877195,7ec1b147a3a642b12e65b8638ed1e2d334f7dd612c70ffb4a3ceec40e2bc143a,completed,1,,,400,200,40,79,48,31,403,58,21,71,12,1,27,0,0,0,0,0,43,13,42,2100,43,29,10,[object Object],[object Object],0,0,0,11,86,5160,79,4228,30,15780,5,1100,5925,11709,28,,,80,[object Object],3916,24,6,14,21,14,グルーモス Lv24 / クラッグベア Lv22 / ルミネル Lv23,"[object Object],[object Object],[object Object]",5,22885,18969,0.8288835481756609,0.6744186046511628,2323,production
49,rush,速攻,3843746136,144372eb6166a99694737f9206164628cb1fdfb2c78fff2d1767f5d63227b1b0,stuck,0,tower,boss_retry_cap,400,200,40,115,64,51,409,67,48,144,0,0,8,0,0,0,0,0,3,2,0,0,1,1,2,[object Object],[object Object],0,0,0,3,198,11880,115,6640,23,6400,4,750,7792,2813,,,,80,[object Object],329,28,5,3,21,3,トゲホッグ Lv27 / ドリモール Lv25 / ぷるミン Lv28,"[object Object],[object Object],[object Object]",4,15022,14693,0.9780987884436161,1,2694,production
50,balanced,バランス,4040574288,2df5913232695c8025dbeb0a456157365597c59a1f204da7302c54e4a786a7db,completed,1,,,400,200,40,53,32,21,194,42,11,27,9,1,18,0,0,0,0,0,14,8,0,0,1,1,5,[object Object],[object Object],0,0,0,7,117,7020,53,2715,28,10380,4,750,4564,4859,33,,,80,[object Object],3895,23,5,9,18,9,ヴォルカザード Lv21 / クリスタゴン Lv23,"[object Object],[object Object]",5,15774,11879,0.7530746798529225,1,1289,production
51,collector,収集・配合,2762233523,c2ec2efba22ae5b03b39eb3054edbfb4427f3ec081a1e97bb84d292e47a04ef1,completed,1,,,400,200,40,79,44,35,426,48,31,102,6,1,20,0,0,0,0,0,41,8,32,1600,33,23,7,[object Object],[object Object],0,0,0,8,55,3300,79,2904,27,8180,4,750,3847,6737,,,,80,[object Object],1220,20,5,9,20,9,ルーメンオウル Lv20 / グルーモス Lv20 / ルミネル Lv17,"[object Object],[object Object],[object Object]",5,12857,11637,0.9051100567784086,0.696969696969697,2348,production
52,rush,速攻,322992823,a9889c952f599df2d17dd88cbbd37f248311e47692ee4282969be59ba3a1eca2,stuck,0,tower,boss_retry_cap,400,200,40,117,65,52,366,68,49,145,0,0,7,0,0,0,0,0,4,2,0,0,1,1,2,[object Object],[object Object],0,0,0,3,200,12000,117,3888,23,6400,4,750,7877,2820,,,,80,[object Object],287,27,5,3,23,3,シンドレイク Lv25 / リーフリン Lv27 / ぷるミン Lv26,"[object Object],[object Object],[object Object]",4,15107,14820,0.9810021844178195,1,2564,production
53,balanced,バランス,2035769764,d689ad9d7fedb34667d475b3d8a706ae5c7a3021174c0f536d04240093cbf169,completed,1,,,400,200,40,118,75,43,423,79,39,138,8,1,11,0,0,0,0,0,21,7,0,0,1,1,6,[object Object],[object Object],0,0,0,5,177,10620,118,6778,27,8840,5,1100,9061,6079,,,,80,[object Object],2382,28,6,8,21,8,グルーモス Lv26 / ヒノコぐま Lv26 / プフバット Lv28,"[object Object],[object Object],[object Object]",5,19081,16699,0.8751637754834652,1,2820,production
54,collector,収集・配合,2843383722,e02f3c7bc0f4b26af144de5dbc920600cb943678146f24b043310155b7eefdc4,completed,1,,,400,200,40,107,70,37,562,68,39,133,18,1,25,0,0,0,0,0,31,11,54,2700,55,38,9,[object Object],[object Object],0,0,0,10,63,3780,107,7469,28,8780,5,1100,6936,8395,,,,80,[object Object],2021,22,6,12,22,12,クリスタゴン Lv22 / グルーモス Lv22 / シンドレイク Lv22,"[object Object],[object Object],[object Object]",5,16896,14875,0.8803858901515151,0.6909090909090909,3144,production
55,rush,速攻,2375139437,4552c339b47abff97fdba894e35d71b1761a8546cdb287fef4ae18782514c9f9,stuck,0,tower,boss_retry_cap,400,200,40,108,60,48,401,64,44,150,0,0,9,0,0,0,0,0,3,2,0,0,1,1,2,[object Object],[object Object],0,0,0,3,196,11760,108,7559,23,6400,4,750,7602,2774,,,,80,[object Object],298,27,5,3,22,3,ドリモール Lv24 / つぼみラビ Lv27 / ぷるミン Lv27,"[object Object],[object Object],[object Object]",4,14832,14534,0.979908306364617,1,2598,production
56,balanced,バランス,717261139,e5dc86ef8a4eb9ef8062834870cd371be5e15e619ec75c04ba76f22225c98a12,completed,1,,,400,200,40,81,51,30,418,56,25,88,9,1,19,0,0,0,0,0,28,6,0,0,1,1,5,[object Object],[object Object],0,0,0,7,117,7020,81,5263,27,8180,4,750,6415,6975,,,,80,[object Object],1430,23,5,7,22,7,ルミネル Lv22 / リーファウル Lv22 / シンドレイク Lv23,"[object Object],[object Object],[object Object]",5,15425,13995,0.9072933549432739,1,2341,production
57,collector,収集・配合,970618694,6bd98c3af744fa28941c90301d8c6156aa5d3a2622adba40c58992c078f7bfb4,completed,1,,,400,200,40,81,47,34,440,54,27,84,10,1,30,0,0,0,0,0,50,11,37,1850,38,25,9,[object Object],[object Object],0,0,0,11,63,3780,81,4949,28,8780,4,750,5152,7902,,,,80,[object Object],1230,21,5,12,23,12,グルーモス Lv20 / ルミネル Lv20 / クリスタゴン Lv21,"[object Object],[object Object],[object Object]",5,14762,13532,0.916677956916407,0.6578947368421053,2421,production
58,rush,速攻,4044457912,40f606b0127fe3ddff028d6b57c5058e6826eb3938102156ebd88617918f3c46,stuck,0,tower,boss_retry_cap,400,200,40,109,61,48,408,64,45,147,0,0,8,0,0,0,0,0,2,2,0,0,1,1,2,[object Object],[object Object],0,0,0,3,193,11580,109,6722,23,6400,4,750,7677,2996,,,,80,[object Object],331,27,5,3,18,3,ペブロン Lv25 / リーフリン Lv26 / ぷるミン Lv27,"[object Object],[object Object],[object Object]",4,14907,14576,0.9777956664654189,1,2624,production
59,balanced,バランス,1390568887,b42e4297ddffd745b70c23afb60b27e6bf2611063b173a1c399c9390c48bea35,completed,1,,,400,200,40,89,55,34,394,61,28,101,7,1,17,0,0,0,0,0,17,6,0,0,1,1,5,[object Object],[object Object],0,0,0,7,141,8460,89,4281,28,9080,4,750,6681,5078,,,,80,[object Object],3053,26,5,7,19,7,ルミネル Lv24 / シンドレイク Lv24 / トゲホッグ Lv26,"[object Object],[object Object],[object Object]",5,16591,13538,0.815984569947562,1,2399,production
60,collector,収集・配合,2097967396,b9cdcccfb6e1954ed7efb5bb5d7fd46e1a64295dd8fd8af898d982417b1a9d6f,completed,1,,,400,200,40,129,83,46,757,80,49,169,13,1,26,0,0,0,0,0,26,9,57,2850,58,47,8,[object Object],[object Object],0,0,0,8,69,4140,129,6289,27,8180,5,1100,8243,8771,,,,80,[object Object],1842,24,6,10,23,10,グルーモス Lv23 / ルミネル Lv24 / クリスタゴン Lv22,"[object Object],[object Object],[object Object]",5,17603,15761,0.8953587456683519,0.8103448275862069,4088,production
61,rush,速攻,765568617,861a5b3e81bc79cdbdbfcfc6e689c781c397a4ebebb565255fce3ff06fe2d39f,stuck,0,tower,boss_retry_cap,400,200,40,127,72,55,483,71,56,190,0,0,9,0,0,0,0,0,3,2,0,0,1,1,2,[object Object],[object Object],0,0,0,3,200,12000,127,8657,23,6400,4,750,8401,3287,,,,80,[object Object],344,28,5,3,20,3,トゲホッグ Lv24 / プフバット Lv28 / ぷるミン Lv26,"[object Object],[object Object],[object Object]",4,15631,15287,0.9779924508988549,1,3086,production
62,balanced,バランス,2360622262,82d0f2ade03076653e4e1220ea3f32d9a343cea184e4b31bfdabb97c753e2d98,completed,1,,,400,200,40,89,56,33,371,61,28,98,6,1,17,0,0,0,0,0,11,7,0,0,1,1,6,[object Object],[object Object],0,0,0,8,129,7740,89,4099,27,8180,4,750,7088,6021,,,,80,[object Object],2337,24,5,8,23,8,ルミネル Lv23 / グルーモス Lv23 / ギアビット Lv24,"[object Object],[object Object],[object Object]",5,16098,13761,0.8548266865449125,1,2324,production
63,collector,収集・配合,3278977842,13d55bf5b81db1e04130f8f960e5dcd2180ee0c5d256e02e969883eb2e9bc0d1,completed,1,,,400,200,40,64,38,26,298,46,18,66,10,1,21,0,0,0,0,0,33,13,36,1800,37,27,10,[object Object],[object Object],0,0,0,11,54,3240,64,3702,28,8780,4,750,4325,6890,36,,,80,[object Object],2005,20,5,14,21,14,クリスタゴン Lv20 / シンダーホーン Lv18 / ルミネル Lv18,"[object Object],[object Object],[object Object]",5,13935,11930,0.8561176892716182,0.7297297297297297,1792,production
64,rush,速攻,4002276643,0ab2fb051198ddc450cc6d98b9f073f459f347e4ecde01cbe2b4971d69821c39,stuck,0,tower,boss_retry_cap,400,200,40,121,67,54,449,70,51,166,0,0,9,0,0,0,0,0,2,2,0,0,1,1,2,[object Object],[object Object],0,0,0,3,203,12180,121,7311,23,6400,4,750,8255,3010,,,,80,[object Object],295,28,5,3,21,3,トゲホッグ Lv25 / リーフリン Lv28 / ぷるミン Lv26,"[object Object],[object Object],[object Object]",4,15485,15190,0.9809493057797869,1,2918,production
65,balanced,バランス,3697688610,e938646abd3d9836edc61849985769ca94a2713c551b4d02b5281366de6923e9,completed,1,,,400,200,40,79,48,31,333,59,20,69,11,1,20,0,0,0,0,0,23,6,0,0,1,1,5,[object Object],[object Object],0,0,0,7,190,11400,79,3967,29,11280,5,1100,6293,5703,,,,80,[object Object],1650,27,6,7,21,7,グルーモス Lv23 / シンドレイク Lv24 / アクアン Lv27,"[object Object],[object Object],[object Object]",5,18753,17103,0.9120140777475604,1,2051,production
66,collector,収集・配合,3688447801,c8be2f720b8c8fa0c5c352ca9fa8aabe219227da8d53362f01cf1c736cf1384d,completed,1,,,400,200,40,66,38,28,419,44,22,72,12,1,30,0,0,0,0,0,48,13,31,1550,32,17,11,[object Object],[object Object],0,0,0,11,24,1440,66,2977,31,22780,4,750,4116,13738,,,,80,[object Object],10998,24,5,14,22,14,シンダーホーン Lv24 / クラッグベア Lv20 / ルーメンオウル Lv19,"[object Object],[object Object],[object Object]",5,27726,16728,0.603332611988747,0.53125,2185,production
67,rush,速攻,4238992508,5d13702e7e87b569c925088d652ba1b3de4d0d9221e97cadf0d00c396f62c709,stuck,0,tower,boss_retry_cap,400,200,40,130,73,57,457,73,57,185,0,0,8,0,0,0,0,0,3,2,0,0,1,1,2,[object Object],[object Object],0,0,0,3,206,12360,130,7468,23,6400,5,1100,8376,3341,,,,80,[object Object],255,27,6,3,24,3,プフバット Lv27 / つぼみラビ Lv26 / ぷるミン Lv27,"[object Object],[object Object],[object Object]",4,15956,15701,0.984018551015292,1,3032,production
68,balanced,バランス,2970325822,cc3a782fe7218bc39ccb91e815030058b4f2ad8b4df0e13a62cdd69c386ddbff,completed,1,,,400,200,40,78,48,30,291,56,22,51,13,1,26,0,0,0,0,0,18,7,0,0,1,1,5,[object Object],[object Object],0,0,0,7,145,8700,78,2535,27,8180,4,750,6251,5090,,,,80,[object Object],1471,24,5,8,20,8,グルーモス Lv24 / オアロード Lv23,"[object Object],[object Object]",5,15261,13790,0.9036105104514777,1,1885,production
69,collector,収集・配合,1650749039,afbc32ad6432701c0b0a82d10d9509adfc0c7a91018132c4e118e42f1b538c20,completed,1,,,400,200,40,86,52,34,550,58,28,96,12,1,64,0,2,0,0,0,46,10,45,2250,46,34,8,[object Object],[object Object],0,0,0,11,66,3960,86,4741,28,8780,4,750,5793,7969,,,,80,[object Object],1224,21,5,11,23,11,ルーメンオウル Lv21 / ルミネル Lv20 / シンダーホーン Lv20,"[object Object],[object Object],[object Object]",5,15403,14179,0.9205349607219373,0.7391304347826086,2768,production
70,rush,速攻,2001307675,4836b77e321a30ffdff695cc2c4109de6e408ad6bec22999862fb70de74a68c5,stuck,0,tower,boss_retry_cap,400,200,40,117,65,52,432,68,49,157,0,0,7,0,0,0,0,0,2,2,0,0,1,1,2,[object Object],[object Object],0,0,0,3,196,11760,117,6716,23,6400,4,750,7962,3137,,,,80,[object Object],295,28,5,3,21,3,ペブロン Lv25 / つぼみラビ Lv27 / ぷるミン Lv28,"[object Object],[object Object],[object Object]",4,15192,14897,0.9805818852027383,1,2798,production
71,balanced,バランス,2566648975,94317f91ef34854f0f7f5fca98a5fd852ecfc2e2d36b09225eea0de35523d451,completed,1,,,400,200,40,43,25,18,182,34,9,28,9,1,10,0,0,0,0,0,24,6,0,0,1,1,5,[object Object],[object Object],0,0,0,6,67,4020,43,3535,27,9480,4,750,3959,5047,,,,80,[object Object],5202,21,5,7,19,7,オアロード Lv21 / シンダーホーン Lv20,"[object Object],[object Object]",5,14269,9067,0.6354334571448594,1,1113,production
72,collector,収集・配合,1206131578,637adea8dc77eb8a9dd5b263d4286ed531d98fd28e0069d7865b5ab8b0ca1752,completed,1,,,400,200,40,90,56,34,461,59,31,107,11,1,20,0,0,0,0,0,24,11,46,2300,47,34,9,[object Object],[object Object],0,0,0,11,62,3720,90,5253,28,8780,4,750,6094,7822,,,,80,[object Object],1862,22,5,12,20,12,ルミネル Lv22 / クリスタゴン Lv21 / グルーモス Lv21,"[object Object],[object Object],[object Object]",5,15704,13842,0.8814314824248599,0.723404255319149,2630,production
73,rush,速攻,3539659348,106e56833082cb413973fffebc2811c1c78a5ec10600baa59c75c5175fc2d40c,stuck,0,tower,boss_retry_cap,400,200,40,120,68,52,440,68,52,168,0,0,10,0,0,0,0,0,3,2,0,0,1,1,2,[object Object],[object Object],0,0,0,3,196,11760,120,5553,23,6400,4,750,7976,3166,,,,80,[object Object],280,28,5,3,19,3,トゲホッグ Lv25 / つぼみラビ Lv28 / ぷるミン Lv26,"[object Object],[object Object],[object Object]",4,15206,14926,0.9815862159673813,1,2851,production
74,balanced,バランス,2522747149,de672e84f1447ad68b3b28674fee6a4305f5e9e2b0fa82b97bd5aa915dd159d2,completed,1,,,400,200,40,59,35,24,249,46,13,34,7,1,15,0,0,0,0,0,29,6,0,0,1,1,4,[object Object],[object Object],0,0,0,6,136,8160,59,2307,30,16080,4,750,4911,6938,,,,80,[object Object],6723,26,5,7,22,7,クラッグベア Lv22 / オアロード Lv26,"[object Object],[object Object]",5,21821,15098,0.6919022959534393,1,1528,production
75,collector,収集・配合,3933425669,41edc904544dc97ed7df8667670e7ad1a99c56048334137a9a5e684326878804,completed,1,,,400,200,40,115,75,40,694,77,38,133,13,1,44,0,0,0,0,0,28,10,60,3000,61,48,8,[object Object],[object Object],0,0,0,10,75,4500,115,6765,28,8780,5,1100,7196,7803,,,,80,[object Object],1853,21,6,11,22,11,ルーメンオウル Lv20 / グルーモス Lv21 / クリスタゴン Lv21,"[object Object],[object Object],[object Object]",5,17156,15303,0.8919911401259035,0.7868852459016393,3591,production
76,rush,速攻,1745814365,00744ebe9e8afb0fe666bedbe35ac9340ec79b79db9570ef9e97657e80f8af61,stuck,0,tower,boss_retry_cap,400,200,40,123,70,53,452,69,54,181,0,0,8,0,0,0,0,0,3,2,0,0,1,1,2,[object Object],[object Object],0,0,0,3,196,11760,123,8009,23,6400,4,750,7917,3088,,,,80,[object Object],299,27,5,3,21,3,トゲホッグ Lv25 / プフバット Lv27 / ぷるミン Lv26,"[object Object],[object Object],[object Object]",4,15147,14848,0.9802601175150195,1,2929,production
77,balanced,バランス,659939162,c177c9f44ef28722ec445254c9780a58bbb150dfa02e53131b6627fabceab9c9,completed,1,,,400,200,40,49,28,21,204,35,14,47,6,1,11,0,0,0,0,0,14,6,0,0,1,1,5,[object Object],[object Object],0,0,0,6,79,4740,49,1597,26,7280,4,750,3429,4189,,,,80,[object Object],2610,21,5,7,21,7,ルーメンオウル Lv21 / ギアビット Lv18 / ドリモール Lv21,"[object Object],[object Object],[object Object]",5,11539,8929,0.7738105555074096,1,1262,production
78,collector,収集・配合,1864607914,86140802614a8218cdbaa4a480e8fb2bc5d788f8b8c67a22d494413f479c5099,completed,1,,,400,200,40,94,62,32,558,57,37,129,9,1,38,0,0,0,0,0,47,12,51,2550,52,30,9,[object Object],[object Object],0,0,0,11,49,2940,94,5061,28,8780,4,750,5332,8249,58,,,80,[object Object],1203,21,5,13,24,13,ルーメンオウル Lv21 / グルーモス Lv20 / クリスタゴン Lv18,"[object Object],[object Object],[object Object]",5,14942,13739,0.9194886895997858,0.5769230769230769,2952,production
79,rush,速攻,2290906,e7fc7728fca1b4106f80f8b5b8f181dd48d6a2368449f45023b116efdc41713d,stuck,0,tower,boss_retry_cap,400,200,40,157,86,71,637,87,70,256,0,0,9,0,0,0,0,0,2,2,0,0,1,1,2,[object Object],[object Object],0,0,0,3,220,13200,157,14350,23,6400,5,1100,9341,3419,,,,80,[object Object],302,27,6,3,25,3,プフバット Lv27 / つぼみラビ Lv26 / ぷるミン Lv27,"[object Object],[object Object],[object Object]",4,16921,16619,0.9821523550617576,1,3948,production
80,balanced,バランス,3841425035,565be2641692ecf39adfee423d515be576cd5eae9578a3ec6a68f67adad1ea7f,completed,1,,,400,200,40,51,30,21,200,40,11,36,5,1,12,0,0,0,0,0,19,7,0,0,1,1,5,[object Object],[object Object],0,0,0,7,122,7320,51,2915,28,10380,4,750,4676,4721,25,,,80,[object Object],3845,24,5,8,19,8,シンダーホーン Lv24 / グルーモス Lv22 / トゲホッグ Lv21,"[object Object],[object Object],[object Object]",5,15886,12041,0.7579629862772252,1,1290,production
81,collector,収集・配合,492432520,0b19aa4b7db8a7b6af0d28c0bb11af5ba1b8b295d90298ef998aa594f19c7e38,completed,1,,,400,200,40,99,60,39,570,67,32,120,11,1,33,0,0,0,0,0,38,12,49,2450,50,37,10,[object Object],[object Object],0,0,0,10,80,4800,99,7800,28,8780,5,1100,6715,8055,54,,,80,[object Object],1370,21,6,13,21,13,グルーモス Lv21 / ルミネル Lv21 / クリスタゴン Lv20,"[object Object],[object Object],[object Object]",5,16675,15305,0.9178410794602698,0.74,3087,production
82,rush,速攻,2201070972,de497c94aae83d10636577517194443f506989f4877fa150bbfa395c124037e6,stuck,0,tower,boss_retry_cap,400,200,40,114,63,51,404,67,47,138,0,0,10,0,0,0,0,0,3,2,0,0,1,1,2,[object Object],[object Object],0,0,0,3,199,11940,114,4591,23,6400,4,750,7677,2642,,,,80,[object Object],325,27,5,3,22,3,ギアビット Lv24 / ペブロン Lv27 / ぷるミン Lv27,"[object Object],[object Object],[object Object]",4,14907,14582,0.9781981619373449,1,2659,production
83,balanced,バランス,1228148598,412bac0d0952945302d10105ceba34a991b246e861204e32daceca0405364d22,completed,1,,,400,200,40,96,60,36,409,68,28,94,14,1,14,0,0,0,0,0,20,8,0,0,1,1,6,[object Object],[object Object],0,0,0,9,174,10440,96,6149,28,9080,5,1100,8052,6156,,,,80,[object Object],1716,27,6,9,25,9,グルーモス Lv24 / ドリモール Lv26 / アクアン Lv27,"[object Object],[object Object],[object Object]",5,18312,16596,0.9062909567496723,1,2526,production
84,collector,収集・配合,2738311366,cf8e00941e71c3d4d6e61c1881faf34400e8ffba5884aaa8d61fff28f86651c3,completed,1,,,400,200,40,68,37,31,436,52,16,66,11,1,34,0,0,0,0,0,56,15,32,1600,33,21,11,[object Object],[object Object],0,0,0,12,77,4620,68,4628,33,24530,5,1100,5074,16959,32,,,80,[object Object],7605,26,6,16,22,16,ルーメンオウル Lv18 / クリスタゴン Lv20 / ギアビット Lv26,"[object Object],[object Object],[object Object]",5,30784,23179,0.752956081081081,0.6363636363636364,2224,production
85,rush,速攻,350295222,ba301268a39663d35607fddbf710d0e972ba42383c822ac53fe33467a85c01cc,stuck,0,tower,boss_retry_cap,400,200,40,114,63,51,473,67,47,167,0,0,9,0,0,0,0,0,4,2,0,0,1,1,2,[object Object],[object Object],0,0,0,3,199,11940,114,9791,23,6400,4,750,7712,2755,,,,80,[object Object],247,28,5,3,21,3,トゲホッグ Lv23 / アワマリン Lv25 / ぷるミン Lv28,"[object Object],[object Object],[object Object]",4,14942,14695,0.9834694150716102,1,2895,production
86,balanced,バランス,2978731909,0952637bd9a7b8e38c55ae04951be024b80b59ce788a37f63860b0a5eb297f70,completed,1,,,400,200,40,107,68,39,381,75,32,94,13,1,19,0,0,0,0,0,15,6,0,0,1,1,4,[object Object],[object Object],0,0,0,6,181,10860,107,4336,28,9080,5,1100,8729,5747,,,,80,[object Object],2382,28,6,7,22,7,グルーモス Lv28 / ドリモール Lv28 / つぼみラビ Lv25,"[object Object],[object Object],[object Object]",5,18989,16607,0.8745589551845806,1,2527,production
87,collector,収集・配合,2232687247,992ed5e415a05903e1525425cac32aa73cd6cb814c1355fb1578862591dfa808,completed,1,,,400,200,40,86,52,34,614,65,21,87,9,1,47,0,0,0,0,0,41,12,47,2350,48,38,9,[object Object],[object Object],0,0,0,10,144,8640,86,6838,32,23680,5,1100,6532,14352,37,,,80,[object Object],6050,28,6,13,22,13,グルーモス Lv26 / ルーメンオウル Lv24 / シンドレイク Lv28,"[object Object],[object Object],[object Object]",5,31392,25342,0.8072757390417941,0.7916666666666666,3050,production
88,rush,速攻,3796973379,0a1884a638bc27880556c367da8e0392a9c4d625b3808a4041c9d9d387313362,stuck,0,tower,boss_retry_cap,400,200,40,147,83,64,571,80,67,223,0,0,10,0,0,0,0,0,2,2,0,0,1,1,2,[object Object],[object Object],0,0,0,3,208,12480,147,9942,23,6400,5,1100,8747,3554,,,,80,[object Object],293,28,6,3,22,3,プフバット Lv28 / つぼみラビ Lv26 / ぷるミン Lv27,"[object Object],[object Object],[object Object]",4,16327,16034,0.9820542659398542,1,3609,production
89,balanced,バランス,832048751,7eb6724d5e6ced63ec5bda9fcb7bf4888bf315c036ec16015818a2f34c01d07a,completed,1,,,400,200,40,48,28,20,206,38,10,33,9,1,16,0,0,0,0,0,15,8,0,0,1,1,5,[object Object],[object Object],0,0,0,8,88,5280,48,3135,27,9480,4,750,3796,4348,34,,,80,[object Object],4478,22,5,9,19,9,ルーメンオウル Lv20 / シンダーホーン Lv21 / リーファウル Lv22,"[object Object],[object Object],[object Object]",5,14106,9628,0.6825464341415001,1,1282,production
90,collector,収集・配合,316077382,35dc164ca08934cf05b191521a72050750c5f1bed28f3661af2ad430bd5847fc,completed,1,,,400,200,40,66,38,28,327,42,24,61,11,1,20,0,0,0,0,0,35,8,30,1500,31,21,6,[object Object],[object Object],0,0,0,9,27,1620,66,3245,27,8180,4,750,3529,7174,,,,80,[object Object],2245,19,5,9,18,9,ルーメンオウル Lv18 / クラッグベア Lv17 / クリスタゴン Lv19,"[object Object],[object Object],[object Object]",5,12539,10294,0.8209586091394848,0.6774193548387096,1828,production
91,rush,速攻,595016353,bd89b3a1f3eafdf63ed7b5f1eef387a9bb871384aec5eefbd2af51f470b02540,stuck,0,tower,boss_retry_cap,400,200,40,127,71,56,498,72,55,199,0,0,11,0,0,0,0,0,2,2,0,0,1,1,2,[object Object],[object Object],0,0,0,3,197,11820,127,10213,23,6400,5,1100,8243,3378,,,,80,[object Object],625,26,6,3,22,3,プフバット Lv26 / リーフリン Lv26 / ぷるミン Lv26,"[object Object],[object Object],[object Object]",4,15823,15198,0.9605005371926941,1,3128,production
92,balanced,バランス,2301381754,7e0aa13a62e76ecfd7ee1c7d36c321b4c39bb26467b6cbaa97fc5f347bb84478,completed,1,,,400,200,40,96,62,34,386,65,31,109,16,1,18,0,0,0,0,0,23,7,0,0,1,1,5,[object Object],[object Object],1,6,0,7,155,9300,96,5317,29,9230,5,1100,7547,6002,,,,80,[object Object],2655,27,6,7,23,9,シンドレイク Lv22 / リーファウル Lv24 / リーフリン Lv27,"[object Object],[object Object],[object Object]",5,17957,15302,0.8521467951216796,1,2430,production
93,collector,収集・配合,3787603678,f134ac34cfc476c73c10c0bc7dfce302fc3fdad4c56414ff8ad548caa6170b1a,completed,1,,,400,200,40,83,48,35,388,62,21,73,4,1,19,0,0,0,0,0,46,10,43,2150,44,33,7,[object Object],[object Object],0,0,0,9,144,8640,83,4522,32,23680,5,1100,6665,19459,28,,,80,[object Object],1276,26,6,11,20,11,グルーモス Lv26 / ルーメンオウル Lv23 / ルミネル Lv23,"[object Object],[object Object],[object Object]",5,31525,30249,0.9595241871530531,0.75,2287,production
94,rush,速攻,1990309610,286491d4b0256abe2ef339b80a0e6aa9fc45a2188432c6286125a2fb41d5f190,stuck,0,tower,boss_retry_cap,400,200,40,139,78,61,499,77,62,209,0,0,7,0,0,0,0,0,2,2,0,0,1,1,2,[object Object],[object Object],0,0,0,3,214,12840,139,9110,23,6400,5,1100,9029,3498,,,,80,[object Object],271,27,6,3,23,3,プフバット Lv27 / つぼみラビ Lv26 / ぷるミン Lv27,"[object Object],[object Object],[object Object]",4,16609,16338,0.9836835450659281,1,3253,production
95,balanced,バランス,1232925529,3de8f194d71f2b9a4dacb6b195736f8f05c4f2d3f349a71e9d6845c7a2eec683,completed,1,,,400,200,40,48,28,20,218,36,12,40,8,1,16,0,0,0,0,0,15,7,0,0,1,1,5,[object Object],[object Object],0,0,0,8,88,5280,48,2491,26,7280,4,750,3433,4627,,,,80,[object Object],1636,22,5,8,21,8,クリスタゴン Lv18 / ギアビット Lv18 / ドリモール Lv22,"[object Object],[object Object],[object Object]",5,11543,9907,0.8582690808282075,1,1294,production
96,collector,収集・配合,543362380,b6d7becc3a627737718be2b4953af42ea780e2bbffc480a9b073f1e631d95461,completed,1,,,400,200,40,87,50,37,458,59,28,102,12,1,23,0,0,0,0,0,56,12,43,2150,44,31,10,[object Object],[object Object],0,0,0,11,62,3720,87,5461,29,10980,4,750,5480,9017,,,,80,[object Object],2403,22,5,13,23,13,クラッグベア Lv19 / クリスタゴン Lv22 / ルミネル Lv20,"[object Object],[object Object],[object Object]",5,17290,14887,0.861017929438982,0.7045454545454546,2584,production
97,rush,速攻,3536532352,027f8d42582997a0fe81b8996456f34f893ba605bc5ea56a243e96e2c269fe2a,stuck,0,tower,boss_retry_cap,400,200,40,112,62,50,436,66,46,154,0,0,12,0,0,0,0,0,4,2,0,0,1,1,2,[object Object],[object Object],0,0,0,3,200,12000,112,7241,23,6400,4,750,7773,2661,,,,80,[object Object],342,28,5,3,22,3,アクアン Lv24 / ペブロン Lv27 / ぷるミン Lv28,"[object Object],[object Object],[object Object]",4,15003,14661,0.9772045590881824,1,2750,production
98,balanced,バランス,3844708681,507d229926ce2b7ed01ed84aaeebc033c2baf5c137504354572891baa542dbb0,completed,1,,,400,200,40,64,39,25,277,50,14,42,10,1,22,0,0,0,0,0,28,8,0,0,1,1,5,[object Object],[object Object],0,0,0,8,157,9420,64,3273,30,16080,4,750,5449,7051,30,,,80,[object Object],5888,25,5,9,20,9,クリスタゴン Lv24 / ギアビット Lv25 / アクアン Lv23,"[object Object],[object Object],[object Object]",5,22359,16471,0.7366608524531508,1,1691,production
99,collector,収集・配合,2135709877,75cfb3dd0b406ba182364a611683f4ae81f2579c5b588e23281018044eb4e1ef,completed,1,,,400,200,40,105,66,39,627,73,32,120,13,1,18,0,0,0,0,0,54,11,51,2550,52,38,8,[object Object],[object Object],0,0,0,9,113,6780,105,9823,29,9680,5,1100,8610,8934,26,,,80,[object Object],1206,26,6,12,21,12,グルーモス Lv22 / ギアビット Lv26 / トゲホッグ Lv24,"[object Object],[object Object],[object Object]",5,19470,18264,0.9380585516178737,0.7307692307692307,3390,production
100,rush,速攻,97201735,18814b5e0835318178e4487018c61eed3a264f5504c13341c3c376e5f6e77995,stuck,0,tower,boss_retry_cap,400,200,40,144,79,65,531,81,63,215,0,0,8,0,0,0,0,0,3,2,0,0,1,1,2,[object Object],[object Object],0,0,0,3,215,12900,144,9421,23,6400,5,1100,9101,3447,,,,80,[object Object],334,28,6,3,23,3,プフバット Lv28 / つぼみラビ Lv27 / ぷるミン Lv27,"[object Object],[object Object],[object Object]",4,16681,16347,0.9799772195911516,1,3449,production
101,balanced,バランス,3486624815,4c6b538a0b1f823463b0d858c859a5a11592267901aa30f4e9588e374c8acdc9,completed,1,,,400,200,40,60,36,24,235,48,12,41,7,1,19,0,0,0,0,0,23,8,0,0,1,1,6,[object Object],[object Object],0,0,0,8,188,11280,60,2016,30,16080,4,750,5433,5904,,,,80,[object Object],5159,28,5,9,22,9,ルーメンオウル Lv24 / トゲホッグ Lv28 / アッシュインプ Lv24,"[object Object],[object Object],[object Object]",5,22343,17184,0.7690999418162288,1,1506,production
102,collector,収集・配合,1785451935,f534a0609ab33a95f5e968fb478389754391635da87d7cf53e0391581338e70b,completed,1,,,400,200,40,119,78,41,794,80,39,143,20,1,26,0,0,0,0,0,22,11,63,3150,64,50,9,[object Object],[object Object],0,0,0,10,83,4980,119,8906,28,8780,5,1100,8325,8302,,,,80,[object Object],1853,24,6,12,22,12,グルーモス Lv21 / ルミネル Lv24 / クリスタゴン Lv23,"[object Object],[object Object],[object Object]",5,18285,16432,0.898660103910309,0.78125,4094,production
103,rush,速攻,1605152414,bf0ab5d0e3131880495f0421b7c6b6a7e067e3c481556a7ec62431fe6e5c1448,stuck,0,tower,boss_retry_cap,400,200,40,108,60,48,421,64,44,154,0,0,7,0,0,0,0,0,2,2,0,0,1,1,2,[object Object],[object Object],0,0,0,3,201,12060,108,9718,23,6400,4,750,7735,2674,,,,80,[object Object],231,27,5,3,18,3,ペブロン Lv25 / つぼみラビ Lv25 / ぷるミン Lv27,"[object Object],[object Object],[object Object]",4,14965,14734,0.9845639826261277,1,2651,production
104,balanced,バランス,3925287803,4359a176c967eda5f8d70e5f41b907cde0594168745641effceaa24f60c7afb9,completed,1,,,400,200,40,69,42,27,272,48,21,63,12,1,12,0,0,0,0,0,25,6,0,0,1,1,5,[object Object],[object Object],0,0,0,7,112,6720,69,4106,27,8180,4,750,5252,6090,,,,80,[object Object],1452,23,5,7,22,7,クリスタゴン Lv20 / ギアビット Lv23 / ドリモール Lv20,"[object Object],[object Object],[object Object]",5,14262,12810,0.8981909970551115,1,1729,production
105,collector,収集・配合,574893284,5b999b2de6642d3483ae1bdee4f4be6588ca17329b739c79f8882ac39b24ed07,completed,1,,,400,200,40,94,55,39,484,66,28,100,7,1,58,0,1,0,0,0,38,6,43,2150,44,35,5,[object Object],[object Object],0,0,0,7,93,5580,94,4040,29,11280,5,1100,7128,9990,,,,80,[object Object],1868,26,6,7,22,7,ルーメンオウル Lv23 / グルーモス Lv23 / アクアン Lv26,"[object Object],[object Object],[object Object]",5,19588,17720,0.9046354911170104,0.7954545454545454,2705,production
106,rush,速攻,1291763530,ba9ceb18e4d2b0bdd5e2741e016065312e69aec55e8537e4a9d47be11c1c7d6a,stuck,0,tower,boss_retry_cap,400,200,40,148,82,66,557,82,66,218,0,0,9,0,0,0,0,0,2,2,0,0,1,1,2,[object Object],[object Object],0,0,0,3,213,12780,148,9749,23,6400,5,1100,9128,3671,,,,80,[object Object],257,28,6,3,22,3,プフバット Lv28 / リーフリン Lv27 / ぷるミン Lv27,"[object Object],[object Object],[object Object]",4,16708,16451,0.9846181469954512,1,3570,production
107,balanced,バランス,4149931886,0b85037e2ca3f3d51ad64a707ca86c9a617b389b8985d483d1a46f1368a91d0c,completed,1,,,400,200,40,57,34,23,225,44,13,32,10,1,20,0,0,0,0,0,21,7,0,0,1,1,5,[object Object],[object Object],0,0,0,6,129,7740,57,2485,28,10380,4,750,4834,5135,,,,80,[object Object],3169,24,5,8,20,8,オアロード Lv24 / ルミネル Lv23,"[object Object],[object Object]",5,16044,12875,0.8024806781351284,1,1406,production
108,collector,収集・配合,880402122,b46e4215cd9763974c8beddc43ea0038929b3c3e27ffd1584901769303b226e9,completed,1,,,400,200,40,75,43,32,409,51,24,72,9,1,27,0,0,0,0,0,38,12,37,1850,38,29,10,[object Object],[object Object],0,0,0,12,67,4020,75,3425,28,8780,4,750,4159,6724,,,,80,[object Object],1175,21,5,13,24,13,クラッグベア Lv18 / ルミネル Lv21 / クリスタゴン Lv19,"[object Object],[object Object],[object Object]",5,13769,12594,0.9146633742464958,0.7631578947368421,2268,production
109,rush,速攻,2741270145,61b1544e6810b6c5bf7b475a6a8b98fad2c1d5fe79fa4914f2455daf60b2180b,stuck,0,tower,boss_retry_cap,400,200,40,141,77,64,525,80,61,212,0,0,10,0,0,0,0,0,3,2,0,0,1,1,2,[object Object],[object Object],0,0,0,3,217,13020,141,10683,23,6400,5,1100,8961,3245,,,,80,[object Object],276,28,6,3,22,3,プフバット Lv26 / つぼみラビ Lv27 / ぷるミン Lv28,"[object Object],[object Object],[object Object]",4,16541,16265,0.9833141889849465,1,3386,production
110,balanced,バランス,1334090972,3dcb398943c247a0a6aaf1e72c974d7bb5746aaa96b4612026818ebc5037b1fc,completed,1,,,400,200,40,115,74,41,548,75,40,135,10,1,15,0,0,0,0,0,25,6,0,0,1,1,6,[object Object],[object Object],0,0,0,7,150,9000,115,7351,28,9080,5,1100,8876,7060,,,,80,[object Object],3076,26,6,7,20,7,ルミネル Lv25 / リーファウル Lv25 / ギアビット Lv26,"[object Object],[object Object],[object Object]",5,19136,16060,0.8392558528428093,1,3210,production
111,collector,収集・配合,2417447104,0853b347871bd9f3d009595cd3ed98226dc6b63df5ff708597a890c9b62ce3b9,completed,1,,,400,200,40,97,59,38,468,69,28,96,19,1,16,0,0,0,0,0,61,11,49,2450,50,37,8,[object Object],[object Object],0,0,0,10,92,5520,97,6246,29,10980,5,1100,7533,10497,31,,,80,[object Object],1226,23,6,12,24,12,クラッグベア Lv21 / シンドレイク Lv23 / リーファウル Lv23,"[object Object],[object Object],[object Object]",5,19693,18467,0.9377443761742751,0.74,2717,production
112,rush,速攻,1348912859,f1d026580979a9f7027398334b753e6f7595ccbd9235a73cd5b2a0e654566a6b,stuck,0,tower,boss_retry_cap,400,200,40,126,72,54,485,70,56,185,0,0,9,0,0,0,0,0,3,2,0,0,1,1,2,[object Object],[object Object],0,0,0,3,196,11760,126,7577,23,6400,4,750,8080,3270,,,,80,[object Object],280,27,5,3,23,3,ペブロン Lv25 / プフバット Lv27 / ぷるミン Lv26,"[object Object],[object Object],[object Object]",4,15310,15030,0.9817112998040496,1,3061,production
113,balanced,バランス,446906750,e6f369a38f1767196c4c99bdc42b27c9fa1fd4ac16a71ceb5bda8c88a7b71fc3,completed,1,,,400,200,40,66,41,25,295,49,17,50,7,1,17,0,0,0,0,0,21,6,0,0,1,1,4,[object Object],[object Object],0,0,0,5,138,8280,66,3262,28,9080,4,750,5662,5171,,,,80,[object Object],2121,25,5,7,22,7,ルミネル Lv21 / ギアビット Lv25 / ぷるミン Lv22,"[object Object],[object Object],[object Object]",5,15572,13451,0.863793989211405,1,1760,production
114,collector,収集・配合,2368476831,4390aff64fe56864905abecb2425d880566fd11647beb602552d949142151046,completed,1,,,400,200,40,64,31,33,348,38,26,85,7,1,17,0,0,0,0,0,49,10,26,1300,27,14,8,[object Object],[object Object],0,0,0,9,36,2160,64,3072,28,10080,4,750,3949,9023,,,,80,[object Object],2376,21,5,11,20,11,グルーモス Lv21 / ルーメンオウル Lv21 / クリスタゴン Lv21,"[object Object],[object Object],[object Object]",5,14859,12483,0.8400969109630527,0.5185185185185185,1924,production
115,rush,速攻,289162756,7e6d8d80e0e71afab3f1c674d23ba29f48ea5d0b8424a2d41845d9c99850f94f,stuck,0,tower,boss_retry_cap,400,200,40,112,62,50,447,66,46,165,0,0,9,0,0,0,0,0,2,2,0,0,1,1,2,[object Object],[object Object],0,0,0,3,203,12180,112,8760,23,6400,4,750,7941,2687,,,,80,[object Object],304,26,5,3,20,3,ペブロン Lv26 / プフバット Lv26 / ぷるミン Lv26,"[object Object],[object Object],[object Object]",4,15171,14867,0.979961769164854,1,2772,production
116,balanced,バランス,3471199428,5a377670169625c7689128478f4896e5fcb9403a5d9a4412427fa8b2f828a269,completed,1,,,400,200,40,130,83,47,474,90,40,124,10,1,16,0,0,0,0,0,17,6,0,0,1,1,4,[object Object],[object Object],0,0,0,6,223,13380,130,5710,28,9080,5,1100,11038,6473,,,,80,[object Object],1445,30,6,7,20,7,グルーモス Lv28 / ギアビット Lv29 / つぼみラビ Lv30,"[object Object],[object Object],[object Object]",5,21298,19853,0.9321532538266504,1,3156,production
117,collector,収集・配合,4071045514,27bb7d29875581da35f130708407826cf23896c9a75223db7ed282fae67b5ab5,completed,1,,,400,200,40,88,52,36,409,60,28,85,15,1,45,0,0,0,0,0,47,11,43,2150,44,34,9,[object Object],[object Object],0,0,0,11,82,4920,88,3305,28,8780,4,750,6071,7426,,,,80,[object Object],1185,21,5,12,22,12,ルーメンオウル Lv20 / クリスタゴン Lv21 / シンドレイク Lv21,"[object Object],[object Object],[object Object]",5,15681,14496,0.9244308398699063,0.7727272727272727,2427,production
118,rush,速攻,1753486406,586e38aaf11e01d5d90e411230bc5162579a28be61d706d29030d992921a1deb,stuck,0,tower,boss_retry_cap,400,200,40,128,72,56,487,72,56,180,0,0,9,0,0,0,0,0,2,2,0,0,1,1,2,[object Object],[object Object],0,0,0,3,198,11880,128,7021,23,6400,4,750,8148,3191,,,,80,[object Object],307,27,5,3,23,3,ペブロン Lv25 / プフバット Lv27 / ぷるミン Lv26,"[object Object],[object Object],[object Object]",4,15378,15071,0.9800364156587332,1,3100,production
119,balanced,バランス,1203465411,a084717f765d2d6285702819ac36e8536c7006c1386f86b04f3e169885aef458,completed,1,,,400,200,40,90,56,34,377,66,24,68,10,1,17,0,0,0,0,0,22,7,0,0,1,1,5,[object Object],[object Object],0,0,0,7,183,10980,90,3466,29,11280,5,1100,7531,5900,,,,80,[object Object],3111,28,6,8,22,8,ルミネル Lv25 / リーファウル Lv28 / アッシュインプ Lv23,"[object Object],[object Object],[object Object]",5,19991,16880,0.8443799709869442,1,2328,production
120,collector,収集・配合,1070055821,bb6a8b1024433b8616499ba9bcd1ca438841ba4362d9fd824afa48bf758cd490,completed,1,,,400,200,40,160,109,51,1060,110,50,189,24,1,24,0,0,0,0,0,19,8,83,4150,84,73,6,[object Object],[object Object],0,0,0,7,129,7740,160,14575,28,9080,5,1100,12951,9480,,,,80,[object Object],1841,29,6,9,23,9,グルーモス Lv25 / シンドレイク Lv27 / アクアン Lv29,"[object Object],[object Object],[object Object]",5,23211,21370,0.9206841583731852,0.8690476190476191,5445,production
121,rush,速攻,2152747103,3e31d90283737421a8ee1c70a13bf097de622c515b2242dcf36237f5919ad66a,stuck,0,tower,boss_retry_cap,400,200,40,141,78,63,549,79,62,220,0,0,10,0,0,0,0,0,2,2,0,0,1,1,2,[object Object],[object Object],0,0,0,3,209,12540,141,11141,23,6400,5,1100,8651,3422,,,,80,[object Object],269,27,6,3,22,3,プフバット Lv27 / つぼみラビ Lv26 / ぷるミン Lv26,"[object Object],[object Object],[object Object]",4,16231,15962,0.9834267759226172,1,3452,production
122,balanced,バランス,671379074,9db56880c321e6593adb0f49639ca455baa28094dbd467b13f59de4fd9e70c59,completed,1,,,400,200,40,92,58,34,430,65,27,85,8,1,18,0,0,0,0,0,20,6,0,0,1,1,5,[object Object],[object Object],0,0,0,7,143,8580,92,3945,28,9080,5,1100,7341,6622,,,,80,[object Object],2399,25,6,7,22,7,ルミネル Lv23 / アクアン Lv25 / トゲホッグ Lv25,"[object Object],[object Object],[object Object]",5,17601,15202,0.8637009260837453,1,2554,production
123,collector,収集・配合,4169271622,ebac2fc53101a2227db1b5cd6e886497fa35ee44726efd44d1a7c1e628e4487b,completed,1,,,400,200,40,75,43,32,328,56,19,61,8,1,21,0,0,0,0,0,50,9,38,1900,39,28,7,[object Object],[object Object],0,0,0,9,42,2520,75,2731,30,22180,5,1100,5066,14144,,,,80,[object Object],9862,22,6,10,21,10,シンダーホーン Lv21 / クラッグベア Lv20 / ギアビット Lv22,"[object Object],[object Object],[object Object]",5,28426,18564,0.653064096249912,0.717948717948718,1977,production
124,rush,速攻,1533696136,31487496a496caef5c6657ed0f2eddbeafcd09fbd3508ef562301099ca9b6364,stuck,0,tower,boss_retry_cap,400,200,40,141,78,63,516,79,62,209,0,0,10,0,0,0,0,0,3,2,0,0,1,1,2,[object Object],[object Object],0,0,0,3,210,12600,141,8910,23,6400,5,1100,8670,3350,,,,80,[object Object],300,27,6,3,21,3,プフバット Lv27 / つぼみラビ Lv27 / ぷるミン Lv27,"[object Object],[object Object],[object Object]",4,16250,15950,0.9815384615384616,1,3353,production
125,balanced,バランス,3922753331,4db345dda81c7dca86d17593e6d2bcf3f29060f8ff2cb88d2363720bfe765b9e,completed,1,,,400,200,40,83,53,30,308,57,26,75,12,1,12,0,0,0,0,0,14,7,0,0,1,1,5,[object Object],[object Object],0,0,0,7,119,7140,83,3225,28,9080,4,750,6258,5945,,,,80,[object Object],3083,25,5,8,23,8,ルーメンオウル Lv23 / トゲホッグ Lv25 / ヒノコぐま Lv22,"[object Object],[object Object],[object Object]",5,16168,13085,0.8093146956952004,1,2025,production
126,collector,収集・配合,1920059920,d2f1fb639b0573e17e056d034a7c90944294453257965d8066a0fc4b90dfa431,completed,1,,,400,200,40,68,39,29,406,48,20,71,10,1,51,0,1,0,0,0,48,17,34,1700,35,22,13,[object Object],[object Object],0,0,0,13,71,4260,68,4884,30,11830,4,750,4408,9368,30,,,80,[object Object],1740,21,5,18,23,18,ルーメンオウル Lv21 / ルミネル Lv20 / クラッグベア Lv18,"[object Object],[object Object],[object Object]",5,17068,15328,0.8980548394656668,0.6285714285714286,2187,production
127,rush,速攻,1920423339,a97aa1c9e74c039a71f5d8f88d7dc4b8bfca8ada879bf63d30098f9c9c937731,stuck,0,tower,boss_retry_cap,400,200,40,185,101,84,635,100,85,209,0,0,9,0,0,0,0,0,5,2,0,0,1,1,2,[object Object],[object Object],0,0,0,3,209,12540,185,9552,23,6400,5,1100,8930,3682,,,,80,[object Object],288,28,6,3,24,3,ヒノコぐま Lv21 / アワマリン Lv25 / ぷるミン Lv28,"[object Object],[object Object],[object Object]",4,16510,16222,0.9825560266505149,1,4208,production
128,balanced,バランス,3737359250,cc4a24beefafafca23dcef5fea6de2b19440b1137b5863308fda20de25672137,completed,1,,,400,200,40,65,39,26,271,45,20,68,11,1,13,0,0,0,0,0,19,5,0,0,1,1,5,[object Object],[object Object],0,0,0,5,114,6840,65,3456,27,8180,4,750,4234,4022,,,,80,[object Object],2382,21,5,6,22,6,ルーメンオウル Lv21 / シンダーホーン Lv19 / トゲホッグ Lv21,"[object Object],[object Object],[object Object]",5,13244,10862,0.820144971307762,1,1671,production
129,collector,収集・配合,1562461926,006cf19ef2b9cf204577f2004fb2d2bf81a2ad814a2793da89cc670e7d28e837,completed,1,,,400,200,40,68,38,30,281,48,20,68,10,1,13,0,0,0,0,0,33,11,33,1650,34,23,8,[object Object],[object Object],0,0,0,10,68,4080,68,4844,29,10980,4,750,4854,8312,45,,,80,[object Object],2622,22,5,12,22,12,シンダーホーン Lv19 / クリスタゴン Lv18 / シンドレイク Lv22,"[object Object],[object Object],[object Object]",5,16664,14042,0.8426548247719635,0.6764705882352942,1758,production
130,rush,速攻,2496258462,c6c148e73247549fe0dc7fedddefa453bd7845b5cfc4ca7249db2121c9667487,stuck,0,tower,boss_retry_cap,400,200,40,123,68,55,435,71,52,184,0,0,11,0,0,0,0,0,2,2,0,0,1,1,2,[object Object],[object Object],0,0,0,3,200,12000,123,8821,23,6400,4,750,8084,3017,,,,80,[object Object],297,27,5,3,21,3,プフバット Lv27 / リーフリン Lv26 / ぷるミン Lv26,"[object Object],[object Object],[object Object]",4,15314,15017,0.9806059814548779,1,2886,production
131,balanced,バランス,1551684428,5f7a0d7f537cbbf918499ccf853ade8b3cd0314af318568f5030a57154fbef41,completed,1,,,400,200,40,94,58,36,397,67,27,88,14,1,13,0,0,0,0,0,23,6,0,0,1,1,5,[object Object],[object Object],0,0,0,6,171,10260,94,5170,28,9080,5,1100,8058,6373,,,,80,[object Object],1685,27,6,7,20,7,グルーモス Lv26 / ドリモール Lv26 / ヒノコぐま Lv27,"[object Object],[object Object],[object Object]",5,18318,16633,0.9080139753248171,1,2435,production
132,collector,収集・配合,2098310971,7cacebbcd670ff1acc15a8609d1c5286bee46170f1fb2b081a7104e1a485f4c6,completed,1,,,400,200,40,70,40,30,317,47,23,79,10,1,21,0,0,0,0,0,39,11,34,1700,35,26,9,[object Object],[object Object],0,0,0,11,61,3660,70,3547,28,8780,4,750,4070,6467,,,,80,[object Object],1853,21,5,12,23,12,クラッグベア Lv19 / ルーメンオウル Lv21 / クリスタゴン Lv19,"[object Object],[object Object],[object Object]",5,13680,11827,0.864546783625731,0.7428571428571429,1890,production
133,rush,速攻,3870180703,f4079b9c7be6050ba80592f6651c2f8e9389a6c28953e603e0617bc8b1f220ab,stuck,0,tower,boss_retry_cap,400,200,40,110,61,49,409,65,45,142,0,0,12,0,0,0,0,0,2,2,0,0,1,1,2,[object Object],[object Object],0,0,0,3,195,11700,110,5403,23,6400,4,750,7620,2817,,,,80,[object Object],333,27,5,3,19,3,ペブロン Lv26 / リーフリン Lv26 / ぷるミン Lv27,"[object Object],[object Object],[object Object]",4,14850,14517,0.9775757575757575,1,2640,production
134,balanced,バランス,3140426626,88c429b26a4b7e09414a8987c201587d5a958ef01cd57926393f2639ff904a49,completed,1,,,400,200,40,106,66,40,425,73,33,108,5,1,12,0,0,0,0,0,15,7,0,0,1,1,6,[object Object],[object Object],0,0,0,6,164,9840,106,3944,28,9080,5,1100,8214,5598,,,,80,[object Object],3036,25,6,8,20,8,ルミネル Lv25 / トゲホッグ Lv25 / アッシュインプ Lv25,"[object Object],[object Object],[object Object]",5,18474,15438,0.8356609288730107,1,2703,production
135,collector,収集・配合,65225137,b8b76b494ae791878ee096f368b51f360f92567b2b04fac6f0ccf253efe79fe4,completed,1,,,400,200,40,77,45,32,371,51,26,78,8,1,21,0,0,0,0,0,35,9,36,1800,37,24,7,[object Object],[object Object],0,0,0,8,62,3720,77,4236,27,8180,4,750,4953,7261,,,,80,[object Object],1182,22,5,10,20,10,ルミネル Lv21 / クリスタゴン Lv22 / ドリモール Lv22,"[object Object],[object Object],[object Object]",5,13963,12781,0.9153477046479983,0.6486486486486487,2140,production
136,rush,速攻,1664158313,0df63bf58efd10f22db1aeca6646c747f9196e926bf45e44477c18042e41390f,stuck,0,tower,boss_retry_cap,400,200,40,124,70,54,467,70,54,174,0,0,14,0,0,0,0,0,3,2,0,0,1,1,2,[object Object],[object Object],0,0,0,3,193,11580,124,6124,23,6400,4,750,8145,3512,,,,80,[object Object],283,28,5,3,23,3,トゲホッグ Lv25 / つぼみラビ Lv26 / ぷるミン Lv28,"[object Object],[object Object],[object Object]",4,15375,15092,0.9815934959349594,1,3007,production
137,balanced,バランス,2743848862,3671db14a2cc28a6d599fca850ac5c87c5494220b5da8d2aeb9cf3522d20914b,completed,1,,,400,200,40,56,34,22,205,43,13,33,14,1,19,0,0,0,0,0,15,8,0,0,1,1,5,[object Object],[object Object],0,0,0,8,134,8040,56,3495,27,8180,4,750,4987,4500,30,,,80,[object Object],1457,22,5,9,20,9,ヴォルカザード Lv21 / クリスタゴン Lv22,"[object Object],[object Object]",5,13997,12540,0.895906265628349,1,1349,production
138,collector,収集・配合,1109758763,cc80257e92d603a8d674a49a51b99c8312043725e30340ce00d091929dbb43c0,completed,1,,,400,200,40,59,31,28,285,40,19,73,5,1,23,0,0,0,0,0,40,11,26,1300,27,17,9,[object Object],[object Object],0,0,0,10,40,2400,59,5220,28,8780,4,750,3523,7025,,,,80,[object Object],2408,19,5,12,20,12,グルーモス Lv18 / クリスタゴン Lv19 / シンダーホーン Lv17,"[object Object],[object Object],[object Object]",5,13133,10725,0.8166450925150385,0.6296296296296297,1655,production
139,rush,速攻,866772286,ea67b11426dbced56c3d57db52022dca874b72a68de8f6e1cf003e1313ed8634,stuck,0,tower,boss_retry_cap,400,200,40,117,66,51,452,67,50,164,0,0,12,0,0,0,0,0,2,2,0,0,1,1,2,[object Object],[object Object],0,0,0,3,194,11640,117,7410,23,6400,4,750,7763,3042,,,,80,[object Object],311,27,5,3,21,3,トゲホッグ Lv25 / つぼみラビ Lv27 / ぷるミン Lv26,"[object Object],[object Object],[object Object]",4,14993,14682,0.9792569865937437,1,2866,production
140,balanced,バランス,1779906677,a0208cceefbfd53ac4392833ac042e542b813d5e2d735e0f76621ebbcd3c4fa1,completed,1,,,400,200,40,48,28,20,229,40,8,22,7,1,19,0,0,0,0,0,20,8,0,0,1,1,6,[object Object],[object Object],0,0,0,7,100,6000,48,2030,29,15180,4,750,4401,6001,24,,,80,[object Object],8410,24,5,9,20,9,タイダルセラフ Lv24 / グルーモス Lv24,"[object Object],[object Object]",5,20411,12001,0.5879672725491156,1,1335,production
141,collector,収集・配合,92197536,5b4e4be6546801212694b92337c4bfc76a8ee9c92127df38e17b43ff2ec30efb,completed,1,,,400,200,40,61,33,28,282,44,17,51,7,1,15,0,0,0,0,0,48,12,26,1300,27,17,9,[object Object],[object Object],0,0,0,10,20,1200,61,3405,32,23680,4,750,4386,14094,50,,,80,[object Object],12302,25,5,13,22,13,シンダーホーン Lv22 / ルーメンオウル Lv19 / シンドレイク Lv25,"[object Object],[object Object],[object Object]",5,28896,16594,0.574266334440753,0.6296296296296297,1658,production
142,rush,速攻,472724748,4be013c350e1811151533007d2a1315d3f5445ab8988842379bb7951f7cee96d,stuck,0,tower,boss_retry_cap,400,200,40,145,81,64,555,80,65,224,0,0,11,0,0,0,0,0,4,2,0,0,1,1,2,[object Object],[object Object],0,0,0,3,209,12540,145,10720,23,6400,5,1100,8640,3410,,,,80,[object Object],270,27,6,3,22,3,リーフリン Lv26 / プフバット Lv26 / ぷるミン Lv27,"[object Object],[object Object],[object Object]",4,16220,15950,0.9833538840937115,1,3510,production
143,balanced,バランス,212849361,bdc54b0d5018c406e6d519eb363df3bae192ce551beb8a899a294f61f5e99590,completed,1,,,400,200,40,88,54,34,333,61,27,92,9,1,21,0,0,0,0,0,14,5,0,0,1,1,5,[object Object],[object Object],0,0,0,6,136,8160,88,3828,27,8840,4,750,6368,4809,,,,80,[object Object],3069,25,5,6,22,6,ルーメンオウル Lv23 / ギアビット Lv23 / アクアン Lv25,"[object Object],[object Object],[object Object]",5,16038,12969,0.808641975308642,1,2142,production
144,collector,収集・配合,485023144,0201204348963e63cbac84d2bb26b4426bcf2edaa0c57e584c38b98219949f15,completed,1,,,400,200,40,96,63,33,430,69,27,89,9,1,22,0,0,0,0,0,39,11,52,2600,53,41,8,[object Object],[object Object],0,0,0,10,92,5520,96,4253,28,8780,5,1100,6959,7419,33,,,80,[object Object],1380,24,6,12,22,12,ルーメンオウル Lv21 / ギアビット Lv23 / シンドレイク Lv24,"[object Object],[object Object],[object Object]",5,16919,15539,0.9184348956794137,0.7735849056603774,2602,production
145,rush,速攻,2250212252,f30c2c366f1254e7e06a95d5cbbfc52f8cb42e4711972b42f86443e6c73fe486,stuck,0,tower,boss_retry_cap,400,200,40,121,68,53,479,69,52,170,0,0,8,0,0,0,0,0,4,2,0,0,1,1,2,[object Object],[object Object],0,0,0,3,201,12060,121,9112,23,6400,4,750,8073,2963,,,,80,[object Object],280,27,5,3,22,3,トゲホッグ Lv25 / プフバット Lv27 / ぷるミン Lv26,"[object Object],[object Object],[object Object]",4,15303,15023,0.9817029340652159,1,2967,production
146,balanced,バランス,167969064,cd8eea762729dbaf9c97b08ab3a2b5b33e16163c46757cd65a9b48f08e186e25,completed,1,,,400,200,40,74,46,28,302,55,19,60,13,1,23,0,0,0,0,0,23,8,0,0,1,1,5,[object Object],[object Object],1,5,0,8,143,8580,74,3359,27,8090,4,750,6100,5007,26,,,80,[object Object],1433,22,5,8,22,10,クリスタゴン Lv22 / シンドレイク Lv20 / リーファウル Lv22,"[object Object],[object Object],[object Object]",5,15020,13587,0.9045938748335552,1,1890,production
147,collector,収集・配合,600581780,59c6cdc721cb28b872d1f3cca46209d052f5f3d0ec83412bf6c3003b45083df1,completed,1,,,400,200,40,104,65,39,688,77,27,96,16,1,47,0,0,0,0,0,52,13,58,2900,59,47,9,[object Object],[object Object],1,5,0,10,156,9360,104,4621,33,23830,5,1100,7310,14692,43,,,80,[object Object],5368,25,6,13,22,14,グルーモス Lv25 / ルミネル Lv25 / クリスタゴン Lv24,"[object Object],[object Object],[object Object]",5,32320,26952,0.8339108910891089,0.7966101694915254,3556,production
148,rush,速攻,2509000387,2b84c7b682260768de732738ef9b3abc8557a1cb6cacbd0f9e87eb4749126c72,completed,1,,,400,200,40,106,59,47,398,63,43,138,0,0,12,0,0,0,0,0,3,2,0,0,1,1,2,[object Object],[object Object],0,0,0,3,191,11460,106,5726,24,7200,4,750,7817,2828,,,,80,[object Object],1559,28,5,3,20,3,ドリモール Lv24 / ペブロン Lv27 / ぷるミン Lv28,"[object Object],[object Object],[object Object]",5,15847,14288,0.9016217580614627,1,2538,production
149,balanced,バランス,52671186,90d3c7112cbe2d5c462556472432e793269fc402db1ee1f26c9fd86c29772865,completed,1,,,400,200,40,62,38,24,211,48,14,34,11,1,10,0,0,0,0,0,17,9,0,0,1,1,6,[object Object],[object Object],0,0,0,8,143,8580,62,2667,28,10380,4,750,5445,4934,30,,,80,[object Object],3141,23,5,10,20,10,ヴォルカザード Lv23 / ルミネル Lv22,"[object Object],[object Object]",5,16655,13514,0.8114079855899129,1,1449,production
150,collector,収集・配合,1142326432,272268c51a1271c8481b1f1ad4727b2d402c7d10e4495b2a8fc94af0f4db948e,completed,1,,,400,200,40,64,35,29,412,44,20,85,9,1,20,0,0,0,0,0,34,13,33,1650,34,21,10,[object Object],[object Object],1,4,0,11,44,2640,64,6351,31,11980,4,750,4429,9440,40,,,80,[object Object],3509,19,5,13,22,15,グルーモス Lv19 / クリスタゴン Lv19 / シンダーホーン Lv18,"[object Object],[object Object],[object Object]",5,17239,13730,0.7964499100875921,0.6176470588235294,2192,production
151,rush,速攻,1689966199,bcdcb7a0441fd1c3da17df8a2ba6884b7a7262c7ef2ae7d9913ee4e5c7a7f9d3,stuck,0,tower,boss_retry_cap,400,200,40,113,63,50,427,66,47,151,0,0,10,0,0,0,0,0,3,2,0,0,1,1,2,[object Object],[object Object],0,0,0,3,198,11880,113,6837,23,6400,4,750,7932,2972,,,,80,[object Object],310,28,5,3,21,3,ペブロン Lv25 / つぼみラビ Lv26 / ぷるミン Lv28,"[object Object],[object Object],[object Object]",4,15162,14852,0.9795541485292177,1,2723,production
152,balanced,バランス,1996017030,fb2da0392b36d6d51bf9322e07cc9f9d6966cdb769a27059dd80dd4a77074544,completed,1,,,400,200,40,89,56,33,300,64,25,78,18,1,19,0,0,0,0,0,9,8,0,0,1,1,5,[object Object],[object Object],1,3,0,8,142,8520,89,2465,29,9230,5,1100,7638,5220,89,89,,80,[object Object],4308,24,6,8,20,10,アストラルワーム Lv20 / クリスタゴン Lv24,"[object Object],[object Object]",5,18048,13740,0.7613031914893617,1,2058,production
153,collector,収集・配合,3661579143,cb38627107e7b5ee875534c3fe6be17992a1e01600552f314cabf257bd39b35d,completed,1,,,400,200,40,54,31,23,252,39,15,41,6,1,20,0,0,0,0,0,24,12,24,1200,25,14,9,[object Object],[object Object],0,0,0,9,23,1380,54,2076,27,7880,4,750,2968,6019,39,,,80,[object Object],3079,19,5,13,21,13,クラッグベア Lv17 / シンダーホーン Lv19 / ルミネル Lv16,"[object Object],[object Object],[object Object]",5,11678,8599,0.7363418393560541,0.56,1498,production
154,rush,速攻,170156852,5730fbb2846fc8d619475e997d91165c62b5228a855b654247f77d9a709481b9,stuck,0,tower,boss_retry_cap,400,200,40,129,73,56,475,72,57,198,0,0,8,0,0,0,0,0,2,2,0,0,1,1,2,[object Object],[object Object],0,0,0,3,196,11760,129,9337,23,6400,5,1100,8454,3671,,,,80,[object Object],603,27,6,3,21,3,プフバット Lv27 / つぼみラビ Lv26 / ぷるミン Lv26,"[object Object],[object Object],[object Object]",4,16034,15431,0.962392416115754,1,3087,production
155,balanced,バランス,4152567338,cc66337f77c063fbf1a43329199d62365c6771c660d224d45e3137a89abf18b4,completed,1,,,400,200,40,74,46,28,303,52,22,76,10,1,12,0,0,0,0,0,16,7,0,0,1,1,6,[object Object],[object Object],0,0,0,6,138,8280,74,2862,28,9080,4,750,5476,4958,45,,,80,[object Object],2148,25,5,8,23,8,クラッグベア Lv20 / シンドレイク Lv22 / リーフリン Lv25,"[object Object],[object Object],[object Object]",5,15386,13238,0.8603925646691798,1,1907,production
156,collector,収集・配合,391854761,2fdc1edcb6cbf24229a04d3e659644e5234312a730e610b40559bd46a00a2d05,completed,1,,,400,200,40,70,40,30,366,47,23,91,15,1,13,0,0,0,0,0,47,12,35,1750,36,22,10,[object Object],[object Object],0,0,0,11,54,3240,70,5632,29,10980,4,750,4466,8882,,,,80,[object Object],2404,21,5,13,20,13,ルーメンオウル Lv20 / グルーモス Lv21 / シンダーホーン Lv20,"[object Object],[object Object],[object Object]",5,16276,13872,0.8522978618825264,0.6111111111111112,2070,production
157,rush,速攻,2031991957,838b7ab3e3c8f0ce321b4779adfe057a7a50446ddadd72365fd51737af72c0b0,stuck,0,tower,boss_retry_cap,400,200,40,128,73,55,469,71,57,189,0,0,11,0,0,0,0,0,2,2,0,0,1,1,2,[object Object],[object Object],0,0,0,3,194,11640,128,8151,23,6400,4,750,8237,3489,,,,80,[object Object],338,27,5,3,22,3,プフバット Lv27 / つぼみラビ Lv26 / ぷるミン Lv26,"[object Object],[object Object],[object Object]",4,15467,15129,0.9781470226934764,1,3038,production
158,balanced,バランス,3771058796,2e9356899fcb07e66ecb497b29eb9136d6cd80c250fdf6192ca88ce92d95fb27,completed,1,,,400,200,40,59,36,23,260,44,15,43,13,1,23,0,0,0,0,0,20,6,0,0,1,1,4,[object Object],[object Object],0,0,0,6,135,8100,59,2877,27,8180,4,750,4364,3866,,,,80,[object Object],1408,21,5,7,21,7,クラッグベア Lv20 / シンダーホーン Lv21 / ぷるミン Lv21,"[object Object],[object Object],[object Object]",5,13374,11966,0.8947211006430388,1,1531,production
159,collector,収集・配合,3588436739,93d417a25919852848f75fedeca023d41db839d594d5b7e9919dec6288269cd3,completed,1,,,400,200,40,94,59,35,459,67,27,96,16,1,56,0,1,0,0,0,36,11,50,2500,51,38,9,[object Object],[object Object],0,0,0,9,106,6360,94,3891,31,16680,5,1100,6950,11766,46,,,80,[object Object],4184,27,6,12,23,12,ルーメンオウル Lv23 / グルーモス Lv24 / シンドレイク Lv27,"[object Object],[object Object],[object Object]",5,24810,20626,0.8313583232567513,0.7450980392156863,2612,production
160,rush,速攻,2876980105,3f66359eb4376a493a5ea4a559a3319cfa3410806038d02da0590f710f48ee9f,stuck,0,tower,boss_retry_cap,400,200,40,113,63,50,443,66,47,159,0,0,10,0,0,0,0,0,2,2,0,0,1,1,2,[object Object],[object Object],0,0,0,3,198,11880,113,8894,23,6400,4,750,7751,2841,,,,80,[object Object],260,27,5,3,21,3,ペブロン Lv25 / リーフリン Lv26 / ぷるミン Lv27,"[object Object],[object Object],[object Object]",4,14981,14721,0.9826446832654696,1,2775,production
161,balanced,バランス,719005967,b4f8af87deab958e7ead6a568c08786e92af1a9105c68cd391a97b942ba378fa,completed,1,,,400,200,40,46,26,20,201,37,9,39,9,1,14,0,0,0,0,0,20,8,0,0,1,1,6,[object Object],[object Object],0,0,0,8,106,6360,46,2191,27,9480,4,750,4159,5447,19,,,80,[object Object],2662,23,5,9,20,9,クラッグベア Lv21 / リーファウル Lv23 / ギアビット Lv19,"[object Object],[object Object],[object Object]",5,14469,11807,0.8160204575298915,1,1220,production
162,collector,収集・配合,3045860018,5a7ebdba47fdd5dad171eb1fd793974ca1f21162ea2bdb979defb2908f6afbee,completed,1,,,400,200,40,76,44,32,438,61,15,59,4,1,47,0,0,0,0,0,58,11,39,1950,40,28,8,[object Object],[object Object],0,0,0,8,156,9360,76,4177,32,23680,5,1100,7025,17530,29,,,80,[object Object],3045,29,6,12,21,12,グルーモス Lv23 / ルーメンオウル Lv24 / アクアン Lv29,"[object Object],[object Object],[object Object]",5,31885,28840,0.9045005488474204,0.7,2374,production
163,rush,速攻,780940182,9c53770f7fc6599daa96df98c6339800f057ff681787a0a0288d1ae1bfffdecb,stuck,0,tower,boss_retry_cap,400,200,40,115,66,49,428,65,50,156,0,0,8,0,0,0,0,0,2,2,0,0,1,1,2,[object Object],[object Object],0,0,0,3,191,11460,115,5427,23,6400,4,750,7714,3205,,,,80,[object Object],279,27,5,3,21,3,ドリモール Lv25 / つぼみラビ Lv27 / ぷるミン Lv27,"[object Object],[object Object],[object Object]",4,14944,14665,0.9813302997858673,1,2757,production
164,balanced,バランス,1605034543,e606f5b5f17ef7b0ea3e01d62800716b3f184ab1d526f35c04dc7d59d5ffc91d,completed,1,,,400,200,40,65,39,26,365,48,17,53,7,1,24,0,0,0,0,0,25,5,0,0,1,1,4,[object Object],[object Object],0,0,0,5,127,7620,65,3920,28,10380,4,750,5365,5800,,,,80,[object Object],3155,24,5,6,19,6,ルミネル Lv24 / ギアビット Lv24 / リーフリン Lv23,"[object Object],[object Object],[object Object]",5,16575,13420,0.8096530920060332,1,1985,production
165,collector,収集・配合,833599287,942240dad9aa51bf9051ffee2a0be6b07595d8e33c971592ee531481995b64d1,completed,1,,,400,200,40,107,67,40,706,71,36,132,17,1,20,0,0,0,0,0,45,9,53,2650,54,40,7,[object Object],[object Object],0,0,0,10,69,4140,107,7855,28,10380,5,1100,7877,10292,,,,80,[object Object],2355,24,6,10,20,10,グルーモス Lv21 / ルミネル Lv23 / シンドレイク Lv24,"[object Object],[object Object],[object Object]",5,19437,17082,0.8788393270566446,0.7407407407407407,3641,production
166,rush,速攻,3191580428,e85eb511b1e57b974710dbc7c60117e970ad8ddd3f0b3ef546fcbfb9c160a6ad,stuck,0,tower,boss_retry_cap,400,200,40,140,78,62,518,78,62,215,0,0,8,0,0,0,0,0,3,2,0,0,1,1,2,[object Object],[object Object],0,0,0,3,210,12600,140,9619,23,6400,5,1100,8682,3406,,,,80,[object Object],256,28,6,3,21,3,プフバット Lv26 / リーフリン Lv28 / ぷるミン Lv26,"[object Object],[object Object],[object Object]",4,16262,16006,0.9842577788709875,1,3341,production
167,balanced,バランス,994818610,fdb8d69d7adc91e63714d68affc045ea72a4dcad948bab86216a2531d077d777,completed,1,,,400,200,40,128,82,46,515,87,41,119,15,1,20,0,0,0,0,0,26,6,0,0,1,1,5,[object Object],[object Object],0,0,0,5,196,11760,128,5853,28,9080,5,1100,10245,7283,,,,80,[object Object],1462,28,6,7,22,7,グルーモス Lv28 / ヒノコぐま Lv28 / リーフリン Lv27,"[object Object],[object Object],[object Object]",5,20505,19043,0.9287003169958546,1,3200,production
168,collector,収集・配合,2892623649,d8124240c622af4fc4a5d992b537891e9c6cc6fffc444867c55c60f1a307cc3e,completed,1,,,400,200,40,101,64,37,493,71,30,93,23,1,30,0,0,0,0,0,47,11,54,2700,55,42,9,[object Object],[object Object],1,7,0,10,86,5160,101,4975,30,11130,5,1100,7192,9294,,,,80,[object Object],2348,23,6,11,25,13,シンダーホーン Lv23 / クリスタゴン Lv22 / ルミネル Lv22,"[object Object],[object Object],[object Object]",5,19502,17154,0.8796020920931187,0.7636363636363637,2849,production
169,rush,速攻,3645219766,fd8b699d7db6ff2af75f1008f0f2b73a7de976069af023cc8548032e91e143e2,stuck,0,tower,boss_retry_cap,400,200,40,116,66,50,457,66,50,172,0,0,11,0,0,0,0,0,2,2,0,0,1,1,2,[object Object],[object Object],0,0,0,3,192,11520,116,8229,23,6400,4,750,7637,3065,,,,80,[object Object],282,28,5,3,20,3,ペブロン Lv24 / つぼみラビ Lv26 / ぷるミン Lv28,"[object Object],[object Object],[object Object]",4,14867,14585,0.9810318154301473,1,2883,production
170,balanced,バランス,2517987518,153f57fc728b888a82db318b50cfb4a2162728c05b3b1f7223eb6ffc693314d2,completed,1,,,400,200,40,70,43,27,289,47,23,76,12,1,15,0,0,0,0,0,18,6,0,0,1,1,6,[object Object],[object Object],0,0,0,7,108,6480,70,2884,27,8180,4,750,4789,4932,,,,80,[object Object],2387,23,5,7,22,7,ルーメンオウル Lv20 / リーファウル Lv21 / ドリモール Lv23,"[object Object],[object Object],[object Object]",5,13799,11412,0.8270164504674252,1,1784,production
171,collector,収集・配合,3919684067,29c8b8bd9d8afe04463e2720878f8fb4bcd5ce8dfd5f459a4ffe05ca9e3985e9,completed,1,,,400,200,40,95,58,37,541,65,30,104,18,1,30,0,0,0,0,0,56,11,48,2400,49,36,9,[object Object],[object Object],0,0,0,10,75,4500,95,4867,29,10980,5,1100,6557,9257,,,,80,[object Object],2560,22,6,12,22,12,ルーメンオウル Lv21 / ルミネル Lv22 / シンダーホーン Lv20,"[object Object],[object Object],[object Object]",5,18717,16157,0.8632259443286852,0.7346938775510204,2942,production
172,rush,速攻,2339976588,ea150a533e15b37bee6d09f5f83d6ff916ba56b3f47005cf5883d4092fd66ee9,stuck,0,tower,boss_retry_cap,400,200,40,109,61,48,398,64,45,143,0,0,10,0,0,0,0,0,2,2,0,0,1,1,2,[object Object],[object Object],0,0,0,3,194,11640,109,5114,23,6400,4,750,7697,3017,,,,80,[object Object],270,27,5,3,19,3,ドリモール Lv25 / つぼみラビ Lv27 / ぷるミン Lv26,"[object Object],[object Object],[object Object]",4,14927,14657,0.9819119715950961,1,2591,production
173,balanced,バランス,403942441,107ac63923ff07ca43caee87f07085dc09ad61c69f6002643ceea931126f6f50,completed,1,,,400,200,40,149,96,53,547,100,49,168,23,1,13,0,0,0,0,0,16,6,0,0,1,1,5,[object Object],[object Object],0,0,0,6,219,13140,149,7992,27,7880,5,1100,12182,6660,,,,80,[object Object],1442,29,6,7,22,7,グルーモス Lv27 / トゲホッグ Lv28 / ヒノコぐま Lv29,"[object Object],[object Object],[object Object]",5,21242,19800,0.932115619998117,1,3586,production
174,collector,収集・配合,2906448968,a870d082a84dfcdc75b7a12397cef80b22d08e456f13e9394f6893c00a900926,completed,1,,,400,200,40,95,58,37,565,59,36,125,16,1,56,0,2,0,0,0,43,11,46,2300,47,30,9,[object Object],[object Object],0,0,0,10,57,3420,95,3821,29,10980,4,750,6029,9750,,,,80,[object Object],2369,23,5,12,21,12,ルーメンオウル Lv23 / グルーモス Lv21 / クリスタゴン Lv22,"[object Object],[object Object],[object Object]",5,17839,15470,0.8672010762935142,0.6382978723404256,2966,production
175,rush,速攻,2659038852,031b25f3a534bcf9036e014b1263c50489333402233666bbfafa377f663d006c,stuck,0,tower,boss_retry_cap,400,200,40,116,64,52,388,68,48,160,0,0,9,0,0,0,0,0,4,2,0,0,1,1,2,[object Object],[object Object],0,0,0,3,201,12060,116,5608,23,6400,4,750,8100,2934,,,,80,[object Object],336,28,5,3,20,3,リーファウル Lv25 / つぼみラビ Lv26 / ぷるミン Lv28,"[object Object],[object Object],[object Object]",4,15330,14994,0.9780821917808219,1,2629,production
176,balanced,バランス,2363888612,448c89f669fb0cf2f8a9c9b890da71964074954f5be1b7f561d2cfc62dcda65e,completed,1,,,400,200,40,97,61,36,434,65,32,112,10,1,22,0,0,0,0,0,20,6,0,0,1,1,5,[object Object],[object Object],0,0,0,6,142,8520,97,5257,27,8180,5,1100,7373,5566,,,,80,[object Object],2647,24,6,7,21,7,ルミネル Lv22 / ヒノコぐま Lv24 / トゲホッグ Lv23,"[object Object],[object Object],[object Object]",5,16733,14086,0.841809597800753,1,2585,production
177,collector,収集・配合,3156615055,97c2f249044d93cc5cec6ad35c30182a691e2876674d1d161fd3d4850cbf41e0,completed,1,,,400,200,40,123,80,43,671,87,36,120,25,1,33,0,0,0,0,0,42,11,67,3350,68,56,8,[object Object],[object Object],1,4,0,10,116,6960,123,7408,29,8930,5,1100,9132,7729,64,,,80,[object Object],1203,24,6,11,24,13,クラッグベア Lv22 / ルミネル Lv22 / トゲホッグ Lv24,"[object Object],[object Object],[object Object]",5,19242,18039,0.9374805113813532,0.8235294117647058,3751,production
178,rush,速攻,4140895781,6d760cec26f1a1b1b025d5fa86e45dbdd2790b6db5c1696e9265a20e720343c6,completed,1,,,400,200,40,106,59,47,434,63,43,148,0,0,16,0,0,0,0,0,2,2,0,0,1,1,2,[object Object],[object Object],0,0,0,3,190,11400,106,8369,24,7200,4,750,7454,2579,,,,80,[object Object],1505,27,5,3,20,3,トゲホッグ Lv23 / ペブロン Lv25 / ぷるミン Lv27,"[object Object],[object Object],[object Object]",5,15484,13979,0.9028028933092225,1,2676,production
179,balanced,バランス,2197671356,c4a4fd58fef1e55e17659a2d5df6cff17be90206a2421e89035e7b28dcc26609,completed,1,,,400,200,40,87,54,33,337,60,27,91,4,1,12,0,0,0,0,0,18,6,0,0,1,1,5,[object Object],[object Object],0,0,0,7,148,8880,87,3382,28,9080,4,750,6634,5557,46,,,80,[object Object],2107,26,5,7,21,7,ルーメンオウル Lv22 / リーファウル Lv24 / アッシュインプ Lv26,"[object Object],[object Object],[object Object]",5,16544,14437,0.8726426499032882,1,2171,production
180,collector,収集・配合,3777435359,a05a9e97b32223fb0815f33c250cf9ede7ab07b103b30ece7e12b32edf5291d2,completed,1,,,400,200,40,95,58,37,516,66,29,98,16,1,24,0,0,0,0,0,30,13,47,2350,48,38,11,[object Object],[object Object],0,0,0,10,85,5100,95,4912,28,8780,5,1100,6724,7864,,,,80,[object Object],1370,23,6,14,22,14,クリスタゴン Lv23 / ルミネル Lv22 / グルーモス Lv22,"[object Object],[object Object],[object Object]",5,16684,15314,0.9178853991848478,0.7916666666666666,2915,production
181,rush,速攻,1825405927,62a01e733a3cd8292a6f438eafc494f60ffea01799ec1fd63d5619f6154fb047,stuck,0,tower,boss_retry_cap,400,200,40,126,69,57,500,73,53,190,0,0,13,0,0,0,0,0,2,2,0,0,1,1,2,[object Object],[object Object],0,0,0,3,213,12780,126,11315,23,6400,5,1100,8568,3094,,,,80,[object Object],274,28,6,3,22,3,リーフリン Lv26 / つぼみラビ Lv26 / ぷるミン Lv28,"[object Object],[object Object],[object Object]",4,16148,15874,0.9830319544216002,1,3156,production
182,balanced,バランス,2704974689,cd05bb275e372dc84d2ecb8c66ef70002e57acc959abc1547cd1b1a355631729,completed,1,,,400,200,40,44,26,18,209,35,9,26,5,1,16,0,0,0,0,0,17,9,0,0,1,1,6,[object Object],[object Object],0,0,0,9,58,3480,44,2182,26,7280,4,750,3636,4438,30,,,80,[object Object],3828,20,5,10,22,10,シンダーホーン Lv20 / ルーメンオウル Lv19 / トゲホッグ Lv16,"[object Object],[object Object],[object Object]",5,11746,7918,0.6741018218968159,1,1236,production
183,collector,収集・配合,4258951830,ae09cc1e1191ba71cdd845339c70d0f0fe009431b6f1c68c8ab3e1fcbba37985,completed,1,,,400,200,40,84,52,32,433,53,31,108,7,1,24,0,0,0,0,0,33,12,41,2050,42,26,10,[object Object],[object Object],0,0,0,9,53,3180,84,4205,28,8780,4,750,5571,8137,,,,80,[object Object],1814,22,5,13,19,13,ルーメンオウル Lv22 / グルーモス Lv21 / ルミネル Lv21,"[object Object],[object Object],[object Object]",5,15181,13367,0.8805085303998419,0.6190476190476191,2491,production
184,rush,速攻,3833496089,c0a89a9e77bc94cf27b1a0bce434066e8457438218ea049011aad4b4a8d8d78c,stuck,0,tower,boss_retry_cap,400,200,40,133,73,60,537,76,57,199,0,0,15,0,0,0,0,0,3,2,0,0,1,1,2,[object Object],[object Object],0,0,0,3,213,12780,133,11032,23,6400,5,1100,8691,3202,,,,80,[object Object],289,28,6,3,21,3,リーフリン Lv26 / つぼみラビ Lv26 / ぷるミン Lv28,"[object Object],[object Object],[object Object]",4,16271,15982,0.9822383381476246,1,3323,production
185,balanced,バランス,2973291770,fd5af2ba6f289c9d408f65014c2d5da247dfa367250dab5d78ab7897ce092f76,completed,1,,,400,200,40,64,38,26,274,48,16,60,6,1,12,0,0,0,0,0,26,7,0,0,1,1,5,[object Object],[object Object],0,0,0,8,133,7980,64,3456,28,10380,4,750,5421,5540,,,,80,[object Object],3111,24,5,8,20,8,ルーメンオウル Lv23 / シンドレイク Lv21 / アクアン Lv24,"[object Object],[object Object],[object Object]",5,16631,13520,0.8129396909386086,1,1672,production
186,collector,収集・配合,1167032070,eb2db3612d3650ed3b91a31a3b650dc76d6b7642d808561fcb107cdc20293c33,completed,1,,,400,200,40,70,42,28,315,49,21,72,12,1,14,0,0,0,0,0,33,15,35,1750,36,26,12,[object Object],[object Object],0,0,0,13,60,3600,70,4831,29,9630,4,750,4674,7690,43,,,80,[object Object],2094,19,5,16,23,16,クラッグベア Lv19 / シンダーホーン Lv19 / ルミネル Lv18,"[object Object],[object Object],[object Object]",5,15134,13040,0.8616360512752742,0.7222222222222222,1915,production
187,rush,速攻,3586738682,70d2776b9b2fc36f9c28a5edcdf4caeba0c09e92497d7c94b32c465b09f5af1e,stuck,0,tower,boss_retry_cap,400,200,40,131,73,58,457,74,57,173,0,0,7,0,0,0,0,0,6,2,0,0,1,1,2,[object Object],[object Object],0,0,0,3,196,11760,131,9398,23,6400,5,1100,8064,3266,,,,80,[object Object],618,27,6,3,20,3,リーファウル Lv22 / アワマリン Lv27 / ぷるミン Lv26,"[object Object],[object Object],[object Object]",4,15644,15026,0.9604960368192278,1,3012,production
188,balanced,バランス,973105951,15885fecc4ee08ba7dd3dfaa6488436e814296fc6206b9c4a7b9b47840b688de,completed,1,,,400,200,40,60,37,23,265,42,18,60,9,1,16,0,0,0,0,0,17,6,0,0,1,1,5,[object Object],[object Object],0,0,0,7,88,5280,60,2421,27,8180,4,750,4366,5972,,,,80,[object Object],2124,22,5,7,21,7,ルーメンオウル Lv20 / ギアビット Lv20 / アクアン Lv22,"[object Object],[object Object],[object Object]",5,13376,11252,0.8412081339712919,1,1592,production
189,collector,収集・配合,530777985,1fb2038956ecab6c36fc8b9f03e72b00e9adc68cb1d1039e490ff4ed519bf977,completed,1,,,400,200,40,62,34,28,351,46,16,56,9,1,19,0,0,0,0,0,41,11,29,1450,30,18,9,[object Object],[object Object],0,0,0,10,28,1680,62,4860,30,15780,4,750,4359,10507,,,,80,[object Object],7332,22,5,12,22,12,グルーモス Lv22 / クラッグベア Lv18 / シンダーホーン Lv21,"[object Object],[object Object],[object Object]",5,20969,13637,0.6503409795412275,0.6,1902,production
190,rush,速攻,2913895430,7f2b63bab02e1662c298cac4e9ee33165464ac9fd3fe61f1f1d9f47431c0e14e,stuck,0,tower,boss_retry_cap,400,200,40,121,68,53,480,69,52,167,0,0,11,0,0,0,0,0,4,2,0,0,1,1,2,[object Object],[object Object],0,0,0,3,198,11880,121,8055,23,6400,4,750,7879,2917,,,,80,[object Object],312,28,5,3,24,3,ペブロン Lv25 / リーフリン Lv26 / ぷるミン Lv28,"[object Object],[object Object],[object Object]",4,15109,14797,0.9793500562578595,1,3009,production
191,balanced,バランス,138136006,096a79af144d162196435da20a6f5f7c6d41b8fdd0e753ef65a93183472a6c5a,completed,1,,,400,200,40,93,58,35,456,66,27,78,9,1,18,0,0,0,0,0,17,6,0,0,1,1,4,[object Object],[object Object],0,0,0,7,154,9240,93,3593,28,9080,5,1100,7279,5915,,,,80,[object Object],2384,25,6,7,23,7,ルミネル Lv24 / ギアビット Lv25 / アクアン Lv25,"[object Object],[object Object],[object Object]",5,17539,15155,0.8640743485945607,1,2632,production
192,collector,収集・配合,963832883,7fef6594080ce0d0778406576fc2afcd68e6e0c9fa2ec4a44892108c188ac8f8,completed,1,,,400,200,40,60,32,28,253,44,16,65,8,1,15,0,0,0,0,0,34,12,27,1350,28,16,10,[object Object],[object Object],0,0,0,11,34,2040,60,3488,31,22780,4,750,4412,14951,,,,80,[object Object],9681,24,5,13,23,13,グルーモス Lv22 / シンダーホーン Lv24 / クリスタゴン Lv21,"[object Object],[object Object],[object Object]",5,28022,18341,0.6545214474341589,0.5714285714285714,1570,production
193,rush,速攻,3090681418,d824c0475cd88bd302e2e566d0df9f4dba91a1e44add0f81c72978f868c018dd,stuck,0,tower,boss_retry_cap,400,200,40,117,66,51,397,67,50,162,0,0,9,0,0,0,0,0,2,2,0,0,1,1,2,[object Object],[object Object],0,0,0,3,196,11760,117,6493,23,6400,4,750,7930,3118,,,,80,[object Object],282,27,5,3,22,3,アクアン Lv24 / プフバット Lv27 / ぷるミン Lv26,"[object Object],[object Object],[object Object]",4,15160,14878,0.9813984168865435,1,2690,production
194,balanced,バランス,1444590150,ea03a9f2b92b56cc3d79f32c004466c28391be1bb5d86ef2aecb86896be2084d,completed,1,,,400,200,40,65,39,26,331,45,20,72,9,1,18,0,0,0,0,0,17,5,0,0,1,1,5,[object Object],[object Object],0,0,0,6,114,6840,65,3195,27,8180,4,750,4656,4437,,,,80,[object Object],2389,22,5,6,19,6,ルミネル Lv22 / トゲホッグ Lv21 / ヒノコぐま Lv22,"[object Object],[object Object],[object Object]",5,13666,11277,0.8251865944680228,1,1865,production
195,collector,収集・配合,2560432886,7d647a9803f0867ab937cd4f3d7bdc61a67546335bfdcff3992348eef17c3c5a,completed,1,,,400,200,40,103,64,39,634,73,30,117,13,1,29,0,0,0,0,0,54,12,55,2750,56,42,9,[object Object],[object Object],0,0,0,11,94,5640,103,7696,28,8780,5,1100,7465,7819,38,,,80,[object Object],1216,22,6,13,23,13,シンダーホーン Lv21 / グルーモス Lv22 / ルミネル Lv22,"[object Object],[object Object],[object Object]",5,17425,16209,0.9302152080344332,0.75,3393,production
196,rush,速攻,2083460545,db36436b6e9b0aafbf9c555ae4f64f3dc1f0b73894b90b87efdec0f9c131b112,stuck,0,tower,boss_retry_cap,400,200,40,113,64,49,401,65,48,156,0,0,13,0,0,0,0,0,3,2,0,0,1,1,2,[object Object],[object Object],0,0,0,3,196,11760,113,7035,23,6400,4,750,7717,2917,,,,80,[object Object],270,27,5,3,19,3,トゲホッグ Lv25 / リーフリン Lv27 / ぷるミン Lv26,"[object Object],[object Object],[object Object]",4,14947,14677,0.9819361744831738,1,2650,production
197,balanced,バランス,635428041,be3b0e2fd009219419a78dd632bdfdcffc7205f760fa1c819496e1353aed7742,completed,1,,,400,200,40,87,54,33,344,62,25,78,10,1,24,0,0,0,0,0,20,6,0,0,1,1,5,[object Object],[object Object],0,0,0,6,170,10200,87,4043,28,9080,5,1100,6989,5318,,,,80,[object Object],1731,26,6,7,23,7,クリスタゴン Lv23 / ギアビット Lv24 / アクアン Lv26,"[object Object],[object Object],[object Object]",5,17249,15518,0.8996463563105107,1,2188,production
198,collector,収集・配合,1230483003,97e0a4893bcd487855ab7381394dcda2f50c6233fe271e83b86294d75f28b566,completed,1,,,400,200,40,86,55,31,473,61,25,90,19,1,58,0,1,0,0,0,32,14,46,2300,47,35,11,[object Object],[object Object],0,0,0,10,94,5640,86,5258,29,9630,4,750,5401,6745,50,,,80,[object Object],1176,22,5,15,24,15,クラッグベア Lv20 / ルーメンオウル Lv22 / ルミネル Lv21,"[object Object],[object Object],[object Object]",5,15861,14685,0.9258558728957821,0.7446808510638298,2630,production
199,rush,速攻,1937863341,d78039fc64d4fed82e482d4230ffa6a195231133efc47a60b2292c03b2a50029,stuck,0,tower,boss_retry_cap,400,200,40,130,75,55,511,71,59,213,0,0,9,0,0,0,0,0,2,2,0,0,1,1,2,[object Object],[object Object],0,0,0,3,195,11700,130,10253,23,6400,4,750,8410,3674,,,,80,[object Object],266,26,5,3,23,3,プフバット Lv26 / リーフリン Lv25 / ぷるミン Lv26,"[object Object],[object Object],[object Object]",4,15640,15374,0.982992327365729,1,3223,production
200,balanced,バランス,2208837696,e21e7bba88359c87675853eefbc795acc736b088aadb1b55c7c175255c5fd7a2,completed,1,,,400,200,40,85,54,31,299,59,26,71,19,1,19,0,0,0,0,0,17,6,0,0,1,1,4,[object Object],[object Object],0,0,0,6,129,7740,85,2292,28,9080,4,750,6302,5396,,,,80,[object Object],3076,26,5,7,20,7,クリスタゴン Lv23 / ドリモール Lv26 / アッシュインプ Lv22,"[object Object],[object Object],[object Object]",5,16212,13136,0.8102640019738465,1,2002,production
201,collector,収集・配合,2794351500,a213c6fda4278234a6c36651a278d51c2dfeaed4ce67efaf1ceef336124d7452,completed,1,,,400,200,40,50,22,28,275,41,9,32,6,1,36,0,0,0,0,0,48,13,17,850,18,9,10,[object Object],[object Object],0,0,0,10,3,180,50,3537,31,22780,5,1100,4193,14071,29,,,80,[object Object],13052,21,6,14,18,14,ルーメンオウル Lv17 / シンダーホーン Lv21 / ルミネル Lv18,"[object Object],[object Object],[object Object]",5,28153,15101,0.5363904379639826,0.5,1519,production
202,rush,速攻,1601021148,c19ed02d882da1671c1273da761ea7e0cd8b0cc29bb59b0204789b6d3c395c98,stuck,0,tower,boss_retry_cap,400,200,40,131,76,55,500,71,60,208,0,0,10,0,0,0,0,0,2,2,0,0,1,1,2,[object Object],[object Object],0,0,0,3,202,12120,131,9257,23,6400,4,750,8389,3209,,,,80,[object Object],290,27,5,3,21,3,プフバット Lv27 / リーフリン Lv26 / ぷるミン Lv26,"[object Object],[object Object],[object Object]",4,15619,15329,0.9814328702221653,1,3199,production
203,balanced,バランス,2531297536,c98a95348e93ed122e9be76dd06754da10c8db76a58f35479aa8c2108e846bdd,completed,1,,,400,200,40,55,35,20,259,38,17,52,8,1,21,0,0,0,0,0,25,7,0,0,1,1,5,[object Object],[object Object],0,0,0,7,77,4620,55,1748,26,7280,4,750,3626,5680,,,,80,[object Object],1436,21,5,8,23,8,シンダーホーン Lv20 / クラッグベア Lv16 / リーファウル Lv21,"[object Object],[object Object],[object Object]",5,11736,10300,0.8776414451261078,1,1487,production
204,collector,収集・配合,225353476,a16174223934a69b2b5b124db1851cb6498be5ad9c0aa3cbf0fd402555f5550b,completed,1,,,400,200,40,81,47,34,344,54,27,100,14,1,14,0,0,0,0,0,41,10,40,2000,41,31,8,[object Object],[object Object],0,0,0,7,73,4380,81,3873,28,8780,4,750,5359,7382,,,,80,[object Object],1207,23,5,11,20,11,クリスタゴン Lv21 / グルーモス Lv19 / トゲホッグ Lv23,"[object Object],[object Object],[object Object]",5,14969,13762,0.9193666911617343,0.7560975609756098,2116,production
205,rush,速攻,3283972329,b2843758acee34791fddb63cd4f7218b8401557156dfb79012994df240b3e218,stuck,0,tower,boss_retry_cap,400,200,40,120,67,53,418,69,51,176,0,0,8,0,0,0,0,0,2,2,0,0,1,1,2,[object Object],[object Object],0,0,0,3,198,11880,120,8181,23,6400,4,750,7891,2920,,,,80,[object Object],321,26,5,3,24,3,プフバット Lv26 / つぼみラビ Lv26 / ぷるミン Lv26,"[object Object],[object Object],[object Object]",4,15121,14800,0.9787712452880101,1,2790,production
206,balanced,バランス,703032160,a0642529a731b536ac9dd7e05647285bb7d36c90621eb3ece23b98a8cae28b15,completed,1,,,400,200,40,107,67,40,386,73,34,100,14,1,16,0,0,0,0,0,20,5,0,0,1,1,4,[object Object],[object Object],0,0,0,5,178,10680,107,4058,27,8840,5,1100,8708,5706,,,,80,[object Object],2342,27,6,6,23,6,クリスタゴン Lv27 / アッシュインプ Lv27 / つぼみラビ Lv25,"[object Object],[object Object],[object Object]",5,18728,16386,0.874946604015378,1,2546,production
207,collector,収集・配合,1066814771,0b3579453e9105dc42297bdaa422ee190ba8fcbc33579aa5e2a4bedb380f9e22,completed,1,,,400,200,40,104,64,40,700,66,38,134,17,1,74,0,2,0,0,0,38,12,49,2450,50,35,10,[object Object],[object Object],0,0,0,10,55,3300,104,5265,28,8780,5,1100,5958,8811,,,,80,[object Object],1357,22,6,13,22,13,ルーメンオウル Lv22 / クリスタゴン Lv21 / リーファウル Lv21,"[object Object],[object Object],[object Object]",5,15918,14561,0.9147505968086443,0.7,3525,production
208,rush,速攻,1271262620,256dfe72b8a714963183d99b249c57fea992b61a76f90e5349b2febc57ef379a,stuck,0,tower,boss_retry_cap,400,200,40,135,74,61,547,77,58,219,0,0,13,0,0,0,0,0,2,2,0,0,1,1,2,[object Object],[object Object],0,0,0,3,213,12780,135,12333,23,6400,5,1100,8844,3346,,,,80,[object Object],298,28,6,3,22,3,リーフリン Lv26 / つぼみラビ Lv25 / ぷるミン Lv28,"[object Object],[object Object],[object Object]",4,16424,16126,0.9818558207501218,1,3400,production
209,balanced,バランス,1321583361,7fb2a9ac2f77acb783acf0d00c82a1a1256d25d937925a7d17d095692fc8c425,completed,1,,,400,200,40,51,31,20,237,39,12,32,9,1,18,0,0,0,0,0,25,5,0,0,1,1,3,[object Object],[object Object],0,0,0,6,112,6720,51,3003,26,7280,4,750,4461,4408,,,,80,[object Object],1443,23,5,6,20,6,オアロード Lv22 / リーファウル Lv23,"[object Object],[object Object]",5,12571,11128,0.8852119958634953,1,1385,production
210,collector,収集・配合,3275993230,fe4f477df40dfce85db1258261c5d5d1cd4cbacad8703b47881337b284fc2ee3,completed,1,,,400,200,40,73,45,28,340,49,24,85,12,1,22,0,0,0,0,0,32,12,38,1900,39,27,9,[object Object],[object Object],0,0,0,10,64,3840,73,4336,28,8780,4,750,4765,7264,40,,,80,[object Object],1371,20,5,13,21,13,グルーモス Lv19 / ルーメンオウル Lv20 / クリスタゴン Lv20,"[object Object],[object Object],[object Object]",5,14375,13004,0.9046260869565217,0.6923076923076923,1986,production
211,rush,速攻,1979971925,fc294bfbfae8c59517d9f4ebebd32bac23a3a5995f28152d30a0849ae6aaf13b,stuck,0,tower,boss_retry_cap,400,200,40,122,68,54,447,70,52,162,0,0,8,0,0,0,0,0,2,2,0,0,1,1,2,[object Object],[object Object],0,0,0,3,205,12300,122,5037,23,6400,4,750,8248,2898,,,,80,[object Object],280,28,5,3,23,3,トゲホッグ Lv26 / つぼみラビ Lv28 / ぷるミン Lv28,"[object Object],[object Object],[object Object]",4,15478,15198,0.9819098074686652,1,2909,production
212,balanced,バランス,3081543405,86bfa8e16c4e72df09200f93752a600ed58dc8bf7d9a98fffc334677ae70a34e,completed,1,,,400,200,40,92,59,33,358,63,29,86,10,1,19,0,0,0,0,0,10,6,0,0,1,1,4,[object Object],[object Object],0,0,0,7,140,8400,92,4190,28,9080,4,750,7229,6353,,,,80,[object Object],2386,26,5,7,19,7,グルーモス Lv26 / トゲホッグ Lv26 / アッシュインプ Lv24,"[object Object],[object Object],[object Object]",5,17139,14753,0.8607853433689246,1,2279,production
213,collector,収集・配合,2628631562,21b3082550a977637052433e5744a9f0ccfe1228b186dd91c399477604cba390,completed,1,,,400,200,40,118,79,39,600,87,31,93,22,1,24,0,0,0,0,0,26,10,66,3300,67,56,7,[object Object],[object Object],0,0,0,9,121,7260,118,5428,28,8780,5,1100,8661,6860,67,,,80,[object Object],1201,22,6,11,23,11,クラッグベア Lv21 / グルーモス Lv22 / ルミネル Lv22,"[object Object],[object Object],[object Object]",5,18621,17420,0.9355029268030718,0.835820895522388,3434,production
214,rush,速攻,4025466008,5ab5352004d0afbe57abfdec16780fa9b4cde7ed15e0ce3cce99ffe60dbd8574,stuck,0,tower,boss_retry_cap,400,200,40,128,73,55,424,71,57,165,0,0,9,0,0,0,0,0,4,2,0,0,1,1,2,[object Object],[object Object],0,0,0,3,189,11340,128,4822,23,6400,4,750,7929,3519,,,,80,[object Object],300,27,5,3,22,3,グルーモス Lv24 / トゲホッグ Lv26 / ぷるミン Lv27,"[object Object],[object Object],[object Object]",4,15159,14859,0.980209776370473,1,2890,production
215,balanced,バランス,2592844621,e204db33a0c47e9ef9b2057cf8dccbe0214ed5da4b687cf66d0f7228cacfd2d4,completed,1,,,400,200,40,90,56,34,333,63,27,72,12,1,19,0,0,0,0,0,19,6,0,0,1,1,4,[object Object],[object Object],0,0,0,5,146,8760,90,3386,28,9080,4,750,6791,4920,,,,80,[object Object],3021,25,5,7,20,7,クリスタゴン Lv23 / シンドレイク Lv25 / ぷるミン Lv25,"[object Object],[object Object],[object Object]",5,16701,13680,0.8191126279863481,1,2153,production
216,collector,収集・配合,277735207,65c382e4583e60035931eddffcb095a6a79e99cfceff095ce6eda86bdccfe273,completed,1,,,400,200,40,75,41,34,441,50,25,87,7,1,42,0,0,0,0,0,43,8,34,1700,35,25,6,[object Object],[object Object],0,0,0,9,49,2940,75,4799,27,9680,4,750,5463,8944,,,,80,[object Object],2389,21,5,9,17,9,グルーモス Lv19 / シンダーホーン Lv21 / ルーメンオウル Lv20,"[object Object],[object Object],[object Object]",5,15973,13584,0.8504351092468541,0.7142857142857143,2339,production
217,rush,速攻,3120265937,2d8583c82a97440294304b00dcf98114e40207725501c2081c448bda112c99db,stuck,0,tower,boss_retry_cap,400,200,40,133,75,58,529,74,59,216,0,0,8,0,0,0,0,0,2,2,0,0,1,1,2,[object Object],[object Object],0,0,0,3,202,12120,133,11513,23,6400,5,1100,8521,3738,,,,80,[object Object],243,27,6,3,22,3,プフバット Lv27 / ぷるミン Lv26 / つぼみラビ Lv26,"[object Object],[object Object],[object Object]",4,16101,15858,0.9849077697037452,1,3311,production
218,balanced,バランス,2102594094,976c3c4ea2d826ea8451d284fd75531665c47b1ef70bca004226f9266d439b9d,completed,1,,,400,200,40,59,36,23,309,42,17,57,7,1,20,0,0,0,0,0,28,7,0,0,1,1,5,[object Object],[object Object],0,0,0,7,96,5760,59,3681,27,8180,4,750,4273,5399,,,,80,[object Object],2124,22,5,8,22,8,クラッグベア Lv18 / シンドレイク Lv19 / アクアン Lv22,"[object Object],[object Object],[object Object]",5,13283,11159,0.840096363773244,1,1729,production
219,collector,収集・配合,3646755185,a0cb691911c9fef188e3f296f52e67c4bbbb5512a78f2179c163ff77dc6dfbcb,completed,1,,,400,200,40,76,43,33,398,49,27,101,10,1,19,0,0,0,0,0,46,12,36,1800,37,25,10,[object Object],[object Object],1,6,0,11,64,3840,76,5508,29,8930,4,750,4679,7563,,,,80,[object Object],1236,21,5,12,22,14,ルーメンオウル Lv18 / クリスタゴン Lv20 / ルミネル Lv21,"[object Object],[object Object],[object Object]",5,14439,13203,0.9143985040515271,0.6756756756756757,2259,production
220,rush,速攻,1592952155,22498a85f24daeb0cde27dd1e5635d5a99f9856b45d642bc6b28244d657bbce7,stuck,0,tower,boss_retry_cap,400,200,40,110,61,49,348,65,45,135,0,0,11,0,0,0,0,0,4,2,0,0,1,1,2,[object Object],[object Object],0,0,0,3,197,11820,110,3313,23,6400,4,750,7579,2674,,,,80,[object Object],315,28,5,3,19,3,グルーモス Lv27 / リーフリン Lv28 / ぷるミン Lv28,"[object Object],[object Object],[object Object]",4,14809,14494,0.9787291511918428,1,2431,production
221,balanced,バランス,675484281,ac600c465d61e2a2a8704fd822677de531727a67ac7a49536f2bf2dc5aa194c1,completed,1,,,400,200,40,66,40,26,314,51,15,50,12,1,18,0,0,0,0,0,24,8,0,0,1,1,5,[object Object],[object Object],0,0,0,8,176,10560,66,3847,29,11280,4,750,5681,5120,27,,,80,[object Object],2111,25,5,9,22,9,ルミネル Lv22 / ギアビット Lv25 / ドリモール Lv24,"[object Object],[object Object],[object Object]",5,17791,15680,0.881344500028104,1,1838,production
222,collector,収集・配合,2331548672,d2abde26f4c5c01a42e8c22324019e4f0015ab2a030b37eacaa89233dcb5f1be,completed,1,,,400,200,40,59,31,28,297,44,15,59,7,1,18,0,0,0,0,0,48,15,26,1300,27,14,13,[object Object],[object Object],0,0,0,11,27,1620,59,3269,32,23630,4,750,3634,13202,,,,80,[object Object],11972,24,5,16,23,16,シンダーホーン Lv23 / ルーメンオウル Lv20 / グルーモス Lv24,"[object Object],[object Object],[object Object]",5,28094,16122,0.573859187015021,0.5185185185185185,1738,production
223,rush,速攻,3433508683,4bbfd1e70eb239b1bb4487d815dee86bc7012dd2d6f31ba6ccbc26209c423ca4,stuck,0,tower,boss_retry_cap,400,200,40,118,68,50,430,66,52,168,0,0,8,0,0,0,0,0,3,2,0,0,1,1,2,[object Object],[object Object],0,0,0,3,196,11760,118,6044,23,6400,4,750,7823,2959,,,,80,[object Object],334,27,5,3,22,3,トゲホッグ Lv25 / プフバット Lv27 / ぷるミン Lv26,"[object Object],[object Object],[object Object]",4,15053,14719,0.9778117318806883,1,2796,production
224,balanced,バランス,4061246489,6a22ac7d0509c897efae2979b0f7a0f916c1cdac963fc22d0f2fefa209748230,completed,1,,,400,200,40,85,53,32,349,61,24,75,14,1,21,0,0,0,0,0,24,8,0,0,1,1,6,[object Object],[object Object],0,0,0,7,158,9480,85,4462,28,9080,5,1100,6897,5960,,,,80,[object Object],1717,26,6,9,21,9,グルーモス Lv24 / シンドレイク Lv26 / リーフリン Lv23,"[object Object],[object Object],[object Object]",5,17157,15440,0.8999242291775952,1,2168,production
225,collector,収集・配合,1645071644,b835ddd1ffecb254dee0732c9d75f54ea8acb0abe489dc1b112d4ec96a92139c,completed,1,,,400,200,40,97,61,36,707,63,34,123,11,1,76,0,2,0,0,0,35,9,49,2450,50,35,7,[object Object],[object Object],0,0,0,9,67,4020,97,5379,27,8180,5,1100,7342,8843,,,,80,[object Object],1389,23,6,10,21,10,ルーメンオウル Lv22 / グルーモス Lv22 / ルミネル Lv23,"[object Object],[object Object],[object Object]",5,16702,15313,0.9168363070290984,0.7,3373,production
226,rush,速攻,3579859222,00bb03253981875aa048673dc288841748bba6b11a238666d280ed9a3bc2c9a7,stuck,0,tower,boss_retry_cap,400,200,40,116,66,50,402,66,50,179,0,0,8,0,0,0,0,0,2,2,0,0,1,1,2,[object Object],[object Object],0,0,0,3,191,11460,116,8373,23,6400,4,750,7788,3254,,,,80,[object Object],304,26,5,3,22,3,プフバット Lv26 / つぼみラビ Lv25 / ぷるミン Lv26,"[object Object],[object Object],[object Object]",4,15018,14714,0.9797576241843121,1,2685,production
227,balanced,バランス,3693716050,7b4d7a6d574922f2023ec1f2f5acab385c71dfbd22efd45098a4792246e116a8,completed,1,,,400,200,40,72,44,28,304,53,19,68,13,1,18,0,0,0,0,0,20,6,0,0,1,1,5,[object Object],[object Object],0,0,0,6,142,8520,72,4323,27,8180,4,750,5907,4939,,,,80,[object Object],1458,23,5,7,21,7,グルーモス Lv22 / クリスタゴン Lv21 / シンドレイク Lv23,"[object Object],[object Object],[object Object]",5,14917,13459,0.9022591673929075,1,1863,production
228,collector,収集・配合,2428015088,5ac4ec2528a659dbeb3574b599f2329d8d3c58e5b37bb197432f5db4afb5a290,completed,1,,,400,200,40,53,25,28,302,40,13,50,9,1,17,0,0,0,0,0,48,14,20,1000,21,9,12,[object Object],[object Object],0,0,0,12,4,240,53,3649,32,23630,4,750,3723,14448,,,,80,[object Object],12495,24,5,15,21,15,シンダーホーン Lv23 / クラッグベア Lv15 / シンドレイク Lv24,"[object Object],[object Object],[object Object]",5,28183,15688,0.5566476244544584,0.42857142857142855,1629,production
229,rush,速攻,1453781572,58b2bc0c0b8a212358ccec26cac1eadc3d84afb86e6500c993dedd4dd90d3e8e,stuck,0,tower,boss_retry_cap,400,200,40,123,69,54,450,70,53,189,0,0,14,0,0,0,0,0,2,2,0,0,1,1,2,[object Object],[object Object],0,0,0,3,203,12180,123,8381,23,6400,4,750,8496,3263,,,,80,[object Object],283,27,5,3,20,3,プフバット Lv25 / リーフリン Lv27 / ぷるミン Lv26,"[object Object],[object Object],[object Object]",4,15726,15443,0.982004324049345,1,2928,production
230,balanced,バランス,3361617413,097435f81e957854971ec05ba9d6e2d4e7bef5e5f804fe258b473f149e9bca32,completed,1,,,400,200,40,84,53,31,325,63,21,60,7,1,10,0,0,0,0,0,31,6,0,0,1,1,4,[object Object],[object Object],0,0,0,7,201,12060,84,3618,29,11280,5,1100,7006,5705,33,,,80,[object Object],1701,26,6,7,21,7,ルミネル Lv23 / ギアビット Lv26 / トゲホッグ Lv24,"[object Object],[object Object],[object Object]",5,19466,17765,0.9126168704407686,1,2079,production
231,collector,収集・配合,2693440767,bfd4491f1f5f097f295fc578f3d09371dc615971cc46495f33a6788d27194d51,completed,1,,,400,200,40,86,50,36,469,64,22,86,8,1,17,0,0,0,0,0,52,11,45,2250,46,34,9,[object Object],[object Object],0,0,0,11,120,7200,86,5728,32,23680,5,1100,6198,15871,,,,80,[object Object],5737,25,6,12,24,12,グルーモス Lv25 / ルーメンオウル Lv22 / ルミネル Lv22,"[object Object],[object Object],[object Object]",5,31058,25321,0.8152810869985189,0.7391304347826086,2595,production
232,rush,速攻,3410611155,fd5d085a920636cfd13d695dedd2098e8c05781bde72cbd9c2f91f24eec7bfde,stuck,0,tower,boss_retry_cap,400,200,40,118,65,53,472,69,49,175,0,0,10,0,0,0,0,0,2,2,0,0,1,1,2,[object Object],[object Object],0,0,0,3,203,12180,118,10476,23,6400,4,750,8075,2835,,,,80,[object Object],290,26,5,3,23,3,リーフリン Lv26 / つぼみラビ Lv26 / ぷるミン Lv26,"[object Object],[object Object],[object Object]",4,15305,15015,0.9810519438092127,1,2939,production
233,balanced,バランス,1847687113,d3f3590f15883a71782ec84c7dd2d42a4a1539a88bf5fb1f885a2c92d0715b06,completed,1,,,400,200,40,45,26,19,201,37,8,37,6,1,14,0,0,0,0,0,24,7,0,0,1,1,6,[object Object],[object Object],0,0,0,8,54,3240,45,3615,30,22180,4,750,4006,7551,27,,,80,[object Object],16225,25,5,8,19,8,クリスタゴン Lv23 / シンダーホーン Lv21 / リーファウル Lv25,"[object Object],[object Object],[object Object]",5,27016,10791,0.3994299674267101,1,1204,production
234,collector,収集・配合,486838357,7d8bc72592112770437fa9454268dcf6a2285e8be9c96d416dccb2a0181d6f98,completed,1,,,400,200,40,127,84,43,615,86,41,133,16,1,23,0,0,0,0,0,24,9,69,3450,70,58,7,[object Object],[object Object],0,0,0,9,83,4980,127,7914,28,9080,5,1100,9595,9135,,,,80,[object Object],2290,25,6,10,21,10,グルーモス Lv25 / クリスタゴン Lv25 / リーファウル Lv25,"[object Object],[object Object],[object Object]",5,19855,17565,0.884663812641652,0.8285714285714286,3565,production
235,rush,速攻,1094751399,598f532fa2a872730c705d3add1bf2f22ee451a751c95b7280be578d117cf37e,completed,1,,,400,200,40,87,49,38,237,54,33,97,0,0,6,0,0,0,0,0,3,2,0,0,1,1,2,[object Object],[object Object],0,0,0,3,173,10380,87,1801,24,7200,4,750,6119,2269,,,,80,[object Object],1500,26,5,3,20,3,グルーモス Lv23 / プフバット Lv26 / ぷるミン Lv26,"[object Object],[object Object],[object Object]",5,14149,12649,0.893985440667185,1,1778,production
236,balanced,バランス,1970033845,4df771abf8bc007a192078c99305972ad1942bc83a204c94040a84601fb816f4,completed,1,,,400,200,40,85,53,32,329,57,28,98,12,1,11,0,0,0,0,0,12,7,0,0,1,1,6,[object Object],[object Object],0,0,0,7,126,7560,85,3974,27,8180,4,750,6459,5524,,,,80,[object Object],2385,23,5,8,22,8,クリスタゴン Lv22 / リーファウル Lv22 / ドリモール Lv23,"[object Object],[object Object],[object Object]",5,15469,13084,0.845820673605275,1,2109,production
237,collector,収集・配合,2415497218,9cc20862b0d35cc92a00594fdb0ce9ac2a83910e802a1f54849dc40fb4ce1ca7,completed,1,,,400,200,40,95,59,36,422,65,30,89,12,1,43,0,0,0,0,0,29,9,45,2250,46,35,7,[object Object],[object Object],0,0,0,7,68,4080,95,3669,27,8180,4,750,6444,7293,,,,80,[object Object],1831,22,5,10,24,10,ルーメンオウル Lv22 / ギアビット Lv22 / シンドレイク Lv21,"[object Object],[object Object],[object Object]",5,15454,13623,0.881519347741685,0.7608695652173914,2528,production
238,rush,速攻,4282061661,74a12badcb85567fab845bed438f883ea35e0d8bf135fe1f8755154f95199fe9,stuck,0,tower,boss_retry_cap,400,200,40,114,63,51,438,67,47,159,0,0,8,0,0,0,0,0,2,2,0,0,1,1,2,[object Object],[object Object],0,0,0,3,199,11940,114,8015,23,6400,4,750,7765,2770,,,,80,[object Object],285,28,5,3,21,3,トゲホッグ Lv24 / リーフリン Lv28 / ぷるミン Lv26,"[object Object],[object Object],[object Object]",4,14995,14710,0.9809936645548516,1,2773,production
239,balanced,バランス,3182739477,a7ab1888c11558d15c8281a5eae57ecc3d930a42810b08961376a1ee3aeed533,completed,1,,,400,200,40,117,76,41,421,78,39,125,12,1,14,0,0,0,0,0,23,6,0,0,1,1,5,[object Object],[object Object],0,0,0,7,181,10860,117,5244,28,9080,5,1100,9021,7024,,,,80,[object Object],1397,27,6,7,22,7,グルーモス Lv26 / シンドレイク Lv26 / アクアン Lv27,"[object Object],[object Object],[object Object]",5,19281,17884,0.9275452518022924,1,2788,production
240,collector,収集・配合,1309358153,17b227074a71878759c45f3a0f1797c47f24661821adb184f5ce28d60a6d6aa8,completed,1,,,400,200,40,90,54,36,510,62,28,100,15,1,21,0,0,0,0,0,43,10,44,2200,45,36,7,[object Object],[object Object],0,0,0,9,77,4620,90,3672,29,10980,5,1100,6438,9229,32,,,80,[object Object],2549,23,6,11,22,11,ルミネル Lv23 / グルーモス Lv22 / シンダーホーン Lv22,"[object Object],[object Object],[object Object]",5,18598,16049,0.8629422518550381,0.8,2750,production
241,rush,速攻,43506075,eb1c53ea43c729c0a83a546ed4f47aa183adc02e70bb091b3dedfe961dfb00bc,stuck,0,tower,boss_retry_cap,400,200,40,117,65,52,462,68,49,161,0,0,11,0,0,0,0,0,3,2,0,0,1,1,2,[object Object],[object Object],0,0,0,3,198,11880,117,7628,23,6400,4,750,7931,2993,,,,80,[object Object],288,28,5,3,22,3,トゲホッグ Lv25 / リーフリン Lv28 / ぷるミン Lv26,"[object Object],[object Object],[object Object]",4,15161,14873,0.981003891563881,1,2893,production
242,balanced,バランス,2978077888,3e8f70eb86d4fca3ed5559c1c8d7d3af64f6df369bee6556e1600bbfa6aed62e,completed,1,,,400,200,40,117,74,43,549,79,38,127,12,1,16,0,0,0,0,0,24,5,0,0,1,1,5,[object Object],[object Object],0,0,0,6,179,10740,117,5936,28,9080,5,1100,8776,5881,,,,80,[object Object],2415,27,6,6,23,6,ルミネル Lv25 / リーファウル Lv26 / アッシュインプ Lv27,"[object Object],[object Object],[object Object]",5,19036,16621,0.8731351124185753,1,3255,production
243,collector,収集・配合,256612591,051e86e1fcc1c7cfcf95d1a97e8c1125529e0004dbbf1b61d1dec0211e8c42f0,completed,1,,,400,200,40,69,41,28,362,50,19,82,9,1,22,0,0,0,0,0,31,14,39,1950,40,29,11,[object Object],[object Object],0,0,0,12,86,5160,69,5311,30,11830,4,750,5207,8132,38,,,80,[object Object],2625,22,5,15,22,15,グルーモス Lv21 / ルミネル Lv21 / クリスタゴン Lv22,"[object Object],[object Object],[object Object]",5,17867,15242,0.8530810992332233,0.725,2079,production
244,rush,速攻,3006509272,c504a68f884539405ac2b829a93ab2a82001cbae8e8e9c832639175fc47b8656,stuck,0,tower,boss_retry_cap,400,200,40,136,76,60,485,76,60,203,0,0,9,0,0,0,0,0,2,2,0,0,1,1,2,[object Object],[object Object],0,0,0,3,210,12600,136,8702,23,6400,5,1100,8531,3196,,,,80,[object Object],315,27,6,3,23,3,プフバット Lv27 / つぼみラビ Lv26 / ぷるミン Lv27,"[object Object],[object Object],[object Object]",4,16111,15796,0.9804481410216622,1,3191,production
245,balanced,バランス,3210020708,02b58ed06f11b2945687213ead13960e739d8b5eac97e9b2ec5898df21bf7a09,completed,1,,,400,200,40,55,32,23,215,41,14,38,11,1,13,0,0,0,0,0,19,7,0,0,1,1,6,[object Object],[object Object],0,0,0,6,107,6420,55,2219,27,8180,4,750,4099,4569,,,,80,[object Object],2120,22,5,8,20,8,クラッグベア Lv20 / オアロード Lv22,"[object Object],[object Object]",5,13109,10989,0.8382790449309635,1,1371,production
246,collector,収集・配合,1781855760,e441f190bca8f1e708f5d36e1fc18a0bc86c72edd1b28ef02c0354a29f5c8c1b,completed,1,,,400,200,40,98,58,40,502,62,36,120,12,1,45,0,0,0,0,0,32,10,45,2250,46,36,9,[object Object],[object Object],0,0,0,9,68,4080,98,3417,28,8780,4,750,5893,7314,,,,80,[object Object],1859,22,5,11,21,11,ルーメンオウル Lv22 / クリスタゴン Lv21 / グルーモス Lv21,"[object Object],[object Object],[object Object]",5,15503,13644,0.88008772495646,0.782608695652174,2849,production
247,rush,速攻,3941061617,e181a1576116972911d145b78ed6074f3758cdaa46dd7ae97181f8d0653149c1,stuck,0,tower,boss_retry_cap,400,200,40,141,79,62,566,78,63,211,0,0,11,0,0,0,0,0,2,2,0,0,1,1,2,[object Object],[object Object],0,0,0,3,193,11580,141,10865,23,6400,5,1100,8567,4275,,,,80,[object Object],292,28,6,3,22,3,リーフリン Lv26 / つぼみラビ Lv26 / ぷるミン Lv28,"[object Object],[object Object],[object Object]",4,16147,15855,0.9819161454140088,1,3523,production
248,balanced,バランス,2237512558,3ff5bf17dc6b5c327e743c8eb98b4188328c102acefbda380915e726c18cb669,completed,1,,,400,200,40,82,52,30,330,53,29,88,7,1,11,0,0,0,0,0,16,4,0,0,1,1,4,[object Object],[object Object],0,0,0,5,111,6660,82,3382,26,7920,4,750,5177,4914,,,,80,[object Object],2353,21,5,5,22,5,クリスタゴン Lv21 / シンダーホーン Lv20 / アクアン Lv21,"[object Object],[object Object],[object Object]",5,13927,11574,0.8310476053708623,1,2045,production
249,collector,収集・配合,2345028134,59cc6a6c77c181e1858edfc8b94c193a345fc6dd85b9310eb557503ff9c5f8ee,completed,1,,,400,200,40,57,28,29,279,44,13,53,12,1,20,0,0,0,0,0,49,14,23,1150,24,12,11,[object Object],[object Object],0,0,0,10,15,900,57,4183,32,23630,4,750,4309,14387,32,,,80,[object Object],12332,24,5,15,20,15,シンダーホーン Lv24 / グルーモス Lv24 / クラッグベア Lv15,"[object Object],[object Object],[object Object]",5,28769,16437,0.5713441551670201,0.5,1629,production
250,rush,速攻,435390412,be6890276fc34240abfb1853fa5d728ec0542f4468376180ce60cee59b80a2d1,stuck,0,tower,boss_retry_cap,400,200,40,109,62,47,402,63,46,143,0,0,9,0,0,0,0,0,3,2,0,0,1,1,2,[object Object],[object Object],0,0,0,3,187,11220,109,5402,23,6400,4,750,7800,3533,,,,80,[object Object],277,27,5,3,22,3,ドリモール Lv25 / リーフリン Lv27 / ぷるミン Lv26,"[object Object],[object Object],[object Object]",4,15030,14753,0.9815701929474384,1,2598,production
251,balanced,バランス,2780830730,70699795142f5e002db6762ed70d904b0f4cf6f59bd9233f61cdda4ca29e349c,completed,1,,,400,200,40,54,32,22,233,41,13,41,13,1,16,0,0,0,0,0,17,6,0,0,1,1,4,[object Object],[object Object],0,0,0,7,112,6720,54,3902,27,8180,4,750,4497,4605,,,,80,[object Object],2182,23,5,7,20,7,クリスタゴン Lv20 / トゲホッグ Lv23 / ヒノコぐま Lv19,"[object Object],[object Object],[object Object]",5,13507,11325,0.8384541348930185,1,1410,production
252,collector,収集・配合,164287231,89a00447d3fc341704a248567726fc4e25db768283f197363dd06b6dc520ef5c,completed,1,,,400,200,40,103,61,42,653,68,35,122,14,1,26,0,0,0,0,0,29,13,48,2400,49,39,12,[object Object],[object Object],0,0,0,10,68,4080,103,4791,28,8780,5,1100,6355,7775,,,,80,[object Object],2060,23,6,14,22,14,ルミネル Lv23 / ルーメンオウル Lv20 / クリスタゴン Lv21,"[object Object],[object Object],[object Object]",5,16315,14255,0.873735825927061,0.7959183673469388,3457,production
253,rush,速攻,1481856828,f0bc929f686754467e68e8882d6cca379f2b9ee7d491f2a3641de84906cc0639,stuck,0,tower,boss_retry_cap,400,200,40,108,60,48,416,64,44,149,0,0,9,0,0,0,0,0,2,2,0,0,1,1,2,[object Object],[object Object],0,0,0,3,196,11760,108,7933,23,6400,4,750,7587,2769,,,,80,[object Object],288,27,5,3,23,3,トゲホッグ Lv25 / つぼみラビ Lv27 / ぷるミン Lv26,"[object Object],[object Object],[object Object]",4,14817,14529,0.9805628669771209,1,2627,production
254,balanced,バランス,2191709599,c56bebad198793cb3d856b50d65f90952663b7aa20304ee3ed5bcdd1811529d0,completed,1,,,400,200,40,94,60,34,446,64,30,88,10,1,20,0,0,0,0,0,27,6,0,0,1,1,4,[object Object],[object Object],0,0,0,7,149,8940,94,4683,28,9080,5,1100,7450,7111,,,,80,[object Object],1659,27,6,7,19,7,ルミネル Lv24 / トゲホッグ Lv27 / リーフリン Lv23,"[object Object],[object Object],[object Object]",5,17710,16051,0.9063241106719367,1,2597,production
255,collector,収集・配合,1076745375,11ca2c5b5802c5e5752ea73f8dcb05b5a9b234991b31a0bbaa1d726fcbacba10,completed,1,,,400,200,40,56,31,25,270,44,12,45,8,1,21,0,0,0,0,0,41,15,26,1300,27,15,12,[object Object],[object Object],0,0,0,12,30,1800,56,3412,33,24530,4,750,4282,14477,31,,,80,[object Object],12065,25,5,16,20,16,シンダーホーン Lv25 / クリスタゴン Lv23 / ギアビット Lv19,"[object Object],[object Object],[object Object]",5,29642,17577,0.5929761824438297,0.5555555555555556,1567,production
256,rush,速攻,3645337507,fa55ed53f732bc0c580127d966fdfdab90178f838d18e3add0b48ac2bc33ae0f,stuck,0,tower,boss_retry_cap,400,200,40,133,74,59,496,75,58,204,0,0,13,0,0,0,0,0,3,2,0,0,1,1,2,[object Object],[object Object],0,0,0,3,208,12480,133,9991,23,6400,5,1100,8561,3352,,,,80,[object Object],309,27,6,3,23,3,プフバット Lv27 / つぼみラビ Lv26 / ぷるミン Lv27,"[object Object],[object Object],[object Object]",4,16141,15832,0.9808562046961155,1,3174,production
257,balanced,バランス,3521489405,a6d59aaea2c9a38e322021e41d0156d5b3d307cb64fbde623f340dbab65925f6,completed,1,,,400,200,40,74,46,28,355,53,21,55,8,1,21,0,0,0,0,0,7,5,0,0,1,1,3,[object Object],[object Object],0,0,0,6,122,7320,74,3088,27,8180,4,750,5629,4936,,,,80,[object Object],2383,24,5,6,19,6,ルミネル Lv23 / シンドレイク Lv24 / トゲホッグ Lv22,"[object Object],[object Object],[object Object]",5,14639,12256,0.8372156568071589,1,2072,production
258,collector,収集・配合,3159889623,ea99fe3568ec6c798baef9d51535a3b4fb2ed7406d111e5ced79fd8f0a9e600f,completed,1,,,400,200,40,92,56,36,507,63,29,103,10,1,34,0,0,0,0,0,32,12,45,2250,46,35,10,[object Object],[object Object],0,0,0,9,78,4680,92,4566,28,8780,5,1100,6330,7956,,,,80,[object Object],1404,23,6,13,23,13,ルミネル Lv23 / グルーモス Lv21 / ギアビット Lv23,"[object Object],[object Object],[object Object]",5,16290,14886,0.9138121546961326,0.7608695652173914,2814,production
259,rush,速攻,1629899228,f040bf164acf87ed534aecb70744fdfdcd301aa966bc5724ecc73ff03224558b,stuck,0,tower,boss_retry_cap,400,200,40,133,74,59,509,75,58,211,0,0,11,0,0,0,0,0,2,2,0,0,1,1,2,[object Object],[object Object],0,0,0,3,211,12660,133,10056,23,6400,5,1100,8583,3232,,,,80,[object Object],271,28,6,3,22,3,プフバット Lv24 / つぼみラビ Lv28 / ぷるミン Lv26,"[object Object],[object Object],[object Object]",4,16163,15892,0.9832333106477757,1,3242,production
260,balanced,バランス,1521143957,82d8e4b106f3b0174c5e10a58a64524b5143baad29a69341463c316e82347301,completed,1,,,400,200,40,63,39,24,279,47,16,58,11,1,17,0,0,0,0,0,17,9,0,0,1,1,6,[object Object],[object Object],0,0,0,9,134,8040,63,3345,27,8180,4,750,4603,4131,39,,,80,[object Object],1442,23,5,10,23,10,ルーメンオウル Lv18 / グルーモス Lv21 / ヒノコぐま Lv23,"[object Object],[object Object],[object Object]",5,13613,12171,0.8940718430911628,1,1682,production
261,collector,収集・配合,1225474039,6804b61e6b254ba7e39fb9ea7dd9b2555dfeb21f28760760e82f5ae509124e7e,completed,1,,,400,200,40,75,40,35,387,57,18,72,8,1,19,0,0,0,0,0,73,9,35,1750,36,22,8,[object Object],[object Object],0,0,0,9,65,3900,75,5743,30,22180,5,1100,6736,20727,,,,80,[object Object],3719,21,6,10,20,10,ルーメンオウル Lv20 / シンダーホーン Lv18 / ギアビット Lv21,"[object Object],[object Object],[object Object]",5,30096,26377,0.8764287612971824,0.6111111111111112,2183,production
262,rush,速攻,1677978847,7665b7c640ab11aae1c8aafa89c414d1d2a823e137bff66a3cc11682d677171a,stuck,0,tower,boss_retry_cap,400,200,40,108,60,48,374,64,44,138,0,0,8,0,0,0,0,0,2,2,0,0,1,1,2,[object Object],[object Object],0,0,0,3,194,11640,108,4821,23,6400,4,750,7500,2798,,,,80,[object Object],292,27,5,3,23,3,ドリモール Lv25 / リーフリン Lv27 / ぷるミン Lv27,"[object Object],[object Object],[object Object]",4,14730,14438,0.9801765105227427,1,2503,production
263,balanced,バランス,527685460,c35ebf2732c85ebd24a787f28b74371ad8847e6110bb40cfb1f537185a6e8233,completed,1,,,400,200,40,70,44,26,313,45,25,90,11,1,11,0,0,0,0,0,20,7,0,0,1,1,6,[object Object],[object Object],0,0,0,7,98,5880,70,3347,27,8180,4,750,4813,5566,,,,80,[object Object],2377,22,5,8,21,8,クラッグベア Lv20 / リーファウル Lv22 / ギアビット Lv21,"[object Object],[object Object],[object Object]",5,13823,11446,0.828040222817044,1,1866,production
264,collector,収集・配合,1933608899,011c1bc553d7c57773bfe4a77c0c74416c5316ed39e53313f0b61c99919c5af7,completed,1,,,400,200,40,119,78,41,742,80,39,130,13,1,60,0,1,0,0,0,36,10,62,3100,63,49,8,[object Object],[object Object],0,0,0,11,83,4980,119,6004,29,9680,5,1100,8207,8685,,,,80,[object Object],2302,25,6,11,21,11,ルミネル Lv25 / ルーメンオウル Lv23 / グルーモス Lv23,"[object Object],[object Object],[object Object]",5,19067,16765,0.8792678449677453,0.7777777777777778,3893,production
265,rush,速攻,63354172,8495cd17b3799c13cd14e2dcfa810ba930abd49cea90f04cdc1b1fc8b1a99bbf,stuck,0,tower,boss_retry_cap,400,200,40,114,64,50,464,66,48,150,0,0,8,0,0,0,0,0,2,2,0,0,1,1,2,[object Object],[object Object],0,0,0,3,199,11940,114,7548,23,6400,4,750,7801,2805,,,,80,[object Object],286,28,5,3,22,3,ペブロン Lv25 / リーフリン Lv27 / ぷるミン Lv28,"[object Object],[object Object],[object Object]",4,15031,14745,0.9809726565098796,1,2851,production
266,balanced,バランス,384667050,7f5ac0f3bff50f8f7a46554076eb0f4b5d791de14b13f02230f42f97ab509873,completed,1,,,400,200,40,70,42,28,323,53,17,51,9,1,21,0,0,0,0,0,25,6,0,0,1,1,5,[object Object],[object Object],0,0,0,5,164,9840,70,2951,29,11280,4,750,5858,6000,,,,80,[object Object],2128,25,5,7,23,7,ルーメンオウル Lv22 / ギアビット Lv25 / リーフリン Lv23,"[object Object],[object Object],[object Object]",5,17968,15840,0.8815672306322351,1,1877,production
267,collector,収集・配合,3996975150,785c432d7ce59c4c9a6b4e4dd1374379a0ae2fce828287a8970e364b9e9ade85,completed,1,,,400,200,40,79,50,29,421,62,17,58,13,1,28,0,0,0,0,0,39,14,45,2250,46,35,10,[object Object],[object Object],0,0,0,12,112,6720,79,3942,32,23630,5,1100,6508,15918,29,,,80,[object Object],6430,24,6,15,23,15,クリスタゴン Lv24 / ルーメンオウル Lv22 / ルミネル Lv24,"[object Object],[object Object],[object Object]",5,31318,24888,0.7946867616067437,0.7608695652173914,2386,production
268,rush,速攻,1112252743,ab1d6fd22d26e5dc1b893b7398907e3b729e0befc7812b09024d4166a50337a1,completed,1,,,400,200,40,76,44,32,257,48,28,93,0,0,7,0,0,0,0,0,2,2,0,0,1,1,2,[object Object],[object Object],0,0,0,3,151,9060,76,3907,24,7200,4,750,5806,2320,,,,80,[object Object],2456,26,5,3,19,3,ドリモール Lv22 / プフバット Lv25 / ぷるミン Lv26,"[object Object],[object Object],[object Object]",5,13836,11380,0.8224920497253542,1,1743,production
269,balanced,バランス,1722815290,717e14b6a8fa3ae9c83eb188cbdabd025a69b7531f0fae325bdd74f34a0e3457,completed,1,,,400,200,40,51,30,21,208,38,13,41,7,1,11,0,0,0,0,0,23,5,0,0,1,1,4,[object Object],[object Object],0,0,0,5,97,5820,51,1414,25,7040,4,750,3828,4210,,,,80,[object Object],1668,22,5,6,20,6,ルーメンオウル Lv20 / トゲホッグ Lv22 / プフバット Lv18,"[object Object],[object Object],[object Object]",5,11698,10030,0.8574115233373226,1,1292,production
270,collector,収集・配合,4283170859,bbbacdb2e13c222cf860ed0f0a0d41b1139fd8e012efea6fa8a04891fe4a3a59,completed,1,,,400,200,40,70,38,32,376,47,23,90,5,1,18,0,0,0,0,0,47,14,33,1650,34,22,11,[object Object],[object Object],0,0,0,11,43,2580,70,5049,30,11830,4,750,4117,9280,50,,,80,[object Object],3267,21,5,15,22,15,ルーメンオウル Lv19 / クラッグベア Lv18 / クリスタゴン Lv21,"[object Object],[object Object],[object Object]",5,16777,13510,0.805269118435954,0.6470588235294118,2148,production
271,rush,速攻,749232628,1a25d1f687e23e22bf2c51d3b65842d956847f065695a899bbb13c9dcf984de8,stuck,0,tower,boss_retry_cap,400,200,40,131,73,58,487,74,57,182,0,0,9,0,0,0,0,0,2,2,0,0,1,1,2,[object Object],[object Object],0,0,0,3,205,12300,131,7303,23,6400,5,1100,8458,3496,,,,80,[object Object],242,28,6,3,21,3,トゲホッグ Lv26 / リーフリン Lv28 / ぷるミン Lv27,"[object Object],[object Object],[object Object]",4,16038,15796,0.9849108367626886,1,3144,production
272,balanced,バランス,315069300,d3dab70bdebd93339e5b8d1cf5d3bcab4b9070930ff23c052838295da6cb76cb,completed,1,,,400,200,40,58,35,23,235,42,16,44,7,1,17,0,0,0,0,0,14,6,0,0,1,1,5,[object Object],[object Object],0,0,0,6,104,6240,58,2476,27,8180,4,750,4385,5039,,,,80,[object Object],2116,22,5,7,21,7,ルーメンオウル Lv20 / アッシュインプ Lv22 / リーフリン Lv20,"[object Object],[object Object],[object Object]",5,13395,11279,0.8420306084359835,1,1467,production
273,collector,収集・配合,3761155165,6ce1e98547cf0f8988db25faa4b08a4f50f92584d3642994fec706c27de4087f,completed,1,,,400,200,40,80,48,32,430,54,26,89,11,1,20,0,0,0,0,0,46,11,41,2050,42,31,9,[object Object],[object Object],0,0,0,12,84,5040,80,5045,28,8780,4,750,5882,7191,,,,80,[object Object],1211,21,5,12,20,12,グルーモス Lv21 / シンダーホーン Lv21 / ルミネル Lv21,"[object Object],[object Object],[object Object]",5,15492,14281,0.9218306222566486,0.7380952380952381,2419,production
274,rush,速攻,4242100682,b65c329350dd211aa81029206df97c637976a8563b2fe62da90c67160d2dc53e,stuck,0,tower,boss_retry_cap,400,200,40,142,77,65,565,81,61,208,0,0,12,0,0,0,0,0,2,2,0,0,1,1,2,[object Object],[object Object],0,0,0,3,216,12960,142,11165,23,6400,5,1100,8849,3201,,,,80,[object Object],268,28,6,3,23,3,リーフリン Lv28 / つぼみラビ Lv27 / ぷるミン Lv28,"[object Object],[object Object],[object Object]",4,16429,16161,0.9836873820682939,1,3539,production
275,balanced,バランス,3483730047,5bda74ab5df65b3b9482367755fc536dd4a4eb2ef63df050c4f5319fd73348c5,completed,1,,,400,200,40,53,32,21,255,42,11,38,10,1,19,0,0,0,0,0,14,6,0,0,1,1,4,[object Object],[object Object],0,0,0,7,103,6180,53,2728,28,10380,4,750,4551,5130,,,,80,[object Object],4451,22,5,7,21,7,シンダーホーン Lv22 / ルミネル Lv22 / アクアン Lv20,"[object Object],[object Object],[object Object]",5,15761,11310,0.7175940612905273,1,1469,production
276,collector,収集・配合,3623955517,66b983662546661abafec428bec91f9e65bd3eaee0a497556a2f8f1a3e764a52,completed,1,,,400,200,40,69,41,28,305,49,20,67,14,1,18,0,0,0,0,0,31,11,36,1800,37,27,8,[object Object],[object Object],0,0,0,10,59,3540,69,3772,28,8780,4,750,4625,7219,41,,,80,[object Object],1676,19,5,12,20,12,クラッグベア Lv18 / シンダーホーン Lv19 / クリスタゴン Lv19,"[object Object],[object Object],[object Object]",5,14235,12559,0.8822620302072357,0.7297297297297297,1850,production
277,rush,速攻,3247910813,655533b77b997cef5d60f667bdc15bf5895e9a9817a39f60eba44260776955ff,stuck,0,tower,boss_retry_cap,400,200,40,112,62,50,419,66,46,143,0,0,10,0,0,0,0,0,3,2,0,0,1,1,2,[object Object],[object Object],0,0,0,3,199,11940,112,6139,23,6400,4,750,7621,2637,,,,80,[object Object],274,27,5,3,19,3,ドリモール Lv25 / ペブロン Lv26 / ぷるミン Lv27,"[object Object],[object Object],[object Object]",4,14851,14577,0.9815500639687563,1,2705,production
278,balanced,バランス,1043753525,a98f44707ab1957abb266981f5e6ee8993396e8c06cdf83537d3e530b33aa4ce,completed,1,,,400,200,40,94,59,35,365,66,28,99,10,1,17,0,0,0,0,0,20,6,0,0,1,1,5,[object Object],[object Object],0,0,0,7,171,10260,94,4973,28,9080,5,1100,7729,6036,,,,80,[object Object],1693,26,6,7,19,7,グルーモス Lv26 / リーファウル Lv24 / ドリモール Lv26,"[object Object],[object Object],[object Object]",5,17989,16296,0.9058869309022181,1,2327,production
279,collector,収集・配合,3067579022,97baea53952ad16a59aa253db9c2b1a699b6dba7668750a245aa123c4d6e5eaa,completed,1,,,400,200,40,60,31,29,319,45,15,66,8,1,21,0,0,0,0,0,54,14,26,1300,27,15,12,[object Object],[object Object],0,0,0,10,38,2280,60,4760,32,23630,4,750,4135,15306,45,,,80,[object Object],9709,22,5,15,22,15,グルーモス Lv22 / シンダーホーン Lv22 / クリスタゴン Lv19,"[object Object],[object Object],[object Object]",5,28595,18886,0.6604651162790698,0.5555555555555556,1807,production
280,rush,速攻,3857127251,40603daa6517eec719855f990fea1e2016ef9ae392ac8bd975683e127f9b0192,stuck,0,tower,boss_retry_cap,400,200,40,121,68,53,448,69,52,178,0,0,8,0,0,0,0,0,2,2,0,0,1,1,2,[object Object],[object Object],0,0,0,3,196,11760,121,7888,23,6400,4,750,8027,3240,,,,80,[object Object],257,28,5,3,21,3,トゲホッグ Lv24 / リーフリン Lv28 / ぷるミン Lv26,"[object Object],[object Object],[object Object]",4,15257,15000,0.9831552729894475,1,2906,production
281,balanced,バランス,789598460,6d0d1209c7d5dd8c762973332b630c9f4ebe27e5f664811dc590ed7f0359df68,completed,1,,,400,200,40,87,54,33,383,62,25,92,8,1,16,0,0,0,0,0,20,7,0,0,1,1,6,[object Object],[object Object],0,0,0,8,153,9180,87,5030,26,7940,4,750,6602,4762,,,,80,[object Object],1430,23,5,8,22,8,グルーモス Lv23 / ルミネル Lv23 / シンドレイク Lv23,"[object Object],[object Object],[object Object]",5,15372,13942,0.9069737184491283,1,2328,production
282,collector,収集・配合,2950272841,9c0d1bdfe06f09bf621596ecf236776e6a9d0e1b4be259d048506075d18694f0,completed,1,,,400,200,40,47,22,25,238,40,7,37,8,1,13,0,0,0,0,0,55,16,17,850,18,5,12,[object Object],[object Object],0,0,0,8,9,540,47,3442,32,23630,4,750,3760,14295,25,,,80,[object Object],12535,18,5,17,20,17,クラッグベア Lv18 / シンダーホーン Lv18 / ルーメンオウル Lv16,"[object Object],[object Object],[object Object]",5,28220,15685,0.5558114812189936,0.2777777777777778,1371,production
283,rush,速攻,2962199255,2a9cfa4d4029134d7494e1498df94dbfb5a90898416bd3bd9ce5bf259c2d7abc,stuck,0,tower,boss_retry_cap,400,200,40,115,64,51,392,67,48,140,0,0,7,0,0,0,0,0,2,2,0,0,1,1,2,[object Object],[object Object],0,0,0,3,198,11880,115,4248,23,6400,4,750,7701,2753,,,,80,[object Object],298,27,5,3,21,3,ドリモール Lv27 / アクアン Lv25 / ぷるミン Lv27,"[object Object],[object Object],[object Object]",4,14931,14633,0.9800415243453218,1,2641,production
284,balanced,バランス,790260214,ccf02de1cd2a0560131127e895ac2af127cb980ce4633bfb5cc836e710aa50a3,completed,1,,,400,200,40,123,79,44,387,85,38,77,17,1,16,0,0,0,0,0,28,4,0,0,1,1,2,[object Object],[object Object],0,0,0,3,200,12000,123,3233,26,8580,5,1100,10355,5769,,,,80,[object Object],2346,30,6,5,22,5,オアロード Lv28 / ぷるミン Lv30,"[object Object],[object Object]",5,20115,17769,0.8833706189410887,1,2720,production
285,collector,収集・配合,1893036511,62c99d1e6edcd4be214c75a32a50e274cdec56c1e675989dd65c59db016820cf,completed,1,,,400,200,40,75,41,34,403,51,24,92,8,1,21,0,0,0,0,0,57,12,35,1750,36,24,10,[object Object],[object Object],0,0,0,11,76,4560,75,5830,29,10980,4,750,5004,9295,33,,,80,[object Object],1209,21,5,13,22,13,グルーモス Lv21 / シンダーホーン Lv19 / クリスタゴン Lv20,"[object Object],[object Object],[object Object]",5,16814,15605,0.9280956345902225,0.6666666666666666,2266,production
286,rush,速攻,135511715,c924017444268e6f8bb6a63317a8ac2401e38e77e415e3b7a2eff5b4bd66004e,stuck,0,tower,boss_retry_cap,400,200,40,159,86,73,663,89,70,257,0,0,11,0,0,0,0,0,2,2,0,0,1,1,2,[object Object],[object Object],0,0,0,3,223,13380,159,14669,23,6400,5,1100,9654,3558,,,,80,[object Object],296,28,6,3,21,3,プフバット Lv28 / リーフリン Lv27 / ぷるミン Lv27,"[object Object],[object Object],[object Object]",4,17234,16938,0.9828246489497505,1,4063,production
287,balanced,バランス,4092001528,88064d8fc59af3b641421e581a2c4b973e0cca870f57c5b24d615679e5af89b2,completed,1,,,400,200,40,97,60,37,432,67,30,102,12,1,25,0,0,0,0,0,19,6,0,0,1,1,6,[object Object],[object Object],0,0,0,6,146,8760,97,4495,28,9080,5,1100,7600,5795,,,,80,[object Object],3305,25,6,7,22,7,ルミネル Lv24 / ドリモール Lv25 / アッシュインプ Lv25,"[object Object],[object Object],[object Object]",5,17860,14555,0.81494960806271,1,2624,production
288,collector,収集・配合,2000713318,422148ff2788f6d9cfac194a93ac67fbc604cf2cfc7a67c6af4113a9e30cf5fc,completed,1,,,400,200,40,111,71,40,574,73,38,128,12,1,56,0,1,0,0,0,36,10,57,2850,58,42,8,[object Object],[object Object],0,0,0,8,78,4680,111,5085,29,9680,5,1100,7667,9327,,,,80,[object Object],1670,25,6,11,22,11,ルーメンオウル Lv23 / グルーモス Lv23 / トゲホッグ Lv25,"[object Object],[object Object],[object Object]",5,18527,16857,0.9098612835321422,0.7241379310344828,3202,production
289,rush,速攻,399712112,7a2021194b7bbd4bc9b5a5df6058e9a8361d2dd09527b3e89a81fc0bb600c761,stuck,0,tower,boss_retry_cap,400,200,40,115,65,50,429,66,49,157,0,0,9,0,0,0,0,0,2,2,0,0,1,1,2,[object Object],[object Object],0,0,0,3,193,11580,115,6988,23,6400,4,750,7766,3184,,,,80,[object Object],232,28,5,3,20,3,ドリモール Lv24 / ペブロン Lv27 / ぷるミン Lv28,"[object Object],[object Object],[object Object]",4,14996,14764,0.9845292077887436,1,2765,production
290,balanced,バランス,598043668,0411149a2179604bf5f96d38b4614f5ba3e4275913ba6ed88f8fed278d802e33,completed,1,,,400,200,40,112,72,40,435,77,35,82,19,1,21,0,0,0,0,0,26,6,0,0,1,1,4,[object Object],[object Object],0,0,0,7,178,10680,112,4742,28,9080,5,1100,9058,6267,,,,80,[object Object],2371,28,6,7,18,7,オアロード Lv25 / リーファウル Lv28,"[object Object],[object Object]",5,19318,16947,0.8772647271974324,1,2749,production
291,collector,収集・配合,1792295767,d9f038cf729621bb0cb06900022f1a546e38a40b10616df06cb340dbbfd339bf,completed,1,,,400,200,40,79,48,31,514,55,24,86,6,1,43,0,0,0,0,0,33,15,41,2050,42,29,12,[object Object],[object Object],0,0,0,9,80,4800,79,6468,29,9630,4,750,4912,7316,43,,,80,[object Object],1206,20,5,16,23,16,ルーメンオウル Lv19 / クリスタゴン Lv20 / グルーモス Lv20,"[object Object],[object Object],[object Object]",5,15372,14166,0.9215456674473068,0.6904761904761905,2579,production
292,rush,速攻,1099046723,25405dcdfd2851fee8577e8803703d98120f770ebb82f7d1080dd1d40ad1dd34,stuck,0,tower,boss_retry_cap,400,200,40,135,77,58,517,74,61,209,0,0,16,0,0,0,0,0,2,2,0,0,1,1,2,[object Object],[object Object],0,0,0,3,199,11940,135,8456,23,6400,5,1100,8290,3623,,,,80,[object Object],307,27,6,3,22,3,プフバット Lv27 / リーフリン Lv26 / ぷるミン Lv26,"[object Object],[object Object],[object Object]",4,15870,15563,0.9806553245116573,1,3299,production
293,balanced,バランス,420270786,f0ee77e8b21dc0455f9a7e17b4053889c154644a23db291601d6dd00f2f80f1f,completed,1,,,400,200,40,72,44,28,293,49,23,80,12,1,22,0,0,0,0,0,10,4,0,0,1,1,4,[object Object],[object Object],0,0,0,5,116,6960,72,2960,25,7680,4,750,4931,4134,,,,80,[object Object],2347,24,5,5,21,5,ルーメンオウル Lv20 / ギアビット Lv21 / プフバット Lv24,"[object Object],[object Object],[object Object]",5,13441,11094,0.8253850159958337,1,1807,production
294,collector,収集・配合,334380677,5aa98baefbf5a05007137954ad4ee37c27e38d42f2fbf5a4a5e1f01ab2bba4d5,completed,1,,,400,200,40,75,46,29,345,55,20,67,6,1,23,0,0,0,0,0,29,12,37,1850,38,26,9,[object Object],[object Object],0,0,0,8,54,3240,75,4292,28,8780,4,750,4405,6288,56,,,80,[object Object],2637,20,5,13,24,13,グルーモス Lv20 / クラッグベア Lv16 / シンダーホーン Lv20,"[object Object],[object Object],[object Object]",5,14015,11378,0.8118444523724581,0.6842105263157895,2036,production
295,rush,速攻,1483275713,49a1d48dc305f0e5d52a462de1551259632925c316e0b15d048cc4ecaa019361,stuck,0,tower,boss_retry_cap,400,200,40,117,66,51,462,67,50,166,0,0,9,0,0,0,0,0,2,2,0,0,1,1,2,[object Object],[object Object],0,0,0,3,195,11700,117,7277,23,6400,4,750,7589,2877,,,,80,[object Object],242,27,5,3,22,3,ペブロン Lv25 / プフバット Lv26 / ぷるミン Lv27,"[object Object],[object Object],[object Object]",4,14819,14577,0.9836696133342331,1,2872,production
296,balanced,バランス,901320591,4322829fc3d7e23d3a5bb052d7ead35272c1c9be8de5a185eff278cf141352cb,completed,1,,,400,200,40,96,61,35,390,66,30,95,10,1,12,0,0,0,0,0,20,6,0,0,1,1,5,[object Object],[object Object],0,0,0,6,162,9720,96,4819,28,9080,5,1100,7538,6334,,,,80,[object Object],1744,27,6,7,21,7,ルミネル Lv24 / ギアビット Lv24 / ドリモール Lv27,"[object Object],[object Object],[object Object]",5,17798,16054,0.9020114619620182,1,2443,production
297,collector,収集・配合,428175087,952d2c7836667590e7739d052290bb3e93407ff28d41e1b0d9eaee2bf07bacff,completed,1,,,400,200,40,82,50,32,448,59,23,82,12,1,28,0,0,0,0,0,42,11,42,2100,43,33,8,[object Object],[object Object],0,0,0,11,85,5100,82,3675,29,10980,4,750,5860,8089,33,,,80,[object Object],2381,23,5,12,22,12,クリスタゴン Lv23 / ルミネル Lv23 / シンダーホーン Lv21,"[object Object],[object Object],[object Object]",5,17670,15289,0.8652518392756083,0.7674418604651163,2473,production
298,rush,速攻,3190745180,9874b6d61d50db4008e676a1a33a68dcd0d2ccc11703f0a458dadfb7220c1070,completed,1,,,400,200,40,123,67,56,432,72,51,151,0,0,8,0,0,0,0,0,7,2,0,0,1,1,2,[object Object],[object Object],0,0,0,3,201,12060,123,5639,24,7200,5,1100,8261,2691,,,,80,[object Object],1890,28,6,3,23,3,ギアビット Lv24 / ペブロン Lv27 / ぷるミン Lv28,"[object Object],[object Object],[object Object]",5,16641,14751,0.8864250946457545,1,2835,production
299,balanced,バランス,2412304765,0effce40d40361064f6fd9bc388948bd67b1dfa59307b40f4de677f2f12d6910,completed,1,,,400,200,40,54,33,21,240,41,13,40,8,1,21,0,0,0,0,0,20,6,0,0,1,1,4,[object Object],[object Object],0,0,0,6,115,6900,54,3568,27,8180,4,750,4681,4673,,,,80,[object Object],2118,22,5,7,20,7,シンダーホーン Lv22 / ルミネル Lv21 / ぷるミン Lv21,"[object Object],[object Object],[object Object]",5,13691,11573,0.8452998320064276,1,1448,production
300,collector,収集・配合,1294104557,d1586ff68731b6d90568e4e77c496cbe434d0154c85517eace2ee9beea207a6f,completed,1,,,400,200,40,165,113,52,734,110,55,174,24,1,19,0,0,0,0,0,33,9,85,4250,86,69,7,[object Object],[object Object],0,0,0,8,119,7140,165,9281,27,8840,6,1550,13264,10276,,,,80,[object Object],2068,29,7,10,20,10,グルーモス Lv29 / ギアビット Lv28 / アッシュインプ Lv29,"[object Object],[object Object],[object Object]",5,23734,21666,0.9128676160782001,0.8023255813953488,4384,production
