run,profile,stage_index,stage_id,stage_name,req_level,boss_level,unlock_wins,reached,cleared,entry_highest_level,boss_start_highest_level,clear_highest_level,normalBattles,normalCombatWins,scoutWins,normalLosses,scoutEncounters,bossAttempts,bossLosses,bossTurns,recruitmentBossBattles,recruitmentBossLosses,totalBattles,totalTurns,guardTurns,maxGuardStreak,maxBattleTurns,battles50Plus,guardLoopBattles,stalledBattles,kos,trainingBooks,fusions,levelRecoveryBattles,gold_at_entry,gold_at_clear,scenario
1,rush,1,meadow,はじまり草原,1,4,2,1,1,1,2,6,5,3,1,1,3,3,2,20,0,0,8,37,0,0,8,0,0,0,6,8,0,0,230,692,control
1,rush,2,cave,こだま洞くつ,3,7,2,1,1,6,7,11,10,9,1,0,1,9,8,86,0,0,19,108,0,0,12,0,0,0,26,16,0,0,692,1714,control
1,rush,3,brook,しずく湖畔,5,10,3,1,1,11,11,14,5,5,0,0,0,3,2,19,0,0,8,29,0,0,7,0,0,0,8,25,0,0,1714,1177,control
1,rush,4,volcano,ほむら火山,8,14,4,1,1,14,14,19,19,19,0,0,0,16,15,92,0,0,35,138,0,0,8,0,0,0,47,60,0,0,1177,1287,control
1,rush,5,tower,星晶の塔,12,20,5,1,0,19,20,0,45,45,0,0,0,40,40,189,0,0,85,325,0,0,7,0,0,0,126,110,0,0,1287,0,control
2,balanced,1,meadow,はじまり草原,1,4,2,1,1,1,2,6,7,5,1,1,4,3,2,30,2,2,12,70,4,1,13,0,0,0,10,5,0,0,230,890,control
2,balanced,2,cave,こだま洞くつ,3,7,2,1,1,6,7,11,10,9,1,0,3,5,4,62,2,2,17,114,6,1,19,0,0,0,22,18,0,0,690,1596,control
2,balanced,3,brook,しずく湖畔,5,10,3,1,1,11,12,17,23,22,1,0,3,11,10,86,2,2,36,138,6,1,14,0,0,0,38,33,0,0,1237,2311,control
2,balanced,4,volcano,ほむら火山,8,14,4,1,1,17,16,18,6,5,1,0,4,2,1,14,2,2,10,44,1,1,8,0,0,0,10,19,0,0,1790,2572,control
2,balanced,5,tower,星晶の塔,12,20,5,1,1,18,18,23,24,22,1,1,6,10,9,58,2,2,36,152,12,1,11,0,0,0,41,60,0,0,1993,2207,control
3,collector,1,meadow,はじまり草原,1,4,2,1,1,1,3,6,9,6,2,1,3,3,2,31,1,0,13,59,5,1,11,0,0,0,9,0,0,0,230,1144,control
3,collector,2,cave,こだま洞くつ,3,7,2,1,1,6,6,10,8,8,0,0,1,3,2,49,1,0,12,85,2,1,24,0,0,0,5,6,0,0,1402,2812,control
3,collector,3,brook,しずく湖畔,5,10,3,1,1,11,11,15,15,13,2,0,7,5,4,47,5,5,25,117,0,0,21,0,0,0,28,30,0,0,3186,1321,control
3,collector,4,volcano,ほむら火山,8,14,4,1,1,15,13,19,31,28,3,0,8,10,9,209,5,5,46,331,8,1,41,0,0,0,47,33,0,0,699,1596,control
3,collector,5,tower,星晶の塔,12,20,5,1,1,19,19,25,42,39,2,1,9,13,12,184,5,5,60,462,4,1,76,2,0,0,63,48,0,0,844,4316,control
4,rush,1,meadow,はじまり草原,1,4,2,1,1,1,3,9,23,15,0,8,5,14,13,56,0,0,37,112,0,0,6,0,0,0,21,8,0,0,230,971,control
4,rush,2,cave,こだま洞くつ,3,7,2,1,1,9,9,13,9,8,1,0,1,8,7,52,0,0,17,70,0,0,8,0,0,0,15,31,0,0,971,581,control
4,rush,3,brook,しずく湖畔,5,10,3,1,1,13,13,15,12,11,1,0,1,10,9,59,0,0,22,82,0,0,8,0,0,0,29,15,0,0,581,1186,control
4,rush,4,volcano,ほむら火山,8,14,4,1,1,15,16,19,11,11,0,0,0,8,7,48,0,0,19,72,0,0,7,0,0,0,23,49,0,0,1186,1283,control
4,rush,5,tower,星晶の塔,12,20,5,1,0,19,20,0,45,45,0,0,0,40,40,188,0,0,85,307,0,0,7,0,0,0,124,112,0,0,1283,0,control
5,balanced,1,meadow,はじまり草原,1,4,2,1,1,1,3,7,6,5,1,0,2,3,2,23,1,0,10,44,4,1,9,0,0,0,6,6,0,0,230,876,control
5,balanced,2,cave,こだま洞くつ,3,7,2,1,1,7,4,10,6,5,1,0,2,3,2,35,1,0,10,72,2,1,14,0,0,0,4,11,0,0,954,2774,control
5,balanced,3,brook,しずく湖畔,5,10,3,1,1,10,11,11,3,2,1,0,3,1,0,7,2,2,6,26,0,0,7,0,0,0,5,0,0,0,2908,4058,control
5,balanced,4,volcano,ほむら火山,8,14,4,1,1,11,12,15,10,9,1,0,3,4,3,24,2,2,16,55,2,1,9,0,0,0,18,42,0,0,3144,1410,control
5,balanced,5,tower,星晶の塔,12,20,5,1,1,15,17,25,33,32,1,0,4,15,14,100,2,2,50,216,4,1,22,0,0,0,51,88,0,0,1093,4341,control
6,collector,1,meadow,はじまり草原,1,4,2,1,1,1,2,6,8,6,2,0,6,3,2,35,4,1,15,95,4,1,13,0,0,0,12,1,0,0,230,1164,control
6,collector,2,cave,こだま洞くつ,3,7,2,1,1,8,9,11,8,7,1,0,7,3,2,51,5,5,16,115,4,1,20,0,0,0,24,12,0,0,2909,2290,control
6,collector,3,brook,しずく湖畔,5,10,3,1,1,11,11,12,3,1,2,0,8,1,0,15,5,5,9,58,0,0,15,0,0,0,18,0,0,0,1210,2345,control
6,collector,4,volcano,ほむら火山,8,14,4,1,1,12,12,19,29,23,2,4,11,8,7,62,5,5,42,237,9,1,15,0,0,0,57,32,0,0,1240,2785,control
6,collector,5,tower,星晶の塔,12,20,5,1,1,19,17,23,33,31,1,1,8,10,9,168,5,5,48,278,4,1,62,2,0,0,51,37,0,0,1472,2303,control
7,rush,1,meadow,はじまり草原,1,4,2,1,1,1,2,5,3,1,2,0,2,2,1,24,0,0,5,33,0,0,14,0,0,0,5,3,0,0,230,927,control
7,rush,2,cave,こだま洞くつ,3,7,2,1,1,5,6,11,8,8,0,0,0,7,6,48,0,0,15,71,0,0,10,0,0,0,21,21,0,0,927,1390,control
7,rush,3,brook,しずく湖畔,5,10,3,1,1,11,11,14,4,4,0,0,0,2,1,10,0,0,6,18,0,0,7,0,0,0,5,21,0,0,1390,1399,control
7,rush,4,volcano,ほむら火山,8,14,4,1,0,14,14,0,45,44,0,1,0,40,40,198,0,0,85,330,0,0,6,0,0,0,135,81,0,0,1399,0,control
7,rush,5,tower,星晶の塔,12,20,5,0,0,0,0,0,0,0,0,0,0,0,0,0,0,0,0,0,0,0,0,0,0,0,0,0,0,0,0,0,control
8,balanced,1,meadow,はじまり草原,1,4,2,1,1,1,3,6,6,4,2,0,3,3,2,41,1,0,10,65,6,1,15,0,0,0,9,5,0,0,230,918,control
8,balanced,2,cave,こだま洞くつ,3,7,2,1,1,7,6,10,6,6,0,0,2,3,2,50,2,1,11,96,4,1,20,0,0,0,7,10,0,0,1176,2674,control
8,balanced,3,brook,しずく湖畔,5,10,3,1,1,11,11,13,5,4,1,0,4,2,1,13,2,2,9,29,1,1,8,0,0,0,7,12,0,0,2488,2866,control
8,balanced,4,volcano,ほむら火山,8,14,4,1,1,13,11,15,10,10,0,0,6,4,3,28,2,2,16,61,1,1,14,0,0,0,10,33,0,0,2221,1222,control
8,balanced,5,tower,星晶の塔,12,20,5,1,1,15,16,21,11,10,1,0,4,4,3,25,2,2,17,64,2,1,10,0,0,0,12,53,0,0,947,3107,control
9,collector,1,meadow,はじまり草原,1,4,2,1,1,1,2,7,15,13,1,1,2,5,4,56,1,0,21,109,9,1,15,0,0,0,12,0,0,0,230,2006,control
9,collector,2,cave,こだま洞くつ,3,7,2,1,1,8,8,12,11,10,1,0,2,4,3,69,1,0,16,109,4,1,23,0,0,0,7,14,0,0,2284,1823,control
9,collector,3,brook,しずく湖畔,5,10,3,1,1,12,12,14,9,7,2,0,7,3,2,26,5,5,17,76,0,0,14,0,0,0,23,14,0,0,2397,1791,control
9,collector,4,volcano,ほむら火山,8,14,4,1,1,14,12,16,17,13,3,1,10,5,4,81,5,5,27,162,3,1,24,0,0,0,34,25,0,0,947,1607,control
9,collector,5,tower,星晶の塔,12,20,5,1,1,16,17,21,30,26,3,1,9,9,8,56,5,5,44,266,9,1,18,0,0,0,51,31,0,0,851,3505,control
10,rush,1,meadow,はじまり草原,1,4,2,1,1,1,2,6,18,4,1,13,10,4,3,26,0,0,22,82,0,0,8,0,0,0,19,5,0,0,230,694,control
10,rush,2,cave,こだま洞くつ,3,7,2,1,1,6,7,11,8,7,1,0,2,7,6,57,0,0,15,77,0,0,10,0,0,0,19,16,0,0,694,1689,control
10,rush,3,brook,しずく湖畔,5,10,3,1,1,11,11,14,5,5,0,0,0,3,2,17,0,0,8,26,0,0,7,0,0,0,8,24,0,0,1689,1178,control
10,rush,4,volcano,ほむら火山,8,14,4,1,1,14,14,20,20,20,0,0,0,17,16,92,0,0,37,138,0,0,7,0,0,0,50,60,0,0,1178,1294,control
10,rush,5,tower,星晶の塔,12,20,5,1,0,20,21,0,45,45,0,0,0,40,40,174,0,0,85,304,0,0,7,0,0,0,130,112,0,0,1294,0,control
11,balanced,1,meadow,はじまり草原,1,4,2,1,1,1,2,6,6,4,2,0,4,3,2,35,2,0,11,72,7,1,15,0,0,0,8,5,0,0,230,911,control
11,balanced,2,cave,こだま洞くつ,3,7,2,1,1,8,9,12,6,6,0,0,2,3,2,41,2,2,11,75,5,1,14,0,0,0,13,26,0,0,2387,1569,control
11,balanced,3,brook,しずく湖畔,5,10,3,1,1,12,12,14,5,4,1,0,4,2,1,11,2,2,9,39,1,1,9,0,0,0,12,17,0,0,1216,1182,control
11,balanced,4,volcano,ほむら火山,8,14,4,1,1,14,14,19,21,19,1,1,4,9,8,66,2,2,32,123,3,1,14,0,0,0,37,50,0,0,917,1528,control
11,balanced,5,tower,星晶の塔,12,20,5,1,1,19,18,22,19,18,1,0,4,8,7,34,2,2,29,91,0,0,7,0,0,0,33,45,0,0,1184,3027,control
12,collector,1,meadow,はじまり草原,1,4,2,1,1,1,3,6,8,7,1,0,5,3,2,22,4,3,15,78,5,1,10,0,0,0,12,0,0,0,230,1151,control
12,collector,2,cave,こだま洞くつ,3,7,2,1,1,6,7,10,5,3,2,0,7,2,1,38,5,5,12,120,3,1,22,0,0,0,14,5,0,0,863,3112,control
12,collector,3,brook,しずく湖畔,5,10,3,1,1,10,10,13,9,8,1,0,6,3,2,45,5,4,17,94,1,1,16,0,0,0,14,10,0,0,1644,1652,control
12,collector,4,volcano,ほむら火山,8,14,4,1,1,13,14,20,35,32,2,1,8,11,10,71,5,5,51,181,9,1,11,0,0,0,49,32,0,0,1199,1629,control
12,collector,5,tower,星晶の塔,12,20,5,1,1,20,18,23,33,27,2,4,13,9,8,47,5,5,47,196,7,1,11,0,0,0,57,27,0,0,861,3464,control
13,rush,1,meadow,はじまり草原,1,4,2,1,1,1,3,6,7,2,1,4,5,2,1,13,0,0,9,29,0,0,8,0,0,0,7,5,0,0,230,746,control
13,rush,2,cave,こだま洞くつ,3,7,2,1,1,6,6,10,6,5,1,0,1,5,4,35,0,0,11,51,0,0,9,0,0,0,14,18,0,0,746,1362,control
13,rush,3,brook,しずく湖畔,5,10,3,1,1,10,11,13,4,4,0,0,0,2,1,10,0,0,6,17,0,0,6,0,0,0,5,20,0,0,1362,1461,control
13,rush,4,volcano,ほむら火山,8,14,4,1,1,13,14,18,21,21,0,0,0,18,17,87,0,0,39,134,0,0,7,0,0,0,54,43,0,0,1461,971,control
13,rush,5,tower,星晶の塔,12,20,5,1,0,18,20,0,45,45,0,0,0,40,40,203,0,0,85,325,0,0,7,0,0,0,127,137,0,0,971,0,control
14,balanced,1,meadow,はじまり草原,1,4,2,1,1,1,2,6,6,4,2,0,3,3,2,38,1,0,10,63,5,1,16,0,0,0,10,5,0,0,230,910,control
14,balanced,2,cave,こだま洞くつ,3,7,2,1,1,6,7,11,6,6,0,0,2,3,2,49,1,0,10,90,3,1,23,0,0,0,5,19,0,0,1408,2433,control
14,balanced,3,brook,しずく湖畔,5,10,3,1,1,12,7,12,9,8,1,0,3,4,3,17,2,2,15,45,2,1,6,0,0,0,10,30,0,0,2567,1453,control
14,balanced,4,volcano,ほむら火山,8,14,4,1,1,12,13,16,10,9,1,0,4,4,3,28,2,2,16,66,3,1,13,0,0,0,15,29,0,0,1126,1193,control
14,balanced,5,tower,星晶の塔,12,20,5,1,1,16,17,22,17,16,1,0,3,7,6,44,2,2,26,83,3,1,10,0,0,0,25,50,0,0,924,3061,control
15,collector,1,meadow,はじまり草原,1,4,2,1,1,1,3,6,5,3,2,0,3,2,1,20,1,0,8,38,2,1,10,0,0,0,5,0,0,0,230,1260,control
15,collector,2,cave,こだま洞くつ,3,7,2,1,1,6,6,11,8,7,1,0,4,3,2,51,2,1,13,117,3,1,23,0,0,0,7,8,0,0,1518,2946,control
15,collector,3,brook,しずく湖畔,5,10,3,1,1,11,11,14,9,8,1,0,6,3,2,16,5,5,17,59,1,1,8,0,0,0,15,13,0,0,2987,2361,control
15,collector,4,volcano,ほむら火山,8,14,4,1,1,14,14,17,13,11,2,0,8,4,3,21,5,5,22,84,5,1,7,0,0,0,26,16,0,0,1247,2790,control
15,collector,5,tower,星晶の塔,12,20,5,1,1,17,16,21,21,19,1,1,9,6,5,28,5,5,32,109,4,1,8,0,0,0,36,23,0,0,1474,3466,control
16,rush,1,meadow,はじまり草原,1,4,2,1,1,1,2,7,11,4,1,6,7,4,3,30,0,0,15,61,0,0,9,0,0,0,13,7,0,0,230,684,control
16,rush,2,cave,こだま洞くつ,3,7,2,1,1,7,7,10,6,4,1,1,2,4,3,33,0,0,10,51,0,0,9,0,0,0,13,14,0,0,684,676,control
16,rush,3,brook,しずく湖畔,5,10,3,1,1,10,11,13,4,4,0,0,0,2,1,9,0,0,6,17,0,0,6,0,0,0,4,23,0,0,676,1264,control
16,rush,4,volcano,ほむら火山,8,14,4,1,1,13,14,17,12,12,0,0,0,9,8,52,0,0,21,75,0,0,7,0,0,0,26,31,0,0,1264,993,control
16,rush,5,tower,星晶の塔,12,20,5,1,0,17,18,0,46,45,0,1,0,40,40,184,0,0,86,299,0,0,6,0,0,0,127,130,0,0,993,0,control
17,balanced,1,meadow,はじまり草原,1,4,2,1,1,1,2,6,7,5,1,1,3,3,2,27,2,0,12,68,4,1,15,0,0,0,7,5,0,0,230,895,control
17,balanced,2,cave,こだま洞くつ,3,7,2,1,1,8,9,10,4,3,1,0,3,2,1,26,2,2,8,58,2,1,13,0,0,0,12,10,0,0,1671,2696,control
17,balanced,3,brook,しずく湖畔,5,10,3,1,1,10,11,13,5,4,1,0,4,2,1,16,2,2,9,40,0,0,9,0,0,0,11,13,0,0,2089,2066,control
17,balanced,4,volcano,ほむら火山,8,14,4,1,1,13,11,17,19,17,1,1,6,8,7,48,2,2,29,118,5,1,8,0,0,0,37,45,0,0,1601,1540,control
17,balanced,5,tower,星晶の塔,12,20,5,1,1,17,17,28,58,56,1,1,5,27,26,123,2,2,87,248,3,1,8,0,0,0,90,133,0,0,1194,3049,control
18,collector,1,meadow,はじまり草原,1,4,2,1,1,1,3,7,14,13,1,0,4,5,4,54,3,2,22,117,6,1,14,0,0,0,14,1,0,0,230,1328,control
18,collector,2,cave,こだま洞くつ,3,7,2,1,1,7,8,11,8,7,1,0,4,3,2,62,3,1,14,124,4,1,26,0,0,0,8,9,0,0,1107,2160,control
18,collector,3,brook,しずく湖畔,5,10,3,1,1,12,8,13,15,14,1,0,7,5,4,25,5,5,25,75,2,1,7,0,0,0,19,21,0,0,2353,2216,control
18,collector,4,volcano,ほむら火山,8,14,4,1,1,13,14,18,23,20,2,1,8,7,6,65,5,5,35,182,5,1,17,0,0,0,41,21,1,0,1171,2849,control
18,collector,5,tower,星晶の塔,12,20,5,1,1,18,18,23,36,29,3,4,12,10,9,214,5,5,51,431,2,1,59,1,0,0,63,39,0,0,1506,2239,control
19,rush,1,meadow,はじまり草原,1,4,2,1,1,1,2,7,7,3,1,3,4,3,2,21,0,0,10,40,0,0,9,0,0,0,8,8,0,0,230,665,control
19,rush,2,cave,こだま洞くつ,3,7,2,1,1,7,7,11,11,10,1,0,1,10,9,75,0,0,21,98,0,0,10,0,0,0,29,21,0,0,665,1373,control
19,rush,3,brook,しずく湖畔,5,10,3,1,1,11,12,14,5,5,0,0,0,3,2,16,0,0,8,24,0,0,7,0,0,0,8,21,0,0,1373,1174,control
19,rush,4,volcano,ほむら火山,8,14,4,1,0,14,15,0,44,44,0,0,0,40,40,194,0,0,84,307,0,0,6,0,0,0,127,87,0,0,1174,0,control
19,rush,5,tower,星晶の塔,12,20,5,0,0,0,0,0,0,0,0,0,0,0,0,0,0,0,0,0,0,0,0,0,0,0,0,0,0,0,0,0,control
20,balanced,1,meadow,はじまり草原,1,4,2,1,1,1,2,6,6,4,2,0,4,3,2,36,2,0,11,72,6,1,14,0,0,0,9,5,0,0,230,908,control
20,balanced,2,cave,こだま洞くつ,3,7,2,1,1,8,8,12,8,7,1,0,2,4,3,62,1,0,13,88,4,1,18,0,0,0,13,22,0,0,2564,1713,control
20,balanced,3,brook,しずく湖畔,5,10,3,1,1,10,12,15,7,6,1,0,3,3,2,22,2,2,12,45,0,0,10,0,0,0,13,31,0,0,2347,1092,control
20,balanced,4,volcano,ほむら火山,8,14,4,1,1,15,15,21,20,19,1,0,4,9,8,70,2,2,31,126,7,1,15,0,0,0,33,51,0,0,846,2420,control
20,balanced,5,tower,星晶の塔,12,20,5,1,1,21,20,28,45,44,1,0,3,21,20,105,2,2,68,189,7,1,10,0,0,0,68,113,0,0,1875,1859,control
21,collector,1,meadow,はじまり草原,1,4,2,1,1,1,2,7,15,13,1,1,2,5,4,51,1,0,21,96,9,1,13,0,0,0,12,0,0,0,230,1298,control
21,collector,2,cave,こだま洞くつ,3,7,2,1,1,7,8,11,8,7,1,0,6,3,2,33,5,5,16,94,4,1,14,0,0,0,23,10,0,0,2276,2323,control
21,collector,3,brook,しずく湖畔,5,10,3,1,1,11,11,14,15,14,1,0,6,5,4,37,5,5,25,96,3,1,13,0,0,0,28,11,0,0,1227,2202,control
21,collector,4,volcano,ほむら火山,8,14,4,1,1,14,13,15,10,6,4,0,9,3,2,18,5,5,18,75,3,1,9,0,0,0,24,15,0,0,1164,1945,control
21,collector,5,tower,星晶の塔,12,20,5,1,1,15,16,17,9,6,2,1,10,2,1,10,5,5,16,71,1,1,8,0,0,0,27,11,0,0,1028,2277,control
22,rush,1,meadow,はじまり草原,1,4,2,1,1,1,2,7,4,3,1,0,1,3,2,18,0,0,7,26,0,0,7,0,0,0,5,8,0,0,230,708,control
22,rush,2,cave,こだま洞くつ,3,7,2,1,1,7,7,10,6,5,1,0,1,5,4,41,0,0,11,55,0,0,11,0,0,0,14,16,0,0,708,1358,control
22,rush,3,brook,しずく湖畔,5,10,3,1,1,10,11,13,5,5,0,0,0,3,2,19,0,0,8,30,0,0,7,0,0,0,9,25,0,0,1358,1130,control
22,rush,4,volcano,ほむら火山,8,14,4,1,1,13,14,18,17,17,0,0,0,14,13,81,0,0,31,114,0,0,7,0,0,0,41,44,0,0,1130,940,control
22,rush,5,tower,星晶の塔,12,20,5,1,0,18,19,0,45,45,0,0,0,40,40,198,0,0,85,310,0,0,7,0,0,0,123,125,0,0,940,0,control
23,balanced,1,meadow,はじまり草原,1,4,2,1,1,1,2,6,8,4,2,2,6,3,2,34,2,1,13,79,5,1,14,0,0,0,13,5,0,0,230,865,control
23,balanced,2,cave,こだま洞くつ,3,7,2,1,1,7,7,10,4,3,1,0,3,2,1,32,2,2,8,65,2,1,24,0,0,0,12,8,0,0,1020,2487,control
23,balanced,3,brook,しずく湖畔,5,10,3,1,1,10,11,13,5,4,1,0,3,2,1,17,2,2,9,38,0,0,9,0,0,0,11,15,0,0,1927,2254,control
23,balanced,4,volcano,ほむら火山,8,14,4,1,1,13,13,18,22,21,1,0,4,10,9,66,2,2,34,123,6,1,11,0,0,0,36,39,0,0,1746,2482,control
23,balanced,5,tower,星晶の塔,12,20,5,1,1,18,18,26,39,38,1,0,4,18,17,78,2,2,59,167,6,1,8,0,0,0,61,112,0,0,1923,1876,control
24,collector,1,meadow,はじまり草原,1,4,2,1,1,1,3,7,13,10,1,2,4,4,3,38,1,0,18,69,7,1,13,0,0,0,8,0,0,0,230,1047,control
24,collector,2,cave,こだま洞くつ,3,7,2,1,1,7,7,10,6,3,2,1,4,2,1,18,1,0,9,45,4,1,10,0,0,0,9,3,0,0,1125,3130,control
24,collector,3,brook,しずく湖畔,5,10,3,1,1,9,8,10,6,3,3,0,8,2,1,11,5,5,13,54,0,0,7,0,0,0,20,4,0,0,3524,3481,control
24,collector,4,volcano,ほむら火山,8,14,4,1,1,10,10,16,25,20,2,3,11,7,6,60,5,5,37,233,5,1,16,0,0,0,53,38,0,0,1840,1600,control
24,collector,5,tower,星晶の塔,12,20,5,1,1,16,16,22,29,27,2,0,8,9,8,84,5,5,43,237,3,1,22,0,0,0,46,29,0,0,846,3522,control
25,rush,1,meadow,はじまり草原,1,4,2,1,1,1,3,6,6,2,1,3,3,2,1,17,0,0,8,34,0,0,11,0,0,0,6,5,0,0,230,757,control
25,rush,2,cave,こだま洞くつ,3,7,2,1,1,6,6,10,6,5,1,0,1,5,4,45,0,0,11,61,0,0,10,0,0,0,15,17,0,0,757,709,control
25,rush,3,brook,しずく湖畔,5,10,3,1,1,10,10,14,8,8,0,0,0,6,5,34,0,0,14,50,0,0,7,0,0,0,17,27,0,0,709,1172,control
25,rush,4,volcano,ほむら火山,8,14,4,1,1,14,15,20,23,23,0,0,0,20,19,115,0,0,43,171,0,0,7,0,0,0,59,63,0,0,1172,1297,control
25,rush,5,tower,星晶の塔,12,20,5,1,0,20,21,0,45,45,0,0,0,40,40,181,0,0,85,302,0,0,7,0,0,0,126,115,0,0,1297,0,control
26,balanced,1,meadow,はじまり草原,1,4,2,1,1,1,2,6,6,5,1,0,2,3,2,26,1,0,10,51,2,1,11,0,0,0,6,6,0,0,230,870,control
26,balanced,2,cave,こだま洞くつ,3,7,2,1,1,7,7,11,6,5,1,0,3,3,2,31,2,1,11,64,4,1,15,0,0,0,13,18,0,0,948,2339,control
26,balanced,3,brook,しずく湖畔,5,10,3,1,1,10,10,12,5,5,0,0,5,2,1,9,2,2,9,31,0,0,6,0,0,0,6,9,0,0,2433,2593,control
26,balanced,4,volcano,ほむら火山,8,14,4,1,1,12,13,17,14,13,1,0,4,6,5,40,2,2,22,77,8,1,8,0,0,0,23,47,0,0,2009,1266,control
26,balanced,5,tower,星晶の塔,12,20,5,1,1,17,18,27,44,43,0,1,7,20,19,104,2,2,66,226,12,1,8,0,0,0,70,110,0,0,982,3107,control
27,collector,1,meadow,はじまり草原,1,4,2,1,1,1,3,6,10,6,2,2,6,3,2,35,3,1,16,90,5,1,15,0,0,0,15,0,0,0,230,1124,control
27,collector,2,cave,こだま洞くつ,3,7,2,1,1,7,7,11,11,9,2,0,7,4,3,58,5,4,20,133,2,1,18,0,0,0,24,15,0,0,2446,2047,control
27,collector,3,brook,しずく湖畔,5,10,3,1,1,12,10,12,6,4,2,0,7,2,1,13,5,5,13,48,0,0,9,0,0,0,20,5,0,0,1430,1446,control
27,collector,4,volcano,ほむら火山,8,14,4,1,1,12,10,14,10,7,3,0,9,3,2,13,5,5,18,84,1,1,14,0,0,0,27,10,0,0,765,4376,control
27,collector,5,tower,星晶の塔,12,20,5,1,1,14,17,20,21,17,3,1,9,6,5,120,5,5,32,191,3,1,67,1,0,0,37,29,0,0,2311,2325,control
28,rush,1,meadow,はじまり草原,1,4,2,1,1,1,3,8,8,8,0,0,1,7,6,29,0,0,15,46,0,0,5,0,0,0,6,10,0,0,230,747,control
28,rush,2,cave,こだま洞くつ,3,7,2,1,1,8,8,12,9,7,1,1,3,7,6,39,0,0,16,56,0,0,7,0,0,0,13,28,0,0,747,698,control
28,rush,3,brook,しずく湖畔,5,10,3,1,1,12,12,14,4,3,1,0,2,2,1,11,0,0,6,22,0,0,6,0,0,0,5,9,0,0,698,1182,control
28,rush,4,volcano,ほむら火山,8,14,4,1,1,14,15,18,9,9,0,0,0,6,5,34,0,0,15,52,0,0,6,0,0,0,18,37,0,0,1182,957,control
28,rush,5,tower,星晶の塔,12,20,5,1,1,18,19,26,35,34,0,1,0,30,29,136,0,0,65,209,0,0,6,0,0,0,99,100,0,0,957,1561,control
29,balanced,1,meadow,はじまり草原,1,4,2,1,1,1,3,7,10,10,0,0,2,5,4,32,2,2,17,65,4,1,9,0,0,0,6,7,0,0,230,741,control
29,balanced,2,cave,こだま洞くつ,3,7,2,1,1,7,7,12,8,6,2,0,3,4,3,43,1,0,13,72,2,1,12,0,0,0,13,23,0,0,575,1123,control
29,balanced,3,brook,しずく湖畔,5,10,3,1,1,11,12,15,7,6,1,0,3,3,2,13,2,2,12,35,1,1,8,0,0,0,9,24,0,0,2097,1317,control
29,balanced,4,volcano,ほむら火山,8,14,4,1,1,15,11,16,14,13,1,0,4,6,5,26,2,2,22,62,3,1,7,0,0,0,14,36,0,0,1020,1539,control
29,balanced,5,tower,星晶の塔,12,20,5,1,1,16,17,25,42,40,1,1,7,19,18,70,2,2,63,167,4,1,7,0,0,0,44,90,0,0,1193,2752,control
30,collector,1,meadow,はじまり草原,1,4,2,1,1,1,2,6,9,6,2,1,3,3,2,31,1,0,13,76,6,1,13,0,0,0,13,0,0,0,230,1147,control
30,collector,2,cave,こだま洞くつ,3,7,2,1,1,6,4,10,8,6,2,0,4,3,2,35,2,0,13,84,2,1,17,0,0,0,5,6,0,0,1405,3112,control
30,collector,3,brook,しずく湖畔,5,10,3,1,1,10,10,13,9,7,2,0,7,3,2,15,5,5,17,67,0,0,8,0,0,0,24,10,0,0,3380,2756,control
30,collector,4,volcano,ほむら火山,8,14,4,1,1,13,10,16,13,11,2,0,7,4,3,29,5,5,22,88,3,1,11,0,0,0,28,26,0,0,1456,3881,control
30,collector,5,tower,星晶の塔,12,20,5,1,1,16,16,20,23,19,1,3,10,6,5,31,5,5,34,142,3,1,21,0,0,0,43,23,0,0,2051,2644,control
31,rush,1,meadow,はじまり草原,1,4,2,1,1,1,3,7,5,3,1,1,3,3,2,19,0,0,8,30,0,0,8,0,0,0,6,8,0,0,230,704,control
31,rush,2,cave,こだま洞くつ,3,7,2,1,1,7,7,10,4,3,1,0,2,3,2,26,0,0,7,39,0,0,11,0,0,0,8,15,0,0,704,546,control
31,rush,3,brook,しずく湖畔,5,10,3,1,1,10,10,14,6,6,0,0,0,4,3,24,0,0,10,37,0,0,8,0,0,0,10,25,0,0,546,1190,control
31,rush,4,volcano,ほむら火山,8,14,4,1,1,14,14,20,24,24,0,0,0,21,20,123,0,0,45,164,0,0,7,0,0,0,62,65,0,0,1190,1261,control
31,rush,5,tower,星晶の塔,12,20,5,1,0,20,21,0,45,45,0,0,0,40,40,200,0,0,85,308,0,0,7,0,0,0,123,111,0,0,1261,0,control
32,balanced,1,meadow,はじまり草原,1,4,2,1,1,1,2,7,8,5,1,2,3,3,2,31,1,0,12,68,5,1,13,0,0,0,8,5,0,0,230,876,control
32,balanced,2,cave,こだま洞くつ,3,7,2,1,1,7,7,11,6,5,1,0,3,3,2,50,2,1,11,92,4,1,24,0,0,0,7,18,0,0,954,2530,control
32,balanced,3,brook,しずく湖畔,5,10,3,1,1,12,11,14,9,8,1,0,3,4,3,39,2,2,15,61,0,0,13,0,0,0,11,31,0,0,2345,1167,control
32,balanced,4,volcano,ほむら火山,8,14,4,1,1,14,14,18,14,14,0,0,6,6,5,92,2,2,22,138,1,1,25,0,0,0,15,31,0,0,904,2466,control
32,balanced,5,tower,星晶の塔,12,20,5,1,1,18,18,30,75,74,1,0,4,36,35,198,2,2,113,361,0,0,11,0,0,0,118,168,0,0,1911,3500,control
33,collector,1,meadow,はじまり草原,1,4,2,1,1,1,2,6,11,10,1,0,2,4,3,44,1,0,16,86,4,1,15,0,0,0,9,1,0,0,230,1062,control
33,collector,2,cave,こだま洞くつ,3,7,2,1,1,7,7,11,8,6,2,0,4,3,2,48,2,1,13,79,3,1,19,0,0,0,11,9,0,0,1140,2420,control
33,collector,3,brook,しずく湖畔,5,10,3,1,1,10,10,13,9,7,2,0,7,3,2,10,5,5,17,45,1,1,6,0,0,0,14,12,0,0,2764,2140,control
33,collector,4,volcano,ほむら火山,8,14,4,1,1,13,13,18,16,13,3,0,9,5,4,31,5,5,26,105,5,1,8,0,0,0,30,32,0,0,1131,1900,control
33,collector,5,tower,星晶の塔,12,20,5,1,1,18,16,25,56,51,2,3,13,17,16,165,5,5,78,570,14,1,34,0,0,0,94,51,0,0,1005,4335,control
34,rush,1,meadow,はじまり草原,1,4,2,1,1,1,2,6,9,4,1,4,4,4,3,28,0,0,13,53,0,0,8,0,0,0,11,7,0,0,230,684,control
34,rush,2,cave,こだま洞くつ,3,7,2,1,1,6,6,11,10,9,1,0,2,9,8,66,0,0,19,94,0,0,9,0,0,0,27,21,0,0,684,1360,control
34,rush,3,brook,しずく湖畔,5,10,3,1,1,11,12,14,7,7,0,0,0,5,4,26,0,0,12,41,0,0,6,0,0,0,14,22,0,0,1360,1349,control
34,rush,4,volcano,ほむら火山,8,14,4,1,1,14,15,22,40,40,0,0,0,37,36,181,0,0,77,289,0,0,7,0,0,0,115,83,0,0,1349,982,control
34,rush,5,tower,星晶の塔,12,20,5,1,0,22,22,0,45,45,0,0,0,40,40,165,0,0,85,281,0,0,6,0,0,0,134,107,0,0,982,0,control
35,balanced,1,meadow,はじまり草原,1,4,2,1,1,1,2,6,10,4,2,4,7,3,2,31,2,0,15,83,4,1,13,0,0,0,14,4,0,0,230,902,control
35,balanced,2,cave,こだま洞くつ,3,7,2,1,1,7,8,10,5,3,1,1,5,2,1,26,2,2,9,64,2,1,14,0,0,0,15,8,0,0,1478,2286,control
35,balanced,3,brook,しずく湖畔,5,10,3,1,1,10,10,12,5,4,1,0,3,2,1,18,2,2,9,40,1,1,10,0,0,0,11,12,0,0,1771,2059,control
35,balanced,4,volcano,ほむら火山,8,14,4,1,1,12,10,14,8,7,1,0,4,3,2,28,2,2,13,66,3,1,14,0,0,0,17,28,0,0,1595,1278,control
35,balanced,5,tower,星晶の塔,12,20,5,1,1,14,15,21,15,14,1,0,3,6,5,33,2,2,23,85,4,1,8,0,0,0,26,59,0,0,990,3082,control
36,collector,1,meadow,はじまり草原,1,4,2,1,1,1,3,6,10,7,1,2,5,3,2,27,2,0,15,72,4,1,12,0,0,0,9,0,0,0,230,1140,control
36,collector,2,cave,こだま洞くつ,3,7,2,1,1,7,7,11,8,7,1,0,6,3,2,55,5,5,16,134,3,1,26,0,0,0,14,9,0,0,1716,2479,control
36,collector,3,brook,しずく湖畔,5,10,3,1,1,11,11,14,12,10,2,0,7,4,3,36,5,5,21,94,0,0,14,0,0,0,24,14,0,0,1311,1353,control
36,collector,4,volcano,ほむら火山,8,14,4,1,1,14,13,18,25,22,3,0,9,8,7,113,5,5,38,233,6,1,27,0,0,0,43,30,0,0,717,1618,control
36,collector,5,tower,星晶の塔,12,20,5,1,1,18,18,24,38,34,1,3,12,11,10,53,5,5,54,282,2,1,34,0,0,0,66,31,0,0,856,3508,control
37,rush,1,meadow,はじまり草原,1,4,2,1,1,1,3,7,10,6,0,4,5,5,4,23,0,0,15,48,0,0,8,0,0,0,8,8,0,0,230,564,control
37,rush,2,cave,こだま洞くつ,3,7,2,1,1,7,7,11,11,8,1,2,4,8,7,51,0,0,19,80,0,0,8,0,0,0,18,18,0,0,564,1400,control
37,rush,3,brook,しずく湖畔,5,10,3,1,1,11,12,16,14,14,0,0,3,12,11,53,0,0,26,77,0,0,6,0,0,0,24,30,0,0,1400,1144,control
37,rush,4,volcano,ほむら火山,8,14,4,1,1,16,16,17,4,3,1,0,1,1,0,6,0,0,5,15,0,0,6,0,0,0,2,0,0,0,1144,2844,control
37,rush,5,tower,星晶の塔,12,20,5,1,1,17,18,24,25,25,0,0,0,21,20,101,0,0,46,145,0,0,6,0,0,0,62,96,0,0,2844,1507,control
38,balanced,1,meadow,はじまり草原,1,4,2,1,1,1,2,6,6,5,1,0,3,3,2,26,1,0,10,56,4,1,12,0,0,0,6,6,0,0,230,864,control
38,balanced,2,cave,こだま洞くつ,3,7,2,1,1,7,7,10,4,3,1,0,3,2,1,40,2,2,8,66,3,1,22,0,0,0,7,7,0,0,942,2490,control
38,balanced,3,brook,しずく湖畔,5,10,3,1,1,10,11,14,7,6,1,0,4,3,2,23,2,1,12,44,0,0,10,0,0,0,8,29,0,0,1929,1124,control
38,balanced,4,volcano,ほむら火山,8,14,4,1,1,14,10,11,7,6,1,0,6,1,0,4,2,2,10,37,0,0,7,0,0,0,6,0,0,0,1897,2880,control
38,balanced,5,tower,星晶の塔,12,20,5,1,1,11,16,21,15,14,1,0,5,6,5,32,2,2,23,80,5,1,7,0,0,0,27,79,0,0,2231,3065,control
39,collector,1,meadow,はじまり草原,1,4,2,1,1,1,2,6,17,6,2,9,9,3,2,39,1,0,21,96,5,1,17,0,0,0,18,0,0,0,230,1092,control
39,collector,2,cave,こだま洞くつ,3,7,2,1,1,6,5,10,8,7,1,0,3,3,2,51,2,0,13,96,5,1,21,0,0,0,6,7,0,0,1350,2892,control
39,collector,3,brook,しずく湖畔,5,10,3,1,1,11,11,15,15,14,1,0,6,5,4,24,5,3,25,80,4,1,10,0,0,0,17,30,0,0,3420,1313,control
39,collector,4,volcano,ほむら火山,8,14,4,1,1,16,17,18,4,2,2,0,7,1,0,16,5,5,10,56,0,0,16,0,0,0,11,0,0,0,2510,4413,control
39,collector,5,tower,星晶の塔,12,20,5,1,1,18,16,22,30,25,4,1,10,9,8,92,5,5,44,233,4,1,45,0,0,0,47,53,0,0,2331,4510,control
40,rush,1,meadow,はじまり草原,1,4,2,1,1,1,3,6,12,2,1,9,10,2,1,13,0,0,14,49,0,0,7,0,0,0,12,5,0,0,230,684,control
40,rush,2,cave,こだま洞くつ,3,7,2,1,1,6,6,11,10,9,1,0,1,9,8,73,0,0,19,96,0,0,10,0,0,0,26,18,0,0,684,1714,control
40,rush,3,brook,しずく湖畔,5,10,3,1,1,11,12,14,7,7,0,0,0,5,4,31,0,0,12,45,0,0,7,0,0,0,14,27,0,0,1714,1158,control
40,rush,4,volcano,ほむら火山,8,14,4,1,1,14,15,19,15,15,0,0,0,12,11,65,0,0,27,93,0,0,7,0,0,0,35,43,0,0,1158,950,control
40,rush,5,tower,星晶の塔,12,20,5,1,0,19,20,0,48,45,0,3,0,40,40,190,0,0,88,337,0,0,7,0,0,0,140,121,0,0,950,0,control
41,balanced,1,meadow,はじまり草原,1,4,2,1,1,1,3,7,9,6,2,1,3,4,3,52,1,0,14,83,5,1,19,0,0,0,11,7,0,0,230,767,control
41,balanced,2,cave,こだま洞くつ,3,7,2,1,1,8,8,12,6,6,0,0,3,3,2,55,2,2,11,90,2,1,26,0,0,0,12,20,0,0,1465,2298,control
41,balanced,3,brook,しずく湖畔,5,10,3,1,1,12,12,16,15,14,1,0,3,7,6,57,2,2,24,102,0,0,13,0,0,0,24,30,0,0,1781,969,control
41,balanced,4,volcano,ほむら火山,8,14,4,1,1,16,16,18,8,7,1,0,5,3,2,49,2,2,13,80,2,1,22,0,0,0,13,15,0,0,751,2851,control
41,balanced,5,tower,星晶の塔,12,20,5,1,1,18,17,23,25,24,1,0,4,11,10,52,2,2,38,117,8,1,7,0,0,0,38,66,0,0,2208,1810,control
42,collector,1,meadow,はじまり草原,1,4,2,1,1,1,3,5,5,3,2,0,6,2,1,20,4,3,11,86,2,1,16,0,0,0,16,0,0,0,230,1268,control
42,collector,2,cave,こだま洞くつ,3,7,2,1,1,6,4,10,11,9,2,0,3,4,3,54,1,0,16,93,5,1,17,0,0,0,6,9,0,0,1124,2383,control
42,collector,3,brook,しずく湖畔,5,10,3,1,1,10,11,13,9,7,2,0,7,3,2,19,5,5,17,93,6,1,21,0,0,0,25,16,0,0,2517,1924,control
42,collector,4,volcano,ほむら火山,8,14,4,1,1,13,12,14,7,4,3,0,8,2,1,13,5,5,14,72,3,1,8,0,0,0,23,9,0,0,1018,2280,control
42,collector,5,tower,星晶の塔,12,20,5,1,1,14,17,23,37,33,2,2,11,11,10,75,5,5,53,228,12,1,16,0,0,0,56,45,0,0,1205,3796,control
43,rush,1,meadow,はじまり草原,1,4,2,1,1,1,2,7,7,4,1,2,3,4,3,34,0,0,11,56,0,0,12,0,0,0,9,8,0,0,230,665,control
43,rush,2,cave,こだま洞くつ,3,7,2,1,1,7,7,11,8,7,1,0,2,7,6,58,0,0,15,80,0,0,10,0,0,0,19,16,0,0,665,1661,control
43,rush,3,brook,しずく湖畔,5,10,3,1,1,11,11,14,7,7,0,0,0,5,4,30,0,0,12,45,0,0,7,0,0,0,14,25,0,0,1661,1192,control
43,rush,4,volcano,ほむら火山,8,14,4,1,1,14,15,21,26,26,0,0,0,23,22,140,0,0,49,192,0,0,8,0,0,0,68,71,0,0,1192,979,control
43,rush,5,tower,星晶の塔,12,20,5,1,0,21,21,0,45,45,0,0,0,40,40,198,0,0,85,323,0,0,7,0,0,0,124,107,0,0,979,0,control
44,balanced,1,meadow,はじまり草原,1,4,2,1,1,1,2,7,8,7,1,0,3,4,3,39,1,0,13,66,5,1,14,0,0,0,7,8,0,0,230,739,control
44,balanced,2,cave,こだま洞くつ,3,7,2,1,1,7,8,12,6,5,1,0,3,3,2,31,2,0,11,79,2,1,14,0,0,0,6,17,0,0,817,2141,control
44,balanced,3,brook,しずく湖畔,5,10,3,1,1,12,13,15,7,6,1,0,3,3,2,15,2,2,12,36,0,0,7,0,0,0,8,37,0,0,2409,975,control
44,balanced,4,volcano,ほむら火山,8,14,4,1,1,15,15,21,24,23,1,0,3,11,10,91,2,2,37,144,7,1,15,0,0,0,24,59,0,0,756,2421,control
44,balanced,5,tower,星晶の塔,12,20,5,1,1,21,19,23,19,18,1,0,4,8,7,50,2,2,29,101,7,1,8,0,0,0,28,48,0,0,1876,2234,control
45,collector,1,meadow,はじまり草原,1,4,2,1,1,1,3,6,8,6,2,0,4,3,2,32,2,0,13,69,4,1,13,0,0,0,10,1,0,0,230,1164,control
45,collector,2,cave,こだま洞くつ,3,7,2,1,1,8,8,11,8,7,1,0,6,3,2,56,5,5,16,119,4,1,27,0,0,0,22,11,0,0,3060,2568,control
45,collector,3,brook,しずく湖畔,5,10,3,1,1,11,11,14,15,13,2,0,7,5,4,35,5,5,25,105,2,1,9,0,0,0,29,12,0,0,1357,1310,control
45,collector,4,volcano,ほむら火山,8,14,4,1,1,14,12,15,10,7,3,0,8,3,2,29,5,5,18,88,2,1,12,0,0,0,23,16,0,0,693,2210,control
45,collector,5,tower,星晶の塔,12,20,5,1,1,15,14,19,17,15,2,0,10,5,4,37,5,5,27,140,8,1,18,0,0,0,34,26,0,0,1168,3495,control
46,rush,1,meadow,はじまり草原,1,4,2,1,1,1,3,7,4,3,1,0,1,3,2,21,0,0,7,31,0,0,9,0,0,0,5,9,0,0,230,679,control
46,rush,2,cave,こだま洞くつ,3,7,2,1,1,7,7,11,9,8,1,0,1,8,7,62,0,0,17,82,0,0,10,0,0,0,24,13,0,0,679,1675,control
46,rush,3,brook,しずく湖畔,5,10,3,1,1,11,11,14,6,6,0,0,0,4,3,24,0,0,10,34,0,0,7,0,0,0,11,28,0,0,1675,1192,control
46,rush,4,volcano,ほむら火山,8,14,4,1,1,14,15,18,6,6,0,0,0,3,2,19,0,0,9,31,0,0,7,0,0,0,8,35,0,0,1192,1001,control
46,rush,5,tower,星晶の塔,12,20,5,1,0,18,18,0,45,45,0,0,0,40,40,189,0,0,85,295,0,0,7,0,0,0,123,121,0,0,1001,0,control
47,balanced,1,meadow,はじまり草原,1,4,2,1,1,1,3,6,7,4,2,1,3,3,2,34,1,0,11,66,5,1,16,0,0,0,10,5,0,0,230,887,control
47,balanced,2,cave,こだま洞くつ,3,7,2,1,1,7,7,11,6,5,1,0,3,3,2,37,2,0,11,76,4,1,14,0,0,0,12,17,0,0,1145,2575,control
47,balanced,3,brook,しずく湖畔,5,10,3,1,1,10,12,14,5,4,1,0,3,2,1,14,2,2,9,33,1,1,8,0,0,0,10,18,0,0,3103,2618,control
47,balanced,4,volcano,ほむら火山,8,14,4,1,1,14,13,19,16,15,1,0,3,7,6,59,2,2,25,107,2,1,14,0,0,0,27,46,0,0,2028,3652,control
47,balanced,5,tower,星晶の塔,12,20,5,1,1,19,18,22,23,22,1,0,4,10,9,78,2,2,35,154,0,0,15,0,0,0,39,67,0,0,2829,2255,control
48,collector,1,meadow,はじまり草原,1,4,2,1,1,1,3,6,8,7,1,0,6,3,2,26,5,2,16,103,2,1,19,0,0,0,11,1,0,0,230,1133,control
48,collector,2,cave,こだま洞くつ,3,7,2,1,1,8,8,12,14,12,2,0,4,5,4,93,2,1,21,140,5,1,27,0,0,0,16,23,0,0,2565,1337,control
48,collector,3,brook,しずく湖畔,5,10,3,1,1,13,13,14,3,0,3,0,8,1,0,7,5,4,9,54,0,0,14,0,0,0,16,0,0,0,1571,3388,control
48,collector,4,volcano,ほむら火山,8,14,4,1,1,15,13,16,11,8,2,1,9,3,2,23,5,5,19,108,4,1,18,0,0,0,29,19,0,0,2215,3458,control
48,collector,5,tower,星晶の塔,12,20,5,1,1,16,15,24,42,39,2,1,10,13,12,127,5,5,60,259,8,1,23,0,0,0,59,52,0,0,1827,4448,control
49,rush,1,meadow,はじまり草原,1,4,2,1,1,1,2,5,8,1,2,5,5,2,1,20,0,0,10,42,0,0,12,0,0,0,10,3,0,0,230,821,control
49,rush,2,cave,こだま洞くつ,3,7,2,1,1,5,6,10,6,6,0,0,0,5,4,41,0,0,11,59,0,0,11,0,0,0,16,19,0,0,821,1398,control
49,rush,3,brook,しずく湖畔,5,10,3,1,1,10,11,14,5,5,0,0,0,3,2,15,0,0,8,25,0,0,6,0,0,0,7,26,0,0,1398,1147,control
49,rush,4,volcano,ほむら火山,8,14,4,1,0,14,14,0,44,44,0,0,0,40,40,208,0,0,84,350,0,0,6,0,0,0,142,79,0,0,1147,0,control
49,rush,5,tower,星晶の塔,12,20,5,0,0,0,0,0,0,0,0,0,0,0,0,0,0,0,0,0,0,0,0,0,0,0,0,0,0,0,0,0,control
50,balanced,1,meadow,はじまり草原,1,4,2,1,1,1,2,6,10,5,1,4,6,3,2,26,1,0,14,59,3,1,13,0,0,0,10,4,0,0,230,909,control
50,balanced,2,cave,こだま洞くつ,3,7,2,1,1,7,5,10,6,5,1,0,3,3,2,35,2,0,11,74,3,1,18,0,0,0,5,13,0,0,987,2829,control
50,balanced,3,brook,しずく湖畔,5,10,3,1,1,11,11,15,9,8,1,0,3,4,3,20,2,2,15,47,3,1,6,0,0,0,11,38,0,0,3097,1355,control
50,balanced,4,volcano,ほむら火山,8,14,4,1,1,15,13,16,10,9,1,0,2,4,3,22,1,0,15,48,4,1,7,0,0,0,8,27,0,0,1050,2759,control
50,balanced,5,tower,星晶の塔,12,20,5,1,1,17,18,25,36,34,1,1,5,16,15,92,2,2,54,217,3,1,12,0,0,0,60,105,0,0,3016,2771,control
51,collector,1,meadow,はじまり草原,1,4,2,1,1,1,2,7,15,13,1,1,3,5,4,48,1,0,21,88,4,1,13,0,0,0,10,0,0,0,230,1301,control
51,collector,2,cave,こだま洞くつ,3,7,2,1,1,8,8,11,8,8,0,0,6,3,2,55,4,2,15,167,4,1,27,0,0,0,10,8,0,0,1579,2328,control
51,collector,3,brook,しずく湖畔,5,10,3,1,1,12,12,16,18,15,3,0,8,6,5,63,5,5,29,129,1,1,18,0,0,0,32,32,0,0,2692,1501,control
51,collector,4,volcano,ほむら火山,8,14,4,1,1,16,14,18,16,13,3,0,9,5,4,31,5,5,26,111,3,1,11,0,0,0,30,16,0,0,794,2839,control
51,collector,5,tower,星晶の塔,12,20,5,1,1,18,15,18,14,12,2,0,10,4,3,21,5,5,23,78,5,1,6,0,0,0,26,24,0,0,1500,2671,control
52,rush,1,meadow,はじまり草原,1,4,2,1,1,1,3,6,3,1,2,0,2,2,1,19,0,0,5,30,0,0,11,0,0,0,4,5,0,0,230,799,control
52,rush,2,cave,こだま洞くつ,3,7,2,1,1,6,6,10,8,8,0,0,0,7,6,55,0,0,15,75,0,0,10,0,0,0,19,16,0,0,799,694,control
52,rush,3,brook,しずく湖畔,5,10,3,1,1,10,11,14,5,5,0,0,0,3,2,13,0,0,8,23,0,0,5,0,0,0,7,28,0,0,694,1149,control
52,rush,4,volcano,ほむら火山,8,14,4,1,1,14,15,22,43,42,0,1,0,39,38,205,0,0,82,320,0,0,7,0,0,0,126,73,0,0,1149,983,control
52,rush,5,tower,星晶の塔,12,20,5,1,0,22,22,0,46,45,0,1,0,40,40,180,0,0,86,318,0,0,7,0,0,0,132,115,0,0,983,0,control
53,balanced,1,meadow,はじまり草原,1,4,2,1,1,1,3,7,12,7,1,4,7,4,3,40,2,0,18,100,6,1,14,0,0,0,13,6,0,0,230,770,control
53,balanced,2,cave,こだま洞くつ,3,7,2,1,1,8,8,11,4,3,1,0,4,2,1,16,2,2,8,55,0,0,12,0,0,0,10,11,0,0,2246,2813,control
53,balanced,3,brook,しずく湖畔,5,10,3,1,1,11,11,14,7,6,1,0,3,3,2,19,2,2,12,45,0,0,10,0,0,0,14,24,0,0,2179,1383,control
53,balanced,4,volcano,ほむら火山,8,14,4,1,1,14,14,20,24,24,0,0,6,11,10,84,2,2,37,144,6,1,16,0,0,0,40,60,0,0,1072,1262,control
53,balanced,5,tower,星晶の塔,12,20,5,1,1,20,20,27,37,36,1,0,3,17,16,94,2,2,56,180,13,1,9,0,0,0,56,91,0,0,978,3027,control
54,collector,1,meadow,はじまり草原,1,4,2,1,1,1,3,6,8,7,1,0,2,3,2,29,1,0,12,56,3,1,14,0,0,0,5,1,0,0,230,1121,control
54,collector,2,cave,こだま洞くつ,3,7,2,1,1,6,7,11,8,7,1,0,4,3,2,38,2,1,13,87,6,1,23,0,0,0,12,11,0,0,1199,2464,control
54,collector,3,brook,しずく湖畔,5,10,3,1,1,11,11,13,6,4,2,0,7,2,1,11,5,5,13,57,0,0,8,0,0,0,20,7,0,0,2543,2711,control
54,collector,4,volcano,ほむら火山,8,14,4,1,1,13,12,15,13,10,3,0,9,4,3,33,5,5,22,92,2,1,17,0,0,0,28,17,0,0,1432,2838,control
54,collector,5,tower,星晶の塔,12,20,5,1,1,15,16,24,41,40,1,0,8,13,12,162,5,5,59,371,9,1,76,1,0,0,60,57,0,0,1500,3502,control
55,rush,1,meadow,はじまり草原,1,4,2,1,1,1,3,8,18,12,0,6,6,11,10,52,0,0,29,97,0,0,8,0,0,0,16,10,0,0,230,649,control
55,rush,2,cave,こだま洞くつ,3,7,2,1,1,8,9,13,15,13,1,1,2,13,12,97,0,0,28,126,0,0,11,0,0,0,26,31,0,0,649,557,control
55,rush,3,brook,しずく湖畔,5,10,3,1,1,13,13,14,4,3,1,0,1,2,1,14,0,0,6,22,0,0,8,0,0,0,5,7,0,0,557,1371,control
55,rush,4,volcano,ほむら火山,8,14,4,1,1,14,15,21,33,33,0,0,0,30,29,171,0,0,63,243,0,0,7,0,0,0,89,78,0,0,1371,969,control
55,rush,5,tower,星晶の塔,12,20,5,1,0,21,22,0,45,45,0,0,0,40,40,181,0,0,85,294,0,0,7,0,0,0,122,110,0,0,969,0,control
56,balanced,1,meadow,はじまり草原,1,4,2,1,1,1,3,7,7,5,1,1,4,3,2,27,2,0,12,64,2,1,13,0,0,0,7,6,0,0,230,867,control
56,balanced,2,cave,こだま洞くつ,3,7,2,1,1,8,9,12,6,5,1,0,2,3,2,30,1,0,10,60,1,1,13,0,0,0,4,21,0,0,2343,2127,control
56,balanced,3,brook,しずく湖畔,5,10,3,1,1,12,13,15,7,6,1,0,3,3,2,15,2,2,12,41,3,1,6,0,0,0,9,33,0,0,2261,1165,control
56,balanced,4,volcano,ほむら火山,8,14,4,1,1,15,12,15,8,7,1,0,4,3,2,18,2,1,13,48,4,1,9,0,0,0,8,14,0,0,903,3096,control
56,balanced,5,tower,星晶の塔,12,20,5,1,1,14,17,19,7,6,1,0,3,2,1,9,2,2,11,39,1,1,6,0,0,0,11,27,0,0,3282,4085,control
57,collector,1,meadow,はじまり草原,1,4,2,1,1,1,2,6,12,9,2,1,4,4,3,45,2,0,18,95,8,1,14,0,0,0,15,0,0,0,230,1069,control
57,collector,2,cave,こだま洞くつ,3,7,2,1,1,7,9,11,8,7,1,0,6,3,2,47,5,5,16,101,4,1,17,0,0,0,24,13,0,0,2675,2352,control
57,collector,3,brook,しずく湖畔,5,10,3,1,1,11,8,14,21,19,2,0,5,7,6,66,3,2,31,126,3,1,17,0,0,0,27,19,0,0,1243,1440,control
57,collector,4,volcano,ほむら火山,8,14,4,1,1,12,14,18,16,14,2,0,4,5,4,128,2,1,23,211,4,1,30,0,0,0,20,23,0,0,1323,2830,control
57,collector,5,tower,星晶の塔,12,20,5,1,1,18,17,23,32,30,2,0,9,10,9,127,5,5,47,243,6,1,37,0,0,0,49,60,0,0,3348,2244,control
58,rush,1,meadow,はじまり草原,1,4,2,1,1,1,3,7,11,9,0,2,3,8,7,35,0,0,19,65,0,0,7,0,0,0,9,9,0,0,230,555,control
58,rush,2,cave,こだま洞くつ,3,7,2,1,1,7,7,10,6,3,2,1,3,4,3,33,0,0,10,48,0,0,9,0,0,0,12,12,0,0,555,1716,control
58,rush,3,brook,しずく湖畔,5,10,3,1,1,10,11,14,7,7,0,0,0,5,4,30,0,0,12,42,0,0,8,0,0,0,14,27,0,0,1716,1132,control
58,rush,4,volcano,ほむら火山,8,14,4,1,1,14,15,19,21,21,0,0,0,18,17,97,0,0,39,130,0,0,7,0,0,0,53,51,0,0,1132,1234,control
58,rush,5,tower,星晶の塔,12,20,5,1,0,19,20,0,45,45,0,0,0,40,40,189,0,0,85,285,0,0,7,0,0,0,120,122,0,0,1234,0,control
59,balanced,1,meadow,はじまり草原,1,4,2,1,1,1,2,7,8,7,1,0,2,4,3,42,1,0,13,67,5,1,15,0,0,0,8,7,0,0,230,787,control
59,balanced,2,cave,こだま洞くつ,3,7,2,1,1,7,7,10,4,3,1,0,3,2,1,27,2,2,8,57,4,1,16,0,0,0,11,7,0,0,865,2956,control
59,balanced,3,brook,しずく湖畔,5,10,3,1,1,10,10,12,5,4,1,0,3,2,1,17,2,2,9,39,1,1,12,0,0,0,10,9,0,0,2290,2240,control
59,balanced,4,volcano,ほむら火山,8,14,4,1,1,12,12,19,24,23,1,0,5,11,10,66,2,2,37,141,6,1,13,0,0,0,39,71,0,0,1736,1528,control
59,balanced,5,tower,星晶の塔,12,20,5,1,1,19,20,22,9,8,1,0,3,3,2,21,2,2,14,46,0,0,7,0,0,0,15,24,0,0,1184,1845,control
60,collector,1,meadow,はじまり草原,1,4,2,1,1,1,2,6,10,6,2,2,5,3,2,32,1,0,14,67,5,1,13,0,0,0,12,0,0,0,230,1114,control
60,collector,2,cave,こだま洞くつ,3,7,2,1,1,6,5,10,8,7,1,0,3,3,2,42,2,1,13,95,2,1,19,0,0,0,6,5,0,0,1372,2831,control
60,collector,3,brook,しずく湖畔,5,10,3,1,1,10,7,14,21,20,1,0,6,7,6,40,5,5,33,94,4,1,10,0,0,0,23,20,0,0,2886,2206,control
60,collector,4,volcano,ほむら火山,8,14,4,1,1,14,14,18,22,20,2,0,8,7,6,152,5,5,34,241,6,1,24,0,0,0,40,26,1,0,1166,1594,control
60,collector,5,tower,星晶の塔,12,20,5,1,1,18,15,22,38,33,2,3,12,11,10,78,5,5,54,261,8,1,24,0,0,0,61,41,0,0,843,3500,control
61,rush,1,meadow,はじまり草原,1,4,2,1,1,1,3,7,4,3,1,0,2,3,2,25,0,0,7,40,0,0,9,0,0,0,6,9,0,0,230,678,control
61,rush,2,cave,こだま洞くつ,3,7,2,1,1,7,7,11,11,10,1,0,1,10,9,79,0,0,21,104,0,0,9,0,0,0,29,18,0,0,678,1401,control
61,rush,3,brook,しずく湖畔,5,10,3,1,1,11,12,14,4,4,0,0,0,2,1,14,0,0,6,22,0,0,9,0,0,0,5,23,0,0,1401,1208,control
61,rush,4,volcano,ほむら火山,8,14,4,1,1,14,15,21,29,29,0,0,0,26,25,150,0,0,55,209,0,0,8,0,0,0,77,74,0,0,1208,956,control
61,rush,5,tower,星晶の塔,12,20,5,1,0,21,22,0,45,45,0,0,0,40,40,201,0,0,85,320,0,0,7,0,0,0,124,109,0,0,956,0,control
62,balanced,1,meadow,はじまり草原,1,4,2,1,1,1,2,5,5,3,1,1,4,2,1,15,2,1,9,48,2,1,10,0,0,0,7,2,0,0,230,1113,control
62,balanced,2,cave,こだま洞くつ,3,7,2,1,1,5,5,9,6,5,1,0,3,3,2,35,2,1,11,82,4,1,16,0,0,0,7,11,0,0,1058,2180,control
62,balanced,3,brook,しずく湖畔,5,10,3,1,1,10,11,14,7,6,1,0,3,3,2,15,2,2,12,40,1,1,6,0,0,0,13,29,0,0,2053,1581,control
62,balanced,4,volcano,ほむら火山,8,14,4,1,1,14,14,16,12,11,1,0,4,5,4,35,2,2,19,78,2,1,12,0,0,0,22,21,0,0,1225,1248,control
62,balanced,5,tower,星晶の塔,12,20,5,1,1,16,18,25,42,34,1,7,11,16,15,90,2,2,60,246,7,1,11,0,0,0,77,78,0,0,968,4318,control
63,collector,1,meadow,はじまり草原,1,4,2,1,1,1,3,5,5,3,2,0,4,2,1,19,2,1,9,52,1,1,13,0,0,0,9,0,0,0,230,1272,control
63,collector,2,cave,こだま洞くつ,3,7,2,1,1,6,6,10,8,7,1,0,3,3,2,44,1,0,12,107,4,1,21,0,0,0,5,6,0,0,1378,2854,control
63,collector,3,brook,しずく湖畔,5,10,3,1,1,11,7,10,9,8,1,0,6,3,2,14,5,5,17,53,4,1,6,0,0,0,15,6,0,0,3488,3107,control
63,collector,4,volcano,ほむら火山,8,14,4,1,1,10,12,15,10,6,4,0,9,3,2,18,5,5,18,76,2,1,10,0,0,0,24,15,0,0,1642,2278,control
63,collector,5,tower,星晶の塔,12,20,5,1,1,15,15,20,18,15,2,1,10,5,4,44,5,5,28,134,5,1,15,0,0,0,35,28,0,0,1204,3494,control
64,rush,1,meadow,はじまり草原,1,4,2,1,1,1,2,7,5,4,1,0,1,4,3,29,0,0,9,41,0,0,8,0,0,0,6,8,0,0,230,713,control
64,rush,2,cave,こだま洞くつ,3,7,2,1,1,7,7,10,7,6,1,0,1,6,5,47,0,0,13,65,0,0,9,0,0,0,17,13,0,0,713,1387,control
64,rush,3,brook,しずく湖畔,5,10,3,1,1,10,11,14,6,6,0,0,0,4,3,21,0,0,10,29,0,0,6,0,0,0,11,28,0,0,1387,1191,control
64,rush,4,volcano,ほむら火山,8,14,4,1,1,14,15,18,7,7,0,0,0,4,3,22,0,0,11,35,0,0,6,0,0,0,11,35,0,0,1191,988,control
64,rush,5,tower,星晶の塔,12,20,5,1,0,18,18,0,47,45,0,2,0,40,40,181,0,0,87,284,0,0,7,0,0,0,127,121,0,0,988,0,control
65,balanced,1,meadow,はじまり草原,1,4,2,1,1,1,2,6,7,4,2,1,4,3,2,30,1,0,11,58,4,1,12,0,0,0,9,5,0,0,230,893,control
65,balanced,2,cave,こだま洞くつ,3,7,2,1,1,7,7,11,6,5,1,0,3,3,2,45,2,2,11,83,3,1,20,0,0,0,14,15,0,0,1151,2673,control
65,balanced,3,brook,しずく湖畔,5,10,3,1,1,11,12,14,5,4,1,0,3,2,1,13,2,2,9,38,1,1,8,0,0,0,10,17,0,0,2071,1768,control
65,balanced,4,volcano,ほむら火山,8,14,4,1,1,14,14,21,28,27,1,0,5,13,12,90,2,2,43,180,10,1,11,0,0,0,46,68,0,0,1370,1208,control
65,balanced,5,tower,星晶の塔,12,20,5,1,0,21,21,0,87,85,0,2,7,40,40,212,0,0,127,450,34,1,12,0,0,0,145,177,0,0,937,0,control
66,collector,1,meadow,はじまり草原,1,4,2,1,1,1,2,6,13,10,1,2,5,4,3,40,4,3,21,115,4,1,16,0,0,0,16,0,0,0,230,1018,control
66,collector,2,cave,こだま洞くつ,3,7,2,1,1,6,6,10,8,6,2,0,3,3,2,33,1,0,12,62,3,1,14,0,0,0,10,9,0,0,773,2219,control
66,collector,3,brook,しずく湖畔,5,10,3,1,1,11,10,12,6,3,3,0,8,2,1,11,5,5,13,53,1,1,8,0,0,0,20,5,0,0,2853,2829,control
66,collector,4,volcano,ほむら火山,8,14,4,1,1,12,10,14,11,7,3,1,9,3,2,16,5,5,19,87,2,1,12,0,0,0,27,16,0,0,1495,3210,control
66,collector,5,tower,星晶の塔,12,20,5,1,1,14,17,22,29,25,1,3,9,8,7,145,5,5,42,243,3,1,45,0,0,0,48,26,0,0,1695,3809,control
67,rush,1,meadow,はじまり草原,1,4,2,1,1,1,2,7,7,4,1,2,2,4,3,35,0,0,11,59,0,0,10,0,0,0,10,8,0,0,230,676,control
67,rush,2,cave,こだま洞くつ,3,7,2,1,1,7,7,11,10,8,1,1,2,8,7,60,0,0,18,85,0,0,9,0,0,0,26,15,0,0,676,1706,control
67,rush,3,brook,しずく湖畔,5,10,3,1,1,11,11,14,5,5,0,0,0,3,2,17,0,0,8,27,0,0,7,0,0,0,8,25,0,0,1706,1153,control
67,rush,4,volcano,ほむら火山,8,14,4,1,1,14,15,21,28,28,0,0,0,25,24,128,0,0,53,185,0,0,7,0,0,0,74,71,0,0,1153,934,control
67,rush,5,tower,星晶の塔,12,20,5,1,0,21,22,0,46,45,0,1,0,40,40,189,0,0,86,297,0,0,7,0,0,0,126,107,0,0,934,0,control
68,balanced,1,meadow,はじまり草原,1,4,2,1,1,1,3,7,6,4,2,0,4,3,2,40,2,0,11,76,5,1,15,0,0,0,8,6,0,0,230,868,control
68,balanced,2,cave,こだま洞くつ,3,7,2,1,1,8,8,12,6,5,1,0,3,3,2,53,2,2,11,88,2,1,22,0,0,0,14,21,0,0,1644,1916,control
68,balanced,3,brook,しずく湖畔,5,10,3,1,1,12,12,15,13,12,1,0,3,6,5,30,2,2,21,60,2,1,6,0,0,0,22,25,0,0,1485,1015,control
68,balanced,4,volcano,ほむら火山,8,14,4,1,1,15,16,21,28,27,1,0,3,13,12,84,2,2,43,136,9,1,9,0,0,0,44,65,0,0,787,1262,control
68,balanced,5,tower,星晶の塔,12,20,5,1,1,21,20,24,17,16,1,0,3,7,6,40,2,2,26,85,3,1,9,0,0,0,27,40,0,0,978,3003,control
69,collector,1,meadow,はじまり草原,1,4,2,1,1,1,3,7,16,13,1,2,3,5,4,42,1,0,22,86,3,1,13,0,0,0,12,0,0,0,230,1297,control
69,collector,2,cave,こだま洞くつ,3,7,2,1,1,7,7,11,8,6,2,0,7,3,2,33,5,5,16,113,3,1,22,0,0,0,22,11,0,0,1575,2229,control
69,collector,3,brook,しずく湖畔,5,10,3,1,1,11,10,14,15,14,1,0,8,5,4,28,5,5,25,94,4,1,9,0,0,0,29,12,0,0,1178,2213,control
69,collector,4,volcano,ほむら火山,8,14,4,1,1,14,14,16,7,4,3,0,8,2,1,12,5,5,14,67,2,1,8,0,0,0,21,8,0,0,1170,2298,control
69,collector,5,tower,星晶の塔,12,20,5,1,1,16,16,19,19,15,2,2,11,5,4,29,5,5,29,121,3,1,9,0,0,0,35,21,0,0,1215,2281,control
70,rush,1,meadow,はじまり草原,1,4,2,1,1,1,3,6,4,2,1,1,1,2,1,15,0,0,6,29,0,0,10,0,0,0,4,5,0,0,230,800,control
70,rush,2,cave,こだま洞くつ,3,7,2,1,1,6,6,12,14,12,1,1,3,12,11,108,0,0,26,143,0,0,12,0,0,0,36,36,0,0,800,540,control
70,rush,3,brook,しずく湖畔,5,10,3,1,1,12,13,15,13,13,0,0,0,11,10,64,0,0,24,86,0,0,7,0,0,0,32,16,0,0,540,1185,control
70,rush,4,volcano,ほむら火山,8,14,4,1,1,15,16,20,18,18,0,0,0,15,14,95,0,0,33,133,0,0,7,0,0,0,44,62,0,0,1185,933,control
70,rush,5,tower,星晶の塔,12,20,5,1,0,20,21,0,46,45,0,1,0,40,40,197,0,0,86,329,0,0,7,0,0,0,128,106,0,0,933,0,control
71,balanced,1,meadow,はじまり草原,1,4,2,1,1,1,3,7,7,5,1,1,3,3,2,24,1,0,11,53,5,1,10,0,0,0,7,5,0,0,230,915,control
71,balanced,2,cave,こだま洞くつ,3,7,2,1,1,7,7,11,6,5,1,0,3,3,2,56,2,0,11,95,4,1,26,0,0,0,4,18,0,0,993,2356,control
71,balanced,3,brook,しずく湖畔,5,10,3,1,1,12,7,12,11,10,1,0,3,5,4,24,2,1,18,65,3,1,7,0,0,0,14,29,1,0,2624,1500,control
71,balanced,4,volcano,ほむら火山,8,14,4,1,1,13,11,12,4,3,1,0,6,1,0,4,2,2,7,35,0,0,8,0,0,0,6,0,0,0,2967,4645,control
71,balanced,5,tower,星晶の塔,12,20,5,1,1,12,15,24,48,40,1,7,12,19,18,134,2,2,69,291,2,1,19,0,0,0,77,101,0,0,3598,1861,control
72,collector,1,meadow,はじまり草原,1,4,2,1,1,1,3,6,9,7,1,1,4,3,2,26,2,1,14,59,4,1,10,0,0,0,9,0,0,0,230,1119,control
72,collector,2,cave,こだま洞くつ,3,7,2,1,1,6,6,10,5,3,2,0,5,2,1,19,3,2,10,64,5,1,13,0,0,0,13,4,0,0,1063,3289,control
72,collector,3,brook,しずく湖畔,5,10,3,1,1,10,9,11,9,7,2,0,7,3,2,17,5,5,17,64,0,0,7,0,0,0,23,10,0,0,2942,2451,control
72,collector,4,volcano,ほむら火山,8,14,4,1,1,11,12,14,8,5,2,1,9,2,1,11,5,5,15,79,1,1,9,0,0,0,25,5,0,0,1296,2213,control
72,collector,5,tower,星晶の塔,12,20,5,1,1,14,16,21,23,20,0,3,10,6,5,27,5,5,34,127,2,1,11,0,0,0,44,31,0,0,1170,3487,control
73,rush,1,meadow,はじまり草原,1,4,2,1,1,1,2,7,11,5,1,5,5,5,4,39,0,0,16,66,0,0,9,0,0,0,14,9,0,0,230,561,control
73,rush,2,cave,こだま洞くつ,3,7,2,1,1,7,7,13,19,19,0,0,1,18,17,83,0,0,37,123,0,0,6,0,0,0,35,34,0,0,561,543,control
73,rush,3,brook,しずく湖畔,5,10,3,1,1,13,13,17,17,17,0,0,3,15,14,61,0,0,32,97,0,0,5,0,0,0,29,32,0,0,543,1163,control
73,rush,4,volcano,ほむら火山,8,14,4,1,1,17,18,21,14,13,1,0,2,11,10,55,0,0,25,84,0,0,6,0,0,0,33,42,0,0,1163,975,control
73,rush,5,tower,星晶の塔,12,20,5,1,1,21,21,28,40,40,0,0,0,36,35,158,0,0,76,248,0,0,7,0,0,0,107,97,0,0,975,1520,control
74,balanced,1,meadow,はじまり草原,1,4,2,1,1,1,2,6,7,5,1,1,3,3,2,25,1,0,11,52,2,1,12,0,0,0,7,5,0,0,230,905,control
74,balanced,2,cave,こだま洞くつ,3,7,2,1,1,6,5,10,8,7,1,0,4,4,3,46,2,0,14,90,4,1,16,0,0,0,7,16,0,0,983,2303,control
74,balanced,3,brook,しずく湖畔,5,10,3,1,1,11,11,15,11,10,1,0,3,5,4,22,2,2,18,51,2,1,6,0,0,0,13,42,0,0,2571,965,control
74,balanced,4,volcano,ほむら火山,8,14,4,1,1,15,16,19,12,11,1,0,4,5,4,26,2,2,19,62,5,1,8,0,0,0,13,28,0,0,748,2729,control
74,balanced,5,tower,星晶の塔,12,20,5,1,1,19,20,26,33,32,1,0,6,15,14,76,2,2,50,157,11,1,6,0,0,0,50,104,0,0,2114,1873,control
75,collector,1,meadow,はじまり草原,1,4,2,1,1,1,2,6,11,10,1,0,2,4,3,42,1,0,16,81,6,1,14,0,0,0,9,0,0,0,230,1026,control
75,collector,2,cave,こだま洞くつ,3,7,2,1,1,7,8,11,11,9,2,0,4,4,3,70,2,1,17,116,6,1,27,0,0,0,15,14,0,0,1804,2017,control
75,collector,3,brook,しずく湖畔,5,10,3,1,1,10,12,14,6,5,1,0,6,2,1,11,5,5,13,56,1,1,9,0,0,0,20,7,0,0,2169,2183,control
75,collector,4,volcano,ほむら火山,8,14,4,1,1,14,11,14,10,7,3,0,8,3,2,17,5,5,18,75,2,1,8,0,0,0,24,9,0,0,1154,3046,control
75,collector,5,tower,星晶の塔,12,20,5,1,1,14,14,22,30,28,1,1,9,9,8,39,5,5,44,140,7,1,7,0,0,0,48,40,0,0,1609,3852,control
76,rush,1,meadow,はじまり草原,1,4,2,1,1,1,3,7,6,2,2,2,3,3,2,29,0,0,9,48,0,0,11,0,0,0,10,8,0,0,230,680,control
76,rush,2,cave,こだま洞くつ,3,7,2,1,1,7,7,12,11,11,0,0,0,10,9,74,0,0,21,96,0,0,9,0,0,0,29,22,0,0,680,1367,control
76,rush,3,brook,しずく湖畔,5,10,3,1,1,12,12,14,4,4,0,0,0,2,1,11,0,0,6,22,0,0,6,0,0,0,5,20,0,0,1367,1185,control
76,rush,4,volcano,ほむら火山,8,14,4,1,0,14,15,0,44,44,0,0,0,40,40,197,0,0,84,326,0,0,7,0,0,0,129,88,0,0,1185,0,control
76,rush,5,tower,星晶の塔,12,20,5,0,0,0,0,0,0,0,0,0,0,0,0,0,0,0,0,0,0,0,0,0,0,0,0,0,0,0,0,0,control
77,balanced,1,meadow,はじまり草原,1,4,2,1,1,1,3,7,6,5,1,0,2,3,2,20,1,0,10,39,3,1,8,0,0,0,6,6,0,0,230,873,control
77,balanced,2,cave,こだま洞くつ,3,7,2,1,1,7,7,11,6,6,0,0,4,3,2,45,2,2,11,90,3,1,25,0,0,0,8,16,0,0,951,2359,control
77,balanced,3,brook,しずく湖畔,5,10,3,1,1,11,12,14,7,6,1,0,4,3,2,19,2,1,12,45,0,0,10,0,0,0,6,26,0,0,1827,1201,control
77,balanced,4,volcano,ほむら火山,8,14,4,1,1,15,15,20,18,17,1,0,3,8,7,61,2,2,28,105,2,1,22,0,0,0,29,51,0,0,1264,1572,control
77,balanced,5,tower,星晶の塔,12,20,5,1,1,20,18,24,33,32,1,0,6,15,14,115,2,2,50,236,6,1,21,0,0,0,52,78,0,0,1218,3034,control
78,collector,1,meadow,はじまり草原,1,4,2,1,1,1,3,6,8,6,2,0,3,3,2,41,1,0,12,71,8,1,14,0,0,0,9,1,0,0,230,1162,control
78,collector,2,cave,こだま洞くつ,3,7,2,1,1,6,7,11,11,9,2,0,7,4,3,79,5,4,20,168,8,1,28,0,0,0,27,16,0,0,2120,2202,control
78,collector,3,brook,しずく湖畔,5,10,3,1,1,10,10,14,18,15,3,0,8,6,5,29,5,5,29,95,4,1,8,0,0,0,31,8,0,0,1456,2248,control
78,collector,4,volcano,ほむら火山,8,14,4,1,1,14,13,18,22,21,1,0,7,7,6,168,5,5,34,273,4,1,36,0,0,0,37,30,0,0,1188,1623,control
78,collector,5,tower,星晶の塔,12,20,5,1,1,18,17,24,45,40,1,4,10,13,12,63,5,5,63,348,4,1,19,0,0,0,73,42,0,0,859,3479,control
79,rush,1,meadow,はじまり草原,1,4,2,1,1,1,3,6,12,3,1,8,8,3,2,25,0,0,15,58,0,0,10,0,0,0,14,7,0,0,230,661,control
79,rush,2,cave,こだま洞くつ,3,7,2,1,1,6,7,11,8,7,1,0,1,7,6,58,0,0,15,77,0,0,10,0,0,0,21,16,0,0,661,1383,control
79,rush,3,brook,しずく湖畔,5,10,3,1,1,11,11,15,13,13,0,0,0,11,10,72,0,0,24,97,0,0,8,0,0,0,32,30,0,0,1383,1382,control
79,rush,4,volcano,ほむら火山,8,14,4,1,1,15,16,20,15,15,0,0,0,12,11,73,0,0,27,101,0,0,7,0,0,0,35,55,0,0,1382,1233,control
79,rush,5,tower,星晶の塔,12,20,5,1,0,20,21,0,46,45,0,1,0,40,40,183,0,0,86,315,0,0,7,0,0,0,125,111,0,0,1233,0,control
80,balanced,1,meadow,はじまり草原,1,4,2,1,1,1,3,7,7,5,1,1,3,3,2,26,2,0,12,69,4,1,12,0,0,0,8,6,0,0,230,863,control
80,balanced,2,cave,こだま洞くつ,3,7,2,1,1,9,9,12,6,5,1,0,4,3,2,31,2,2,11,70,4,1,17,0,0,0,15,19,0,0,2339,2214,control
80,balanced,3,brook,しずく湖畔,5,10,3,1,1,12,11,14,7,6,1,0,3,3,2,20,2,2,12,49,0,0,9,0,0,0,13,22,0,0,1716,1162,control
80,balanced,4,volcano,ほむら火山,8,14,4,1,1,14,13,18,16,15,1,0,3,7,6,62,2,2,25,115,4,1,16,0,0,0,27,34,0,0,901,2450,control
80,balanced,5,tower,星晶の塔,12,20,5,1,1,18,17,23,28,26,1,1,5,12,11,61,2,2,42,135,4,1,8,0,0,0,47,61,0,0,1898,3391,control
81,collector,1,meadow,はじまり草原,1,4,2,1,1,1,3,6,8,7,1,0,6,3,2,28,5,4,16,89,4,1,14,0,0,0,14,1,0,0,230,1123,control
81,collector,2,cave,こだま洞くつ,3,7,2,1,1,6,4,10,11,10,1,0,3,4,3,57,1,0,16,141,5,1,19,0,0,0,8,11,0,0,753,1961,control
81,collector,3,brook,しずく湖畔,5,10,3,1,1,11,11,16,18,17,1,0,4,6,5,43,3,1,27,102,4,1,14,0,0,0,22,22,0,0,2335,2214,control
81,collector,4,volcano,ほむら火山,8,14,4,1,1,14,17,19,7,5,2,0,7,2,1,10,5,5,14,58,1,1,9,0,0,0,19,13,0,0,3538,4160,control
81,collector,5,tower,星晶の塔,12,20,5,1,1,19,17,21,23,20,3,0,8,7,6,65,5,5,35,150,0,0,20,0,0,0,36,46,0,0,2197,2274,control
82,rush,1,meadow,はじまり草原,1,4,2,1,1,1,3,8,13,10,0,3,2,9,8,41,0,0,22,72,0,0,7,0,0,0,11,10,0,0,230,658,control
82,rush,2,cave,こだま洞くつ,3,7,2,1,0,8,8,0,42,42,0,0,2,40,40,132,0,0,82,217,0,0,5,0,0,0,40,57,0,0,658,0,control
82,rush,3,brook,しずく湖畔,5,10,3,0,0,0,0,0,0,0,0,0,0,0,0,0,0,0,0,0,0,0,0,0,0,0,0,0,0,0,0,0,control
82,rush,4,volcano,ほむら火山,8,14,4,0,0,0,0,0,0,0,0,0,0,0,0,0,0,0,0,0,0,0,0,0,0,0,0,0,0,0,0,0,control
82,rush,5,tower,星晶の塔,12,20,5,0,0,0,0,0,0,0,0,0,0,0,0,0,0,0,0,0,0,0,0,0,0,0,0,0,0,0,0,0,control
83,balanced,1,meadow,はじまり草原,1,4,2,1,1,1,2,7,6,5,1,0,4,3,2,22,2,1,11,57,4,1,10,0,0,0,8,6,0,0,230,862,control
83,balanced,2,cave,こだま洞くつ,3,7,2,1,1,7,7,10,4,3,1,0,3,2,1,27,2,2,8,58,2,1,14,0,0,0,12,7,0,0,837,2468,control
83,balanced,3,brook,しずく湖畔,5,10,3,1,1,10,10,13,7,6,1,0,3,3,2,17,2,2,12,40,1,1,7,0,0,0,14,22,0,0,1912,1478,control
83,balanced,4,volcano,ほむら火山,8,14,4,1,1,13,13,15,6,5,1,0,3,2,1,12,2,2,10,36,0,0,7,0,0,0,12,20,0,0,1145,2043,control
83,balanced,5,tower,星晶の塔,12,20,5,1,1,15,15,22,31,26,1,4,10,12,11,54,2,2,45,164,3,1,10,0,0,0,56,72,0,0,1583,1834,control
84,collector,1,meadow,はじまり草原,1,4,2,1,1,1,2,6,9,7,1,1,7,3,2,28,5,5,17,108,3,1,16,0,0,0,16,0,0,0,230,1166,control
84,collector,2,cave,こだま洞くつ,3,7,2,1,1,6,6,11,17,16,1,0,7,6,5,111,5,5,28,221,5,1,24,0,0,0,32,13,0,0,617,1114,control
84,collector,3,brook,しずく湖畔,5,10,3,1,1,11,12,13,3,1,2,0,7,1,0,8,5,5,9,45,0,0,9,0,0,0,17,0,0,0,590,2121,control
84,collector,4,volcano,ほむら火山,8,14,4,1,1,13,11,19,37,35,2,0,8,12,11,100,5,5,54,324,10,1,18,0,0,0,62,40,0,0,1121,1617,control
84,collector,5,tower,星晶の塔,12,20,5,1,1,19,17,20,20,18,2,0,7,6,5,24,5,5,31,168,3,1,19,0,0,0,40,21,0,0,855,2262,control
85,rush,1,meadow,はじまり草原,1,4,2,1,1,1,3,9,14,14,0,0,1,13,12,57,0,0,27,83,0,0,6,0,0,0,12,9,0,0,230,1137,control
85,rush,2,cave,こだま洞くつ,3,7,2,1,1,9,9,16,33,33,0,0,2,32,31,92,0,0,65,158,0,0,6,0,0,0,31,56,0,0,1137,553,control
85,rush,3,brook,しずく湖畔,5,10,3,1,1,16,16,17,5,3,2,0,3,3,2,14,0,0,8,29,0,0,6,0,0,0,9,8,0,0,553,1152,control
85,rush,4,volcano,ほむら火山,8,14,4,1,1,17,18,21,21,21,0,0,0,18,17,90,0,0,39,132,0,0,6,0,0,0,56,39,0,0,1152,948,control
85,rush,5,tower,星晶の塔,12,20,5,1,1,21,22,28,38,38,0,0,0,34,33,133,0,0,72,201,0,0,6,0,0,0,101,106,0,0,948,1546,control
86,balanced,1,meadow,はじまり草原,1,4,2,1,1,1,2,7,6,5,1,0,2,3,2,21,1,0,10,42,3,1,8,0,0,0,5,6,0,0,230,884,control
86,balanced,2,cave,こだま洞くつ,3,7,2,1,1,7,7,10,4,3,1,0,3,2,1,30,2,1,8,62,1,1,19,0,0,0,8,8,0,0,962,2597,control
86,balanced,3,brook,しずく湖畔,5,10,3,1,1,11,11,13,5,4,1,0,4,2,1,10,2,2,9,29,0,0,5,0,0,0,11,11,0,0,2420,2717,control
86,balanced,4,volcano,ほむら火山,8,14,4,1,1,13,12,16,10,9,1,0,4,4,3,28,2,2,16,68,4,1,9,0,0,0,18,46,0,0,2105,1265,control
86,balanced,5,tower,星晶の塔,12,20,5,1,1,16,15,22,23,22,1,0,5,10,9,51,2,2,35,116,4,1,9,0,0,0,39,62,0,0,981,3041,control
87,collector,1,meadow,はじまり草原,1,4,2,1,1,1,2,6,13,10,1,2,5,4,3,38,2,1,19,92,7,1,14,0,0,0,12,0,0,0,230,1024,control
87,collector,2,cave,こだま洞くつ,3,7,2,1,1,6,8,10,5,4,1,0,3,2,1,32,2,1,9,66,1,1,23,0,0,0,4,5,0,0,980,3061,control
87,collector,3,brook,しずく湖畔,5,10,3,1,1,11,7,12,18,15,3,0,8,6,5,24,5,5,29,80,3,1,6,0,0,0,21,23,0,0,2828,1357,control
87,collector,4,volcano,ほむら火山,8,14,4,1,1,12,13,16,10,7,3,0,8,3,2,16,5,5,18,76,2,1,8,0,0,0,23,15,0,0,718,2700,control
87,collector,5,tower,星晶の塔,12,20,5,1,1,16,14,21,33,27,2,4,12,9,8,70,5,5,47,220,2,1,29,0,0,0,55,28,0,0,1427,3455,control
88,rush,1,meadow,はじまり草原,1,4,2,1,1,1,2,7,5,2,2,1,3,3,2,34,0,0,8,48,0,0,14,0,0,0,8,8,0,0,230,682,control
88,rush,2,cave,こだま洞くつ,3,7,2,1,1,7,7,11,7,7,0,0,0,6,5,42,0,0,13,57,0,0,9,0,0,0,16,16,0,0,682,1394,control
88,rush,3,brook,しずく湖畔,5,10,3,1,1,11,11,14,5,5,0,0,0,3,2,17,0,0,8,27,0,0,7,0,0,0,8,25,0,0,1394,1169,control
88,rush,4,volcano,ほむら火山,8,14,4,1,1,14,15,22,43,43,0,0,0,40,39,197,0,0,83,311,0,0,7,0,0,0,125,86,0,0,1169,972,control
88,rush,5,tower,星晶の塔,12,20,5,1,0,22,23,0,46,45,0,1,0,40,40,173,0,0,86,285,0,0,6,0,0,0,131,108,0,0,972,0,control
89,balanced,1,meadow,はじまり草原,1,4,2,1,1,1,3,7,6,5,1,0,3,3,2,28,1,0,10,52,4,1,12,0,0,0,5,6,0,0,230,873,control
89,balanced,2,cave,こだま洞くつ,3,7,2,1,1,7,6,10,6,5,1,0,2,3,2,37,1,0,10,57,3,1,17,0,0,0,4,14,0,0,951,2608,control
89,balanced,3,brook,しずく湖畔,5,10,3,1,1,10,10,13,7,6,1,0,4,3,2,14,2,2,12,42,1,1,6,0,0,0,13,22,0,0,2742,2101,control
89,balanced,4,volcano,ほむら火山,8,14,4,1,1,13,13,18,18,17,1,0,3,8,7,47,2,2,28,88,4,1,10,0,0,0,29,44,0,0,1628,1533,control
89,balanced,5,tower,星晶の塔,12,20,5,1,1,18,19,24,27,26,1,0,5,12,11,61,2,2,41,141,4,1,8,0,0,0,45,67,0,0,1188,3448,control
90,collector,1,meadow,はじまり草原,1,4,2,1,1,1,2,6,15,9,2,4,6,4,3,42,2,1,21,100,9,1,12,0,0,0,20,0,0,0,230,1021,control
90,collector,2,cave,こだま洞くつ,3,7,2,1,1,6,7,10,8,6,2,0,7,3,2,51,5,5,16,123,3,1,22,0,0,0,23,7,0,0,1857,2807,control
90,collector,3,brook,しずく湖畔,5,10,3,1,1,10,10,12,6,4,2,0,7,2,1,22,5,5,13,62,2,1,15,0,0,0,20,6,0,0,1483,1654,control
90,collector,4,volcano,ほむら火山,8,14,4,1,1,12,11,15,10,8,2,0,9,3,2,19,5,5,18,92,4,1,9,0,0,0,27,13,1,0,875,2532,control
90,collector,5,tower,星晶の塔,12,20,5,1,1,15,16,21,33,31,1,1,11,10,9,39,5,5,48,262,6,1,17,0,0,0,62,44,0,0,1338,2657,control
91,rush,1,meadow,はじまり草原,1,4,2,1,1,1,2,6,14,2,2,10,9,3,2,29,0,0,17,79,0,0,11,0,0,0,18,6,0,0,230,678,control
91,rush,2,cave,こだま洞くつ,3,7,2,1,1,6,7,12,11,11,0,0,0,10,9,71,0,0,21,97,0,0,10,0,0,0,28,22,0,0,678,1390,control
91,rush,3,brook,しずく湖畔,5,10,3,1,1,12,12,14,4,4,0,0,0,2,1,12,0,0,6,24,0,0,7,0,0,0,6,20,0,0,1390,1183,control
91,rush,4,volcano,ほむら火山,8,14,4,1,1,14,14,21,31,31,0,0,0,28,27,141,0,0,59,231,0,0,6,0,0,0,89,75,0,0,1183,961,control
91,rush,5,tower,星晶の塔,12,20,5,1,0,21,21,0,46,45,0,1,0,40,40,176,0,0,86,294,0,0,7,0,0,0,135,105,0,0,961,0,control
92,balanced,1,meadow,はじまり草原,1,4,2,1,1,1,3,6,10,5,1,4,6,3,2,28,1,0,14,61,3,1,12,0,0,0,10,5,0,0,230,858,control
92,balanced,2,cave,こだま洞くつ,3,7,2,1,1,7,5,10,6,5,1,0,2,3,2,35,1,0,10,77,2,1,16,0,0,0,4,14,0,0,936,2570,control
92,balanced,3,brook,しずく湖畔,5,10,3,1,1,11,11,14,7,6,1,0,3,3,2,15,2,2,12,35,4,1,6,0,0,0,9,25,0,0,2944,2123,control
92,balanced,4,volcano,ほむら火山,8,14,4,1,1,14,14,17,8,7,1,0,4,3,2,14,2,2,13,43,2,1,6,0,0,0,9,33,0,0,1645,1278,control
92,balanced,5,tower,星晶の塔,12,20,5,1,1,17,18,25,30,28,1,1,4,13,12,75,2,2,45,157,9,1,8,0,0,0,46,72,0,0,990,4002,control
93,collector,1,meadow,はじまり草原,1,4,2,1,1,1,2,7,14,13,1,0,2,5,4,54,1,0,20,97,6,1,16,0,0,0,10,1,0,0,230,1302,control
93,collector,2,cave,こだま洞くつ,3,7,2,1,1,8,8,12,11,10,1,0,6,4,3,46,5,5,20,122,3,1,19,0,0,0,26,17,0,0,2280,1667,control
93,collector,3,brook,しずく湖畔,5,10,3,1,1,12,12,15,15,14,1,0,6,5,4,36,5,5,25,95,2,1,10,0,0,0,29,14,0,0,881,1391,control
93,collector,4,volcano,ほむら火山,8,14,4,1,1,15,14,16,13,11,2,0,7,4,3,27,5,5,22,86,2,1,8,0,0,0,26,12,0,0,736,1619,control
93,collector,5,tower,星晶の塔,12,20,5,1,1,16,17,23,33,30,2,1,10,10,9,51,5,5,48,200,6,1,14,0,0,0,56,41,0,0,856,2252,control
94,rush,1,meadow,はじまり草原,1,4,2,1,1,1,3,9,21,15,0,6,6,14,13,62,0,0,35,113,0,0,7,0,0,0,19,9,0,0,230,964,control
94,rush,2,cave,こだま洞くつ,3,7,2,1,1,9,9,12,5,4,1,0,2,4,3,27,0,0,9,41,0,0,8,0,0,0,7,29,0,0,964,565,control
94,rush,3,brook,しずく湖畔,5,10,3,1,1,12,12,15,12,11,1,0,1,10,9,63,0,0,22,86,0,0,9,0,0,0,29,15,0,0,565,1180,control
94,rush,4,volcano,ほむら火山,8,14,4,1,1,15,16,19,6,6,0,0,0,3,2,18,0,0,9,31,0,0,6,0,0,0,8,44,0,0,1180,966,control
94,rush,5,tower,星晶の塔,12,20,5,1,0,19,20,0,45,45,0,0,0,40,40,183,0,0,85,298,0,0,7,0,0,0,130,112,0,0,966,0,control
95,balanced,1,meadow,はじまり草原,1,4,2,1,1,1,2,7,13,7,1,5,7,4,3,47,2,0,19,106,7,1,17,0,0,0,14,6,0,0,230,749,control
95,balanced,2,cave,こだま洞くつ,3,7,2,1,1,8,8,12,6,5,1,0,3,3,2,35,2,2,11,69,2,1,14,0,0,0,15,21,0,0,1525,1777,control
95,balanced,3,brook,しずく湖畔,5,10,3,1,1,12,12,15,9,8,1,0,3,4,3,32,2,2,15,55,1,1,10,0,0,0,16,21,0,0,1377,1202,control
95,balanced,4,volcano,ほむら火山,8,14,4,1,1,15,14,18,14,13,1,0,4,6,5,53,2,2,22,96,4,1,19,0,0,0,25,46,0,0,932,1520,control
95,balanced,5,tower,星晶の塔,12,20,5,1,1,18,19,26,37,36,1,0,6,17,16,86,2,2,56,178,14,1,7,0,0,0,59,91,0,0,1178,3064,control
96,collector,1,meadow,はじまり草原,1,4,2,1,1,1,3,6,11,10,1,0,4,4,3,44,3,2,18,95,4,1,18,0,0,0,12,0,0,0,230,1026,control
96,collector,2,cave,こだま洞くつ,3,7,2,1,1,6,7,12,11,9,2,0,6,4,3,77,4,3,19,159,5,1,26,0,0,0,21,16,0,0,873,1764,control
96,collector,3,brook,しずく湖畔,5,10,3,1,1,10,12,14,12,10,2,0,7,4,3,30,5,5,21,92,2,1,13,0,0,0,26,11,0,0,1597,1366,control
96,collector,4,volcano,ほむら火山,8,14,4,1,1,14,14,17,10,7,3,0,8,3,2,19,5,5,18,77,2,1,8,0,0,0,24,18,0,0,723,2527,control
96,collector,5,tower,星晶の塔,12,20,5,1,1,17,16,24,45,42,2,1,11,14,13,247,5,5,64,452,12,1,38,0,0,0,63,50,0,0,1336,3457,control
97,rush,1,meadow,はじまり草原,1,4,2,1,1,1,2,6,10,4,1,5,5,4,3,30,0,0,14,56,0,0,9,0,0,0,12,7,0,0,230,683,control
97,rush,2,cave,こだま洞くつ,3,7,2,1,1,6,7,10,7,6,1,0,1,6,5,49,0,0,13,66,0,0,9,0,0,0,17,16,0,0,683,1356,control
97,rush,3,brook,しずく湖畔,5,10,3,1,1,10,11,14,9,9,0,0,0,7,6,47,0,0,16,69,0,0,8,0,0,0,20,27,0,0,1356,1170,control
97,rush,4,volcano,ほむら火山,8,14,4,1,1,14,15,19,18,18,0,0,0,15,14,90,0,0,33,131,0,0,7,0,0,0,44,49,0,0,1170,1271,control
97,rush,5,tower,星晶の塔,12,20,5,1,0,19,20,0,45,45,0,0,0,40,40,195,0,0,85,313,0,0,7,0,0,0,124,124,0,0,1271,0,control
98,balanced,1,meadow,はじまり草原,1,4,2,1,1,1,2,7,6,5,1,0,3,3,2,30,2,1,11,72,2,1,14,0,0,0,7,6,0,0,230,863,control
98,balanced,2,cave,こだま洞くつ,3,7,2,1,1,7,7,11,8,7,1,0,3,4,3,64,2,2,14,107,6,1,21,0,0,0,17,14,0,0,829,2363,control
98,balanced,3,brook,しずく湖畔,5,10,3,1,1,11,12,16,13,12,1,0,3,6,5,49,2,2,21,92,0,0,11,0,0,0,23,36,0,0,1831,960,control
98,balanced,4,volcano,ほむら火山,8,14,4,1,1,16,16,18,8,7,1,0,6,3,2,22,2,2,13,67,2,1,12,0,0,0,18,21,0,0,744,2116,control
98,balanced,5,tower,星晶の塔,12,20,5,1,1,18,17,19,7,6,1,0,3,2,1,20,2,2,11,45,0,0,12,0,0,0,11,20,0,0,1640,2738,control
99,collector,1,meadow,はじまり草原,1,4,2,1,1,1,2,6,7,4,1,2,4,2,1,16,1,0,10,43,3,1,10,0,0,0,6,0,0,0,230,1231,control
99,collector,2,cave,こだま洞くつ,3,7,2,1,1,6,4,9,8,7,1,0,7,3,2,43,5,4,16,154,3,1,16,0,0,0,14,6,0,0,1309,3116,control
99,collector,3,brook,しずく湖畔,5,10,3,1,1,10,10,14,18,15,3,0,8,6,5,50,5,5,29,116,5,1,19,0,0,0,31,19,0,0,1950,1333,control
99,collector,4,volcano,ほむら火山,8,14,4,1,1,14,13,16,16,12,4,0,9,5,4,33,5,5,26,126,1,1,20,0,0,0,32,26,0,0,705,2072,control
99,collector,5,tower,星晶の塔,12,20,5,1,1,16,16,23,42,38,3,1,9,13,12,291,5,5,60,399,6,1,72,3,0,0,57,43,0,0,1096,3510,control
100,rush,1,meadow,はじまり草原,1,4,2,1,1,1,3,7,6,4,1,1,2,4,3,31,0,0,10,49,0,0,9,0,0,0,8,8,0,0,230,718,control
100,rush,2,cave,こだま洞くつ,3,7,2,1,1,7,7,10,9,5,1,3,4,5,4,36,0,0,14,66,0,0,8,0,0,0,21,13,0,0,718,1363,control
100,rush,3,brook,しずく湖畔,5,10,3,1,1,10,11,14,8,8,0,0,0,6,5,34,0,0,14,51,0,0,8,0,0,0,17,26,0,0,1363,1189,control
100,rush,4,volcano,ほむら火山,8,14,4,1,1,14,15,18,14,14,0,0,0,11,10,59,0,0,25,85,0,0,7,0,0,0,32,42,0,0,1189,961,control
100,rush,5,tower,星晶の塔,12,20,5,1,0,18,20,0,45,45,0,0,0,40,40,192,0,0,85,310,0,0,7,0,0,0,122,124,0,0,961,0,control
101,balanced,1,meadow,はじまり草原,1,4,2,1,1,1,3,7,6,5,1,0,3,3,2,28,2,0,11,59,4,1,11,0,0,0,6,6,0,0,230,884,control
101,balanced,2,cave,こだま洞くつ,3,7,2,1,1,8,9,12,6,6,0,0,3,3,2,49,1,0,10,74,4,1,22,0,0,0,5,24,0,0,2360,1460,control
101,balanced,3,brook,しずく湖畔,5,10,3,1,1,12,8,12,9,8,1,0,3,4,3,22,2,2,15,47,3,1,10,0,0,0,11,28,0,0,1774,970,control
101,balanced,4,volcano,ほむら火山,8,14,4,1,1,12,12,16,8,7,1,0,5,3,2,13,2,2,13,39,2,1,6,0,0,0,9,26,0,0,752,2396,control
101,balanced,5,tower,星晶の塔,12,20,5,1,1,16,17,24,35,34,1,0,3,16,15,96,2,2,53,177,4,1,13,0,0,0,54,94,0,0,1856,2193,control
102,collector,1,meadow,はじまり草原,1,4,2,1,1,1,3,7,11,10,1,0,2,4,3,36,1,0,16,64,5,1,12,0,0,0,7,1,0,0,230,1041,control
102,collector,2,cave,こだま洞くつ,3,7,2,1,1,7,6,10,8,7,1,0,5,3,2,41,4,2,15,114,5,1,19,0,0,0,9,7,0,0,1119,2782,control
102,collector,3,brook,しずく湖畔,5,10,3,1,1,10,11,14,12,10,2,0,7,4,3,21,5,5,21,68,4,1,6,0,0,0,17,23,0,0,2624,1339,control
102,collector,4,volcano,ほむら火山,8,14,4,1,1,14,15,18,13,11,2,0,7,4,3,21,5,5,22,78,3,1,9,0,0,0,25,19,0,0,709,3513,control
102,collector,5,tower,星晶の塔,12,20,5,1,1,18,16,22,32,29,3,0,8,10,9,208,5,5,47,355,6,1,74,1,0,0,47,49,0,0,1856,2304,control
103,rush,1,meadow,はじまり草原,1,4,2,1,1,1,2,5,3,2,1,0,1,2,1,13,0,0,5,19,0,0,7,0,0,0,2,3,0,0,230,938,control
103,rush,2,cave,こだま洞くつ,3,7,2,1,1,5,6,10,10,6,1,3,5,6,5,52,0,0,16,90,0,0,11,0,0,0,23,16,0,0,938,1405,control
103,rush,3,brook,しずく湖畔,5,10,3,1,1,10,11,14,5,5,0,0,0,3,2,14,0,0,8,25,0,0,6,0,0,0,8,25,0,0,1405,1162,control
103,rush,4,volcano,ほむら火山,8,14,4,1,1,14,14,19,18,18,0,0,0,15,14,82,0,0,33,128,0,0,7,0,0,0,44,46,0,0,1162,961,control
103,rush,5,tower,星晶の塔,12,20,5,1,0,19,20,0,46,45,0,1,0,40,40,181,0,0,86,302,0,0,7,0,0,0,126,118,0,0,961,0,control
104,balanced,1,meadow,はじまり草原,1,4,2,1,1,1,2,6,6,4,2,0,4,3,2,33,2,0,11,74,4,1,16,0,0,0,10,5,0,0,230,914,control
104,balanced,2,cave,こだま洞くつ,3,7,2,1,1,8,8,10,4,3,1,0,3,2,1,23,2,2,8,50,2,1,13,0,0,0,12,8,0,0,1690,2839,control
104,balanced,3,brook,しずく湖畔,5,10,3,1,1,10,10,13,7,6,1,0,3,3,2,21,2,2,12,49,2,1,9,0,0,0,14,20,0,0,2200,1868,control
104,balanced,4,volcano,ほむら火山,8,14,4,1,1,13,11,16,17,15,1,1,6,7,6,61,2,2,26,122,4,1,12,0,0,0,31,39,0,0,1447,1527,control
104,balanced,5,tower,星晶の塔,12,20,5,1,1,16,18,29,68,67,0,1,5,32,31,161,2,2,102,324,16,1,8,0,0,0,108,153,0,0,1183,3134,control
105,collector,1,meadow,はじまり草原,1,4,2,1,1,1,2,7,14,13,1,0,2,5,4,52,1,0,20,93,6,1,13,0,0,0,11,0,0,0,230,1312,control
105,collector,2,cave,こだま洞くつ,3,7,2,1,1,7,7,12,11,9,2,0,7,4,3,89,5,4,20,168,6,1,28,0,0,0,25,17,0,0,1390,1685,control
105,collector,3,brook,しずく湖畔,5,10,3,1,1,12,10,13,9,6,3,0,8,3,2,32,5,5,17,79,2,1,14,0,0,0,23,10,0,0,1271,1346,control
105,collector,4,volcano,ほむら火山,8,14,4,1,1,13,11,15,13,10,3,0,8,4,3,27,5,5,22,107,5,1,19,0,0,0,29,24,0,0,712,2026,control
105,collector,5,tower,星晶の塔,12,20,5,1,1,15,17,21,17,13,4,0,9,5,4,38,5,5,27,112,4,1,10,0,0,0,31,23,0,0,1071,3822,control
106,rush,1,meadow,はじまり草原,1,4,2,1,1,1,2,6,7,3,1,3,5,3,2,22,0,0,10,40,0,0,8,0,0,0,8,7,0,0,230,706,control
106,rush,2,cave,こだま洞くつ,3,7,2,1,1,6,7,12,17,17,0,0,1,16,15,72,0,0,33,109,0,0,6,0,0,0,33,26,0,0,706,1246,control
106,rush,3,brook,しずく湖畔,5,10,3,1,1,12,13,14,4,3,1,0,1,2,1,9,0,0,6,18,0,0,5,0,0,0,6,18,0,0,1246,1354,control
106,rush,4,volcano,ほむら火山,8,14,4,1,1,14,15,19,14,14,0,0,0,11,10,51,0,0,25,72,0,0,6,0,0,0,33,54,0,0,1354,1284,control
106,rush,5,tower,星晶の塔,12,20,5,1,1,19,20,27,38,38,0,0,0,34,33,139,0,0,72,217,0,0,6,0,0,0,103,102,0,0,1284,1571,control
107,balanced,1,meadow,はじまり草原,1,4,2,1,1,1,3,7,6,5,1,0,2,3,2,28,1,0,10,49,3,1,11,0,0,0,6,6,0,0,230,882,control
107,balanced,2,cave,こだま洞くつ,3,7,2,1,1,6,7,11,6,5,1,0,2,3,2,39,1,0,10,73,1,1,17,0,0,0,5,19,0,0,960,2287,control
107,balanced,3,brook,しずく湖畔,5,10,3,1,1,12,7,11,9,8,1,0,3,4,3,29,2,2,15,53,2,1,15,0,0,0,11,19,0,0,2421,1932,control
107,balanced,4,volcano,ほむら火山,8,14,4,1,1,11,12,18,18,17,1,0,4,8,7,63,2,2,28,113,2,1,15,0,0,0,28,55,0,0,1497,1537,control
107,balanced,5,tower,星晶の塔,12,20,5,1,1,18,18,25,39,38,1,0,3,18,17,79,2,2,59,179,0,0,10,0,0,0,62,78,0,0,1191,3945,control
108,collector,1,meadow,はじまり草原,1,4,2,1,1,1,3,6,11,6,2,3,7,3,2,37,2,1,16,86,3,1,16,0,0,0,15,0,0,0,230,1163,control
108,collector,2,cave,こだま洞くつ,3,7,2,1,1,7,7,11,8,6,2,0,6,3,2,36,4,2,15,104,4,1,19,0,0,0,17,10,0,0,2222,2746,control
108,collector,3,brook,しずく湖畔,5,10,3,1,1,9,9,13,12,10,2,0,8,4,3,29,5,5,21,87,3,1,12,0,0,0,26,15,0,0,2365,1491,control
108,collector,4,volcano,ほむら火山,8,14,4,1,1,13,12,17,13,11,2,0,7,4,3,36,5,5,22,139,3,1,22,0,0,0,30,31,0,0,789,3096,control
108,collector,5,tower,星晶の塔,12,20,5,1,1,17,15,20,20,17,3,0,8,6,5,57,5,5,31,141,5,1,23,0,0,0,34,25,0,0,1636,2670,control
109,rush,1,meadow,はじまり草原,1,4,2,1,1,1,2,7,11,5,1,5,7,5,4,38,0,0,16,71,0,0,9,0,0,0,14,9,0,0,230,552,control
109,rush,2,cave,こだま洞くつ,3,7,2,1,1,7,7,10,5,4,1,0,2,4,3,37,0,0,9,55,0,0,10,0,0,0,13,10,0,0,552,1597,control
109,rush,3,brook,しずく湖畔,5,10,3,1,1,10,11,14,6,6,0,0,0,4,3,21,0,0,10,32,0,0,7,0,0,0,10,28,0,0,1597,1190,control
109,rush,4,volcano,ほむら火山,8,14,4,1,1,14,15,19,19,19,0,0,0,16,15,92,0,0,35,124,0,0,7,0,0,0,47,48,0,0,1190,1872,control
109,rush,5,tower,星晶の塔,12,20,5,1,0,19,20,0,45,45,0,0,0,40,40,185,0,0,85,298,0,0,7,0,0,0,123,124,0,0,1872,0,control
110,balanced,1,meadow,はじまり草原,1,4,2,1,1,1,3,7,8,5,1,2,6,3,2,30,2,1,13,69,3,1,14,0,0,0,10,5,0,0,230,891,control
110,balanced,2,cave,こだま洞くつ,3,7,2,1,1,7,7,11,8,7,1,0,3,4,3,38,2,2,14,81,3,1,12,0,0,0,18,12,0,0,863,2319,control
110,balanced,3,brook,しずく湖畔,5,10,3,1,1,11,11,13,5,4,1,0,4,2,1,14,2,2,9,37,3,1,8,0,0,0,10,13,0,0,1797,2087,control
110,balanced,4,volcano,ほむら火山,8,14,4,1,1,13,13,19,28,27,1,0,6,13,12,92,2,1,43,182,10,1,12,0,0,0,47,63,0,0,1617,1235,control
110,balanced,5,tower,星晶の塔,12,20,5,1,1,19,20,25,21,20,1,0,3,9,8,57,2,2,32,114,7,1,9,0,0,0,33,63,0,0,1604,3894,control
111,collector,1,meadow,はじまり草原,1,4,2,1,1,1,3,6,10,7,1,2,3,3,2,27,2,1,15,73,3,1,13,0,0,0,11,0,0,0,230,1152,control
111,collector,2,cave,こだま洞くつ,3,7,2,1,1,6,6,10,8,7,1,0,3,3,2,49,2,1,13,110,4,1,21,0,0,0,7,6,0,0,1092,2721,control
111,collector,3,brook,しずく湖畔,5,10,3,1,1,11,11,13,6,4,2,0,7,2,1,12,5,5,13,46,0,0,9,0,0,0,20,7,0,0,2529,2732,control
111,collector,4,volcano,ほむら火山,8,14,4,1,1,13,9,20,68,63,1,4,11,21,20,389,5,5,94,833,14,1,50,1,0,0,103,35,0,0,1444,1603,control
111,collector,5,tower,星晶の塔,12,20,5,1,1,20,15,22,33,29,3,1,9,10,9,67,5,5,48,222,3,1,30,0,0,0,49,45,0,0,847,3542,control
112,rush,1,meadow,はじまり草原,1,4,2,1,1,1,3,6,8,2,2,4,5,3,2,36,0,0,11,63,0,0,14,0,0,0,12,7,0,0,230,701,control
112,rush,2,cave,こだま洞くつ,3,7,2,1,1,6,7,11,10,10,0,0,0,9,8,73,0,0,19,97,0,0,10,0,0,0,26,17,0,0,701,1717,control
112,rush,3,brook,しずく湖畔,5,10,3,1,1,11,12,14,6,6,0,0,0,4,3,23,0,0,10,34,0,0,7,0,0,0,11,26,0,0,1717,1178,control
112,rush,4,volcano,ほむら火山,8,14,4,1,0,14,15,0,44,44,0,0,0,40,40,218,0,0,84,370,0,0,7,0,0,0,135,88,0,0,1178,0,control
112,rush,5,tower,星晶の塔,12,20,5,0,0,0,0,0,0,0,0,0,0,0,0,0,0,0,0,0,0,0,0,0,0,0,0,0,0,0,0,0,control
113,balanced,1,meadow,はじまり草原,1,4,2,1,1,1,2,6,10,5,1,4,5,3,2,23,2,1,15,66,4,1,9,0,0,0,12,4,0,0,230,904,control
113,balanced,2,cave,こだま洞くつ,3,7,2,1,1,6,5,10,6,5,1,0,2,3,2,40,1,0,10,66,4,1,18,0,0,0,4,14,0,0,874,2534,control
113,balanced,3,brook,しずく湖畔,5,10,3,1,1,10,7,11,9,8,1,0,3,4,3,25,2,2,15,53,5,1,8,0,0,0,11,19,0,0,2668,2135,control
113,balanced,4,volcano,ほむら火山,8,14,4,1,1,11,12,17,14,13,1,0,4,6,5,46,2,2,22,89,2,1,13,0,0,0,22,38,0,0,1654,2436,control
113,balanced,5,tower,星晶の塔,12,20,5,1,1,17,17,23,28,26,1,1,6,12,11,73,2,2,42,157,3,1,12,0,0,0,50,61,0,0,1887,3394,control
114,collector,1,meadow,はじまり草原,1,4,2,1,1,1,3,6,12,10,1,1,4,4,3,43,2,0,18,96,5,1,19,0,0,0,10,1,0,0,230,1729,control
114,collector,2,cave,こだま洞くつ,3,7,2,1,1,7,8,11,8,6,2,0,7,3,2,60,5,5,16,128,6,1,27,0,0,0,23,8,0,0,2655,2579,control
114,collector,3,brook,しずく湖畔,5,10,3,1,1,11,8,14,21,19,2,0,7,7,6,49,5,5,33,120,4,1,14,0,0,0,36,20,0,0,1363,1472,control
114,collector,4,volcano,ほむら火山,8,14,4,1,1,14,12,15,7,4,3,0,8,2,1,9,5,5,14,57,2,1,8,0,0,0,20,8,0,0,779,2057,control
114,collector,5,tower,星晶の塔,12,20,5,1,1,15,16,20,18,16,1,1,8,5,4,21,5,5,28,97,3,1,7,0,0,0,33,24,0,0,1087,3506,control
115,rush,1,meadow,はじまり草原,1,4,2,1,1,1,3,7,9,6,0,3,3,5,4,23,0,0,14,49,0,0,7,0,0,0,7,9,0,0,230,549,control
115,rush,2,cave,こだま洞くつ,3,7,2,1,1,7,8,16,37,37,0,0,2,36,35,125,0,0,73,199,0,0,6,0,0,0,35,56,0,0,549,531,control
115,rush,3,brook,しずく湖畔,5,10,3,1,1,16,16,18,16,15,1,0,2,14,13,61,0,0,30,90,0,0,6,0,0,0,27,20,0,0,531,1144,control
115,rush,4,volcano,ほむら火山,8,14,4,1,1,18,19,20,5,4,1,0,1,2,1,10,0,0,7,20,0,0,6,0,0,0,5,28,0,0,1144,982,control
115,rush,5,tower,星晶の塔,12,20,5,1,1,20,21,25,23,23,0,0,0,19,18,82,0,0,42,122,0,0,6,0,0,0,56,57,0,0,982,2447,control
116,balanced,1,meadow,はじまり草原,1,4,2,1,1,1,2,7,8,5,1,2,4,3,2,26,1,0,12,59,4,1,11,0,0,0,8,5,0,0,230,894,control
116,balanced,2,cave,こだま洞くつ,3,7,2,1,1,6,7,11,6,5,1,0,3,3,2,45,1,0,10,82,4,1,21,0,0,0,4,19,0,0,972,2297,control
116,balanced,3,brook,しずく湖畔,5,10,3,1,1,12,12,15,11,10,1,0,3,5,4,24,2,2,18,55,2,1,6,0,0,0,12,36,0,0,2431,1203,control
116,balanced,4,volcano,ほむら火山,8,14,4,1,1,15,13,16,10,9,1,0,3,4,3,19,2,2,16,47,1,1,5,0,0,0,11,26,0,0,932,1229,control
116,balanced,5,tower,星晶の塔,12,20,5,1,1,16,17,27,48,47,0,1,8,22,21,89,2,2,72,229,13,1,8,0,0,0,51,115,0,0,953,3042,control
117,collector,1,meadow,はじまり草原,1,4,2,1,1,1,3,7,14,13,1,0,2,5,4,61,1,0,20,107,8,1,15,0,0,0,10,1,0,0,230,1319,control
117,collector,2,cave,こだま洞くつ,3,7,2,1,1,8,8,11,8,7,1,0,6,3,2,55,5,3,16,167,3,1,22,0,0,0,12,10,0,0,1597,2325,control
117,collector,3,brook,しずく湖畔,5,10,3,1,1,12,8,13,15,14,1,0,6,5,4,29,5,5,25,76,2,1,8,0,0,0,19,19,0,0,2293,2229,control
117,collector,4,volcano,ほむら火山,8,14,4,1,1,13,11,14,10,7,3,0,9,3,2,17,5,5,18,73,1,1,8,0,0,0,23,11,0,0,1178,3225,control
117,collector,5,tower,星晶の塔,12,20,5,1,1,14,15,19,19,16,1,2,10,5,4,28,5,5,29,127,2,1,9,0,0,0,38,20,0,0,1704,2675,control
118,rush,1,meadow,はじまり草原,1,4,2,1,1,1,3,10,18,16,0,2,3,15,14,78,0,0,33,119,0,0,7,0,0,0,16,18,0,0,230,443,control
118,rush,2,cave,こだま洞くつ,3,7,2,1,1,10,10,13,7,6,1,0,1,6,5,37,0,0,13,52,0,0,9,0,0,0,11,23,0,0,443,529,control
118,rush,3,brook,しずく湖畔,5,10,3,1,1,13,13,15,6,5,1,0,1,4,3,21,0,0,10,32,0,0,7,0,0,0,11,8,0,0,529,1396,control
118,rush,4,volcano,ほむら火山,8,14,4,1,1,15,15,19,11,11,0,0,0,8,7,38,0,0,19,59,0,0,6,0,0,0,24,51,0,0,1396,964,control
118,rush,5,tower,星晶の塔,12,20,5,1,1,19,20,25,27,27,0,0,0,23,22,97,0,0,50,149,0,0,7,0,0,0,72,62,0,0,964,2475,control
119,balanced,1,meadow,はじまり草原,1,4,2,1,1,1,2,6,6,5,1,0,3,3,2,26,2,1,11,63,4,1,12,0,0,0,8,6,0,0,230,872,control
119,balanced,2,cave,こだま洞くつ,3,7,2,1,1,7,7,11,6,5,1,0,3,3,2,30,2,2,11,73,3,1,16,0,0,0,14,17,0,0,846,2312,control
119,balanced,3,brook,しずく湖畔,5,10,3,1,1,11,12,14,7,6,1,0,3,3,2,14,2,2,12,38,2,1,7,0,0,0,13,26,0,0,1791,1169,control
119,balanced,4,volcano,ほむら火山,8,14,4,1,1,14,14,19,22,21,1,0,3,10,9,68,2,2,34,131,2,1,9,0,0,0,37,53,0,0,906,1506,control
119,balanced,5,tower,星晶の塔,12,20,5,1,1,19,20,26,36,34,1,1,4,16,15,75,2,2,54,163,7,1,9,0,0,0,57,85,0,0,1167,1888,control
120,collector,1,meadow,はじまり草原,1,4,2,1,1,1,3,6,8,7,1,0,2,3,2,34,1,0,12,68,5,1,14,0,0,0,5,0,0,0,230,1155,control
120,collector,2,cave,こだま洞くつ,3,7,2,1,1,6,4,9,8,7,1,0,6,3,2,46,4,1,15,132,4,1,19,0,0,0,10,7,0,0,1233,2779,control
120,collector,3,brook,しずく湖畔,5,10,3,1,1,11,11,14,9,6,3,0,8,3,2,22,5,5,17,69,2,1,10,0,0,0,23,15,0,0,3048,3603,control
120,collector,4,volcano,ほむら火山,8,14,4,1,1,14,12,12,4,2,2,0,8,1,0,5,5,5,10,45,0,0,7,0,0,0,19,0,0,0,1904,2928,control
120,collector,5,tower,星晶の塔,12,20,5,1,1,12,16,18,12,9,2,1,8,3,2,17,5,5,20,85,2,1,9,0,0,0,30,26,0,0,1547,2962,control
121,rush,1,meadow,はじまり草原,1,4,2,1,1,1,3,7,10,9,0,1,1,8,7,45,0,0,18,69,0,0,8,0,0,0,8,9,0,0,230,561,control
121,rush,2,cave,こだま洞くつ,3,7,2,1,1,7,7,12,14,9,2,3,5,10,9,87,0,0,24,116,0,0,11,0,0,0,32,21,0,0,561,1226,control
121,rush,3,brook,しずく湖畔,5,10,3,1,1,12,12,14,9,9,0,0,0,7,6,37,0,0,16,55,0,0,7,0,0,0,20,22,0,0,1226,1361,control
121,rush,4,volcano,ほむら火山,8,14,4,1,1,14,15,19,14,14,0,0,0,11,10,62,0,0,25,89,0,0,7,0,0,0,32,54,0,0,1361,1284,control
121,rush,5,tower,星晶の塔,12,20,5,1,0,19,20,0,46,45,0,1,0,40,40,193,0,0,86,319,0,0,8,0,0,0,126,109,0,0,1284,0,control
122,balanced,1,meadow,はじまり草原,1,4,2,1,1,1,3,6,8,5,1,2,4,3,2,30,1,0,12,60,5,1,12,0,0,0,8,5,0,0,230,891,control
122,balanced,2,cave,こだま洞くつ,3,7,2,1,1,7,7,11,6,6,0,0,2,3,2,40,2,0,11,81,3,1,19,0,0,0,4,13,0,0,969,2329,control
122,balanced,3,brook,しずく湖畔,5,10,3,1,1,12,12,13,3,2,1,0,3,1,0,8,2,2,6,26,0,0,8,0,0,0,4,0,0,0,2597,4078,control
122,balanced,4,volcano,ほむら火山,8,14,4,1,1,13,13,17,8,7,1,0,3,3,2,13,2,2,13,41,1,1,6,0,0,0,10,38,0,0,3159,2777,control
122,balanced,5,tower,星晶の塔,12,20,5,1,1,17,14,20,13,12,1,0,4,5,4,26,2,2,20,71,5,1,6,0,0,0,23,73,0,0,2151,1875,control
123,collector,1,meadow,はじまり草原,1,4,2,1,1,1,3,6,11,9,2,0,4,4,3,51,2,0,17,100,7,1,16,0,0,0,12,0,0,0,230,1046,control
123,collector,2,cave,こだま洞くつ,3,7,2,1,1,8,9,11,5,5,0,0,6,2,1,46,5,5,12,109,2,1,27,0,0,0,20,6,0,0,2852,2973,control
123,collector,3,brook,しずく湖畔,5,10,3,1,1,11,11,16,24,23,1,0,4,8,7,61,3,2,35,119,1,1,14,0,0,0,30,27,0,0,1570,1360,control
123,collector,4,volcano,ほむら火山,8,14,4,1,1,14,12,14,4,1,3,0,9,1,0,16,5,5,10,64,0,0,16,0,0,0,11,0,0,0,1521,4356,control
123,collector,5,tower,星晶の塔,12,20,5,1,1,14,15,19,20,18,2,0,9,6,5,34,5,5,31,154,5,1,20,0,0,0,35,38,0,0,2301,2602,control
124,rush,1,meadow,はじまり草原,1,4,2,1,1,1,2,7,7,4,1,2,3,4,3,35,0,0,11,55,0,0,11,0,0,0,9,8,0,0,230,666,control
124,rush,2,cave,こだま洞くつ,3,7,2,1,1,7,7,11,9,7,1,1,2,7,6,56,0,0,16,79,0,0,10,0,0,0,22,14,0,0,666,1720,control
124,rush,3,brook,しずく湖畔,5,10,3,1,1,11,11,13,4,4,0,0,0,2,1,12,0,0,6,20,0,0,6,0,0,0,5,19,0,0,1720,1553,control
124,rush,4,volcano,ほむら火山,8,14,4,1,1,13,14,19,18,18,0,0,0,15,14,78,0,0,33,118,0,0,7,0,0,0,44,52,0,0,1553,941,control
124,rush,5,tower,星晶の塔,12,20,5,1,0,19,20,0,46,45,0,1,0,40,40,190,0,0,86,303,0,0,7,0,0,0,128,125,0,0,941,0,control
125,balanced,1,meadow,はじまり草原,1,4,2,1,1,1,3,6,5,2,2,1,3,2,1,26,1,0,8,51,3,1,14,0,0,0,8,3,0,0,230,1040,control
125,balanced,2,cave,こだま洞くつ,3,7,2,1,1,6,6,10,6,5,1,0,3,3,2,38,2,2,11,77,4,1,17,0,0,0,15,15,0,0,1298,2326,control
125,balanced,3,brook,しずく湖畔,5,10,3,1,1,10,11,14,7,6,1,0,3,3,2,29,2,2,12,55,2,1,11,0,0,0,14,31,0,0,1802,968,control
125,balanced,4,volcano,ほむら火山,8,14,4,1,1,14,15,19,20,19,1,0,4,9,8,52,2,2,31,103,6,1,9,0,0,0,32,36,0,0,750,2407,control
125,balanced,5,tower,星晶の塔,12,20,5,1,1,19,19,27,41,40,1,0,4,19,18,129,2,2,62,273,6,1,16,0,0,0,65,106,0,0,1865,1856,control
126,collector,1,meadow,はじまり草原,1,4,2,1,1,1,2,6,8,6,2,0,5,3,2,36,3,0,14,87,5,1,16,0,0,0,12,1,0,0,230,1167,control
126,collector,2,cave,こだま洞くつ,3,7,2,1,1,7,8,10,5,4,1,0,6,2,1,40,5,5,12,95,3,1,25,0,0,0,19,5,0,0,2851,3176,control
126,collector,3,brook,しずく湖畔,5,10,3,1,1,10,10,14,15,13,2,0,7,5,4,46,5,5,25,103,1,1,14,0,0,0,29,15,0,0,1678,1339,control
126,collector,4,volcano,ほむら火山,8,14,4,1,1,14,12,17,14,11,2,1,10,4,3,23,5,5,23,120,3,1,18,0,0,0,33,20,0,0,709,3383,control
126,collector,5,tower,星晶の塔,12,20,5,1,1,17,18,21,14,13,1,0,10,4,3,20,5,5,23,115,1,1,31,0,0,0,27,26,0,0,1788,2246,control
127,rush,1,meadow,はじまり草原,1,4,2,1,1,1,2,6,6,2,2,2,2,3,2,25,0,0,9,42,0,0,10,0,0,0,9,7,0,0,230,718,control
127,rush,2,cave,こだま洞くつ,3,7,2,1,1,6,7,10,7,7,0,0,0,6,5,48,0,0,13,63,0,0,10,0,0,0,16,16,0,0,718,1424,control
127,rush,3,brook,しずく湖畔,5,10,3,1,1,10,11,14,4,4,0,0,0,2,1,12,0,0,6,20,0,0,7,0,0,0,4,22,0,0,1424,1376,control
127,rush,4,volcano,ほむら火山,8,14,4,1,0,14,14,0,44,44,0,0,0,40,40,203,0,0,84,336,0,0,7,0,0,0,134,93,0,0,1376,0,control
127,rush,5,tower,星晶の塔,12,20,5,0,0,0,0,0,0,0,0,0,0,0,0,0,0,0,0,0,0,0,0,0,0,0,0,0,0,0,0,0,control
128,balanced,1,meadow,はじまり草原,1,4,2,1,1,1,3,8,12,12,0,0,1,6,5,43,1,0,19,76,3,1,11,0,0,0,5,7,0,0,230,905,control
128,balanced,2,cave,こだま洞くつ,3,7,2,1,1,8,9,11,4,3,1,0,4,2,1,21,2,0,8,52,0,0,15,0,0,0,3,10,0,0,1803,2472,control
128,balanced,3,brook,しずく湖畔,5,10,3,1,1,12,12,15,7,6,1,0,4,3,2,14,2,2,12,36,0,0,9,0,0,0,8,26,0,0,2740,2013,control
128,balanced,4,volcano,ほむら火山,8,14,4,1,1,15,14,18,10,9,1,0,4,4,3,28,2,2,16,60,1,1,11,0,0,0,10,25,0,0,1560,4339,control
128,balanced,5,tower,星晶の塔,12,20,5,1,1,18,18,24,34,32,1,1,7,15,14,62,2,2,51,148,5,1,7,0,0,0,51,92,0,0,3361,2209,control
129,collector,1,meadow,はじまり草原,1,4,2,1,1,1,3,6,12,10,1,1,3,4,3,35,1,0,17,69,7,1,12,0,0,0,9,0,0,0,230,1030,control
129,collector,2,cave,こだま洞くつ,3,7,2,1,1,7,8,12,11,10,1,0,4,4,3,74,3,2,18,127,7,1,25,0,0,0,20,14,0,0,1108,2021,control
129,collector,3,brook,しずく湖畔,5,10,3,1,1,10,12,14,9,8,1,0,8,3,2,20,5,5,17,81,1,1,10,0,0,0,23,16,0,0,1700,1337,control
129,collector,4,volcano,ほむら火山,8,14,4,1,1,14,13,19,29,26,2,1,9,9,8,184,5,5,43,284,10,1,23,0,0,0,46,21,0,0,707,2304,control
129,collector,5,tower,星晶の塔,12,20,5,1,1,19,18,22,23,21,2,0,9,7,6,56,5,5,35,155,4,1,18,0,0,0,41,27,0,0,1218,3510,control
130,rush,1,meadow,はじまり草原,1,4,2,1,1,1,2,7,6,4,1,1,2,4,3,26,0,0,10,44,0,0,8,0,0,0,8,8,0,0,230,696,control
130,rush,2,cave,こだま洞くつ,3,7,2,1,1,7,7,10,6,5,1,0,2,5,4,40,0,0,11,58,0,0,10,0,0,0,15,15,0,0,696,1420,control
130,rush,3,brook,しずく湖畔,5,10,3,1,1,10,11,12,3,3,0,0,0,1,0,7,0,0,4,12,0,0,7,0,0,0,2,0,0,0,1420,2850,control
130,rush,4,volcano,ほむら火山,8,14,4,1,1,12,13,20,25,25,0,0,0,22,21,117,0,0,47,173,0,0,7,0,0,0,67,76,0,0,2850,1296,control
130,rush,5,tower,星晶の塔,12,20,5,1,0,20,21,0,45,45,0,0,0,40,40,174,0,0,85,284,0,0,7,0,0,0,124,124,0,0,1296,0,control
131,balanced,1,meadow,はじまり草原,1,4,2,1,1,1,3,7,6,5,1,0,3,3,2,31,2,0,11,65,5,1,13,0,0,0,5,6,0,0,230,874,control
131,balanced,2,cave,こだま洞くつ,3,7,2,1,1,9,9,13,8,7,1,0,3,4,3,30,2,0,14,66,3,1,9,0,0,0,14,31,0,0,2350,1261,control
131,balanced,3,brook,しずく湖畔,5,10,3,1,1,11,13,15,3,2,1,0,3,1,0,6,2,2,6,26,0,0,8,0,0,0,8,0,0,0,1529,3837,control
131,balanced,4,volcano,ほむら火山,8,14,4,1,1,15,15,19,12,11,1,0,4,5,4,41,2,2,19,81,1,1,16,0,0,0,21,56,0,0,2972,1548,control
131,balanced,5,tower,星晶の塔,12,20,5,1,1,19,18,24,29,28,1,0,3,13,12,65,2,2,44,141,8,1,7,0,0,0,47,70,0,0,1200,2214,control
132,collector,1,meadow,はじまり草原,1,4,2,1,1,1,3,6,5,3,2,0,4,2,1,25,2,0,9,62,4,1,15,0,0,0,7,0,0,0,230,1270,control
132,collector,2,cave,こだま洞くつ,3,7,2,1,1,7,4,9,11,9,2,0,4,4,3,44,2,0,17,89,4,1,15,0,0,0,8,9,0,0,2726,2497,control
132,collector,3,brook,しずく湖畔,5,10,3,1,1,10,10,14,12,10,2,0,7,4,3,24,5,5,21,92,2,1,11,0,0,0,25,18,0,0,2965,2839,control
132,collector,4,volcano,ほむら火山,8,14,4,1,1,14,13,14,4,1,3,0,9,1,0,5,5,5,10,53,0,0,7,0,0,0,18,0,0,0,1500,4862,control
132,collector,5,tower,星晶の塔,12,20,5,1,1,14,16,22,40,36,2,2,11,12,11,167,5,5,57,363,11,1,41,0,0,0,62,52,0,0,2568,2299,control
133,rush,1,meadow,はじまり草原,1,4,2,1,1,1,2,7,5,4,1,0,1,4,3,28,0,0,9,38,0,0,9,0,0,0,7,9,0,0,230,668,control
133,rush,2,cave,こだま洞くつ,3,7,2,1,1,7,7,10,4,3,1,0,1,3,2,23,0,0,7,33,0,0,8,0,0,0,7,14,0,0,668,1415,control
133,rush,3,brook,しずく湖畔,5,10,3,1,1,10,11,14,5,5,0,0,0,3,2,18,0,0,8,27,0,0,7,0,0,0,8,26,0,0,1415,1158,control
133,rush,4,volcano,ほむら火山,8,14,4,1,1,14,14,18,14,14,0,0,0,11,10,66,0,0,25,86,0,0,7,0,0,0,32,32,0,0,1158,955,control
133,rush,5,tower,星晶の塔,12,20,5,1,0,18,19,0,45,45,0,0,0,40,40,181,0,0,85,274,0,0,7,0,0,0,121,137,0,0,955,0,control
134,balanced,1,meadow,はじまり草原,1,4,2,1,1,1,2,6,14,4,2,8,10,3,2,26,1,0,18,68,3,1,11,0,0,0,16,4,0,0,230,857,control
134,balanced,2,cave,こだま洞くつ,3,7,2,1,1,7,6,11,6,6,0,0,3,3,2,45,2,0,11,87,1,1,23,0,0,0,6,11,0,0,1815,2590,control
134,balanced,3,brook,しずく湖畔,5,10,3,1,1,11,11,13,5,4,1,0,4,2,1,13,2,2,9,34,1,1,8,0,0,0,6,15,0,0,2858,2774,control
134,balanced,4,volcano,ほむら火山,8,14,4,1,1,13,12,17,8,7,1,0,3,3,2,15,2,2,13,44,1,1,7,0,0,0,14,30,0,0,2149,3226,control
134,balanced,5,tower,星晶の塔,12,20,5,1,1,17,16,19,9,8,1,0,3,3,2,16,2,2,14,57,1,1,9,0,0,0,16,39,0,0,2499,3035,control
135,collector,1,meadow,はじまり草原,1,4,2,1,1,1,2,6,8,7,1,0,6,3,2,26,5,5,16,90,4,1,11,0,0,0,15,1,0,0,230,1121,control
135,collector,2,cave,こだま洞くつ,3,7,2,1,1,6,6,10,11,10,1,0,6,4,3,54,5,5,20,129,4,1,22,0,0,0,26,6,0,0,594,1877,control
135,collector,3,brook,しずく湖畔,5,10,3,1,1,10,9,14,18,16,2,0,8,6,5,50,5,5,29,118,2,1,16,0,0,0,33,9,0,0,992,2616,control
135,collector,4,volcano,ほむら火山,8,14,4,1,1,14,14,17,10,8,2,0,8,3,2,19,5,5,18,106,4,1,11,0,0,0,27,16,0,0,1382,2189,control
135,collector,5,tower,星晶の塔,12,20,5,1,1,17,15,24,52,49,1,2,8,16,15,160,5,5,73,348,2,1,43,0,0,0,71,52,0,0,1157,2270,control
136,rush,1,meadow,はじまり草原,1,4,2,1,1,1,2,6,8,3,1,4,3,3,2,19,0,0,11,38,0,0,8,0,0,0,9,7,0,0,230,700,control
136,rush,2,cave,こだま洞くつ,3,7,2,1,1,6,7,10,5,4,1,0,2,4,3,33,0,0,9,46,0,0,10,0,0,0,11,12,0,0,700,681,control
136,rush,3,brook,しずく湖畔,5,10,3,1,1,10,11,14,5,5,0,0,0,3,2,16,0,0,8,25,0,0,6,0,0,0,8,29,0,0,681,1153,control
136,rush,4,volcano,ほむら火山,8,14,4,1,1,14,14,20,28,28,0,0,0,25,24,127,0,0,53,189,0,0,6,0,0,0,74,57,0,0,1153,1278,control
136,rush,5,tower,星晶の塔,12,20,5,1,0,20,21,0,45,45,0,0,0,40,40,181,0,0,85,297,0,0,7,0,0,0,126,125,0,0,1278,0,control
137,balanced,1,meadow,はじまり草原,1,4,2,1,1,1,2,6,4,2,2,0,4,2,1,22,2,0,8,53,2,1,12,0,0,0,7,2,0,0,230,1128,control
137,balanced,2,cave,こだま洞くつ,3,7,2,1,1,7,7,10,4,3,1,0,3,2,1,34,2,2,8,64,4,1,20,0,0,0,12,5,0,0,2124,3308,control
137,balanced,3,brook,しずく湖畔,5,10,3,1,1,10,10,12,5,4,1,0,4,2,1,13,2,2,9,41,0,0,9,0,0,0,11,11,0,0,2563,2861,control
137,balanced,4,volcano,ほむら火山,8,14,4,1,1,12,13,20,30,29,1,0,3,14,13,80,2,2,46,170,10,1,8,0,0,0,47,81,0,0,2216,1271,control
137,balanced,5,tower,星晶の塔,12,20,5,1,1,20,20,22,9,8,1,0,4,3,2,17,2,2,14,49,1,1,8,0,0,0,16,20,0,0,985,3077,control
138,collector,1,meadow,はじまり草原,1,4,2,1,1,1,2,6,8,7,1,0,2,3,2,23,1,0,12,49,0,0,11,0,0,0,4,0,0,0,230,1136,control
138,collector,2,cave,こだま洞くつ,3,7,2,1,1,6,7,11,9,6,2,1,5,3,2,55,2,1,14,97,3,1,27,0,0,0,14,10,0,0,1214,2595,control
138,collector,3,brook,しずく湖畔,5,10,3,1,1,10,11,13,6,4,2,0,7,2,1,10,5,4,13,50,0,0,9,0,0,0,19,7,0,0,2678,2618,control
138,collector,4,volcano,ほむら火山,8,14,4,1,1,10,10,15,10,9,1,0,9,3,2,43,5,5,18,106,1,1,22,0,0,0,16,13,0,0,1778,3721,control
138,collector,5,tower,星晶の塔,12,20,5,1,1,15,17,26,69,60,2,7,17,20,19,215,5,5,94,574,3,1,55,1,0,0,106,82,0,0,1966,2267,control
139,rush,1,meadow,はじまり草原,1,4,2,1,1,1,3,8,12,11,0,1,0,10,9,41,0,0,22,69,0,0,6,0,0,0,10,11,0,0,230,654,control
139,rush,2,cave,こだま洞くつ,3,7,2,1,1,8,8,12,7,6,1,0,2,6,5,38,0,0,13,55,0,0,8,0,0,0,11,31,0,0,654,517,control
139,rush,3,brook,しずく湖畔,5,10,3,1,1,12,13,15,15,14,1,0,1,13,12,77,0,0,28,107,0,0,8,0,0,0,38,16,0,0,517,1174,control
139,rush,4,volcano,ほむら火山,8,14,4,1,1,15,16,19,7,7,0,0,0,4,3,25,0,0,11,39,0,0,7,0,0,0,11,44,0,0,1174,1008,control
139,rush,5,tower,星晶の塔,12,20,5,1,0,19,20,0,46,45,0,1,0,40,40,186,0,0,86,313,0,0,7,0,0,0,130,109,0,0,1008,0,control
140,balanced,1,meadow,はじまり草原,1,4,2,1,1,1,2,7,12,7,1,4,6,4,3,35,2,0,18,80,4,1,12,0,0,0,13,6,0,0,230,747,control
140,balanced,2,cave,こだま洞くつ,3,7,2,1,1,8,9,11,4,4,0,0,2,2,1,20,2,2,8,49,2,1,11,0,0,0,6,12,0,0,2223,2173,control
140,balanced,3,brook,しずく湖畔,5,10,3,1,1,11,9,12,9,8,1,0,4,4,3,31,2,2,15,59,0,0,9,0,0,0,12,27,0,0,1684,1284,control
140,balanced,4,volcano,ほむら火山,8,14,4,1,1,12,13,16,14,13,1,0,4,6,5,54,2,2,22,93,0,0,12,0,0,0,15,20,0,0,995,2429,control
140,balanced,5,tower,星晶の塔,12,20,5,1,1,16,17,30,77,76,1,0,3,37,36,208,2,2,116,412,7,1,17,0,0,0,122,179,0,0,1882,3502,control
141,collector,1,meadow,はじまり草原,1,4,2,1,1,1,2,6,13,10,1,2,5,4,3,41,2,1,19,100,5,1,13,0,0,0,12,0,0,0,230,1024,control
141,collector,2,cave,こだま洞くつ,3,7,2,1,1,6,7,12,11,10,1,0,7,4,3,73,5,5,20,157,6,1,25,0,0,0,26,15,0,0,980,1975,control
141,collector,3,brook,しずく湖畔,5,10,3,1,1,12,12,13,6,4,2,0,8,2,1,11,5,5,13,62,0,0,10,0,0,0,21,6,0,0,1044,1544,control
141,collector,4,volcano,ほむら火山,8,14,4,1,1,13,10,13,7,4,3,0,9,2,1,11,5,5,14,69,3,1,7,0,0,0,21,8,0,0,816,2576,control
141,collector,5,tower,星晶の塔,12,20,5,1,1,13,17,18,14,10,1,3,13,3,2,14,5,5,22,111,2,1,14,0,0,0,39,11,0,0,1361,2336,control
142,rush,1,meadow,はじまり草原,1,4,2,1,1,1,2,7,4,3,1,0,2,3,2,20,0,0,7,32,0,0,8,0,0,0,5,9,0,0,230,664,control
142,rush,2,cave,こだま洞くつ,3,7,2,1,1,7,7,11,10,9,1,0,1,9,8,61,0,0,19,81,0,0,9,0,0,0,25,16,0,0,664,1714,control
142,rush,3,brook,しずく湖畔,5,10,3,1,1,11,12,15,12,12,0,0,0,10,9,52,0,0,22,74,0,0,7,0,0,0,29,30,0,0,1714,1358,control
142,rush,4,volcano,ほむら火山,8,14,4,1,1,15,16,20,18,18,0,0,0,15,14,85,0,0,33,118,0,0,7,0,0,0,44,59,0,0,1358,1281,control
142,rush,5,tower,星晶の塔,12,20,5,1,0,20,21,0,45,45,0,0,0,40,40,196,0,0,85,306,0,0,7,0,0,0,129,113,0,0,1281,0,control
143,balanced,1,meadow,はじまり草原,1,4,2,1,1,1,3,7,6,5,1,0,3,3,2,29,2,0,11,62,4,1,15,0,0,0,7,6,0,0,230,889,control
143,balanced,2,cave,こだま洞くつ,3,7,2,1,1,8,8,13,8,7,1,0,2,4,3,48,1,0,13,74,2,1,14,0,0,0,13,33,0,0,2365,972,control
143,balanced,3,brook,しずく湖畔,5,10,3,1,1,11,12,13,3,2,1,0,3,1,0,7,2,2,6,26,1,1,7,0,0,0,8,0,0,0,1286,2383,control
143,balanced,4,volcano,ほむら火山,8,14,4,1,1,13,12,17,14,13,1,0,3,6,5,33,2,2,22,76,4,1,8,0,0,0,25,35,0,0,1847,2720,control
143,balanced,5,tower,星晶の塔,12,20,5,1,1,17,18,24,33,30,1,2,8,14,13,89,2,2,49,199,5,1,14,0,0,0,57,85,0,0,2107,2273,control
144,collector,1,meadow,はじまり草原,1,4,2,1,1,1,3,6,8,7,1,0,2,3,2,29,1,0,12,55,4,1,13,0,0,0,6,1,0,0,230,1125,control
144,collector,2,cave,こだま洞くつ,3,7,2,1,1,6,5,10,8,6,2,0,5,3,2,37,3,1,14,98,3,1,17,0,0,0,6,7,0,0,1203,2897,control
144,collector,3,brook,しずく湖畔,5,10,3,1,1,11,11,14,12,11,1,0,7,4,3,22,5,5,21,73,4,1,7,0,0,0,17,24,0,0,3078,1545,control
144,collector,4,volcano,ほむら火山,8,14,4,1,1,14,9,15,10,7,3,0,9,3,2,17,5,5,18,81,3,1,9,0,0,0,22,15,0,0,817,3594,control
144,collector,5,tower,星晶の塔,12,20,5,1,1,15,17,19,15,11,3,1,10,4,3,25,5,5,24,108,3,1,9,0,0,0,32,26,0,0,1898,2278,control
145,rush,1,meadow,はじまり草原,1,4,2,1,1,1,2,7,6,3,1,2,3,3,2,24,0,0,9,41,0,0,10,0,0,0,7,8,0,0,230,670,control
145,rush,2,cave,こだま洞くつ,3,7,2,1,1,7,7,10,5,4,1,0,1,4,3,31,0,0,9,48,0,0,9,0,0,0,11,15,0,0,670,1397,control
145,rush,3,brook,しずく湖畔,5,10,3,1,1,10,11,14,7,7,0,0,0,5,4,28,0,0,12,40,0,0,7,0,0,0,14,27,0,0,1397,1150,control
145,rush,4,volcano,ほむら火山,8,14,4,1,1,14,15,18,13,13,0,0,0,10,9,60,0,0,23,84,0,0,7,0,0,0,29,40,0,0,1150,997,control
145,rush,5,tower,星晶の塔,12,20,5,1,0,18,19,0,45,45,0,0,0,40,40,195,0,0,85,306,0,0,6,0,0,0,126,124,0,0,997,0,control
146,balanced,1,meadow,はじまり草原,1,4,2,1,1,1,2,6,6,5,1,0,2,3,2,26,1,0,10,51,4,1,11,0,0,0,6,6,0,0,230,870,control
146,balanced,2,cave,こだま洞くつ,3,7,2,1,1,7,7,11,6,5,1,0,3,3,2,38,1,0,10,72,4,1,18,0,0,0,9,18,0,0,948,2311,control
146,balanced,3,brook,しずく湖畔,5,10,3,1,1,10,12,15,7,6,1,0,3,3,2,15,2,2,12,44,0,0,8,0,0,0,15,35,0,0,2445,1369,control
146,balanced,4,volcano,ほむら火山,8,14,4,1,1,15,14,18,16,15,1,0,6,7,6,43,2,2,25,104,4,1,10,0,0,0,30,33,0,0,1061,2417,control
146,balanced,5,tower,星晶の塔,12,20,5,1,1,18,19,28,45,45,0,0,7,21,20,96,2,2,68,257,6,1,9,0,0,0,78,113,0,0,1872,3018,control
147,collector,1,meadow,はじまり草原,1,4,2,1,1,1,2,6,9,7,1,1,4,3,2,27,2,0,14,69,2,1,13,0,0,0,9,1,0,0,230,1159,control
147,collector,2,cave,こだま洞くつ,3,7,2,1,1,7,7,12,14,13,1,0,5,5,4,77,4,3,23,150,6,1,18,0,0,0,25,24,0,0,2435,1175,control
147,collector,3,brook,しずく湖畔,5,10,3,1,1,11,11,15,18,15,3,0,8,6,5,53,5,5,29,124,2,1,13,0,0,0,31,19,0,0,1375,1432,control
147,collector,4,volcano,ほむら火山,8,14,4,1,1,15,13,18,19,17,2,0,8,6,5,147,5,5,30,266,4,1,34,0,0,0,37,13,0,0,757,2817,control
147,collector,5,tower,星晶の塔,12,20,5,1,1,18,17,21,17,15,2,0,7,5,4,155,5,5,27,227,2,1,58,2,0,0,30,31,0,0,1489,2292,control
148,rush,1,meadow,はじまり草原,1,4,2,1,1,1,2,5,3,1,2,0,2,2,1,18,0,0,5,26,0,0,10,0,0,0,5,3,0,0,230,926,control
148,rush,2,cave,こだま洞くつ,3,7,2,1,1,5,6,11,8,8,0,0,0,7,6,51,0,0,15,76,0,0,9,0,0,0,23,21,0,0,926,1418,control
148,rush,3,brook,しずく湖畔,5,10,3,1,1,11,11,15,11,11,0,0,0,9,8,48,0,0,20,75,0,0,7,0,0,0,27,30,0,0,1418,1346,control
148,rush,4,volcano,ほむら火山,8,14,4,1,0,15,15,0,44,44,0,0,0,40,40,185,0,0,84,305,0,0,6,0,0,0,129,88,0,0,1346,0,control
148,rush,5,tower,星晶の塔,12,20,5,0,0,0,0,0,0,0,0,0,0,0,0,0,0,0,0,0,0,0,0,0,0,0,0,0,0,0,0,0,control
149,balanced,1,meadow,はじまり草原,1,4,2,1,1,1,3,7,6,4,2,0,3,3,2,37,1,0,10,60,5,1,15,0,0,0,8,6,0,0,230,866,control
149,balanced,2,cave,こだま洞くつ,3,7,2,1,1,7,8,11,6,5,1,0,4,3,2,46,2,1,11,88,1,1,24,0,0,0,12,17,0,0,2064,2391,control
149,balanced,3,brook,しずく湖畔,5,10,3,1,1,12,12,13,3,2,1,0,3,1,0,8,2,2,6,24,1,1,8,0,0,0,7,0,0,0,2222,3136,control
149,balanced,4,volcano,ほむら火山,8,14,4,1,1,13,13,20,22,21,1,0,3,10,9,77,1,0,33,130,7,1,18,0,0,0,31,72,0,0,2429,1551,control
149,balanced,5,tower,星晶の塔,12,20,5,1,1,20,20,24,20,18,1,1,4,8,7,49,2,2,30,130,5,1,10,0,0,0,36,61,0,0,3008,2167,control
150,collector,1,meadow,はじまり草原,1,4,2,1,1,1,3,6,8,7,1,0,2,3,2,28,1,0,12,56,4,1,10,0,0,0,6,1,0,0,230,1123,control
150,collector,2,cave,こだま洞くつ,3,7,2,1,1,7,4,9,8,6,2,0,3,3,2,44,1,0,12,91,4,1,18,0,0,0,4,4,0,0,1201,3080,control
150,collector,3,brook,しずく湖畔,5,10,3,1,1,10,10,13,9,8,1,0,7,3,2,17,5,5,17,62,3,1,7,0,0,0,15,11,0,0,3474,2820,control
150,collector,4,volcano,ほむら火山,8,14,4,1,1,13,13,16,10,7,3,0,9,3,2,19,5,5,18,73,3,1,7,0,0,0,23,15,0,0,1490,3009,control
150,collector,5,tower,星晶の塔,12,20,5,1,1,16,14,22,37,33,2,2,12,11,10,47,5,5,53,271,9,1,15,0,0,0,66,47,0,0,1590,3443,control
151,rush,1,meadow,はじまり草原,1,4,2,1,1,1,3,7,5,3,1,1,2,3,2,26,0,0,8,40,0,0,11,0,0,0,5,8,0,0,230,711,control
151,rush,2,cave,こだま洞くつ,3,7,2,1,1,7,7,11,10,9,1,0,2,9,8,78,0,0,19,103,0,0,10,0,0,0,26,17,0,0,711,1663,control
151,rush,3,brook,しずく湖畔,5,10,3,1,1,11,11,14,5,5,0,0,0,3,2,16,0,0,8,28,0,0,6,0,0,0,8,24,0,0,1663,1175,control
151,rush,4,volcano,ほむら火山,8,14,4,1,1,14,14,22,42,42,0,0,0,39,38,197,0,0,81,326,0,0,7,0,0,0,123,86,0,0,1175,993,control
151,rush,5,tower,星晶の塔,12,20,5,1,0,22,23,0,47,45,0,2,0,40,40,170,0,0,87,302,0,0,7,0,0,0,138,105,0,0,993,0,control
152,balanced,1,meadow,はじまり草原,1,4,2,1,1,1,2,6,12,4,2,6,6,3,2,40,1,0,16,88,9,1,14,0,0,0,15,4,0,0,230,881,control
152,balanced,2,cave,こだま洞くつ,3,7,2,1,1,7,7,11,6,5,1,0,2,3,2,33,1,0,10,63,2,1,15,0,0,0,4,17,0,0,1139,2600,control
152,balanced,3,brook,しずく湖畔,5,10,3,1,1,12,8,11,7,6,1,0,5,3,2,14,2,2,12,36,1,1,6,0,0,0,9,22,0,0,2994,2106,control
152,balanced,4,volcano,ほむら火山,8,14,4,1,1,11,12,15,12,11,1,0,3,5,4,27,2,2,19,58,3,1,7,0,0,0,13,26,0,0,1632,1253,control
152,balanced,5,tower,星晶の塔,12,20,5,1,1,15,17,24,31,30,1,0,4,14,13,71,2,2,47,138,8,1,9,0,0,0,48,85,0,0,971,3371,control
153,collector,1,meadow,はじまり草原,1,4,2,1,1,1,3,6,12,7,1,4,4,3,2,33,1,0,16,80,7,1,16,0,0,0,11,0,0,0,230,1143,control
153,collector,2,cave,こだま洞くつ,3,7,2,1,1,6,7,10,5,4,1,0,3,2,1,25,2,0,9,77,0,0,17,0,0,0,2,4,0,0,1221,3376,control
153,collector,3,brook,しずく湖畔,5,10,3,1,1,11,7,14,21,19,2,0,8,7,6,33,5,5,33,97,3,1,10,0,0,0,22,28,0,0,3644,2207,control
153,collector,4,volcano,ほむら火山,8,14,4,1,1,14,13,16,7,5,2,0,9,2,1,13,5,5,14,70,2,1,8,0,0,0,22,9,1,0,1166,3620,control
153,collector,5,tower,星晶の塔,12,20,5,1,1,16,15,21,27,23,3,1,9,8,7,49,5,5,40,184,5,1,37,0,0,0,42,37,0,0,1912,2665,control
154,rush,1,meadow,はじまり草原,1,4,2,1,1,1,2,7,8,4,1,3,4,4,3,30,0,0,12,50,0,0,9,0,0,0,10,8,0,0,230,675,control
154,rush,2,cave,こだま洞くつ,3,7,2,1,1,7,7,12,11,10,1,0,1,10,9,78,0,0,21,99,0,0,10,0,0,0,28,33,0,0,675,537,control
154,rush,3,brook,しずく湖畔,5,10,3,1,1,12,13,14,6,6,0,0,0,4,3,24,0,0,10,34,0,0,7,0,0,0,11,9,0,0,537,1348,control
154,rush,4,volcano,ほむら火山,8,14,4,1,1,14,15,20,21,21,0,0,0,18,17,102,0,0,39,137,0,0,7,0,0,0,53,61,0,0,1348,1230,control
154,rush,5,tower,星晶の塔,12,20,5,1,0,20,21,0,47,45,0,2,0,40,40,180,0,0,87,302,0,0,7,0,0,0,128,108,0,0,1230,0,control
155,balanced,1,meadow,はじまり草原,1,4,2,1,1,1,2,6,4,2,2,0,4,2,1,19,2,0,8,54,3,1,15,0,0,0,8,2,0,0,230,1129,control
155,balanced,2,cave,こだま洞くつ,3,7,2,1,1,7,7,11,6,5,1,0,3,3,2,50,2,2,11,83,2,1,23,0,0,0,13,19,0,0,1705,1967,control
155,balanced,3,brook,しずく湖畔,5,10,3,1,1,11,11,14,7,6,1,0,4,3,2,27,2,2,12,51,0,0,12,0,0,0,14,23,0,0,1524,1202,control
155,balanced,4,volcano,ほむら火山,8,14,4,1,1,14,14,22,38,37,1,0,4,18,17,116,2,1,58,201,9,1,20,0,0,0,60,73,0,0,932,1287,control
155,balanced,5,tower,星晶の塔,12,20,5,1,1,20,20,22,8,7,0,1,8,2,1,9,2,2,12,49,1,1,7,0,0,0,10,21,0,0,2830,3338,control
156,collector,1,meadow,はじまり草原,1,4,2,1,1,1,3,6,8,7,1,0,5,3,2,32,4,0,15,90,3,1,13,0,0,0,8,0,0,0,230,1157,control
156,collector,2,cave,こだま洞くつ,3,7,2,1,1,9,9,13,14,12,2,0,5,5,4,77,3,2,22,139,7,1,17,0,0,0,23,27,0,0,2939,1296,control
156,collector,3,brook,しずく湖畔,5,10,3,1,1,13,13,13,3,1,2,0,7,1,0,6,5,5,9,35,0,0,6,0,0,0,11,0,0,0,2839,3273,control
156,collector,4,volcano,ほむら火山,8,14,4,1,1,13,13,16,10,6,4,0,9,3,2,16,5,5,18,76,3,1,8,0,0,0,23,18,0,0,1730,2674,control
156,collector,5,tower,星晶の塔,12,20,5,1,1,16,15,18,10,4,4,2,12,2,1,15,5,5,17,88,1,1,8,0,0,0,28,13,0,0,1414,4998,control
157,rush,1,meadow,はじまり草原,1,4,2,1,1,1,3,8,15,12,0,3,3,11,10,53,0,0,26,91,0,0,7,0,0,0,13,10,0,0,230,645,control
157,rush,2,cave,こだま洞くつ,3,7,2,1,1,8,9,12,6,5,1,0,2,5,4,33,0,0,11,48,0,0,9,0,0,0,9,30,0,0,645,557,control
157,rush,3,brook,しずく湖畔,5,10,3,1,1,12,12,15,8,7,1,0,2,6,5,33,0,0,14,46,0,0,7,0,0,0,16,10,0,0,557,1382,control
157,rush,4,volcano,ほむら火山,8,14,4,1,1,15,15,19,15,15,0,0,0,12,11,62,0,0,27,91,0,0,6,0,0,0,35,55,0,0,1382,1288,control
157,rush,5,tower,星晶の塔,12,20,5,1,0,19,20,0,45,45,0,0,0,40,40,168,0,0,85,292,0,0,7,0,0,0,127,113,0,0,1288,0,control
158,balanced,1,meadow,はじまり草原,1,4,2,1,1,1,3,6,7,5,1,1,3,3,2,26,1,0,11,51,2,1,11,0,0,0,7,6,0,0,230,856,control
158,balanced,2,cave,こだま洞くつ,3,7,2,1,1,6,7,10,4,3,1,0,3,2,1,47,2,2,8,99,3,1,24,0,0,0,7,7,0,0,934,2718,control
158,balanced,3,brook,しずく湖畔,5,10,3,1,1,10,11,12,5,4,1,0,5,2,1,16,2,2,9,37,0,0,9,0,0,0,11,15,0,0,2105,2176,control
158,balanced,4,volcano,ほむら火山,8,14,4,1,1,12,13,19,26,25,1,0,3,12,11,90,2,2,40,155,7,1,18,0,0,0,41,60,0,0,1686,1509,control
158,balanced,5,tower,星晶の塔,12,20,5,1,1,19,19,22,11,10,1,0,3,4,3,18,2,2,17,54,0,0,8,0,0,0,19,37,0,0,1169,1855,control
159,collector,1,meadow,はじまり草原,1,4,2,1,1,1,2,6,11,10,1,0,2,4,3,40,1,0,16,76,3,1,14,0,0,0,9,1,0,0,230,1039,control
159,collector,2,cave,こだま洞くつ,3,7,2,1,1,7,6,9,5,4,1,0,2,2,1,27,1,0,8,62,2,1,14,0,0,0,4,3,0,0,1117,3307,control
159,collector,3,brook,しずく湖畔,5,10,3,1,1,9,9,12,9,7,2,0,7,3,2,17,5,5,17,66,0,0,8,0,0,0,23,11,0,0,3441,2953,control
159,collector,4,volcano,ほむら火山,8,14,4,1,1,12,12,18,26,20,2,4,12,7,6,57,5,5,38,242,6,1,16,0,0,0,56,31,0,0,1561,1605,control
159,collector,5,tower,星晶の塔,12,20,5,1,1,18,18,25,48,43,1,4,12,14,13,98,5,5,67,362,3,1,43,0,0,0,75,38,0,0,849,4418,control
160,rush,1,meadow,はじまり草原,1,4,2,1,1,1,3,7,7,4,1,2,3,4,3,33,0,0,11,52,0,0,11,0,0,0,8,8,0,0,230,693,control
160,rush,2,cave,こだま洞くつ,3,7,2,1,1,7,7,10,4,3,1,0,2,3,2,20,0,0,7,30,0,0,8,0,0,0,7,15,0,0,693,1392,control
160,rush,3,brook,しずく湖畔,5,10,3,1,1,10,11,14,5,5,0,0,0,3,2,14,0,0,8,23,0,0,5,0,0,0,7,26,0,0,1392,1142,control
160,rush,4,volcano,ほむら火山,8,14,4,1,1,14,15,18,15,15,0,0,0,12,11,75,0,0,27,99,0,0,7,0,0,0,35,32,0,0,1142,1004,control
160,rush,5,tower,星晶の塔,12,20,5,1,0,18,19,0,45,45,0,0,0,40,40,193,0,0,85,296,0,0,7,0,0,0,123,136,0,0,1004,0,control
161,balanced,1,meadow,はじまり草原,1,4,2,1,1,1,3,7,6,5,1,0,3,3,2,24,2,0,11,63,2,1,14,0,0,0,5,6,0,0,230,876,control
161,balanced,2,cave,こだま洞くつ,3,7,2,1,1,9,9,11,4,3,1,0,3,2,1,26,2,2,8,59,2,1,17,0,0,0,11,11,0,0,1652,2344,control
161,balanced,3,brook,しずく湖畔,5,10,3,1,1,11,11,12,3,2,1,0,3,1,0,6,2,2,6,29,0,0,8,0,0,0,8,0,0,0,1816,3197,control
161,balanced,4,volcano,ほむら火山,8,14,4,1,1,12,10,16,18,17,1,0,2,8,7,44,1,0,27,89,3,1,10,0,0,0,26,52,0,0,2477,1274,control
161,balanced,5,tower,星晶の塔,12,20,5,1,1,18,18,24,25,24,1,0,3,11,10,62,2,2,38,122,6,1,10,0,0,0,39,90,0,0,3291,2193,control
162,collector,1,meadow,はじまり草原,1,4,2,1,1,1,2,6,14,9,2,3,8,4,3,44,5,0,23,133,7,1,18,0,0,0,14,0,0,0,230,1020,control
162,collector,2,cave,こだま洞くつ,3,7,2,1,1,9,9,12,5,3,2,0,5,2,1,21,3,0,10,65,1,1,16,0,0,0,10,7,0,0,3360,4845,control
162,collector,3,brook,しずく湖畔,5,10,3,1,1,15,13,13,3,2,1,0,7,1,0,7,5,5,9,49,1,1,8,0,0,0,17,0,0,0,7447,7969,control
162,collector,4,volcano,ほむら火山,8,14,4,1,1,13,13,17,7,4,3,0,5,2,1,13,2,0,11,43,3,1,9,0,0,0,9,9,0,0,4208,9522,control
162,collector,5,tower,星晶の塔,12,20,5,1,1,21,21,23,14,11,3,0,9,4,3,45,5,5,23,105,2,1,22,0,0,0,26,49,0,0,17936,12996,control
163,rush,1,meadow,はじまり草原,1,4,2,1,1,1,2,7,7,3,1,3,4,3,2,24,0,0,10,43,0,0,10,0,0,0,8,8,0,0,230,660,control
163,rush,2,cave,こだま洞くつ,3,7,2,1,1,7,7,10,4,3,1,0,1,3,2,23,0,0,7,34,0,0,9,0,0,0,9,11,0,0,660,553,control
163,rush,3,brook,しずく湖畔,5,10,3,1,1,10,10,14,7,7,0,0,0,5,4,26,0,0,12,37,0,0,7,0,0,0,13,30,0,0,553,1155,control
163,rush,4,volcano,ほむら火山,8,14,4,1,1,14,15,19,22,22,0,0,0,19,18,107,0,0,41,154,0,0,7,0,0,0,57,39,0,0,1155,2155,control
163,rush,5,tower,星晶の塔,12,20,5,1,0,19,20,0,45,45,0,0,0,40,40,179,0,0,85,283,0,0,7,0,0,0,123,134,0,0,2155,0,control
164,balanced,1,meadow,はじまり草原,1,4,2,1,1,1,2,6,7,5,1,1,4,3,2,27,2,1,12,64,4,1,12,0,0,0,9,5,0,0,230,902,control
164,balanced,2,cave,こだま洞くつ,3,7,2,1,1,6,7,11,6,5,1,0,4,3,2,45,2,0,11,94,3,1,22,0,0,0,5,17,0,0,872,2321,control
164,balanced,3,brook,しずく湖畔,5,10,3,1,1,12,12,14,5,4,1,0,3,2,1,26,2,1,9,53,0,0,15,0,0,0,6,14,0,0,2589,2400,control
164,balanced,4,volcano,ほむら火山,8,14,4,1,1,15,14,18,12,11,1,0,3,5,4,45,2,2,19,78,2,1,17,0,0,0,12,56,0,0,3519,1525,control
164,balanced,5,tower,星晶の塔,12,20,5,1,1,18,18,23,22,20,1,1,4,9,8,51,2,2,33,108,8,1,8,0,0,0,34,65,0,0,1181,1881,control
165,collector,1,meadow,はじまり草原,1,4,2,1,1,1,3,6,10,7,1,2,2,3,2,29,1,0,14,61,7,1,15,0,0,0,8,0,0,0,230,1154,control
165,collector,2,cave,こだま洞くつ,3,7,2,1,1,6,6,10,8,8,0,0,6,3,2,49,5,5,16,133,2,1,24,0,0,0,15,6,0,0,1232,2698,control
165,collector,3,brook,しずく湖畔,5,10,3,1,1,10,9,13,18,16,2,0,8,6,5,64,5,5,29,128,3,1,15,0,0,0,20,11,0,0,1426,1318,control
165,collector,4,volcano,ほむら火山,8,14,4,1,1,13,13,14,6,1,3,2,11,1,0,10,5,5,12,79,1,1,10,0,0,0,25,0,0,0,697,3307,control
165,collector,5,tower,星晶の塔,12,20,5,1,1,14,15,23,43,35,3,5,14,12,11,98,5,5,60,348,9,1,42,0,0,0,69,47,0,0,1747,2263,control
166,rush,1,meadow,はじまり草原,1,4,2,1,1,1,2,7,5,4,1,0,2,4,3,26,0,0,9,40,0,0,8,0,0,0,6,8,0,0,230,714,control
166,rush,2,cave,こだま洞くつ,3,7,2,1,1,7,7,10,7,6,1,0,1,6,5,56,0,0,13,74,0,0,11,0,0,0,18,13,0,0,714,1374,control
166,rush,3,brook,しずく湖畔,5,10,3,1,1,10,11,14,4,4,0,0,0,2,1,13,0,0,6,22,0,0,7,0,0,0,4,20,0,0,1374,1646,control
166,rush,4,volcano,ほむら火山,8,14,4,1,1,14,14,20,28,28,0,0,0,25,24,145,0,0,53,212,0,0,7,0,0,0,75,64,0,0,1646,1239,control
166,rush,5,tower,星晶の塔,12,20,5,1,0,20,21,0,45,45,0,0,0,40,40,184,0,0,85,303,0,0,6,0,0,0,123,123,0,0,1239,0,control
167,balanced,1,meadow,はじまり草原,1,4,2,1,1,1,3,8,13,12,0,1,4,6,5,57,2,1,21,98,4,1,14,0,0,0,7,8,0,0,230,867,control
167,balanced,2,cave,こだま洞くつ,3,7,2,1,1,8,6,10,6,5,1,0,2,3,2,41,1,0,10,74,2,1,18,0,0,0,5,17,0,0,911,1789,control
167,balanced,3,brook,しずく湖畔,5,10,3,1,1,11,11,13,5,4,1,0,3,2,1,8,2,2,9,33,1,1,7,0,0,0,7,12,0,0,2343,2293,control
167,balanced,4,volcano,ほむら火山,8,14,4,1,1,13,13,17,12,11,1,0,5,5,4,25,2,2,19,65,2,1,6,0,0,0,14,31,0,0,1776,2430,control
167,balanced,5,tower,星晶の塔,12,20,5,1,1,17,18,27,42,41,0,1,8,19,18,81,2,2,63,189,12,1,7,0,0,0,44,111,0,0,1883,3052,control
168,collector,1,meadow,はじまり草原,1,4,2,1,1,1,3,6,11,10,1,0,2,4,3,46,1,0,16,77,6,1,15,0,0,0,8,1,0,0,230,1045,control
168,collector,2,cave,こだま洞くつ,3,7,2,1,1,7,8,11,8,6,2,0,3,3,2,41,1,0,12,63,1,1,21,0,0,0,9,9,0,0,1123,2565,control
168,collector,3,brook,しずく湖畔,5,10,3,1,1,10,11,14,12,10,2,0,7,4,3,27,5,5,21,95,2,1,16,0,0,0,26,22,0,0,2959,1549,control
168,collector,4,volcano,ほむら火山,8,14,4,1,1,14,14,18,13,10,3,0,8,4,3,27,5,5,22,102,1,1,22,0,0,0,28,29,0,0,820,1939,control
168,collector,5,tower,星晶の塔,12,20,5,1,1,18,15,24,44,41,3,0,9,14,13,105,5,5,63,385,7,1,31,0,0,0,66,46,0,0,1026,3465,control
169,rush,1,meadow,はじまり草原,1,4,2,1,1,1,2,7,5,4,1,0,1,4,3,28,0,0,9,41,0,0,9,0,0,0,7,8,0,0,230,712,control
169,rush,2,cave,こだま洞くつ,3,7,2,1,1,7,7,10,4,3,1,0,1,3,2,26,0,0,7,36,0,0,11,0,0,0,9,12,0,0,712,696,control
169,rush,3,brook,しずく湖畔,5,10,3,1,1,10,11,14,5,5,0,0,0,3,2,19,0,0,8,28,0,0,7,0,0,0,8,29,0,0,696,1119,control
169,rush,4,volcano,ほむら火山,8,14,4,1,1,14,15,20,26,26,0,0,0,23,22,126,0,0,49,187,0,0,7,0,0,0,68,55,0,0,1119,1265,control
169,rush,5,tower,星晶の塔,12,20,5,1,0,20,21,0,45,45,0,0,0,40,40,189,0,0,85,321,0,0,8,0,0,0,125,122,0,0,1265,0,control
170,balanced,1,meadow,はじまり草原,1,4,2,1,1,1,3,6,10,2,2,6,7,2,1,22,1,0,13,62,3,1,14,0,0,0,11,3,0,0,230,962,control
170,balanced,2,cave,こだま洞くつ,3,7,2,1,1,7,7,11,6,5,1,0,3,3,2,40,2,2,11,77,2,1,14,0,0,0,13,19,0,0,1460,2272,control
170,balanced,3,brook,しずく湖畔,5,10,3,1,1,11,12,14,5,4,1,0,3,2,1,14,2,2,9,36,1,1,8,0,0,0,11,18,0,0,1760,1738,control
170,balanced,4,volcano,ほむら火山,8,14,4,1,1,14,12,15,8,7,1,0,4,3,2,20,2,2,13,63,2,1,15,0,0,0,17,22,0,0,1347,1241,control
170,balanced,5,tower,星晶の塔,12,20,5,1,1,15,16,21,15,14,1,0,4,6,5,31,2,2,23,75,4,1,7,0,0,0,24,57,0,0,962,1866,control
171,collector,1,meadow,はじまり草原,1,4,2,1,1,1,3,6,8,7,1,0,4,3,2,26,3,1,14,85,3,1,20,0,0,0,8,1,0,0,230,1169,control
171,collector,2,cave,こだま洞くつ,3,7,2,1,1,7,9,11,8,6,2,0,4,3,2,51,2,1,13,89,5,1,22,0,0,0,12,13,0,0,1805,2351,control
171,collector,3,brook,しずく湖畔,5,10,3,1,1,9,9,11,6,4,2,0,7,2,1,12,5,5,13,54,1,1,6,0,0,0,20,6,0,0,2463,2454,control
171,collector,4,volcano,ほむら火山,8,14,4,1,1,11,12,18,20,17,2,1,9,6,5,45,5,5,31,136,4,1,15,0,0,0,38,31,0,0,1297,2819,control
171,collector,5,tower,星晶の塔,12,20,5,1,1,18,17,21,23,20,3,0,8,7,6,40,5,5,35,127,5,1,10,0,0,0,37,32,0,0,1489,2707,control
172,rush,1,meadow,はじまり草原,1,4,2,1,1,1,2,5,9,2,1,6,7,2,1,15,0,0,11,42,0,0,9,0,0,0,9,2,0,0,230,899,control
172,rush,2,cave,こだま洞くつ,3,7,2,1,1,5,5,9,6,5,1,0,1,5,4,35,0,0,11,48,0,0,9,0,0,0,14,16,0,0,899,677,control
172,rush,3,brook,しずく湖畔,5,10,3,1,1,9,10,14,7,7,0,0,0,5,4,27,0,0,12,36,0,0,6,0,0,0,14,30,0,0,677,1155,control
172,rush,4,volcano,ほむら火山,8,14,4,1,1,14,14,20,30,29,0,1,0,26,25,125,0,0,56,213,0,0,6,0,0,0,90,62,0,0,1155,985,control
172,rush,5,tower,星晶の塔,12,20,5,1,0,20,21,0,45,45,0,0,0,40,40,174,0,0,85,295,0,0,6,0,0,0,137,121,0,0,985,0,control
173,balanced,1,meadow,はじまり草原,1,4,2,1,1,1,3,6,6,3,1,2,4,2,1,19,2,2,10,54,4,1,11,0,0,0,9,3,0,0,230,1035,control
173,balanced,2,cave,こだま洞くつ,3,7,2,1,1,6,6,11,12,11,1,0,3,6,5,56,2,1,20,96,7,1,14,0,0,0,21,20,0,0,802,1573,control
173,balanced,3,brook,しずく湖畔,5,10,3,1,1,11,12,14,7,6,1,0,3,3,2,16,2,2,12,36,3,1,6,0,0,0,9,31,0,0,2359,1151,control
173,balanced,4,volcano,ほむら火山,8,14,4,1,1,14,15,19,18,17,1,0,3,8,7,45,2,1,28,93,8,1,8,0,0,0,29,49,0,0,892,1530,control
173,balanced,5,tower,星晶の塔,12,20,5,1,1,19,20,27,37,36,1,0,4,17,16,78,2,2,56,196,6,1,11,0,0,0,71,93,0,0,1604,3088,control
174,collector,1,meadow,はじまり草原,1,4,2,1,1,1,3,6,10,6,2,2,5,3,2,37,1,0,14,67,5,1,15,0,0,0,11,0,0,0,230,1134,control
174,collector,2,cave,こだま洞くつ,3,7,2,1,1,7,7,12,11,11,0,0,5,4,3,84,4,3,19,155,5,1,25,0,0,0,22,16,0,0,1632,2196,control
174,collector,3,brook,しずく湖畔,5,10,3,1,1,11,7,12,12,11,1,0,5,4,3,23,4,3,20,70,2,1,9,0,0,0,13,13,0,0,1632,1337,control
174,collector,4,volcano,ほむら火山,8,14,4,1,1,12,13,16,7,6,1,0,8,2,1,23,5,5,14,71,1,1,18,0,0,0,13,10,0,0,1119,4237,control
174,collector,5,tower,星晶の塔,12,20,5,1,1,16,17,26,55,51,2,2,9,17,16,300,5,5,77,470,6,1,94,2,0,0,71,78,0,0,2238,2340,control
175,rush,1,meadow,はじまり草原,1,4,2,1,1,1,2,6,9,2,2,5,6,3,2,35,0,0,12,61,0,0,14,0,0,0,13,7,0,0,230,676,control
175,rush,2,cave,こだま洞くつ,3,7,2,1,1,6,7,12,12,12,0,0,0,11,10,97,0,0,23,126,0,0,11,0,0,0,33,25,0,0,676,1220,control
175,rush,3,brook,しずく湖畔,5,10,3,1,1,12,12,15,5,5,0,0,0,3,2,16,0,0,8,27,0,0,6,0,0,0,6,19,0,0,1220,1332,control
175,rush,4,volcano,ほむら火山,8,14,4,1,0,15,15,0,44,44,0,0,0,40,40,206,0,0,84,351,0,0,7,0,0,0,133,88,0,0,1332,0,control
175,rush,5,tower,星晶の塔,12,20,5,0,0,0,0,0,0,0,0,0,0,0,0,0,0,0,0,0,0,0,0,0,0,0,0,0,0,0,0,0,control
176,balanced,1,meadow,はじまり草原,1,4,2,1,1,1,2,6,8,4,2,2,4,3,2,40,2,1,13,81,7,1,15,0,0,0,14,5,0,0,230,868,control
176,balanced,2,cave,こだま洞くつ,3,7,2,1,1,7,6,10,6,5,1,0,3,3,2,34,2,1,11,72,2,1,14,0,0,0,8,10,0,0,1022,2766,control
176,balanced,3,brook,しずく湖畔,5,10,3,1,1,11,11,15,9,8,1,0,4,4,3,17,2,2,15,46,1,1,6,0,0,0,11,39,0,0,2829,1176,control
176,balanced,4,volcano,ほむら火山,8,14,4,1,1,15,15,18,10,10,0,0,6,4,3,20,2,2,16,50,4,1,6,0,0,0,11,28,0,0,911,1237,control
176,balanced,5,tower,星晶の塔,12,20,5,1,1,18,17,25,39,38,1,0,5,18,17,101,2,2,59,194,7,1,12,0,0,0,39,92,0,0,959,3969,control
177,collector,1,meadow,はじまり草原,1,4,2,1,1,1,3,6,12,9,2,1,4,4,3,54,1,0,17,86,8,1,15,0,0,0,14,0,0,0,230,1029,control
177,collector,2,cave,こだま洞くつ,3,7,2,1,1,7,7,11,8,6,2,0,6,3,2,66,4,3,15,121,1,1,27,0,0,0,19,10,0,0,2227,2750,control
177,collector,3,brook,しずく湖畔,5,10,3,1,1,11,11,14,9,8,1,0,7,3,2,31,5,5,17,98,0,0,15,0,0,0,23,17,0,0,2009,1335,control
177,collector,4,volcano,ほむら火山,8,14,4,1,1,14,12,15,8,5,2,1,10,2,1,12,5,5,15,78,2,1,8,0,0,0,24,0,0,0,705,3174,control
177,collector,5,tower,星晶の塔,12,20,5,1,1,15,15,20,21,19,1,1,11,6,5,36,5,5,32,142,2,1,26,0,0,0,39,35,0,0,1677,3488,control
178,rush,1,meadow,はじまり草原,1,4,2,1,1,1,3,9,15,15,0,0,0,14,13,72,0,0,29,102,0,0,7,0,0,0,13,10,0,0,230,984,control
178,rush,2,cave,こだま洞くつ,3,7,2,1,1,9,9,12,4,2,2,0,2,3,2,20,0,0,7,29,0,0,8,0,0,0,7,27,0,0,984,636,control
178,rush,3,brook,しずく湖畔,5,10,3,1,1,12,12,14,6,6,0,0,0,4,3,23,0,0,10,31,0,0,7,0,0,0,11,11,0,0,636,1377,control
178,rush,4,volcano,ほむら火山,8,14,4,1,1,14,15,19,13,13,0,0,0,10,9,60,0,0,23,88,0,0,7,0,0,0,29,54,0,0,1377,963,control
178,rush,5,tower,星晶の塔,12,20,5,1,0,19,20,0,45,45,0,0,0,40,40,195,0,0,85,317,0,0,8,0,0,0,131,111,0,0,963,0,control
179,balanced,1,meadow,はじまり草原,1,4,2,1,1,1,3,6,6,5,1,0,3,3,2,26,2,2,11,60,6,1,12,0,0,0,10,6,0,0,230,874,control
179,balanced,2,cave,こだま洞くつ,3,7,2,1,1,6,7,11,8,7,1,0,2,4,3,57,1,0,13,85,1,1,16,0,0,0,11,12,0,0,678,1914,control
179,balanced,3,brook,しずく湖畔,5,10,3,1,1,11,7,10,7,6,1,0,4,3,2,15,2,2,12,41,0,0,6,0,0,0,9,13,0,0,2888,2575,control
179,balanced,4,volcano,ほむら火山,8,14,4,1,1,10,11,17,16,15,1,0,4,7,6,60,2,2,25,108,4,1,14,0,0,0,26,47,0,0,1995,2406,control
179,balanced,5,tower,星晶の塔,12,20,5,1,1,17,17,22,21,20,1,0,3,9,8,42,2,2,32,101,2,1,8,0,0,0,36,53,0,0,1864,1827,control
180,collector,1,meadow,はじまり草原,1,4,2,1,1,1,3,7,14,13,1,0,2,5,4,53,1,0,20,100,6,1,16,0,0,0,11,1,0,0,230,1328,control
180,collector,2,cave,こだま洞くつ,3,7,2,1,1,8,8,12,17,15,2,0,3,6,5,111,1,0,24,154,9,1,25,0,0,0,18,18,0,0,2306,1750,control
180,collector,3,brook,しずく湖畔,5,10,3,1,1,10,11,13,6,5,1,0,6,2,1,12,5,5,13,52,2,1,7,0,0,0,13,8,0,0,2384,3042,control
180,collector,4,volcano,ほむら火山,8,14,4,1,1,13,13,15,4,1,3,0,8,1,0,6,5,5,10,52,1,1,8,0,0,0,18,0,0,0,1607,3230,control
180,collector,5,tower,星晶の塔,12,20,5,1,1,15,17,24,39,35,3,1,10,12,11,123,5,5,56,288,4,1,22,0,0,0,56,52,0,0,1706,3442,control
181,rush,1,meadow,はじまり草原,1,4,2,1,1,1,2,5,5,1,2,2,4,2,1,21,0,0,7,38,0,0,12,0,0,0,7,3,0,0,230,883,control
181,rush,2,cave,こだま洞くつ,3,7,2,1,1,5,6,11,9,9,0,0,0,8,7,59,0,0,17,79,0,0,9,0,0,0,23,30,0,0,883,685,control
181,rush,3,brook,しずく湖畔,5,10,3,1,1,11,12,14,5,5,0,0,0,3,2,17,0,0,8,26,0,0,7,0,0,0,8,15,0,0,685,1129,control
181,rush,4,volcano,ほむら火山,8,14,4,1,1,14,15,21,32,32,0,0,0,29,28,149,0,0,61,257,0,0,7,0,0,0,96,75,0,0,1129,979,control
181,rush,5,tower,星晶の塔,12,20,5,1,0,21,22,0,45,45,0,0,0,40,40,169,0,0,85,307,0,0,6,0,0,0,132,110,0,0,979,0,control
182,balanced,1,meadow,はじまり草原,1,4,2,1,1,1,2,7,13,7,1,5,6,4,3,39,1,0,18,78,6,1,14,0,0,0,13,6,0,0,230,767,control
182,balanced,2,cave,こだま洞くつ,3,7,2,1,1,7,4,10,6,5,1,0,2,3,2,34,1,0,10,61,3,1,15,0,0,0,4,11,0,0,845,2646,control
182,balanced,3,brook,しずく湖畔,5,10,3,1,1,10,10,15,13,12,1,0,3,6,5,26,1,0,20,51,3,1,7,0,0,0,11,43,0,0,2780,967,control
182,balanced,4,volcano,ほむら火山,8,14,4,1,1,15,16,17,4,3,1,0,4,1,0,7,2,2,7,29,0,0,7,0,0,0,4,0,0,0,1174,4275,control
182,balanced,5,tower,星晶の塔,12,20,5,1,1,17,19,25,27,26,1,0,4,12,11,63,2,2,41,127,15,1,8,0,0,0,43,99,0,0,3311,3112,control
183,collector,1,meadow,はじまり草原,1,4,2,1,1,1,2,5,5,3,2,0,6,2,1,18,4,2,11,78,3,1,15,0,0,0,12,0,0,0,230,1266,control
183,collector,2,cave,こだま洞くつ,3,7,2,1,1,7,7,11,11,10,1,0,2,4,3,79,1,0,16,108,7,1,27,0,0,0,12,13,0,0,2438,1901,control
183,collector,3,brook,しずく湖畔,5,10,3,1,1,12,12,13,3,2,1,0,6,1,0,10,5,5,9,45,0,0,10,0,0,0,17,0,0,0,2295,3002,control
183,collector,4,volcano,ほむら火山,8,14,4,1,1,13,12,18,25,23,2,0,7,8,7,64,5,5,38,245,6,1,13,0,0,0,48,33,0,0,1585,2802,control
183,collector,5,tower,星晶の塔,12,20,5,1,1,18,17,21,22,18,2,2,10,6,5,34,5,5,33,135,2,1,9,0,0,0,42,34,0,0,1481,2617,control
184,rush,1,meadow,はじまり草原,1,4,2,1,1,1,3,7,8,5,0,3,4,4,3,19,0,0,12,41,0,0,7,0,0,0,6,7,0,0,230,676,control
184,rush,2,cave,こだま洞くつ,3,7,2,1,0,7,7,0,43,42,0,1,3,40,40,120,0,0,83,207,0,0,5,0,0,0,41,58,0,0,676,0,control
184,rush,3,brook,しずく湖畔,5,10,3,0,0,0,0,0,0,0,0,0,0,0,0,0,0,0,0,0,0,0,0,0,0,0,0,0,0,0,0,0,control
184,rush,4,volcano,ほむら火山,8,14,4,0,0,0,0,0,0,0,0,0,0,0,0,0,0,0,0,0,0,0,0,0,0,0,0,0,0,0,0,0,control
184,rush,5,tower,星晶の塔,12,20,5,0,0,0,0,0,0,0,0,0,0,0,0,0,0,0,0,0,0,0,0,0,0,0,0,0,0,0,0,0,control
185,balanced,1,meadow,はじまり草原,1,4,2,1,1,1,2,6,7,5,1,1,4,3,2,29,2,1,12,71,3,1,12,0,0,0,9,5,0,0,230,910,control
185,balanced,2,cave,こだま洞くつ,3,7,2,1,1,7,7,11,7,5,1,1,4,3,2,30,2,2,12,68,1,1,17,0,0,0,16,13,0,0,870,2340,control
185,balanced,3,brook,しずく湖畔,5,10,3,1,1,11,11,15,11,10,1,0,3,5,4,30,2,2,18,59,5,1,7,0,0,0,19,30,0,0,1813,1199,control
185,balanced,4,volcano,ほむら火山,8,14,4,1,1,15,15,19,16,15,1,0,3,7,6,42,2,2,25,86,2,1,8,0,0,0,25,45,0,0,930,1532,control
185,balanced,5,tower,星晶の塔,12,20,5,1,1,19,19,26,37,36,1,0,3,17,16,112,2,2,56,214,10,1,9,0,0,0,56,95,0,0,1188,1824,control
186,collector,1,meadow,はじまり草原,1,4,2,1,1,1,2,5,9,7,1,1,6,3,2,24,5,5,17,93,3,1,14,0,0,0,16,0,0,0,230,1164,control
186,collector,2,cave,こだま洞くつ,3,7,2,1,1,5,6,11,16,13,1,2,7,5,4,83,4,3,25,159,4,1,25,0,0,0,28,9,0,0,616,1343,control
186,collector,3,brook,しずく湖畔,5,10,3,1,1,10,10,13,9,9,0,0,8,3,2,14,5,4,17,60,3,1,7,0,0,0,13,10,0,0,1651,1475,control
186,collector,4,volcano,ほむら火山,8,14,4,1,1,13,12,15,10,8,2,0,9,3,2,41,5,5,18,97,2,1,16,0,0,0,15,17,0,0,1093,2859,control
186,collector,5,tower,星晶の塔,12,20,5,1,1,15,17,20,17,14,3,0,10,5,4,28,5,5,27,115,6,1,14,0,0,0,32,19,0,0,1511,3470,control
187,rush,1,meadow,はじまり草原,1,4,2,1,1,1,3,7,9,8,0,1,2,7,6,28,0,0,16,49,0,0,6,0,0,0,7,10,0,0,230,548,control
187,rush,2,cave,こだま洞くつ,3,7,2,1,1,7,8,14,23,22,1,0,2,22,21,119,0,0,45,161,0,0,7,0,0,0,43,37,0,0,548,718,control
187,rush,3,brook,しずく湖畔,5,10,3,1,1,14,14,16,6,5,1,0,1,4,3,22,0,0,10,33,0,0,7,0,0,0,11,11,0,0,718,2074,control
187,rush,4,volcano,ほむら火山,8,14,4,1,1,16,16,21,25,25,0,0,0,22,21,118,0,0,47,169,0,0,6,0,0,0,66,66,0,0,2074,953,control
187,rush,5,tower,星晶の塔,12,20,5,1,0,21,21,0,45,45,0,0,0,40,40,169,0,0,85,284,0,0,6,0,0,0,131,108,0,0,953,0,control
188,balanced,1,meadow,はじまり草原,1,4,2,1,1,1,2,6,8,5,1,2,6,3,2,28,2,2,13,72,3,1,15,0,0,0,11,5,0,0,230,878,control
188,balanced,2,cave,こだま洞くつ,3,7,2,1,1,6,7,11,8,7,1,0,3,4,3,76,2,2,14,118,6,1,27,0,0,0,18,12,0,0,681,1937,control
188,balanced,3,brook,しずく湖畔,5,10,3,1,1,11,11,15,15,14,1,0,3,7,6,54,2,1,24,98,3,1,13,0,0,0,23,25,0,0,1501,1612,control
188,balanced,4,volcano,ほむら火山,8,14,4,1,1,14,11,12,4,3,1,0,3,1,0,4,2,2,7,24,0,0,6,0,0,0,4,0,0,0,1626,3114,control
188,balanced,5,tower,星晶の塔,12,20,5,1,1,12,15,25,45,42,1,2,6,20,19,145,2,2,67,322,6,1,22,0,0,0,68,120,0,0,2413,2753,control
189,collector,1,meadow,はじまり草原,1,4,2,1,1,1,2,7,14,13,1,0,2,5,4,65,1,0,20,108,8,1,19,0,0,0,10,1,0,0,230,1325,control
189,collector,2,cave,こだま洞くつ,3,7,2,1,1,8,8,12,11,10,1,0,2,4,3,62,1,0,16,91,6,1,19,0,0,0,13,18,0,0,1603,1674,control
189,collector,3,brook,しずく湖畔,5,10,3,1,1,10,10,14,12,10,2,0,7,4,3,17,5,5,21,66,1,1,8,0,0,0,17,18,0,0,2248,2260,control
189,collector,4,volcano,ほむら火山,8,14,4,1,1,14,14,17,10,9,1,0,7,3,2,17,5,5,18,72,3,1,8,0,0,0,22,7,0,0,1195,2649,control
189,collector,5,tower,星晶の塔,12,20,5,1,1,17,17,21,14,13,1,0,9,4,3,24,5,5,23,96,7,1,7,0,0,0,29,17,0,0,1401,3523,control
190,rush,1,meadow,はじまり草原,1,4,2,1,1,1,3,10,17,16,0,1,2,15,14,69,0,0,32,106,0,0,6,0,0,0,15,18,0,0,230,1145,control
190,rush,2,cave,こだま洞くつ,3,7,2,1,1,10,10,12,6,5,1,0,2,5,4,31,0,0,11,47,0,0,7,0,0,0,9,22,0,0,1145,566,control
190,rush,3,brook,しずく湖畔,5,10,3,1,1,12,13,15,13,12,1,0,1,11,10,61,0,0,24,78,0,0,7,0,0,0,32,15,0,0,566,1183,control
190,rush,4,volcano,ほむら火山,8,14,4,1,1,15,16,19,10,10,0,0,0,7,6,39,0,0,17,60,0,0,7,0,0,0,20,49,0,0,1183,1276,control
190,rush,5,tower,星晶の塔,12,20,5,1,0,19,20,0,46,45,0,1,0,40,40,184,0,0,86,289,0,0,7,0,0,0,125,114,0,0,1276,0,control
191,balanced,1,meadow,はじまり草原,1,4,2,1,1,1,2,7,9,7,1,1,5,4,3,44,2,0,15,88,5,1,17,0,0,0,10,7,0,0,230,761,control
191,balanced,2,cave,こだま洞くつ,3,7,2,1,1,8,9,13,10,10,0,0,3,5,4,39,2,2,17,80,1,1,14,0,0,0,14,36,0,0,1537,739,control
191,balanced,3,brook,しずく湖畔,5,10,3,1,1,13,13,17,21,20,1,0,3,10,9,73,2,2,33,128,4,1,10,0,0,0,35,31,0,0,573,965,control
191,balanced,4,volcano,ほむら火山,8,14,4,1,1,17,17,22,30,29,1,0,3,14,13,182,2,2,46,268,2,1,25,0,0,0,47,49,0,0,748,1240,control
191,balanced,5,tower,星晶の塔,12,20,5,1,1,22,20,29,52,48,1,3,10,23,22,141,2,2,77,297,12,1,9,0,0,0,90,113,0,0,961,3085,control
192,collector,1,meadow,はじまり草原,1,4,2,1,1,1,3,5,5,3,2,0,3,2,1,23,1,0,8,48,5,1,12,0,0,0,7,0,0,0,230,1269,control
192,collector,2,cave,こだま洞くつ,3,7,2,1,1,6,6,10,11,9,2,0,3,4,3,52,1,0,16,83,7,1,16,0,0,0,12,11,0,0,2467,2624,control
192,collector,3,brook,しずく湖畔,5,10,3,1,1,11,11,15,15,14,1,0,3,5,4,34,2,1,22,73,2,1,10,0,0,0,19,24,0,0,2758,1320,control
192,collector,4,volcano,ほむら火山,8,14,4,1,1,14,12,15,7,4,3,0,9,2,1,27,5,5,14,74,0,0,14,0,0,0,13,7,0,0,1369,4955,control
192,collector,5,tower,星晶の塔,12,20,5,1,1,15,16,21,23,20,3,0,10,7,6,41,5,5,35,151,2,1,15,0,0,0,40,47,0,0,2617,2675,control
193,rush,1,meadow,はじまり草原,1,4,2,1,1,1,3,6,3,2,1,0,1,2,1,14,0,0,5,23,0,0,9,0,0,0,3,4,0,0,230,886,control
193,rush,2,cave,こだま洞くつ,3,7,2,1,1,6,6,12,19,18,0,1,2,17,16,85,0,0,36,124,0,0,7,0,0,0,36,28,0,0,886,1237,control
193,rush,3,brook,しずく湖畔,5,10,3,1,1,12,13,15,5,4,1,0,2,3,2,13,0,0,8,25,0,0,6,0,0,0,7,18,0,0,1237,1362,control
193,rush,4,volcano,ほむら火山,8,14,4,1,1,15,15,20,18,18,0,0,0,15,14,79,0,0,33,117,0,0,6,0,0,0,44,58,0,0,1362,1274,control
193,rush,5,tower,星晶の塔,12,20,5,1,0,20,20,0,47,45,0,2,0,40,40,166,0,0,87,287,0,0,6,0,0,0,140,107,0,0,1274,0,control
194,balanced,1,meadow,はじまり草原,1,4,2,1,1,1,2,6,9,4,2,3,7,3,2,34,2,0,14,75,5,1,14,0,0,0,12,4,0,0,230,911,control
194,balanced,2,cave,こだま洞くつ,3,7,2,1,1,8,8,10,4,3,1,0,3,2,1,25,2,2,8,55,1,1,15,0,0,0,10,9,0,0,1687,2653,control
194,balanced,3,brook,しずく湖畔,5,10,3,1,1,10,11,11,3,2,1,0,3,1,0,9,2,2,6,23,0,0,9,0,0,0,8,0,0,0,2055,2998,control
194,balanced,4,volcano,ほむら火山,8,14,4,1,1,11,11,18,24,23,1,0,6,11,10,143,2,2,37,213,10,1,21,0,0,0,41,66,0,0,2323,1521,control
194,balanced,5,tower,星晶の塔,12,20,5,1,1,18,18,27,41,40,1,0,3,19,18,173,2,2,62,298,9,1,22,0,0,0,61,105,0,0,1179,2997,control
195,collector,1,meadow,はじまり草原,1,4,2,1,1,1,3,7,14,13,1,0,3,5,4,52,2,1,21,100,6,1,14,0,0,0,12,1,0,0,230,1313,control
195,collector,2,cave,こだま洞くつ,3,7,2,1,1,7,7,12,11,9,2,0,3,4,3,74,1,0,16,117,4,1,25,0,0,0,7,15,0,0,1234,1678,control
195,collector,3,brook,しずく湖畔,5,10,3,1,1,12,7,12,12,10,2,0,7,4,3,18,5,5,21,66,2,1,6,0,0,0,17,12,0,0,2512,2564,control
195,collector,4,volcano,ほむら火山,8,14,4,1,1,12,12,13,4,0,4,0,9,1,0,6,5,5,10,59,1,1,9,0,0,0,19,0,0,0,1356,3493,control
195,collector,5,tower,星晶の塔,12,20,5,1,1,13,14,22,39,37,1,1,8,12,11,86,5,5,56,206,7,1,19,0,0,0,56,53,0,0,1846,3461,control
196,rush,1,meadow,はじまり草原,1,4,2,1,1,1,2,7,4,3,1,0,1,3,2,23,0,0,7,33,0,0,9,0,0,0,5,8,0,0,230,721,control
196,rush,2,cave,こだま洞くつ,3,7,2,1,1,7,7,11,10,10,0,0,2,9,8,53,0,0,19,82,0,0,8,0,0,0,18,18,0,0,721,1657,control
196,rush,3,brook,しずく湖畔,5,10,3,1,1,11,12,14,4,3,1,0,2,2,1,9,0,0,6,19,0,0,6,0,0,0,6,24,0,0,1657,1143,control
196,rush,4,volcano,ほむら火山,8,14,4,1,1,14,15,21,29,29,0,0,0,26,25,133,0,0,55,188,0,0,6,0,0,0,80,73,0,0,1143,964,control
196,rush,5,tower,星晶の塔,12,20,5,1,0,21,21,0,45,45,0,0,0,40,40,178,0,0,85,279,0,0,6,0,0,0,123,107,0,0,964,0,control
197,balanced,1,meadow,はじまり草原,1,4,2,1,1,1,2,7,9,7,1,1,4,4,3,40,2,1,15,85,7,1,13,0,0,0,12,6,0,0,230,798,control
197,balanced,2,cave,こだま洞くつ,3,7,2,1,1,7,7,11,6,5,1,0,3,3,2,40,2,2,11,79,5,1,16,0,0,0,15,18,0,0,781,2239,control
197,balanced,3,brook,しずく湖畔,5,10,3,1,1,11,12,14,7,6,1,0,3,3,2,16,2,2,12,39,1,1,8,0,0,0,13,22,0,0,1735,1183,control
197,balanced,4,volcano,ほむら火山,8,14,4,1,1,14,14,16,10,9,1,0,3,4,3,23,2,2,16,61,3,1,7,0,0,0,18,19,0,0,917,1205,control
197,balanced,5,tower,星晶の塔,12,20,5,1,1,16,17,22,26,24,1,1,4,11,10,51,2,2,39,137,3,1,9,0,0,0,42,72,0,0,934,1865,control
198,collector,1,meadow,はじまり草原,1,4,2,1,1,1,2,6,9,6,2,1,3,3,2,38,1,0,13,74,5,1,15,0,0,0,10,0,0,0,230,1156,control
198,collector,2,cave,こだま洞くつ,3,7,2,1,1,6,6,10,5,5,0,0,7,2,1,31,5,4,12,142,3,1,18,0,0,0,11,4,0,0,1414,3300,control
198,collector,3,brook,しずく湖畔,5,10,3,1,1,10,10,15,24,21,3,0,8,8,7,78,5,5,37,143,1,1,17,0,0,0,36,20,0,0,2114,2210,control
198,collector,4,volcano,ほむら火山,8,14,4,1,1,15,15,17,10,7,3,0,9,3,2,15,5,5,18,110,2,1,26,0,0,0,24,19,0,0,1168,1628,control
198,collector,5,tower,星晶の塔,12,20,5,1,1,17,16,23,40,35,3,2,11,12,11,74,5,5,57,272,5,1,28,0,0,0,63,38,0,0,861,3468,control
199,rush,1,meadow,はじまり草原,1,4,2,1,1,1,2,7,6,3,1,2,3,3,2,21,0,0,9,37,0,0,7,0,0,0,7,8,0,0,230,680,control
199,rush,2,cave,こだま洞くつ,3,7,2,1,1,7,7,10,6,5,1,0,1,5,4,40,0,0,11,54,0,0,10,0,0,0,14,15,0,0,680,1396,control
199,rush,3,brook,しずく湖畔,5,10,3,1,1,10,11,13,4,4,0,0,0,2,1,13,0,0,6,22,0,0,7,0,0,0,5,22,0,0,1396,1348,control
199,rush,4,volcano,ほむら火山,8,14,4,1,1,13,14,20,23,23,0,0,0,20,19,110,0,0,43,166,0,0,7,0,0,0,60,52,0,0,1348,2198,control
199,rush,5,tower,星晶の塔,12,20,5,1,0,20,20,0,46,45,0,1,0,40,40,169,0,0,86,312,0,0,7,0,0,0,135,126,0,0,2198,0,control
200,balanced,1,meadow,はじまり草原,1,4,2,1,1,1,3,7,6,6,0,0,4,3,2,12,2,2,11,36,0,0,7,0,0,0,4,5,0,0,230,889,control
200,balanced,2,cave,こだま洞くつ,3,7,2,1,1,7,7,11,11,9,1,1,4,5,4,43,2,2,18,84,4,1,13,0,0,0,15,14,0,0,690,1825,control
200,balanced,3,brook,しずく湖畔,5,10,3,1,1,11,11,15,13,12,1,0,5,6,5,37,2,2,21,77,0,0,9,0,0,0,22,21,0,0,1414,1607,control
200,balanced,4,volcano,ほむら火山,8,14,4,1,1,15,14,17,8,7,1,0,5,3,2,27,2,2,13,64,3,1,13,0,0,0,17,31,0,0,1246,2144,control
200,balanced,5,tower,星晶の塔,12,20,5,1,1,17,18,24,29,28,1,0,6,13,12,91,2,2,44,170,12,1,12,0,0,0,47,69,0,0,1661,2258,control
201,collector,1,meadow,はじまり草原,1,4,2,1,1,1,2,6,11,10,1,0,3,4,3,45,2,0,17,100,6,1,15,0,0,0,8,1,0,0,230,1036,control
201,collector,2,cave,こだま洞くつ,3,7,2,1,1,7,8,12,11,9,2,0,3,4,3,63,1,0,16,95,7,1,23,0,0,0,12,18,0,0,1962,1729,control
201,collector,3,brook,しずく湖畔,5,10,3,1,1,9,9,14,15,14,1,0,7,5,4,22,5,5,25,78,4,1,8,0,0,0,19,15,0,0,2323,2248,control
201,collector,4,volcano,ほむら火山,8,14,4,1,1,14,14,17,7,4,3,0,9,2,1,11,5,5,14,62,2,1,8,0,0,0,19,7,0,0,1188,3465,control
201,collector,5,tower,星晶の塔,12,20,5,1,1,17,15,16,8,5,3,0,9,2,1,12,5,5,15,67,4,1,8,0,0,0,23,12,0,0,1830,2929,control
202,rush,1,meadow,はじまり草原,1,4,2,1,1,1,3,6,3,2,1,0,2,2,1,15,0,0,5,25,0,0,9,0,0,0,4,5,0,0,230,824,control
202,rush,2,cave,こだま洞くつ,3,7,2,1,1,6,6,13,23,21,0,2,4,20,19,94,0,0,43,153,0,0,7,0,0,0,45,38,0,0,824,541,control
202,rush,3,brook,しずく湖畔,5,10,3,1,1,13,13,15,4,3,1,0,2,2,1,14,0,0,6,25,0,0,8,0,0,0,5,10,0,0,541,1170,control
202,rush,4,volcano,ほむら火山,8,14,4,1,1,15,16,20,17,17,0,0,0,14,13,67,0,0,31,105,0,0,6,0,0,0,44,54,0,0,1170,1271,control
202,rush,5,tower,星晶の塔,12,20,5,1,0,20,20,0,47,45,0,2,0,40,40,176,0,0,87,300,0,0,6,0,0,0,133,109,0,0,1271,0,control
203,balanced,1,meadow,はじまり草原,1,4,2,1,1,1,3,7,6,5,1,0,4,3,2,22,2,0,11,55,5,1,10,0,0,0,5,6,0,0,230,878,control
203,balanced,2,cave,こだま洞くつ,3,7,2,1,1,9,9,12,6,5,1,0,3,3,2,33,2,2,11,67,5,1,16,0,0,0,15,24,0,0,2354,1424,control
203,balanced,3,brook,しずく湖畔,5,10,3,1,1,12,12,14,7,6,1,0,4,3,2,19,2,2,12,52,3,1,8,0,0,0,14,19,0,0,1104,1159,control
203,balanced,4,volcano,ほむら火山,8,14,4,1,1,14,15,20,28,28,0,0,6,13,12,117,2,2,43,218,1,1,22,0,0,0,51,51,0,0,898,1223,control
203,balanced,5,tower,星晶の塔,12,20,5,1,1,20,20,27,36,34,1,1,4,16,15,129,2,2,54,253,3,1,24,0,0,0,57,91,0,0,948,3115,control
204,collector,1,meadow,はじまり草原,1,4,2,1,1,1,3,6,11,10,1,0,2,4,3,39,1,0,16,73,3,1,13,0,0,0,8,0,0,0,230,1022,control
204,collector,2,cave,こだま洞くつ,3,7,2,1,1,7,8,11,8,7,1,0,2,3,2,55,1,0,12,90,4,1,26,0,0,0,4,9,0,0,1100,2426,control
204,collector,3,brook,しずく湖畔,5,10,3,1,1,11,12,15,15,13,2,0,8,5,4,53,5,5,25,115,0,0,18,0,0,0,29,28,0,0,2560,1309,control
204,collector,4,volcano,ほむら火山,8,14,4,1,1,15,12,17,20,16,3,1,10,6,5,36,5,5,31,154,7,1,21,0,0,0,40,26,1,0,692,1588,control
204,collector,5,tower,星晶の塔,12,20,5,1,1,17,16,22,29,26,3,0,9,9,8,70,5,5,43,225,2,1,52,1,0,0,46,36,0,0,840,3459,control
205,rush,1,meadow,はじまり草原,1,4,2,1,1,1,2,6,8,3,1,4,5,3,2,25,0,0,11,48,0,0,11,0,0,0,8,7,0,0,230,697,control
205,rush,2,cave,こだま洞くつ,3,7,2,1,1,6,7,10,3,2,1,0,1,2,1,15,0,0,5,24,0,0,9,0,0,0,5,11,0,0,697,806,control
205,rush,3,brook,しずく湖畔,5,10,3,1,1,10,10,13,5,5,0,0,0,3,2,19,0,0,8,32,0,0,7,0,0,0,7,25,0,0,806,1428,control
205,rush,4,volcano,ほむら火山,8,14,4,1,1,13,14,20,30,30,0,0,0,27,26,141,0,0,57,205,0,0,7,0,0,0,81,63,0,0,1428,1270,control
205,rush,5,tower,星晶の塔,12,20,5,1,0,20,21,0,46,45,0,1,0,40,40,191,0,0,86,302,0,0,7,0,0,0,125,122,0,0,1270,0,control
206,balanced,1,meadow,はじまり草原,1,4,2,1,1,1,2,7,6,5,1,0,3,3,2,23,1,0,10,47,1,1,11,0,0,0,5,6,0,0,230,873,control
206,balanced,2,cave,こだま洞くつ,3,7,2,1,1,7,7,11,6,5,1,0,2,3,2,57,1,0,10,82,3,1,29,0,0,0,4,17,0,0,951,2209,control
206,balanced,3,brook,しずく湖畔,5,10,3,1,1,12,12,15,7,6,1,0,3,3,2,14,2,2,12,38,2,1,6,0,0,0,8,29,0,0,2343,1574,control
206,balanced,4,volcano,ほむら火山,8,14,4,1,1,15,12,16,14,13,1,0,5,6,5,27,2,2,22,62,4,1,5,0,0,0,15,33,0,0,1220,1494,control
206,balanced,5,tower,星晶の塔,12,20,5,1,1,16,16,28,64,62,1,1,4,30,29,127,2,2,96,273,5,1,9,0,0,0,99,144,0,0,1158,3049,control
207,collector,1,meadow,はじまり草原,1,4,2,1,1,1,3,6,9,7,1,1,2,3,2,24,1,0,13,54,2,1,11,0,0,0,7,1,0,0,230,1164,control
207,collector,2,cave,こだま洞くつ,3,7,2,1,1,7,7,11,8,7,1,0,6,3,2,26,5,5,16,88,1,1,10,0,0,0,23,10,0,0,1242,2616,control
207,collector,3,brook,しずく湖畔,5,10,3,1,1,11,10,13,15,13,2,0,7,5,4,48,5,5,25,104,2,1,17,0,0,0,29,12,0,0,1382,1339,control
207,collector,4,volcano,ほむら火山,8,14,4,1,1,13,12,14,7,3,4,0,9,2,1,11,5,5,14,67,1,1,8,0,0,0,24,5,0,0,709,3190,control
207,collector,5,tower,星晶の塔,12,20,5,1,1,14,17,22,32,27,2,3,10,9,8,67,5,5,46,171,3,1,12,0,0,0,53,33,0,0,1686,2629,control
208,rush,1,meadow,はじまり草原,1,4,2,1,1,1,3,7,6,4,1,1,2,4,3,33,0,0,10,51,0,0,11,0,0,0,8,8,0,0,230,714,control
208,rush,2,cave,こだま洞くつ,3,7,2,1,1,7,7,11,9,8,1,0,1,8,7,64,0,0,17,85,0,0,10,0,0,0,23,17,0,0,714,1675,control
208,rush,3,brook,しずく湖畔,5,10,3,1,1,11,12,15,11,11,0,0,0,9,8,53,0,0,20,74,0,0,8,0,0,0,26,29,0,0,1675,1382,control
208,rush,4,volcano,ほむら火山,8,14,4,1,1,15,16,20,15,15,0,0,0,12,11,71,0,0,27,99,0,0,7,0,0,0,35,56,0,0,1382,1274,control
208,rush,5,tower,星晶の塔,12,20,5,1,0,20,21,0,46,45,0,1,0,40,40,194,0,0,86,313,0,0,7,0,0,0,126,111,0,0,1274,0,control
209,balanced,1,meadow,はじまり草原,1,4,2,1,1,1,3,7,7,5,1,1,2,3,2,28,1,0,11,52,5,1,12,0,0,0,7,5,0,0,230,915,control
209,balanced,2,cave,こだま洞くつ,3,7,2,1,1,7,6,10,6,5,1,0,2,3,2,43,1,0,10,92,3,1,20,0,0,0,6,12,0,0,993,2550,control
209,balanced,3,brook,しずく湖畔,5,10,3,1,1,11,11,15,9,8,1,0,3,4,3,21,2,2,15,46,3,1,6,0,0,0,11,38,0,0,2684,1387,control
209,balanced,4,volcano,ほむら火山,8,14,4,1,1,15,15,17,6,6,0,0,6,2,1,12,2,2,10,41,3,1,7,0,0,0,7,15,0,0,1075,1237,control
209,balanced,5,tower,星晶の塔,12,20,5,1,1,17,18,26,41,38,1,2,4,18,17,83,2,2,61,178,6,1,8,0,0,0,65,107,0,0,959,3372,control
210,collector,1,meadow,はじまり草原,1,4,2,1,1,1,3,7,12,10,1,1,6,4,3,45,3,0,19,113,5,1,19,0,0,0,11,1,0,0,230,1022,control
210,collector,2,cave,こだま洞くつ,3,7,2,1,1,9,9,11,8,6,2,0,7,3,2,49,5,5,16,106,2,1,17,0,0,0,24,11,0,0,3026,2482,control
210,collector,3,brook,しずく湖畔,5,10,3,1,1,11,11,13,9,7,2,0,7,3,2,28,5,5,17,75,2,1,12,0,0,0,24,11,0,0,1312,1337,control
210,collector,4,volcano,ほむら火山,8,14,4,1,1,13,12,16,11,7,3,1,9,3,2,16,5,5,19,87,2,1,10,0,0,0,28,11,0,0,707,3765,control
210,collector,5,tower,星晶の塔,12,20,5,1,1,16,16,17,9,5,3,1,9,2,1,18,5,5,16,90,2,1,12,0,0,0,27,14,0,0,1988,2707,control
211,rush,1,meadow,はじまり草原,1,4,2,1,1,1,2,7,4,3,1,0,1,3,2,20,0,0,7,30,0,0,9,0,0,0,5,8,0,0,230,715,control
211,rush,2,cave,こだま洞くつ,3,7,2,1,1,7,7,11,10,9,1,0,1,9,8,73,0,0,19,102,0,0,10,0,0,0,27,17,0,0,715,1679,control
211,rush,3,brook,しずく湖畔,5,10,3,1,1,11,12,15,10,10,0,0,0,8,7,44,0,0,18,61,0,0,6,0,0,0,22,28,0,0,1679,1345,control
211,rush,4,volcano,ほむら火山,8,14,4,1,1,15,15,22,42,42,0,0,0,39,38,207,0,0,81,323,0,0,7,0,0,0,122,84,0,0,1345,993,control
211,rush,5,tower,星晶の塔,12,20,5,1,0,22,23,0,45,45,0,0,0,40,40,176,0,0,85,283,0,0,6,0,0,0,125,106,0,0,993,0,control
212,balanced,1,meadow,はじまり草原,1,4,2,1,1,1,3,8,14,12,0,2,2,6,5,43,1,0,21,85,4,1,10,0,0,0,7,7,0,0,230,867,control
212,balanced,2,cave,こだま洞くつ,3,7,2,1,1,8,6,10,6,5,1,0,4,3,2,35,2,0,11,69,2,1,15,0,0,0,5,12,0,0,1065,2179,control
212,balanced,3,brook,しずく湖畔,5,10,3,1,1,10,10,13,7,6,1,0,4,3,2,16,2,2,12,40,1,1,6,0,0,0,13,21,0,0,2447,2056,control
212,balanced,4,volcano,ほむら火山,8,14,4,1,1,13,13,18,10,9,1,0,6,4,3,49,2,2,16,97,5,1,17,0,0,0,22,34,0,0,1593,3652,control
212,balanced,5,tower,星晶の塔,12,20,5,1,1,18,17,19,8,6,1,1,5,2,1,12,2,2,12,48,1,1,9,0,0,0,14,29,0,0,2829,2686,control
213,collector,1,meadow,はじまり草原,1,4,2,1,1,1,3,7,11,10,1,0,2,4,3,45,1,0,16,81,4,1,14,0,0,0,7,1,0,0,230,1044,control
213,collector,2,cave,こだま洞くつ,3,7,2,1,1,6,5,10,8,7,1,0,2,3,2,43,1,0,12,85,3,1,19,0,0,0,4,7,0,0,1122,2674,control
213,collector,3,brook,しずく湖畔,5,10,3,1,1,10,10,13,12,10,2,0,7,4,3,36,5,5,21,92,3,1,15,0,0,0,26,18,0,0,2808,1989,control
213,collector,4,volcano,ほむら火山,8,14,4,1,1,13,12,16,13,10,3,0,8,4,3,23,5,5,22,88,3,1,7,0,0,0,27,23,0,0,1052,1946,control
213,collector,5,tower,星晶の塔,12,20,5,1,1,16,15,22,33,30,2,1,11,10,9,55,5,5,48,154,5,1,8,0,0,0,48,43,0,0,1029,3540,control
214,rush,1,meadow,はじまり草原,1,4,2,1,1,1,2,5,4,1,2,1,2,2,1,19,0,0,6,30,0,0,11,0,0,0,6,3,0,0,230,903,control
214,rush,2,cave,こだま洞くつ,3,7,2,1,1,5,6,11,11,11,0,0,0,10,9,75,0,0,21,101,0,0,9,0,0,0,28,22,0,0,903,1682,control
214,rush,3,brook,しずく湖畔,5,10,3,1,1,11,12,15,7,7,0,0,0,5,4,29,0,0,12,44,0,0,7,0,0,0,14,27,0,0,1682,1341,control
214,rush,4,volcano,ほむら火山,8,14,4,1,1,15,15,23,43,43,0,0,0,40,39,208,0,0,83,334,0,0,7,0,0,0,128,88,0,0,1341,963,control
214,rush,5,tower,星晶の塔,12,20,5,1,0,23,23,0,45,45,0,0,0,40,40,173,0,0,85,299,0,0,7,0,0,0,132,108,0,0,963,0,control
215,balanced,1,meadow,はじまり草原,1,4,2,1,1,1,3,8,12,12,0,0,2,6,5,43,2,2,20,83,5,1,10,0,0,0,7,8,0,0,230,836,control
215,balanced,2,cave,こだま洞くつ,3,7,2,1,1,8,9,12,13,11,1,1,4,6,5,44,2,2,21,92,2,1,15,0,0,0,17,26,0,0,648,775,control
215,balanced,3,brook,しずく湖畔,5,10,3,1,1,12,12,16,15,14,1,0,3,7,6,37,2,2,24,74,3,1,7,0,0,0,25,13,0,0,601,2318,control
215,balanced,4,volcano,ほむら火山,8,14,4,1,1,16,16,19,13,11,1,1,5,5,4,35,2,2,20,88,3,1,12,0,0,0,27,43,0,0,1796,1563,control
215,balanced,5,tower,星晶の塔,12,20,5,1,1,19,17,24,35,34,1,0,4,16,15,65,2,2,53,158,7,1,9,0,0,0,58,76,0,0,1211,1860,control
216,collector,1,meadow,はじまり草原,1,4,2,1,1,1,2,6,8,7,1,0,4,3,2,27,3,2,14,77,2,1,13,0,0,0,10,1,0,0,230,1124,control
216,collector,2,cave,こだま洞くつ,3,7,2,1,1,5,7,10,5,4,1,0,6,2,1,32,4,2,11,132,5,1,23,0,0,0,8,4,0,0,950,3142,control
216,collector,3,brook,しずく湖畔,5,10,3,1,1,11,11,15,15,13,2,0,8,5,4,44,5,5,25,100,1,1,14,0,0,0,30,24,0,0,2672,1322,control
216,collector,4,volcano,ほむら火山,8,14,4,1,1,15,12,16,13,11,2,0,9,4,3,38,5,5,22,114,4,1,14,0,0,0,31,22,0,0,699,3114,control
216,collector,5,tower,星晶の塔,12,20,5,1,1,16,17,22,27,25,1,1,8,8,7,81,5,5,40,186,6,1,39,0,0,0,43,31,0,0,1646,2681,control
217,rush,1,meadow,はじまり草原,1,4,2,1,1,1,3,6,3,2,1,0,2,2,1,15,0,0,5,24,0,0,8,0,0,0,3,5,0,0,230,826,control
217,rush,2,cave,こだま洞くつ,3,7,2,1,1,6,6,10,7,6,1,0,1,6,5,53,0,0,13,70,0,0,10,0,0,0,18,16,0,0,826,685,control
217,rush,3,brook,しずく湖畔,5,10,3,1,1,10,11,15,13,13,0,0,0,11,10,64,0,0,24,83,0,0,8,0,0,0,32,33,0,0,685,1339,control
217,rush,4,volcano,ほむら火山,8,14,4,1,1,15,16,19,14,14,0,0,0,11,10,66,0,0,25,90,0,0,7,0,0,0,32,41,0,0,1339,1880,control
217,rush,5,tower,星晶の塔,12,20,5,1,0,19,20,0,45,45,0,0,0,40,40,195,0,0,85,301,0,0,7,0,0,0,121,125,0,0,1880,0,control
218,balanced,1,meadow,はじまり草原,1,4,2,1,1,1,2,6,10,4,2,4,7,3,2,30,2,0,15,73,4,1,12,0,0,0,14,4,0,0,230,885,control
218,balanced,2,cave,こだま洞くつ,3,7,2,1,1,8,8,12,6,5,1,0,3,3,2,31,2,2,11,66,2,1,14,0,0,0,13,25,0,0,2081,1987,control
218,balanced,3,brook,しずく湖畔,5,10,3,1,1,12,12,14,5,4,1,0,4,2,1,13,2,2,9,42,0,0,10,0,0,0,11,18,0,0,1540,1466,control
218,balanced,4,volcano,ほむら火山,8,14,4,1,1,14,14,21,35,33,1,1,5,16,15,138,2,2,53,219,4,1,17,0,0,0,55,67,0,0,1137,1267,control
218,balanced,5,tower,星晶の塔,12,20,5,1,1,21,21,30,61,61,0,0,4,29,28,129,2,2,92,252,9,1,8,0,0,0,95,127,0,0,982,3461,control
219,collector,1,meadow,はじまり草原,1,4,2,1,1,1,2,6,15,10,1,4,5,4,3,40,1,0,20,81,5,1,14,0,0,0,12,0,0,0,230,1016,control
219,collector,2,cave,こだま洞くつ,3,7,2,1,1,7,7,12,11,10,1,0,2,4,3,84,1,0,16,120,5,1,28,0,0,0,6,15,0,0,1094,1875,control
219,collector,3,brook,しずく湖畔,5,10,3,1,1,12,12,16,18,15,3,0,8,6,5,46,5,5,29,105,2,1,17,0,0,0,30,30,0,0,2249,1457,control
219,collector,4,volcano,ほむら火山,8,14,4,1,1,16,14,19,31,30,1,0,7,10,9,151,5,5,46,273,5,1,26,0,0,0,48,20,0,0,771,1962,control
219,collector,5,tower,星晶の塔,12,20,5,1,1,19,19,23,28,23,3,2,10,8,7,78,5,5,41,301,3,1,41,0,0,0,52,26,0,0,1037,3468,control
220,rush,1,meadow,はじまり草原,1,4,2,1,1,1,2,7,4,3,1,0,1,3,2,21,0,0,7,30,0,0,8,0,0,0,5,8,0,0,230,715,control
220,rush,2,cave,こだま洞くつ,3,7,2,1,1,7,7,10,6,5,1,0,1,5,4,46,0,0,11,61,0,0,12,0,0,0,14,12,0,0,715,1418,control
220,rush,3,brook,しずく湖畔,5,10,3,1,1,10,11,14,5,5,0,0,0,3,2,17,0,0,8,26,0,0,7,0,0,0,7,29,0,0,1418,1143,control
220,rush,4,volcano,ほむら火山,8,14,4,1,1,14,14,19,23,23,0,0,0,20,19,117,0,0,43,162,0,0,7,0,0,0,59,51,0,0,1143,1269,control
220,rush,5,tower,星晶の塔,12,20,5,1,0,19,20,0,45,45,0,0,0,40,40,195,0,0,85,319,0,0,7,0,0,0,123,124,0,0,1269,0,control
221,balanced,1,meadow,はじまり草原,1,4,2,1,1,1,2,6,9,4,2,3,6,3,2,30,1,0,13,65,2,1,15,0,0,0,12,4,0,0,230,911,control
221,balanced,2,cave,こだま洞くつ,3,7,2,1,1,6,7,10,4,3,1,0,3,2,1,43,2,2,8,74,4,1,22,0,0,0,11,7,0,0,1169,2888,control
221,balanced,3,brook,しずく湖畔,5,10,3,1,1,10,10,14,11,10,1,0,3,5,4,41,2,2,18,76,3,1,14,0,0,0,20,36,0,0,2237,1163,control
221,balanced,4,volcano,ほむら火山,8,14,4,1,1,14,14,17,8,7,1,0,3,3,2,21,2,2,13,50,4,1,7,0,0,0,14,24,0,0,902,1278,control
221,balanced,5,tower,星晶の塔,12,20,5,1,1,17,17,24,38,34,1,3,9,16,15,88,2,2,56,190,7,1,13,0,0,0,66,72,0,0,990,2201,control
222,collector,1,meadow,はじまり草原,1,4,2,1,1,1,3,7,17,13,1,3,6,5,4,58,2,0,24,116,8,1,15,0,0,0,13,0,0,0,230,2003,control
222,collector,2,cave,こだま洞くつ,3,7,2,1,1,8,9,11,5,4,1,0,6,2,1,15,5,5,12,65,3,1,9,0,0,0,20,6,0,0,2929,2867,control
222,collector,3,brook,しずく湖畔,5,10,3,1,1,11,8,14,21,19,2,0,8,7,6,53,5,5,33,131,3,1,11,0,0,0,35,25,0,0,1515,1449,control
222,collector,4,volcano,ほむら火山,8,14,4,1,1,14,14,16,7,4,3,0,8,2,1,13,5,5,14,66,6,1,8,0,0,0,21,7,0,0,767,2134,control
222,collector,5,tower,星晶の塔,12,20,5,1,1,16,13,22,44,37,1,6,14,12,11,54,5,5,61,210,10,1,8,0,0,0,71,32,0,0,1128,3456,control
223,rush,1,meadow,はじまり草原,1,4,2,1,1,1,2,7,5,4,1,0,1,4,3,30,0,0,9,44,0,0,9,0,0,0,7,8,0,0,230,709,control
223,rush,2,cave,こだま洞くつ,3,7,2,1,1,7,7,11,9,8,1,0,1,8,7,68,0,0,17,91,0,0,10,0,0,0,23,13,0,0,709,1692,control
223,rush,3,brook,しずく湖畔,5,10,3,1,1,11,11,14,7,7,0,0,0,5,4,25,0,0,12,39,0,0,6,0,0,0,14,29,0,0,1692,1202,control
223,rush,4,volcano,ほむら火山,8,14,4,1,1,14,15,20,17,17,0,0,0,14,13,82,0,0,31,124,0,0,7,0,0,0,42,58,0,0,1202,1262,control
223,rush,5,tower,星晶の塔,12,20,5,1,0,20,21,0,49,45,0,4,0,40,40,195,0,0,89,346,0,0,7,0,0,0,140,108,0,0,1262,0,control
224,balanced,1,meadow,はじまり草原,1,4,2,1,1,1,2,6,9,5,1,3,6,3,2,27,2,1,14,80,4,1,13,0,0,0,11,5,0,0,230,860,control
224,balanced,2,cave,こだま洞くつ,3,7,2,1,1,6,7,11,6,5,1,0,3,3,2,53,2,0,11,94,2,1,27,0,0,0,6,16,0,0,835,2351,control
224,balanced,3,brook,しずく湖畔,5,10,3,1,1,12,10,14,11,10,1,0,4,5,4,27,2,2,18,62,0,0,9,0,0,0,12,35,0,0,2619,996,control
224,balanced,4,volcano,ほむら火山,8,14,4,1,1,14,13,20,22,21,1,0,4,10,9,88,2,2,34,147,0,0,16,0,0,0,33,57,0,0,772,2421,control
224,balanced,5,tower,星晶の塔,12,20,5,1,1,20,20,25,23,22,1,0,4,10,9,75,2,2,35,144,2,1,13,0,0,0,35,65,0,0,1876,2708,control
225,collector,1,meadow,はじまり草原,1,4,2,1,1,1,3,7,15,13,1,1,3,5,4,48,1,0,21,90,6,1,12,0,0,0,11,0,0,0,230,1296,control
225,collector,2,cave,こだま洞くつ,3,7,2,1,1,7,8,11,8,7,1,0,7,3,2,41,5,5,16,111,3,1,16,0,0,0,24,11,0,0,1574,2242,control
225,collector,3,brook,しずく湖畔,5,10,3,1,1,11,9,12,12,10,2,0,7,4,3,38,5,5,21,92,1,1,15,0,0,0,27,11,0,0,1185,1309,control
225,collector,4,volcano,ほむら火山,8,14,4,1,1,12,13,15,7,4,3,0,8,2,1,12,5,5,14,59,2,1,7,0,0,0,22,8,0,0,692,2729,control
225,collector,5,tower,星晶の塔,12,20,5,1,1,15,12,21,36,33,2,1,9,11,10,60,5,5,52,218,3,1,17,0,0,0,55,46,0,0,1442,2223,control
226,rush,1,meadow,はじまり草原,1,4,2,1,1,1,2,7,5,3,1,1,2,3,2,21,0,0,8,36,0,0,8,0,0,0,6,8,0,0,230,697,control
226,rush,2,cave,こだま洞くつ,3,7,2,1,1,7,7,10,4,3,1,0,2,3,2,30,0,0,7,47,0,0,11,0,0,0,9,15,0,0,697,1227,control
226,rush,3,brook,しずく湖畔,5,10,3,1,1,10,11,13,4,4,0,0,0,2,1,14,0,0,6,19,0,0,7,0,0,0,5,20,0,0,1227,1459,control
226,rush,4,volcano,ほむら火山,8,14,4,1,1,13,14,17,12,12,0,0,0,9,8,56,0,0,21,82,0,0,7,0,0,0,26,34,0,0,1459,987,control
226,rush,5,tower,星晶の塔,12,20,5,1,0,17,18,0,45,45,0,0,0,40,40,201,0,0,85,312,0,0,7,0,0,0,120,128,0,0,987,0,control
227,balanced,1,meadow,はじまり草原,1,4,2,1,1,1,3,6,7,2,2,3,6,2,1,22,2,0,11,61,1,1,13,0,0,0,11,3,0,0,230,1005,control
227,balanced,2,cave,こだま洞くつ,3,7,2,1,1,7,7,12,8,7,1,0,3,4,3,66,2,2,14,107,4,1,22,0,0,0,16,29,0,0,1581,1534,control
227,balanced,3,brook,しずく湖畔,5,10,3,1,1,12,12,17,25,24,1,0,3,12,11,84,2,2,39,161,0,0,13,0,0,0,43,27,0,0,1188,1895,control
227,balanced,4,volcano,ほむら火山,8,14,4,1,1,17,17,20,8,7,1,0,4,3,2,27,2,2,13,61,2,1,14,0,0,0,13,43,0,0,1468,1200,control
227,balanced,5,tower,星晶の塔,12,20,5,1,1,20,18,24,34,32,1,1,7,15,14,86,2,2,51,184,9,1,9,0,0,0,58,63,0,0,930,3078,control
228,collector,1,meadow,はじまり草原,1,4,2,1,1,1,2,6,8,6,2,0,3,3,2,39,1,0,12,65,6,1,16,0,0,0,8,1,0,0,230,1121,control
228,collector,2,cave,こだま洞くつ,3,7,2,1,1,6,6,10,8,7,1,0,2,3,2,39,1,0,12,92,3,1,16,0,0,0,4,8,0,0,1379,2676,control
228,collector,3,brook,しずく湖畔,5,10,3,1,1,11,11,14,12,11,1,0,8,4,3,17,5,5,21,67,3,1,6,0,0,0,17,22,0,0,3070,1816,control
228,collector,4,volcano,ほむら火山,8,14,4,1,1,14,12,14,7,6,1,0,8,2,1,12,5,5,14,60,2,1,6,0,0,0,13,3,0,0,961,3508,control
228,collector,5,tower,星晶の塔,12,20,5,1,1,14,14,23,42,39,2,1,11,13,12,127,5,5,60,316,2,1,32,0,0,0,62,53,0,0,1853,3498,control
229,rush,1,meadow,はじまり草原,1,4,2,1,1,1,3,7,4,3,1,0,1,3,2,28,0,0,7,39,0,0,14,0,0,0,5,9,0,0,230,674,control
229,rush,2,cave,こだま洞くつ,3,7,2,1,1,7,7,11,9,8,1,0,1,8,7,63,0,0,17,85,0,0,10,0,0,0,23,16,0,0,674,1703,control
229,rush,3,brook,しずく湖畔,5,10,3,1,1,11,12,14,4,4,0,0,0,2,1,11,0,0,6,18,0,0,6,0,0,0,5,25,0,0,1703,1151,control
229,rush,4,volcano,ほむら火山,8,14,4,1,1,14,15,19,17,17,0,0,0,14,13,74,0,0,31,110,0,0,7,0,0,0,41,44,0,0,1151,951,control
229,rush,5,tower,星晶の塔,12,20,5,1,0,19,20,0,47,45,0,2,0,40,40,168,0,0,87,289,0,0,7,0,0,0,133,127,0,0,951,0,control
230,balanced,1,meadow,はじまり草原,1,4,2,1,1,1,3,6,8,5,1,2,6,3,2,28,2,2,13,69,4,1,14,0,0,0,11,5,0,0,230,882,control
230,balanced,2,cave,こだま洞くつ,3,7,2,1,1,6,7,11,8,7,1,0,3,4,3,52,2,2,14,95,4,1,25,0,0,0,15,12,0,0,684,1905,control
230,balanced,3,brook,しずく湖畔,5,10,3,1,1,11,11,14,7,6,1,0,3,3,2,32,2,1,12,64,2,1,15,0,0,0,12,21,0,0,1476,1384,control
230,balanced,4,volcano,ほむら火山,8,14,4,1,1,13,14,15,4,4,0,0,6,1,0,4,2,2,7,31,0,0,6,0,0,0,4,0,0,0,1865,2956,control
230,balanced,5,tower,星晶の塔,12,20,5,1,1,15,15,23,29,28,1,0,3,13,12,91,2,2,44,159,0,0,12,0,0,0,28,98,0,0,2290,1839,control
231,collector,1,meadow,はじまり草原,1,4,2,1,1,1,2,6,8,7,1,0,2,3,2,25,1,0,12,56,3,1,11,0,0,0,6,1,0,0,230,1136,control
231,collector,2,cave,こだま洞くつ,3,7,2,1,1,7,4,10,8,7,1,0,6,3,2,41,5,2,16,159,4,1,19,0,0,0,9,7,0,0,1214,2765,control
231,collector,3,brook,しずく湖畔,5,10,3,1,1,10,11,15,15,12,3,0,5,5,4,35,2,1,22,81,5,1,8,0,0,0,20,26,0,0,2698,2567,control
231,collector,4,volcano,ほむら火山,8,14,4,1,1,16,13,15,7,5,2,0,8,2,1,12,5,5,14,64,1,1,8,0,0,0,20,6,0,0,2466,4390,control
231,collector,5,tower,星晶の塔,12,20,5,1,1,15,16,23,32,27,2,3,11,9,8,88,5,5,46,276,6,1,49,0,0,0,55,40,0,0,2318,4488,control
232,rush,1,meadow,はじまり草原,1,4,2,1,1,1,2,6,4,2,2,0,2,3,2,28,0,0,7,41,0,0,10,0,0,0,7,8,0,0,230,703,control
232,rush,2,cave,こだま洞くつ,3,7,2,1,1,6,7,10,5,5,0,0,0,4,3,33,0,0,9,45,0,0,10,0,0,0,11,16,0,0,703,1387,control
232,rush,3,brook,しずく湖畔,5,10,3,1,1,10,11,13,4,4,0,0,0,2,1,11,0,0,6,19,0,0,7,0,0,0,5,21,0,0,1387,1465,control
232,rush,4,volcano,ほむら火山,8,14,4,1,0,13,14,0,44,44,0,0,0,40,40,198,0,0,84,340,0,0,6,0,0,0,134,80,0,0,1465,0,control
232,rush,5,tower,星晶の塔,12,20,5,0,0,0,0,0,0,0,0,0,0,0,0,0,0,0,0,0,0,0,0,0,0,0,0,0,0,0,0,0,control
233,balanced,1,meadow,はじまり草原,1,4,2,1,1,1,2,6,8,4,2,2,4,3,2,30,1,0,12,55,7,1,12,0,0,0,10,5,0,0,230,880,control
233,balanced,2,cave,こだま洞くつ,3,7,2,1,1,7,7,12,6,5,1,0,3,3,2,62,2,2,11,97,4,1,30,0,0,0,13,18,0,0,2078,2359,control
233,balanced,3,brook,しずく湖畔,5,10,3,1,1,12,12,14,7,6,1,0,3,3,2,25,2,2,12,56,2,1,11,0,0,0,14,27,0,0,1827,1211,control
233,balanced,4,volcano,ほむら火山,8,14,4,1,1,14,15,21,29,27,1,1,5,13,12,99,2,2,44,173,3,1,13,0,0,0,48,58,0,0,939,1253,control
233,balanced,5,tower,星晶の塔,12,20,5,1,1,21,19,27,48,46,1,1,4,22,21,109,2,2,72,239,3,1,11,0,0,0,79,99,0,0,971,1901,control
234,collector,1,meadow,はじまり草原,1,4,2,1,1,1,3,6,11,10,1,0,2,4,3,38,1,0,16,71,5,1,13,0,0,0,8,1,0,0,230,1039,control
234,collector,2,cave,こだま洞くつ,3,7,2,1,1,6,5,10,8,7,1,0,2,3,2,39,1,0,12,88,4,1,15,0,0,0,4,7,0,0,1117,2652,control
234,collector,3,brook,しずく湖畔,5,10,3,1,1,10,10,13,12,9,3,0,8,4,3,17,5,5,21,66,3,1,9,0,0,0,16,20,0,0,2786,1841,control
234,collector,4,volcano,ほむら火山,8,14,4,1,1,13,14,16,7,5,2,0,7,2,1,11,5,5,14,58,2,1,7,0,0,0,19,7,0,0,974,3035,control
234,collector,5,tower,星晶の塔,12,20,5,1,1,16,14,21,26,23,3,0,8,8,7,66,5,5,39,201,9,1,35,0,0,0,40,37,0,0,1603,3888,control
235,rush,1,meadow,はじまり草原,1,4,2,1,1,1,2,6,5,3,1,1,1,3,2,21,0,0,8,36,0,0,8,0,0,0,6,8,0,0,230,688,control
235,rush,2,cave,こだま洞くつ,3,7,2,1,1,6,7,10,6,5,1,0,2,5,4,45,0,0,11,62,0,0,10,0,0,0,14,15,0,0,688,1412,control
235,rush,3,brook,しずく湖畔,5,10,3,1,1,10,11,13,6,6,0,0,0,4,3,24,0,0,10,35,0,0,8,0,0,0,11,26,0,0,1412,1147,control
235,rush,4,volcano,ほむら火山,8,14,4,1,1,13,14,19,21,21,0,0,0,18,17,110,0,0,39,151,0,0,7,0,0,0,53,49,0,0,1147,2143,control
235,rush,5,tower,星晶の塔,12,20,5,1,0,19,20,0,45,45,0,0,0,40,40,189,0,0,85,305,0,0,6,0,0,0,124,124,0,0,2143,0,control
236,balanced,1,meadow,はじまり草原,1,4,2,1,1,1,2,6,8,5,1,2,5,3,2,24,1,0,12,53,3,1,12,0,0,0,8,5,0,0,230,884,control
236,balanced,2,cave,こだま洞くつ,3,7,2,1,1,6,5,10,6,5,1,0,3,3,2,38,2,1,11,93,3,1,14,0,0,0,8,10,0,0,962,2823,control
236,balanced,3,brook,しずく湖畔,5,10,3,1,1,10,11,13,5,4,1,0,3,2,1,10,2,2,9,28,2,1,6,0,0,0,7,15,0,0,2619,2790,control
236,balanced,4,volcano,ほむら火山,8,14,4,1,1,13,13,16,8,8,0,0,6,3,2,17,2,2,13,51,3,1,7,0,0,0,10,26,0,0,2162,1526,control
236,balanced,5,tower,星晶の塔,12,20,5,1,1,16,16,24,37,36,1,0,3,17,16,67,2,2,56,166,5,1,8,0,0,0,39,97,0,0,1182,3461,control
237,collector,1,meadow,はじまり草原,1,4,2,1,1,1,2,5,6,3,2,1,5,2,1,22,3,2,11,78,4,1,15,0,0,0,14,0,0,0,230,1243,control
237,collector,2,cave,こだま洞くつ,3,7,2,1,1,6,7,11,8,7,1,0,2,3,2,45,1,0,12,77,2,1,24,0,0,0,4,8,0,0,2161,2690,control
237,collector,3,brook,しずく湖畔,5,10,3,1,1,11,7,13,21,19,2,0,3,7,6,40,1,0,29,74,4,1,8,0,0,0,13,23,0,0,3084,1318,control
237,collector,4,volcano,ほむら火山,8,14,4,1,1,14,14,15,4,2,2,0,7,1,0,10,5,5,10,55,0,0,10,0,0,0,17,0,0,0,2425,5231,control
237,collector,5,tower,星晶の塔,12,20,5,1,1,15,16,19,14,11,3,0,8,4,3,26,5,5,23,89,4,1,9,0,0,0,28,37,0,0,2763,2367,control
238,rush,1,meadow,はじまり草原,1,4,2,1,1,1,3,7,4,3,1,0,1,3,2,23,0,0,7,36,0,0,9,0,0,0,5,9,0,0,230,677,control
238,rush,2,cave,こだま洞くつ,3,7,2,1,1,7,7,9,3,2,1,0,2,2,1,20,0,0,5,31,0,0,12,0,0,0,5,8,0,0,677,738,control
238,rush,3,brook,しずく湖畔,5,10,3,1,1,9,10,14,6,6,0,0,0,4,3,22,0,0,10,33,0,0,7,0,0,0,10,27,0,0,738,1431,control
238,rush,4,volcano,ほむら火山,8,14,4,1,1,14,14,18,15,15,0,0,0,12,11,71,0,0,27,98,0,0,7,0,0,0,35,36,0,0,1431,946,control
238,rush,5,tower,星晶の塔,12,20,5,1,0,18,19,0,46,45,0,1,0,40,40,191,0,0,86,308,0,0,7,0,0,0,127,132,0,0,946,0,control
239,balanced,1,meadow,はじまり草原,1,4,2,1,1,1,2,6,7,5,1,1,4,3,2,25,2,1,12,61,4,1,12,0,0,0,10,5,0,0,230,911,control
239,balanced,2,cave,こだま洞くつ,3,7,2,1,1,7,5,10,8,7,1,0,2,4,3,51,1,0,13,104,5,1,15,0,0,0,7,14,0,0,880,2544,control
239,balanced,3,brook,しずく湖畔,5,10,3,1,1,11,11,14,7,6,1,0,3,3,2,12,2,2,12,35,3,1,7,0,0,0,8,25,0,0,2678,2116,control
239,balanced,4,volcano,ほむら火山,8,14,4,1,1,14,12,14,6,5,1,0,3,2,1,11,2,2,10,32,2,1,6,0,0,0,7,13,0,0,1640,2484,control
239,balanced,5,tower,星晶の塔,12,20,5,1,1,14,15,24,35,34,1,0,7,16,15,86,2,2,53,168,1,1,12,0,0,0,54,95,0,0,1924,3390,control
240,collector,1,meadow,はじまり草原,1,4,2,1,1,1,3,7,15,13,1,1,4,5,4,52,2,0,22,108,7,1,15,0,0,0,11,1,0,0,230,1306,control
240,collector,2,cave,こだま洞くつ,3,7,2,1,1,9,9,12,11,9,2,0,3,4,3,80,1,0,16,109,2,1,25,0,0,0,12,19,0,0,2932,1844,control
240,collector,3,brook,しずく湖畔,5,10,3,1,1,10,11,11,3,2,1,0,6,1,0,7,5,5,9,46,0,0,8,0,0,0,11,0,0,0,2238,2735,control
240,collector,4,volcano,ほむら火山,8,14,4,1,1,11,12,19,37,31,3,3,11,11,10,63,5,4,53,194,10,1,22,0,0,0,54,22,0,0,1445,2817,control
240,collector,5,tower,星晶の塔,12,20,5,1,1,19,19,27,47,45,2,0,8,15,14,190,5,5,67,454,10,1,38,0,0,0,66,92,0,0,2548,2673,control
241,rush,1,meadow,はじまり草原,1,4,2,1,1,1,3,7,7,4,1,2,3,4,3,40,0,0,11,64,0,0,14,0,0,0,9,8,0,0,230,702,control
241,rush,2,cave,こだま洞くつ,3,7,2,1,1,7,7,12,11,9,1,1,2,9,8,76,0,0,20,105,0,0,10,0,0,0,29,20,0,0,702,1417,control
241,rush,3,brook,しずく湖畔,5,10,3,1,1,12,12,15,7,7,0,0,0,5,4,27,0,0,12,41,0,0,7,0,0,0,14,23,0,0,1417,1348,control
241,rush,4,volcano,ほむら火山,8,14,4,1,1,15,15,20,18,18,0,0,0,15,14,92,0,0,33,127,0,0,7,0,0,0,44,58,0,0,1348,1268,control
241,rush,5,tower,星晶の塔,12,20,5,1,0,20,21,0,46,45,0,1,0,40,40,189,0,0,86,304,0,0,7,0,0,0,124,110,0,0,1268,0,control
242,balanced,1,meadow,はじまり草原,1,4,2,1,1,1,2,7,6,5,1,0,3,3,2,28,2,1,11,66,3,1,13,0,0,0,8,6,0,0,230,867,control
242,balanced,2,cave,こだま洞くつ,3,7,2,1,1,7,7,11,6,5,1,0,3,3,2,44,2,1,11,88,2,1,22,0,0,0,6,18,0,0,841,2277,control
242,balanced,3,brook,しずく湖畔,5,10,3,1,1,12,11,14,7,6,1,0,3,3,2,16,2,0,12,48,0,0,13,0,0,0,6,25,0,0,2138,1320,control
242,balanced,4,volcano,ほむら火山,8,14,4,1,1,13,13,14,4,3,1,0,3,1,0,4,2,2,7,22,0,0,6,0,0,0,4,0,0,0,3194,4196,control
242,balanced,5,tower,星晶の塔,12,20,5,1,1,14,15,20,20,14,1,5,11,6,5,33,2,2,28,132,0,0,12,0,0,0,36,61,0,0,3250,1849,control
243,collector,1,meadow,はじまり草原,1,4,2,1,1,1,2,6,8,6,2,0,6,3,2,40,4,0,15,104,7,1,18,0,0,0,10,1,0,0,230,1121,control
243,collector,2,cave,こだま洞くつ,3,7,2,1,1,8,9,11,5,4,1,0,6,2,1,46,5,5,12,111,3,1,27,0,0,0,19,5,0,0,3083,3167,control
243,collector,3,brook,しずく湖畔,5,10,3,1,1,11,11,14,6,4,2,0,7,2,1,15,5,5,13,57,0,0,9,0,0,0,20,8,0,0,1672,3292,control
243,collector,4,volcano,ほむら火山,8,14,4,1,1,14,10,15,19,17,2,0,8,6,5,36,5,5,30,174,4,1,13,0,0,0,37,22,0,0,1738,2790,control
243,collector,5,tower,星晶の塔,12,20,5,1,1,15,16,23,42,39,2,1,8,13,12,132,5,5,60,414,5,1,39,0,0,0,66,59,0,0,1474,2327,control
244,rush,1,meadow,はじまり草原,1,4,2,1,1,1,2,6,8,3,1,4,5,3,2,22,0,0,11,42,0,0,8,0,0,0,9,7,0,0,230,678,control
244,rush,2,cave,こだま洞くつ,3,7,2,1,1,6,6,10,4,3,1,0,1,3,2,25,0,0,7,36,0,0,10,0,0,0,7,14,0,0,678,547,control
244,rush,3,brook,しずく湖畔,5,10,3,1,1,10,10,13,4,4,0,0,0,2,1,10,0,0,6,20,0,0,7,0,0,0,5,12,0,0,547,1981,control
244,rush,4,volcano,ほむら火山,8,14,4,1,1,13,13,17,13,13,0,0,0,10,9,56,0,0,23,85,0,0,7,0,0,0,29,40,0,0,1981,992,control
244,rush,5,tower,星晶の塔,12,20,5,1,0,17,18,0,45,45,0,0,0,40,40,190,0,0,85,308,0,0,6,0,0,0,125,136,0,0,992,0,control
245,balanced,1,meadow,はじまり草原,1,4,2,1,1,1,2,6,10,4,2,4,6,3,2,31,1,0,14,70,4,1,12,0,0,0,12,4,0,0,230,903,control
245,balanced,2,cave,こだま洞くつ,3,7,2,1,1,7,7,11,6,5,1,0,3,3,2,67,2,2,11,104,5,1,29,0,0,0,13,17,0,0,1401,2594,control
245,balanced,3,brook,しずく湖畔,5,10,3,1,1,11,12,14,5,4,1,0,3,2,1,8,2,2,9,30,0,0,9,0,0,0,10,18,0,0,2010,1677,control
245,balanced,4,volcano,ほむら火山,8,14,4,1,1,14,14,19,22,21,1,0,3,10,9,91,2,2,34,149,2,1,16,0,0,0,36,59,0,0,1299,1512,control
245,balanced,5,tower,星晶の塔,12,20,5,1,1,19,19,25,31,30,1,0,3,14,13,63,2,2,47,152,7,1,8,0,0,0,49,66,0,0,1172,2733,control
246,collector,1,meadow,はじまり草原,1,4,2,1,1,1,3,6,8,7,1,0,6,3,2,30,5,5,16,101,5,1,13,0,0,0,15,1,0,0,230,1166,control
246,collector,2,cave,こだま洞くつ,3,7,2,1,1,6,6,10,12,10,1,1,7,4,3,68,5,5,21,154,4,1,30,0,0,0,27,8,0,0,617,1537,control
246,collector,3,brook,しずく湖畔,5,10,3,1,1,10,9,14,21,18,3,0,8,7,6,50,5,5,33,119,4,1,11,0,0,0,36,9,0,0,814,2639,control
246,collector,4,volcano,ほむら火山,8,14,4,1,1,14,12,16,13,11,2,0,8,4,3,24,5,5,22,88,2,1,8,0,0,0,28,23,0,0,1394,1583,control
246,collector,5,tower,星晶の塔,12,20,5,1,1,16,17,20,20,19,1,0,9,6,5,26,5,5,31,135,5,1,16,0,0,0,38,15,0,0,837,2690,control
247,rush,1,meadow,はじまり草原,1,4,2,1,1,1,3,8,26,12,0,14,11,11,10,52,0,0,37,116,0,0,7,0,0,0,24,8,0,0,230,675,control
247,rush,2,cave,こだま洞くつ,3,7,2,1,1,8,8,11,6,4,2,0,2,5,4,40,0,0,11,54,0,0,10,0,0,0,14,19,0,0,675,1234,control
247,rush,3,brook,しずく湖畔,5,10,3,1,1,11,11,14,8,8,0,0,0,6,5,34,0,0,14,49,0,0,7,0,0,0,17,20,0,0,1234,1361,control
247,rush,4,volcano,ほむら火山,8,14,4,1,1,14,14,19,18,18,0,0,0,15,14,82,0,0,33,121,0,0,7,0,0,0,44,58,0,0,1361,1240,control
247,rush,5,tower,星晶の塔,12,20,5,1,0,19,20,0,46,45,0,1,0,40,40,184,0,0,86,308,0,0,7,0,0,0,125,108,0,0,1240,0,control
248,balanced,1,meadow,はじまり草原,1,4,2,1,1,1,3,7,6,5,1,0,3,3,2,21,2,1,11,52,3,1,10,0,0,0,7,6,0,0,230,875,control
248,balanced,2,cave,こだま洞くつ,3,7,2,1,1,7,7,11,6,5,1,0,3,3,2,52,2,0,11,113,5,1,25,0,0,0,7,16,0,0,848,2455,control
248,balanced,3,brook,しずく湖畔,5,10,3,1,1,12,8,12,7,6,1,0,3,3,2,13,2,2,12,39,0,0,6,0,0,0,9,20,0,0,2723,2218,control
248,balanced,4,volcano,ほむら火山,8,14,4,1,1,12,12,16,6,5,1,0,5,2,1,26,2,2,10,57,3,1,18,0,0,0,10,18,0,0,1718,3457,control
248,balanced,5,tower,星晶の塔,12,20,5,1,1,16,16,21,11,10,1,0,3,4,3,21,2,2,17,59,0,0,6,0,0,0,18,61,0,0,2678,1853,control
249,collector,1,meadow,はじまり草原,1,4,2,1,1,1,3,6,8,7,1,0,2,3,2,31,1,0,12,59,4,1,12,0,0,0,6,1,0,0,230,1129,control
249,collector,2,cave,こだま洞くつ,3,7,2,1,1,7,7,12,14,12,2,0,6,5,4,109,4,3,23,186,9,1,29,0,0,0,23,20,0,0,1207,1556,control
249,collector,3,brook,しずく湖畔,5,10,3,1,1,11,12,14,9,7,2,0,8,3,2,17,5,5,17,69,4,1,8,0,0,0,25,9,0,0,1656,1325,control
249,collector,4,volcano,ほむら火山,8,14,4,1,1,14,14,17,13,11,2,0,7,4,3,31,5,5,22,88,2,1,10,0,0,0,27,24,0,0,701,1943,control
249,collector,5,tower,星晶の塔,12,20,5,1,1,17,14,21,29,26,3,0,8,9,8,90,5,5,43,289,3,1,43,0,0,0,46,35,0,0,1027,3486,control
250,rush,1,meadow,はじまり草原,1,4,2,1,1,1,2,6,7,4,1,2,3,4,3,29,0,0,11,49,0,0,10,0,0,0,9,8,0,0,230,669,control
250,rush,2,cave,こだま洞くつ,3,7,2,1,1,6,7,11,9,7,1,1,2,7,6,58,0,0,16,82,0,0,11,0,0,0,23,15,0,0,669,1695,control
250,rush,3,brook,しずく湖畔,5,10,3,1,1,11,11,14,5,5,0,0,0,3,2,21,0,0,8,31,0,0,7,0,0,0,8,25,0,0,1695,1148,control
250,rush,4,volcano,ほむら火山,8,14,4,1,1,14,14,19,18,18,0,0,0,15,14,84,0,0,33,129,0,0,7,0,0,0,44,35,0,0,1148,1884,control
250,rush,5,tower,星晶の塔,12,20,5,1,0,19,20,0,46,45,0,1,0,40,40,194,0,0,86,309,0,0,7,0,0,0,126,137,0,0,1884,0,control
251,balanced,1,meadow,はじまり草原,1,4,2,1,1,1,2,6,7,2,2,3,5,2,1,20,1,0,10,49,5,1,11,0,0,0,8,2,0,0,230,1063,control
251,balanced,2,cave,こだま洞くつ,3,7,2,1,1,6,6,10,6,5,1,0,3,3,2,26,2,2,11,66,2,1,13,0,0,0,15,11,0,0,1321,2600,control
251,balanced,3,brook,しずく湖畔,5,10,3,1,1,10,11,14,7,7,0,0,5,3,2,18,2,2,12,44,1,1,8,0,0,0,13,30,0,0,2014,974,control
251,balanced,4,volcano,ほむら火山,8,14,4,1,1,14,14,18,10,9,1,0,4,4,3,23,2,2,16,54,1,1,7,0,0,0,18,32,0,0,756,1204,control
251,balanced,5,tower,星晶の塔,12,20,5,1,1,18,17,23,29,28,1,0,4,13,12,71,2,2,44,186,1,1,18,0,0,0,49,71,0,0,933,1852,control
252,collector,1,meadow,はじまり草原,1,4,2,1,1,1,2,5,6,3,2,1,8,2,1,25,5,1,13,113,7,1,20,0,0,0,15,0,0,0,230,1247,control
252,collector,2,cave,こだま洞くつ,3,7,2,1,1,7,7,10,8,7,1,0,7,3,2,51,5,5,16,130,5,1,24,0,0,0,23,8,0,0,2860,2645,control
252,collector,3,brook,しずく湖畔,5,10,3,1,1,10,11,15,15,14,1,0,4,5,4,31,3,2,23,73,1,1,9,0,0,0,22,13,0,0,1398,2517,control
252,collector,4,volcano,ほむら火山,8,14,4,1,1,14,11,12,4,2,2,0,8,1,0,8,5,5,10,53,0,0,8,0,0,0,11,0,0,0,2397,4990,control
252,collector,5,tower,星晶の塔,12,20,5,1,1,12,16,22,26,23,3,0,8,8,7,84,5,5,39,182,7,1,23,0,0,0,39,48,0,0,2635,4826,control
253,rush,1,meadow,はじまり草原,1,4,2,1,1,1,2,7,6,4,1,1,2,4,3,29,0,0,10,44,0,0,8,0,0,0,7,8,0,0,230,693,control
253,rush,2,cave,こだま洞くつ,3,7,2,1,1,7,7,9,3,2,1,0,1,2,1,15,0,0,5,22,0,0,9,0,0,0,4,8,0,0,693,759,control
253,rush,3,brook,しずく湖畔,5,10,3,1,1,9,10,13,4,4,0,0,0,2,1,11,0,0,6,17,0,0,7,0,0,0,5,16,0,0,759,2104,control
253,rush,4,volcano,ほむら火山,8,14,4,1,1,13,13,17,14,14,0,0,0,11,10,63,0,0,25,89,0,0,7,0,0,0,32,42,0,0,2104,971,control
253,rush,5,tower,星晶の塔,12,20,5,1,0,17,18,0,45,45,0,0,0,40,40,194,0,0,85,296,0,0,7,0,0,0,123,137,0,0,971,0,control
254,balanced,1,meadow,はじまり草原,1,4,2,1,1,1,3,6,9,4,2,3,5,3,2,36,1,0,13,72,3,1,14,0,0,0,11,4,0,0,230,916,control
254,balanced,2,cave,こだま洞くつ,3,7,2,1,1,7,7,11,6,5,1,0,3,3,2,58,2,2,11,94,3,1,29,0,0,0,13,16,0,0,1174,2498,control
254,balanced,3,brook,しずく湖畔,5,10,3,1,1,11,12,12,3,2,1,0,3,1,0,9,2,2,6,29,0,0,9,0,0,0,7,0,0,0,1936,2836,control
254,balanced,4,volcano,ほむら火山,8,14,4,1,1,12,13,22,53,51,1,1,6,25,24,191,2,2,80,331,7,1,13,0,0,0,90,86,0,0,2197,1252,control
254,balanced,5,tower,星晶の塔,12,20,5,1,1,22,23,29,46,44,1,1,5,21,20,142,2,2,69,276,4,1,17,0,0,0,71,108,0,0,970,2344,control
255,collector,1,meadow,はじまり草原,1,4,2,1,1,1,2,6,8,6,2,0,5,3,2,35,3,2,14,101,5,1,15,0,0,0,16,1,0,0,230,1159,control
255,collector,2,cave,こだま洞くつ,3,7,2,1,1,5,6,11,11,9,2,0,7,4,3,50,5,4,20,127,6,1,19,0,0,0,27,12,0,0,1156,2252,control
255,collector,3,brook,しずく湖畔,5,10,3,1,1,11,11,14,12,10,2,0,7,4,3,27,5,5,21,75,3,1,9,0,0,0,26,10,0,0,1456,1320,control
255,collector,4,volcano,ほむら火山,8,14,4,1,1,14,14,17,13,11,2,0,7,4,3,22,5,5,22,81,3,1,7,0,0,0,28,21,0,0,698,2072,control
255,collector,5,tower,星晶の塔,12,20,5,1,1,17,15,22,36,33,2,1,9,11,10,99,5,5,52,247,7,1,22,0,0,0,56,45,0,0,1096,3440,control
256,rush,1,meadow,はじまり草原,1,4,2,1,1,1,3,8,14,11,0,3,2,10,9,49,0,0,24,88,0,0,6,0,0,0,12,10,0,0,230,681,control
256,rush,2,cave,こだま洞くつ,3,7,2,1,1,8,8,12,5,2,2,1,3,3,2,24,0,0,8,40,0,0,8,0,0,0,9,26,0,0,681,697,control
256,rush,3,brook,しずく湖畔,5,10,3,1,1,12,12,14,6,6,0,0,0,4,3,24,0,0,10,34,0,0,7,0,0,0,10,12,0,0,697,1136,control
256,rush,4,volcano,ほむら火山,8,14,4,1,1,14,15,17,9,9,0,0,0,6,5,35,0,0,15,50,0,0,7,0,0,0,17,26,0,0,1136,1664,control
256,rush,5,tower,星晶の塔,12,20,5,1,0,17,18,0,45,45,0,0,0,40,40,187,0,0,85,304,0,0,7,0,0,0,129,136,0,0,1664,0,control
257,balanced,1,meadow,はじまり草原,1,4,2,1,1,1,3,7,9,5,1,3,4,3,2,24,1,0,13,54,3,1,12,0,0,0,8,5,0,0,230,875,control
257,balanced,2,cave,こだま洞くつ,3,7,2,1,1,7,7,11,6,5,1,0,3,3,2,41,2,0,11,87,1,1,21,0,0,0,4,19,0,0,953,2183,control
257,balanced,3,brook,しずく湖畔,5,10,3,1,1,12,11,14,7,6,1,0,3,3,2,22,2,2,12,47,1,1,14,0,0,0,10,22,1,0,2451,2005,control
257,balanced,4,volcano,ほむら火山,8,14,4,1,1,14,12,21,34,33,1,0,3,16,15,110,1,0,51,194,11,1,12,0,0,0,53,74,0,0,1554,2444,control
257,balanced,5,tower,星晶の塔,12,20,5,1,1,21,20,24,17,16,1,0,4,7,6,44,2,2,26,90,1,1,13,0,0,0,26,64,0,0,2701,1908,control
258,collector,1,meadow,はじまり草原,1,4,2,1,1,1,3,8,18,17,0,1,3,6,5,46,2,1,26,105,6,1,11,0,0,0,7,0,0,0,230,1378,control
258,collector,2,cave,こだま洞くつ,3,7,2,1,1,8,4,9,11,10,1,0,2,4,3,58,1,0,16,107,5,1,18,0,0,0,9,8,0,0,2211,2097,control
258,collector,3,brook,しずく湖畔,5,10,3,1,1,10,10,12,6,4,2,0,7,2,1,19,5,5,13,65,1,1,13,0,0,0,21,6,0,0,2411,2662,control
258,collector,4,volcano,ほむら火山,8,14,4,1,1,12,11,17,31,29,2,0,9,10,9,121,5,5,46,271,9,1,24,0,0,0,50,35,0,0,1407,1595,control
258,collector,5,tower,星晶の塔,12,20,5,1,1,17,17,23,45,42,2,1,10,14,13,133,5,5,64,386,11,1,21,0,0,0,75,42,0,0,844,3968,control
259,rush,1,meadow,はじまり草原,1,4,2,1,1,1,3,7,4,3,1,0,1,3,2,20,0,0,7,33,0,0,8,0,0,0,6,9,0,0,230,675,control
259,rush,2,cave,こだま洞くつ,3,7,2,1,1,7,7,12,16,16,0,0,2,15,14,87,0,0,31,125,0,0,7,0,0,0,31,26,0,0,675,1223,control
259,rush,3,brook,しずく湖畔,5,10,3,1,1,12,13,14,4,3,1,0,1,2,1,10,0,0,6,19,0,0,5,0,0,0,5,17,0,0,1223,1382,control
259,rush,4,volcano,ほむら火山,8,14,4,1,1,14,15,19,16,16,0,0,0,13,12,60,0,0,29,92,0,0,6,0,0,0,40,56,0,0,1382,1275,control
259,rush,5,tower,星晶の塔,12,20,5,1,0,19,20,0,45,45,0,0,0,40,40,165,0,0,85,261,0,0,6,0,0,0,124,110,0,0,1275,0,control
260,balanced,1,meadow,はじまり草原,1,4,2,1,1,1,2,6,7,5,1,1,4,3,2,24,2,2,12,56,2,1,12,0,0,0,10,5,0,0,230,908,control
260,balanced,2,cave,こだま洞くつ,3,7,2,1,1,6,7,12,18,17,1,0,3,9,8,86,2,2,29,147,12,1,16,0,0,0,32,19,0,0,704,1440,control
260,balanced,3,brook,しずく湖畔,5,10,3,1,1,12,12,16,15,14,1,0,3,7,6,41,2,2,24,85,5,1,8,0,0,0,25,27,0,0,1116,2299,control
260,balanced,4,volcano,ほむら火山,8,14,4,1,1,16,16,21,26,25,1,0,4,12,11,86,2,2,40,175,11,1,10,0,0,0,45,58,0,0,1782,1205,control
260,balanced,5,tower,星晶の塔,12,20,5,1,1,21,21,29,47,46,1,0,3,22,21,119,2,2,71,239,15,1,10,0,0,0,73,112,0,0,934,1830,control
261,collector,1,meadow,はじまり草原,1,4,2,1,1,1,3,6,9,6,2,1,4,3,2,37,1,0,13,62,6,1,14,0,0,0,11,0,0,0,230,1157,control
261,collector,2,cave,こだま洞くつ,3,7,2,1,1,6,4,9,8,7,1,0,3,3,2,44,1,0,12,94,2,1,16,0,0,0,6,7,0,0,1415,2767,control
261,collector,3,brook,しずく湖畔,5,10,3,1,1,10,10,14,15,13,2,0,7,5,4,40,5,5,25,103,4,1,12,0,0,0,29,27,0,0,3161,1307,control
261,collector,4,volcano,ほむら火山,8,14,4,1,1,14,15,17,7,4,3,0,8,2,1,10,5,5,14,58,0,0,8,0,0,0,21,10,0,0,691,3334,control
261,collector,5,tower,星晶の塔,12,20,5,1,1,17,16,19,14,11,3,0,9,4,3,25,5,5,23,99,4,1,8,0,0,0,29,21,0,0,1761,3435,control
262,rush,1,meadow,はじまり草原,1,4,2,1,1,1,2,7,8,5,1,2,1,5,4,40,0,0,13,63,0,0,9,0,0,0,10,10,0,0,230,539,control
262,rush,2,cave,こだま洞くつ,3,7,2,1,1,7,7,11,9,8,1,0,2,8,7,69,0,0,17,95,0,0,10,0,0,0,24,18,0,0,539,1399,control
262,rush,3,brook,しずく湖畔,5,10,3,1,1,11,12,14,4,4,0,0,0,2,1,13,0,0,6,21,0,0,7,0,0,0,4,21,0,0,1399,1163,control
262,rush,4,volcano,ほむら火山,8,14,4,1,1,14,15,21,32,32,0,0,0,29,28,165,0,0,61,244,0,0,7,0,0,0,86,76,0,0,1163,955,control
262,rush,5,tower,星晶の塔,12,20,5,1,0,21,22,0,48,45,0,3,0,40,40,172,0,0,88,320,0,0,9,0,0,0,134,103,0,0,955,0,control
263,balanced,1,meadow,はじまり草原,1,4,2,1,1,1,2,6,6,4,2,0,4,3,2,31,2,0,11,69,5,1,12,0,0,0,10,5,0,0,230,906,control
263,balanced,2,cave,こだま洞くつ,3,7,2,1,1,8,8,11,6,5,1,0,3,3,2,37,2,2,11,72,2,1,14,0,0,0,13,16,0,0,2802,2420,control
263,balanced,3,brook,しずく湖畔,5,10,3,1,1,11,11,13,5,4,1,0,5,2,1,9,2,2,9,35,0,0,6,0,0,0,11,10,0,0,1875,2255,control
263,balanced,4,volcano,ほむら火山,8,14,4,1,1,13,12,17,16,15,1,0,3,7,6,46,2,2,25,86,2,1,8,0,0,0,27,43,0,0,1747,1500,control
263,balanced,5,tower,星晶の塔,12,20,5,1,1,17,17,25,41,38,1,2,7,18,17,92,2,2,61,242,2,1,12,0,0,0,68,85,0,0,1162,3984,control
264,collector,1,meadow,はじまり草原,1,4,2,1,1,1,3,7,11,9,2,0,3,4,3,50,1,0,16,84,7,1,17,0,0,0,12,1,0,0,230,1025,control
264,collector,2,cave,こだま洞くつ,3,7,2,1,1,7,8,12,11,10,1,0,6,4,3,46,5,5,20,107,1,1,14,0,0,0,25,15,0,0,1523,1987,control
264,collector,3,brook,しずく湖畔,5,10,3,1,1,12,12,13,6,4,2,0,7,2,1,14,5,5,13,54,1,1,8,0,0,0,19,6,0,0,1051,1546,control
264,collector,4,volcano,ほむら火山,8,14,4,1,1,13,11,16,16,14,2,0,7,5,4,29,5,5,26,91,5,1,7,0,0,0,29,21,0,0,818,2036,control
264,collector,5,tower,星晶の塔,12,20,5,1,1,16,15,19,17,15,2,0,8,5,4,25,5,5,27,96,3,1,8,0,0,0,32,22,0,0,1076,2335,control
265,rush,1,meadow,はじまり草原,1,4,2,1,1,1,3,7,9,4,1,4,4,4,3,30,0,0,13,56,0,0,9,0,0,0,11,8,0,0,230,666,control
265,rush,2,cave,こだま洞くつ,3,7,2,1,1,7,7,12,14,12,1,1,3,12,11,95,0,0,26,132,0,0,10,0,0,0,39,22,0,0,666,1258,control
265,rush,3,brook,しずく湖畔,5,10,3,1,1,12,12,14,4,4,0,0,0,2,1,15,0,0,6,24,0,0,8,0,0,0,5,19,0,0,1258,1343,control
265,rush,4,volcano,ほむら火山,8,14,4,1,1,14,15,20,20,20,0,0,0,17,16,102,0,0,37,146,0,0,7,0,0,0,51,59,0,0,1343,1298,control
265,rush,5,tower,星晶の塔,12,20,5,1,0,20,20,0,48,45,0,3,0,40,40,188,0,0,88,343,0,0,7,0,0,0,136,112,0,0,1298,0,control
266,balanced,1,meadow,はじまり草原,1,4,2,1,1,1,2,6,6,4,2,0,4,3,2,40,2,1,11,79,6,1,16,0,0,0,12,5,0,0,230,902,control
266,balanced,2,cave,こだま洞くつ,3,7,2,1,1,7,7,10,4,3,1,0,3,2,1,18,2,2,8,47,1,1,13,0,0,0,11,6,0,0,1992,2640,control
266,balanced,3,brook,しずく湖畔,5,10,3,1,1,10,11,13,5,5,0,0,3,2,1,16,2,2,9,35,1,1,9,0,0,0,11,15,0,0,2046,2169,control
266,balanced,4,volcano,ほむら火山,8,14,4,1,1,13,13,17,19,17,1,1,7,8,7,51,2,2,29,107,8,1,8,0,0,0,33,36,0,0,1680,1250,control
266,balanced,5,tower,星晶の塔,12,20,5,1,1,17,18,26,41,40,1,0,3,19,18,114,2,2,62,217,13,1,10,0,0,0,64,117,0,0,968,1838,control
267,collector,1,meadow,はじまり草原,1,4,2,1,1,1,3,8,18,17,0,1,3,6,5,53,2,1,26,104,4,1,14,0,0,0,7,0,0,0,230,1383,control
267,collector,2,cave,こだま洞くつ,3,7,2,1,1,8,5,9,8,6,2,0,7,3,2,43,5,5,16,117,3,1,20,0,0,0,14,6,0,0,2216,2534,control
267,collector,3,brook,しずく湖畔,5,10,3,1,1,9,9,14,18,16,2,0,4,6,5,63,2,1,26,107,3,1,21,0,0,0,22,23,0,0,1339,1289,control
267,collector,4,volcano,ほむら火山,8,14,4,1,1,14,13,16,10,7,3,0,8,3,2,48,5,5,18,103,5,1,22,0,0,0,22,17,0,0,1342,1803,control
267,collector,5,tower,星晶の塔,12,20,5,1,1,16,16,23,32,30,2,0,8,10,9,58,5,5,47,157,10,1,9,0,0,0,44,42,0,0,954,3470,control
268,rush,1,meadow,はじまり草原,1,4,2,1,1,1,2,7,5,4,1,0,1,4,3,29,0,0,9,44,0,0,9,0,0,0,8,9,0,0,230,671,control
268,rush,2,cave,こだま洞くつ,3,7,2,1,1,7,7,10,3,2,1,0,1,2,1,14,0,0,5,24,0,0,8,0,0,0,5,8,0,0,671,958,control
268,rush,3,brook,しずく湖畔,5,10,3,1,1,10,10,14,8,8,0,0,0,6,5,32,0,0,14,46,0,0,6,0,0,0,17,32,0,0,958,1144,control
268,rush,4,volcano,ほむら火山,8,14,4,1,1,14,15,18,12,12,0,0,0,9,8,51,0,0,21,68,0,0,7,0,0,0,25,39,0,0,1144,970,control
268,rush,5,tower,星晶の塔,12,20,5,1,1,18,19,26,35,35,0,0,0,31,30,149,0,0,66,225,0,0,6,0,0,0,92,104,0,0,970,1896,control
269,balanced,1,meadow,はじまり草原,1,4,2,1,1,1,3,6,6,5,1,0,3,3,2,28,2,1,11,63,5,1,12,0,0,0,9,6,0,0,230,884,control
269,balanced,2,cave,こだま洞くつ,3,7,2,1,1,7,4,10,8,7,1,0,3,4,3,52,2,0,14,108,3,1,17,0,0,0,8,14,0,0,856,2513,control
269,balanced,3,brook,しずく湖畔,5,10,3,1,1,11,11,14,9,8,1,0,4,4,3,25,2,2,15,52,3,1,8,0,0,0,17,39,0,0,2781,1049,control
269,balanced,4,volcano,ほむら火山,8,14,4,1,1,14,15,18,11,9,1,1,4,4,3,28,2,2,17,65,2,1,8,0,0,0,20,27,0,0,814,3633,control
269,balanced,5,tower,星晶の塔,12,20,5,1,1,18,19,27,48,45,0,3,8,21,20,104,2,2,71,239,11,1,9,0,0,0,81,113,0,0,2815,1877,control
270,collector,1,meadow,はじまり草原,1,4,2,1,1,1,3,6,11,9,2,0,4,4,3,55,2,0,17,105,9,1,18,0,0,0,14,0,0,0,230,1021,control
270,collector,2,cave,こだま洞くつ,3,7,2,1,1,8,9,11,8,6,2,0,4,3,2,57,2,1,13,94,2,1,24,0,0,0,14,13,0,0,3067,2495,control
270,collector,3,brook,しずく湖畔,5,10,3,1,1,8,8,12,12,10,2,0,7,4,3,29,5,5,21,80,1,1,11,0,0,0,26,16,0,0,2330,1400,control
270,collector,4,volcano,ほむら火山,8,14,4,1,1,12,13,17,11,8,2,1,10,3,2,26,5,5,19,100,1,1,16,0,0,0,30,19,0,0,741,3746,control
270,collector,5,tower,星晶の塔,12,20,5,1,1,17,17,21,21,18,2,1,8,6,5,48,5,5,32,123,4,1,13,0,0,0,35,24,0,0,1979,2632,control
271,rush,1,meadow,はじまり草原,1,4,2,1,1,1,2,7,4,3,1,0,1,3,2,20,0,0,7,30,0,0,8,0,0,0,5,9,0,0,230,659,control
271,rush,2,cave,こだま洞くつ,3,7,2,1,1,7,7,10,6,5,1,0,2,5,4,51,0,0,11,68,0,0,11,0,0,0,15,15,0,0,659,1363,control
271,rush,3,brook,しずく湖畔,5,10,3,1,1,10,11,14,5,5,0,0,0,3,2,17,0,0,8,27,0,0,6,0,0,0,8,25,0,0,1363,1154,control
271,rush,4,volcano,ほむら火山,8,14,4,1,1,14,14,20,26,26,0,0,0,23,22,132,0,0,49,198,0,0,7,0,0,0,69,64,0,0,1154,1282,control
271,rush,5,tower,星晶の塔,12,20,5,1,0,20,21,0,45,45,0,0,0,40,40,184,0,0,85,312,0,0,6,0,0,0,123,112,0,0,1282,0,control
272,balanced,1,meadow,はじまり草原,1,4,2,1,1,1,2,6,9,5,1,3,5,3,2,28,1,0,13,63,3,1,13,0,0,0,9,4,0,0,230,917,control
272,balanced,2,cave,こだま洞くつ,3,7,2,1,1,7,4,10,8,7,1,0,2,4,3,60,1,0,13,98,6,1,20,0,0,0,6,17,0,0,995,2202,control
272,balanced,3,brook,しずく湖畔,5,10,3,1,1,11,11,15,9,8,1,0,4,4,3,22,2,2,15,46,4,1,7,0,0,0,11,35,0,0,2336,1199,control
272,balanced,4,volcano,ほむら火山,8,14,4,1,1,15,13,15,8,7,1,0,3,3,2,15,2,2,13,40,3,1,6,0,0,0,9,24,0,0,930,1251,control
272,balanced,5,tower,星晶の塔,12,20,5,1,1,15,16,26,49,48,1,0,4,23,22,109,2,2,74,219,14,1,10,0,0,0,78,123,0,0,969,3047,control
273,collector,1,meadow,はじまり草原,1,4,2,1,1,1,2,6,14,10,1,3,4,4,3,38,1,0,19,85,8,1,14,0,0,0,11,0,0,0,230,1058,control
273,collector,2,cave,こだま洞くつ,3,7,2,1,1,6,8,10,5,4,1,0,4,2,1,33,2,1,9,77,1,1,22,0,0,0,5,4,0,0,1136,3247,control
273,collector,3,brook,しずく湖畔,5,10,3,1,1,11,11,13,6,5,1,0,7,2,1,10,5,5,13,50,0,0,6,0,0,0,13,6,0,0,2992,3213,control
273,collector,4,volcano,ほむら火山,8,14,4,1,1,13,13,17,16,14,2,0,9,5,4,30,5,5,26,97,2,1,10,0,0,0,29,21,0,0,1698,2898,control
273,collector,5,tower,星晶の塔,12,20,5,1,1,17,15,20,23,21,2,0,9,7,6,31,5,5,35,110,6,1,7,0,0,0,38,28,0,0,1531,3866,control
274,rush,1,meadow,はじまり草原,1,4,2,1,1,1,2,7,5,3,1,1,2,3,2,20,0,0,8,36,0,0,7,0,0,0,7,8,0,0,230,661,control
274,rush,2,cave,こだま洞くつ,3,7,2,1,1,7,7,10,5,4,1,0,1,4,3,36,0,0,9,46,0,0,10,0,0,0,12,14,0,0,661,1411,control
274,rush,3,brook,しずく湖畔,5,10,3,1,1,10,11,14,5,5,0,0,0,3,2,16,0,0,8,23,0,0,6,0,0,0,8,26,0,0,1411,1154,control
274,rush,4,volcano,ほむら火山,8,14,4,1,1,14,14,20,30,30,0,0,0,27,26,148,0,0,57,203,0,0,7,0,0,0,80,64,0,0,1154,939,control
274,rush,5,tower,星晶の塔,12,20,5,1,0,20,21,0,45,45,0,0,0,40,40,181,0,0,85,287,0,0,6,0,0,0,122,117,0,0,939,0,control
275,balanced,1,meadow,はじまり草原,1,4,2,1,1,1,3,7,10,7,1,2,4,4,3,39,1,0,15,75,6,1,14,0,0,0,10,7,0,0,230,758,control
275,balanced,2,cave,こだま洞くつ,3,7,2,1,1,7,8,11,6,5,1,0,3,3,2,30,2,2,11,60,2,1,16,0,0,0,13,16,0,0,836,2451,control
275,balanced,3,brook,しずく湖畔,5,10,3,1,1,11,12,15,11,10,1,0,3,5,4,32,2,2,18,59,5,1,8,0,0,0,19,26,0,0,1899,1204,control
275,balanced,4,volcano,ほむら火山,8,14,4,1,1,15,15,20,18,17,1,0,4,8,7,46,2,2,28,86,7,1,8,0,0,0,29,49,0,0,933,1554,control
275,balanced,5,tower,星晶の塔,12,20,5,1,1,20,19,25,35,34,1,0,3,16,15,87,2,2,53,166,6,1,8,0,0,0,55,71,0,0,1204,2735,control
276,collector,1,meadow,はじまり草原,1,4,2,1,1,1,2,6,12,10,1,1,3,4,3,37,1,0,17,69,5,1,11,0,0,0,9,0,0,0,230,1028,control
276,collector,2,cave,こだま洞くつ,3,7,2,1,1,7,7,11,8,6,2,0,7,3,2,60,5,5,16,121,4,1,23,0,0,0,23,10,0,0,1106,2510,control
276,collector,3,brook,しずく湖畔,5,10,3,1,1,11,9,12,9,6,3,0,8,3,2,18,5,5,17,70,2,1,10,0,0,0,23,8,0,0,1326,1525,control
276,collector,4,volcano,ほむら火山,8,14,4,1,1,12,9,16,26,23,2,1,9,8,7,78,5,5,39,201,2,1,17,0,0,0,46,27,0,0,807,1615,control
276,collector,5,tower,星晶の塔,12,20,5,1,1,16,17,19,11,8,3,0,8,3,2,19,5,5,19,77,2,1,9,0,0,0,26,13,0,0,854,2287,control
277,rush,1,meadow,はじまり草原,1,4,2,1,1,1,2,7,6,3,1,2,3,3,2,26,0,0,9,43,0,0,10,0,0,0,7,8,0,0,230,676,control
277,rush,2,cave,こだま洞くつ,3,7,2,1,1,7,7,11,9,8,1,0,1,8,7,76,0,0,17,99,0,0,12,0,0,0,23,12,0,0,676,1945,control
277,rush,3,brook,しずく湖畔,5,10,3,1,1,11,11,15,8,8,0,0,0,6,5,33,0,0,14,48,0,0,7,0,0,0,17,29,0,0,1945,1377,control
277,rush,4,volcano,ほむら火山,8,14,4,1,1,15,15,20,20,20,0,0,0,17,16,106,0,0,37,150,0,0,8,0,0,0,50,60,0,0,1377,1252,control
277,rush,5,tower,星晶の塔,12,20,5,1,0,20,21,0,45,45,0,0,0,40,40,201,0,0,85,323,0,0,7,0,0,0,121,112,0,0,1252,0,control
278,balanced,1,meadow,はじまり草原,1,4,2,1,1,1,3,6,17,5,1,11,12,3,2,32,2,1,22,100,7,1,13,0,0,0,19,3,0,0,230,910,control
278,balanced,2,cave,こだま洞くつ,3,7,2,1,1,7,7,11,9,7,1,1,5,4,3,32,2,2,15,86,5,1,12,0,0,0,20,14,0,0,879,2303,control
278,balanced,3,brook,しずく湖畔,5,10,3,1,1,11,11,13,5,4,1,0,3,2,1,11,2,2,9,36,1,1,9,0,0,0,10,15,0,0,1784,1807,control
278,balanced,4,volcano,ほむら火山,8,14,4,1,1,13,13,20,24,23,1,0,6,11,10,85,2,2,37,161,9,1,16,0,0,0,42,58,0,0,1401,1549,control
278,balanced,5,tower,星晶の塔,12,20,5,1,1,20,20,26,29,28,1,0,4,13,12,58,2,2,44,129,3,1,7,0,0,0,46,68,0,0,1201,2746,control
279,collector,1,meadow,はじまり草原,1,4,2,1,1,1,2,6,8,6,2,0,3,3,2,34,1,0,12,69,4,1,14,0,0,0,9,1,0,0,230,1165,control
279,collector,2,cave,こだま洞くつ,3,7,2,1,1,7,7,12,14,12,2,0,7,5,4,125,5,5,24,215,8,1,30,0,0,0,28,23,0,0,1663,1587,control
279,collector,3,brook,しずく湖畔,5,10,3,1,1,12,12,15,15,13,2,0,7,5,4,50,5,5,25,103,1,1,13,0,0,0,29,1,0,0,840,2225,control
279,collector,4,volcano,ほむら火山,8,14,4,1,1,15,12,16,19,17,2,0,8,6,5,70,5,5,30,190,4,1,18,0,0,0,39,23,1,0,1176,1605,control
279,collector,5,tower,星晶の塔,12,20,5,1,1,16,16,23,49,45,2,2,11,15,14,248,5,5,69,462,7,1,70,2,0,0,72,50,0,0,849,2286,control
280,rush,1,meadow,はじまり草原,1,4,2,1,1,1,2,7,5,4,1,0,1,4,3,31,0,0,9,45,0,0,9,0,0,0,8,8,0,0,230,711,control
280,rush,2,cave,こだま洞くつ,3,7,2,1,1,7,7,10,4,3,1,0,1,3,2,25,0,0,7,37,0,0,10,0,0,0,9,12,0,0,711,1601,control
280,rush,3,brook,しずく湖畔,5,10,3,1,1,10,10,14,8,8,0,0,0,6,5,31,0,0,14,44,0,0,7,0,0,0,16,30,0,0,1601,1160,control
280,rush,4,volcano,ほむら火山,8,14,4,1,1,14,15,18,14,14,0,0,0,11,10,61,0,0,25,80,0,0,7,0,0,0,32,41,0,0,1160,981,control
280,rush,5,tower,星晶の塔,12,20,5,1,0,18,19,0,45,45,0,0,0,40,40,189,0,0,85,284,0,0,7,0,0,0,121,124,0,0,981,0,control
281,balanced,1,meadow,はじまり草原,1,4,2,1,1,1,3,6,11,4,2,5,8,3,2,32,2,2,16,91,4,1,17,0,0,0,18,4,0,0,230,875,control
281,balanced,2,cave,こだま洞くつ,3,7,2,1,1,6,7,10,6,5,1,0,3,3,2,46,2,2,11,80,4,1,26,0,0,0,15,14,0,0,678,1641,control
281,balanced,3,brook,しずく湖畔,5,10,3,1,1,10,11,14,7,6,1,0,3,3,2,20,2,2,12,47,3,1,10,0,0,0,13,20,0,0,1272,1385,control
281,balanced,4,volcano,ほむら火山,8,14,4,1,1,14,14,16,6,5,1,0,4,2,1,15,2,2,10,47,1,1,10,0,0,0,13,20,0,0,1073,1498,control
281,balanced,5,tower,星晶の塔,12,20,5,1,1,16,15,18,9,8,1,0,4,3,2,13,2,2,14,65,3,1,12,0,0,0,18,32,0,0,1161,2214,control
282,collector,1,meadow,はじまり草原,1,4,2,1,1,1,2,5,5,3,2,0,7,2,1,23,5,4,12,108,5,1,16,0,0,0,19,0,0,0,230,1275,control
282,collector,2,cave,こだま洞くつ,3,7,2,1,1,5,6,12,23,23,0,0,6,8,7,161,5,5,36,272,9,1,29,0,0,0,38,9,0,0,844,2447,control
282,collector,3,brook,しずく湖畔,5,10,3,1,1,12,12,13,3,1,2,0,7,1,0,12,5,5,9,45,1,1,12,0,0,0,16,0,0,0,1293,1920,control
282,collector,4,volcano,ほむら火山,8,14,4,1,1,13,10,16,25,21,4,0,9,8,7,51,5,5,38,160,9,1,24,0,0,0,42,29,0,0,1015,1588,control
282,collector,5,tower,星晶の塔,12,20,5,1,1,16,17,23,33,30,2,1,10,10,9,240,5,5,48,376,10,1,47,0,0,0,46,48,0,0,840,2214,control
283,rush,1,meadow,はじまり草原,1,4,2,1,1,1,3,7,5,3,1,1,1,3,2,24,0,0,8,38,0,0,9,0,0,0,6,8,0,0,230,717,control
283,rush,2,cave,こだま洞くつ,3,7,2,1,1,7,7,13,15,15,0,0,2,14,13,73,0,0,29,106,0,0,7,0,0,0,27,36,0,0,717,538,control
283,rush,3,brook,しずく湖畔,5,10,3,1,1,13,13,14,5,4,1,0,1,3,2,19,0,0,8,27,0,0,7,0,0,0,8,8,0,0,538,1357,control
283,rush,4,volcano,ほむら火山,8,14,4,1,1,14,15,23,42,42,0,0,0,39,38,208,0,0,81,293,0,0,6,0,0,0,122,85,0,0,1357,967,control
283,rush,5,tower,星晶の塔,12,20,5,1,0,23,23,0,45,45,0,0,0,40,40,168,0,0,85,284,0,0,6,0,0,0,131,106,0,0,967,0,control
284,balanced,1,meadow,はじまり草原,1,4,2,1,1,1,3,7,6,5,1,0,2,3,2,22,1,0,10,43,3,1,8,0,0,0,5,6,0,0,230,882,control
284,balanced,2,cave,こだま洞くつ,3,7,2,1,1,7,7,11,6,5,1,0,3,3,2,44,1,0,10,73,2,1,23,0,0,0,5,17,0,0,960,2444,control
284,balanced,3,brook,しずく湖畔,5,10,3,1,1,12,7,10,7,6,1,0,3,3,2,13,2,2,12,46,1,1,8,0,0,0,11,12,1,0,2578,2701,control
284,balanced,4,volcano,ほむら火山,8,14,4,1,1,10,11,14,10,9,1,0,4,4,3,19,2,2,16,44,1,1,6,0,0,0,11,31,0,0,2092,1256,control
284,balanced,5,tower,星晶の塔,12,20,5,1,1,14,16,23,28,26,1,1,7,12,11,66,2,2,42,138,7,1,7,0,0,0,42,71,0,0,974,3078,control
285,collector,1,meadow,はじまり草原,1,4,2,1,1,1,2,6,11,6,2,3,5,3,2,35,1,0,15,70,6,1,13,0,0,0,11,0,0,0,230,1164,control
285,collector,2,cave,こだま洞くつ,3,7,2,1,1,7,5,10,8,6,2,0,3,3,2,43,1,0,12,78,2,1,18,0,0,0,5,8,0,0,1662,3025,control
285,collector,3,brook,しずく湖畔,5,10,3,1,1,10,11,13,9,8,1,0,6,3,2,14,5,5,17,61,2,1,8,0,0,0,14,17,0,0,3159,2232,control
285,collector,4,volcano,ほむら火山,8,14,4,1,1,13,12,16,17,15,1,1,10,5,4,23,5,5,27,98,5,1,8,0,0,0,24,29,1,0,1181,1925,control
285,collector,5,tower,星晶の塔,12,20,5,1,1,16,16,21,23,21,2,0,7,7,6,42,5,5,35,133,5,1,10,0,0,0,37,29,0,0,1018,3854,control
286,rush,1,meadow,はじまり草原,1,4,2,1,1,1,3,6,3,1,2,0,2,2,1,17,0,0,5,28,0,0,10,0,0,0,4,5,0,0,230,807,control
286,rush,2,cave,こだま洞くつ,3,7,2,1,1,6,6,11,11,11,0,0,0,10,9,83,0,0,21,109,0,0,9,0,0,0,29,20,0,0,807,1717,control
286,rush,3,brook,しずく湖畔,5,10,3,1,1,11,12,14,5,5,0,0,0,3,2,19,0,0,8,28,0,0,7,0,0,0,8,26,0,0,1717,1130,control
286,rush,4,volcano,ほむら火山,8,14,4,1,1,14,15,22,38,38,0,0,0,35,34,182,0,0,73,292,0,0,7,0,0,0,112,82,0,0,1130,968,control
286,rush,5,tower,星晶の塔,12,20,5,1,0,22,23,0,46,45,0,1,0,40,40,175,0,0,86,328,0,0,7,0,0,0,138,106,0,0,968,0,control
287,balanced,1,meadow,はじまり草原,1,4,2,1,1,1,2,6,6,4,2,0,4,3,2,33,2,0,11,66,4,1,15,0,0,0,11,5,0,0,230,913,control
287,balanced,2,cave,こだま洞くつ,3,7,2,1,1,7,8,10,4,3,1,0,3,2,1,40,2,2,8,62,1,1,24,0,0,0,11,8,0,0,1489,2397,control
287,balanced,3,brook,しずく湖畔,5,10,3,1,1,10,11,15,17,16,1,0,3,8,7,59,2,2,27,106,2,1,10,0,0,0,29,39,0,0,1857,955,control
287,balanced,4,volcano,ほむら火山,8,14,4,1,1,15,15,21,28,27,1,0,4,13,12,103,2,2,43,170,1,1,16,0,0,0,48,64,0,0,741,1238,control
287,balanced,5,tower,星晶の塔,12,20,5,1,1,21,22,28,37,36,1,0,3,17,16,83,2,2,56,162,11,1,8,0,0,0,58,90,0,0,960,3045,control
288,collector,1,meadow,はじまり草原,1,4,2,1,1,1,2,5,5,3,2,0,3,2,1,17,1,0,8,42,0,0,13,0,0,0,7,0,0,0,230,1260,control
288,collector,2,cave,こだま洞くつ,3,7,2,1,1,5,5,10,8,7,1,0,4,3,2,37,3,1,14,109,4,1,14,0,0,0,6,6,0,0,1518,3103,control
288,collector,3,brook,しずく湖畔,5,10,3,1,1,11,11,15,15,12,3,0,8,5,4,52,5,5,25,112,0,0,15,0,0,0,29,30,0,0,3483,1320,control
288,collector,4,volcano,ほむら火山,8,14,4,1,1,15,13,16,11,8,2,1,9,3,2,55,5,5,19,122,1,1,28,0,0,0,29,18,0,0,698,3613,control
288,collector,5,tower,星晶の塔,12,20,5,1,1,16,16,24,46,43,1,2,11,14,13,169,5,5,65,473,10,1,25,0,0,0,81,55,0,0,1909,2271,control
289,rush,1,meadow,はじまり草原,1,4,2,1,1,1,2,6,7,4,1,2,1,4,3,30,0,0,11,51,0,0,9,0,0,0,9,8,0,0,230,660,control
289,rush,2,cave,こだま洞くつ,3,7,2,1,1,6,7,10,7,5,1,1,2,5,4,41,0,0,12,65,0,0,9,0,0,0,18,14,0,0,660,1391,control
289,rush,3,brook,しずく湖畔,5,10,3,1,1,10,11,14,6,6,0,0,0,4,3,25,0,0,10,35,0,0,7,0,0,0,11,25,0,0,1391,1179,control
289,rush,4,volcano,ほむら火山,8,14,4,1,1,14,15,20,23,23,0,0,0,20,19,115,0,0,43,157,0,0,7,0,0,0,59,64,0,0,1179,1247,control
289,rush,5,tower,星晶の塔,12,20,5,1,0,20,21,0,45,45,0,0,0,40,40,193,0,0,85,300,0,0,7,0,0,0,125,110,0,0,1247,0,control
290,balanced,1,meadow,はじまり草原,1,4,2,1,1,1,2,7,8,6,2,0,3,4,3,55,1,0,13,84,9,1,18,0,0,0,10,7,0,0,230,771,control
290,balanced,2,cave,こだま洞くつ,3,7,2,1,1,7,7,12,6,5,1,0,2,3,2,41,1,0,10,63,3,1,16,0,0,0,8,20,0,0,1029,1839,control
290,balanced,3,brook,しずく湖畔,5,10,3,1,1,10,11,12,3,3,0,0,4,1,0,7,2,2,6,24,1,1,7,0,0,0,5,0,0,0,2473,3628,control
290,balanced,4,volcano,ほむら火山,8,14,4,1,1,12,13,19,26,25,1,0,3,12,11,79,2,2,40,159,10,1,21,0,0,0,43,73,0,0,2810,1235,control
290,balanced,5,tower,星晶の塔,12,20,5,1,1,19,20,27,32,30,1,1,5,14,13,63,2,2,48,149,3,1,12,0,0,0,52,86,0,0,957,3043,control
291,collector,1,meadow,はじまり草原,1,4,2,1,1,1,3,6,9,7,1,1,4,3,2,30,2,0,14,74,4,1,14,0,0,0,8,1,0,0,230,1153,control
291,collector,2,cave,こだま洞くつ,3,7,2,1,1,7,4,9,8,7,1,0,5,3,2,38,4,3,15,116,3,1,16,0,0,0,12,7,0,0,1729,2627,control
291,collector,3,brook,しずく湖畔,5,10,3,1,1,10,10,15,18,15,3,0,8,6,5,57,5,5,29,120,3,1,14,0,0,0,31,19,0,0,2165,2224,control
291,collector,4,volcano,ほむら火山,8,14,4,1,1,15,15,17,7,5,2,0,8,2,1,11,5,5,14,81,2,1,12,0,0,0,24,5,0,0,1176,3789,control
291,collector,5,tower,星晶の塔,12,20,5,1,1,17,16,24,46,43,1,2,8,14,13,117,5,5,65,289,2,1,51,1,0,0,64,61,0,0,2002,2325,control
292,rush,1,meadow,はじまり草原,1,4,2,1,1,1,3,6,3,1,2,0,2,2,1,20,0,0,5,31,0,0,11,0,0,0,6,5,0,0,230,808,control
292,rush,2,cave,こだま洞くつ,3,7,2,1,1,6,6,12,16,16,0,0,0,15,14,116,0,0,31,157,0,0,9,0,0,0,45,28,0,0,808,1267,control
292,rush,3,brook,しずく湖畔,5,10,3,1,1,12,13,15,6,6,0,0,0,4,3,23,0,0,10,36,0,0,6,0,0,0,11,20,0,0,1267,1367,control
292,rush,4,volcano,ほむら火山,8,14,4,1,1,15,15,22,36,36,0,0,0,33,32,166,0,0,69,268,0,0,7,0,0,0,107,81,0,0,1367,937,control
292,rush,5,tower,星晶の塔,12,20,5,1,0,22,23,0,45,45,0,0,0,40,40,167,0,0,85,295,0,0,7,0,0,0,138,107,0,0,937,0,control
293,balanced,1,meadow,はじまり草原,1,4,2,1,1,1,3,7,14,12,0,2,5,6,5,50,2,2,22,100,6,1,11,0,0,0,9,7,0,0,230,631,control
293,balanced,2,cave,こだま洞くつ,3,7,2,1,1,7,8,11,6,4,2,0,4,3,2,23,2,1,11,62,3,1,15,0,0,0,11,23,0,0,490,902,control
293,balanced,3,brook,しずく湖畔,5,10,3,1,1,12,12,17,19,18,1,0,4,9,8,60,2,2,30,96,7,1,11,0,0,0,31,28,0,0,1282,1830,control
293,balanced,4,volcano,ほむら火山,8,14,4,1,1,17,16,18,8,7,1,0,3,3,2,17,2,2,13,48,1,1,8,0,0,0,14,21,0,0,1418,2217,control
293,balanced,5,tower,星晶の塔,12,20,5,1,1,18,18,26,43,42,1,0,4,20,19,145,2,2,65,268,7,1,19,0,0,0,65,110,0,0,1717,1858,control
294,collector,1,meadow,はじまり草原,1,4,2,1,1,1,3,9,23,23,0,0,1,8,7,59,1,0,32,126,6,1,11,0,0,0,7,3,0,0,230,1264,control
294,collector,2,cave,こだま洞くつ,3,7,2,1,1,9,9,12,8,7,1,0,2,3,2,44,1,0,12,76,1,1,21,0,0,0,5,9,0,0,2162,2224,control
294,collector,3,brook,しずく湖畔,5,10,3,1,1,12,7,13,15,13,2,0,3,5,4,22,1,0,21,54,3,1,7,0,0,0,10,19,0,0,2538,1905,control
294,collector,4,volcano,ほむら火山,8,14,4,1,1,13,14,18,16,14,2,0,8,5,4,59,5,5,26,130,3,1,17,0,0,0,29,32,1,0,2652,2815,control
294,collector,5,tower,星晶の塔,12,20,5,1,1,18,19,22,24,20,3,1,9,7,6,53,5,5,36,164,3,1,17,0,0,0,42,35,0,0,1488,2287,control
295,rush,1,meadow,はじまり草原,1,4,2,1,1,1,2,7,6,4,1,1,2,4,3,25,0,0,10,42,0,0,7,0,0,0,7,8,0,0,230,689,control
295,rush,2,cave,こだま洞くつ,3,7,2,1,1,7,7,11,8,7,1,0,1,7,6,63,0,0,15,80,0,0,12,0,0,0,19,16,0,0,689,1685,control
295,rush,3,brook,しずく湖畔,5,10,3,1,1,11,11,14,6,6,0,0,0,4,3,21,0,0,10,34,0,0,7,0,0,0,10,25,0,0,1685,1179,control
295,rush,4,volcano,ほむら火山,8,14,4,1,1,14,15,19,18,18,0,0,0,15,14,86,0,0,33,121,0,0,7,0,0,0,44,44,0,0,1179,1897,control
295,rush,5,tower,星晶の塔,12,20,5,1,0,19,20,0,45,45,0,0,0,40,40,199,0,0,85,307,0,0,7,0,0,0,123,125,0,0,1897,0,control
296,balanced,1,meadow,はじまり草原,1,4,2,1,1,1,3,6,11,5,1,5,8,3,2,28,2,2,16,78,5,1,10,0,0,0,15,4,0,0,230,915,control
296,balanced,2,cave,こだま洞くつ,3,7,2,1,1,6,6,9,10,5,1,4,3,3,2,25,2,2,15,95,8,1,14,0,0,0,26,8,0,0,710,1637,control
296,balanced,3,brook,しずく湖畔,5,10,3,1,1,9,10,13,7,6,1,0,3,3,2,18,2,2,12,46,2,1,8,0,0,0,12,21,0,0,1269,1413,control
296,balanced,4,volcano,ほむら火山,8,14,4,1,1,13,13,16,10,9,1,0,3,4,3,25,2,2,16,62,2,1,8,0,0,0,18,24,0,0,1095,1209,control
296,balanced,5,tower,星晶の塔,12,20,5,1,1,16,16,26,46,44,1,1,4,21,20,100,2,2,69,223,5,1,10,0,0,0,72,130,0,0,937,1890,control
297,collector,1,meadow,はじまり草原,1,4,2,1,1,1,3,6,12,9,2,1,5,4,3,51,3,0,19,114,7,1,16,0,0,0,17,0,0,0,230,1017,control
297,collector,2,cave,こだま洞くつ,3,7,2,1,1,9,9,12,11,10,1,0,7,4,3,98,5,5,20,190,3,1,32,0,0,0,25,17,0,0,3201,2058,control
297,collector,3,brook,しずく湖畔,5,10,3,1,1,12,12,14,9,8,1,0,7,3,2,17,5,5,17,70,1,1,8,0,0,0,23,6,0,0,1088,1368,control
297,collector,4,volcano,ほむら火山,8,14,4,1,1,14,10,17,23,18,4,1,10,7,6,41,5,5,35,256,10,1,19,0,0,0,51,25,0,0,724,2807,control
297,collector,5,tower,星晶の塔,12,20,5,1,1,17,17,22,29,25,1,3,10,8,7,139,5,5,42,236,2,1,40,0,0,0,48,35,0,0,1483,2300,control
298,rush,1,meadow,はじまり草原,1,4,2,1,1,1,3,6,4,1,2,1,3,2,1,16,0,0,6,31,0,0,9,0,0,0,5,5,0,0,230,780,control
298,rush,2,cave,こだま洞くつ,3,7,2,1,1,6,7,10,5,5,0,0,0,4,3,28,0,0,9,39,0,0,8,0,0,0,10,18,0,0,780,564,control
298,rush,3,brook,しずく湖畔,5,10,3,1,1,10,11,14,5,5,0,0,0,3,2,16,0,0,8,27,0,0,6,0,0,0,7,22,0,0,564,1432,control
298,rush,4,volcano,ほむら火山,8,14,4,1,1,14,14,21,32,32,0,0,0,29,28,142,0,0,61,249,0,0,7,0,0,0,100,80,0,0,1432,1002,control
298,rush,5,tower,星晶の塔,12,20,5,1,0,21,22,0,46,45,0,1,0,40,40,168,0,0,86,332,0,0,7,0,0,0,141,109,0,0,1002,0,control
299,balanced,1,meadow,はじまり草原,1,4,2,1,1,1,3,7,12,7,1,4,5,4,3,34,1,0,17,73,3,1,12,0,0,0,12,6,0,0,230,764,control
299,balanced,2,cave,こだま洞くつ,3,7,2,1,1,7,6,10,6,5,1,0,3,3,2,42,2,2,11,86,5,1,14,0,0,0,9,10,0,0,842,2763,control
299,balanced,3,brook,しずく湖畔,5,10,3,1,1,10,10,12,5,4,1,0,3,2,1,24,2,2,9,44,0,0,12,0,0,0,6,13,0,0,2141,2068,control
299,balanced,4,volcano,ほむら火山,8,14,4,1,1,12,11,17,21,17,1,3,7,8,7,55,2,2,31,123,6,1,9,0,0,0,37,40,0,0,1602,2440,control
299,balanced,5,tower,星晶の塔,12,20,5,1,1,17,17,23,33,32,1,0,3,15,14,79,2,2,50,170,5,1,14,0,0,0,53,75,0,0,1891,2231,control
300,collector,1,meadow,はじまり草原,1,4,2,1,1,1,2,6,12,10,1,1,3,4,3,40,2,1,18,89,5,1,14,0,0,0,11,0,0,0,230,1037,control
300,collector,2,cave,こだま洞くつ,3,7,2,1,1,7,5,10,8,7,1,0,3,3,2,41,2,0,13,113,3,1,15,0,0,0,4,7,0,0,991,2476,control
300,collector,3,brook,しずく湖畔,5,10,3,1,1,10,11,14,12,10,2,0,7,4,3,33,5,5,21,91,2,1,11,0,0,0,26,27,0,0,3184,1471,control
300,collector,4,volcano,ほむら火山,8,14,4,1,1,14,12,16,10,7,3,0,9,3,2,19,5,5,18,86,1,1,10,0,0,0,26,19,0,0,778,3179,control
300,collector,5,tower,星晶の塔,12,20,5,1,1,16,16,20,25,22,1,2,11,7,6,31,5,5,37,200,6,1,16,0,0,0,52,30,0,0,1680,2680,control
1,rush,1,meadow,はじまり草原,1,4,2,1,1,1,2,4,2,0,2,0,2,1,0,5,0,0,3,11,0,0,5,0,0,0,0,0,0,0,230,1078,transition4
1,rush,2,cave,こだま洞くつ,3,7,2,1,1,4,6,10,4,4,0,0,0,3,2,17,0,0,7,32,0,0,6,0,0,0,8,17,0,0,1078,1665,transition4
1,rush,3,brook,しずく湖畔,5,10,3,1,1,10,10,13,4,4,0,0,0,2,1,11,0,0,6,20,0,0,6,0,0,0,4,17,0,0,1665,1770,transition4
1,rush,4,volcano,ほむら火山,8,14,4,1,1,13,13,19,10,10,0,0,0,7,6,46,0,0,17,77,0,0,11,0,0,0,22,39,0,0,1770,968,transition4
1,rush,5,tower,星晶の塔,12,20,5,1,0,19,20,0,49,45,0,4,0,40,40,165,0,0,89,327,0,0,7,0,0,0,152,120,0,0,968,0,transition4
2,balanced,1,meadow,はじまり草原,1,4,2,1,1,1,3,6,6,6,0,0,3,3,2,15,1,0,10,38,2,1,6,0,0,0,2,5,0,0,230,886,transition4
2,balanced,2,cave,こだま洞くつ,3,7,2,1,1,7,5,10,6,5,1,0,3,3,2,32,2,0,11,66,4,1,17,0,0,0,4,10,0,0,1034,2770,transition4
2,balanced,3,brook,しずく湖畔,5,10,3,1,1,10,11,14,7,6,1,0,4,3,2,14,2,2,12,38,3,1,7,0,0,0,9,29,0,0,3458,2064,transition4
2,balanced,4,volcano,ほむら火山,8,14,4,1,1,14,12,17,4,3,1,0,4,1,0,5,2,0,7,27,1,1,7,0,0,0,2,0,0,0,1599,4058,transition4
2,balanced,5,tower,星晶の塔,12,20,5,1,1,17,18,22,10,8,1,1,6,3,2,13,2,2,15,52,0,0,7,0,0,0,15,46,0,0,4872,6547,transition4
3,collector,1,meadow,はじまり草原,1,4,2,1,1,1,2,5,6,3,2,1,7,2,1,16,5,0,13,61,3,1,11,0,0,0,6,0,0,0,230,1236,transition4
3,collector,2,cave,こだま洞くつ,3,7,2,1,1,9,9,11,2,0,2,0,4,1,0,17,2,0,5,34,2,1,17,0,0,0,5,0,0,0,3276,5230,transition4
3,collector,3,brook,しずく湖畔,5,10,3,1,1,8,12,14,3,2,1,0,2,1,0,7,1,0,5,23,0,0,7,0,0,0,4,0,0,0,5998,8922,transition4
3,collector,4,volcano,ほむら火山,8,14,4,1,1,11,11,18,4,2,2,0,8,1,0,6,5,1,10,70,0,0,20,0,0,0,2,0,0,0,9129,15253,transition4
3,collector,5,tower,星晶の塔,12,20,5,1,1,22,23,28,24,21,2,1,9,7,6,36,5,5,36,186,5,1,14,0,0,0,42,137,0,0,21751,7049,transition4
4,rush,1,meadow,はじまり草原,1,4,2,1,1,1,2,5,3,1,2,0,2,2,1,14,0,0,5,25,0,0,10,0,0,0,3,3,0,0,230,926,transition4
4,rush,2,cave,こだま洞くつ,3,7,2,1,1,5,6,9,3,3,0,0,0,2,1,15,0,0,5,22,0,0,9,0,0,0,4,9,0,0,926,1031,transition4
4,rush,3,brook,しずく湖畔,5,10,3,1,1,9,10,11,3,3,0,0,0,1,0,6,0,0,4,13,0,0,6,0,0,0,1,0,0,0,1031,3231,transition4
4,rush,4,volcano,ほむら火山,8,14,4,1,1,11,12,21,32,28,0,4,0,25,24,172,0,0,57,294,0,0,11,0,0,0,100,60,0,0,3231,2177,transition4
4,rush,5,tower,星晶の塔,12,20,5,1,0,21,22,0,47,45,0,2,0,40,40,183,0,0,87,342,0,0,9,0,0,0,143,131,0,0,2177,0,transition4
5,balanced,1,meadow,はじまり草原,1,4,2,1,1,1,2,5,4,3,1,0,2,2,1,14,1,0,7,29,3,1,7,0,0,0,4,2,0,0,230,1130,transition4
5,balanced,2,cave,こだま洞くつ,3,7,2,1,1,6,5,8,4,3,1,0,2,2,1,28,1,0,7,61,1,1,16,0,0,0,4,5,0,0,1208,3067,transition4
5,balanced,3,brook,しずく湖畔,5,10,3,1,1,9,10,13,7,6,1,0,5,3,2,13,2,1,12,39,3,1,8,0,0,0,6,23,0,0,3201,2826,transition4
5,balanced,4,volcano,ほむら火山,8,14,4,1,1,13,13,17,4,3,1,0,4,1,0,3,2,0,7,26,0,0,6,0,0,0,2,0,0,0,2694,4900,transition4
5,balanced,5,tower,星晶の塔,12,20,5,1,1,18,17,22,14,12,1,1,6,5,4,21,2,2,21,70,0,0,8,0,0,0,23,83,0,0,5414,4978,transition4
6,collector,1,meadow,はじまり草原,1,4,2,1,1,1,2,5,5,3,2,0,3,2,1,16,1,0,8,33,3,1,10,0,0,0,3,0,0,0,230,1257,transition4
6,collector,2,cave,こだま洞くつ,3,7,2,1,1,6,7,11,8,8,0,0,2,3,2,43,1,0,12,91,2,1,20,0,0,0,4,10,0,0,1755,2992,transition4
6,collector,3,brook,しずく湖畔,5,10,3,1,1,11,7,10,9,7,2,0,7,3,2,15,5,5,17,56,2,1,6,0,0,0,14,8,0,0,3126,2880,transition4
6,collector,4,volcano,ほむら火山,8,14,4,1,1,10,11,17,7,5,2,0,4,2,1,8,1,0,10,33,2,1,7,0,0,0,5,7,0,0,1522,2413,transition4
6,collector,5,tower,星晶の塔,12,20,5,1,1,17,18,21,16,13,1,2,8,4,3,21,5,5,25,132,2,1,16,0,0,0,35,40,0,0,3870,3086,transition4
7,rush,1,meadow,はじまり草原,1,4,2,1,1,1,2,5,3,2,1,0,2,2,1,13,0,0,5,20,0,0,9,0,0,0,2,2,0,0,230,1001,transition4
7,rush,2,cave,こだま洞くつ,3,7,2,1,1,5,6,9,3,2,1,0,2,2,1,15,0,0,5,27,0,0,8,0,0,0,7,11,0,0,1001,1167,transition4
7,rush,3,brook,しずく湖畔,5,10,3,1,1,9,10,12,4,4,0,0,0,2,1,11,0,0,6,19,0,0,7,0,0,0,5,20,0,0,1167,1751,transition4
7,rush,4,volcano,ほむら火山,8,14,4,1,1,12,13,18,5,5,0,0,0,2,1,12,0,0,7,29,0,0,7,0,0,0,6,30,0,0,1751,1323,transition4
7,rush,5,tower,星晶の塔,12,20,5,1,0,18,19,0,48,45,0,3,0,40,40,180,0,0,88,334,0,0,7,0,0,0,139,131,0,0,1323,0,transition4
8,balanced,1,meadow,はじまり草原,1,4,2,1,1,1,2,5,4,2,2,0,4,2,1,14,2,0,8,36,1,1,9,0,0,0,4,2,0,0,230,1113,transition4
8,balanced,2,cave,こだま洞くつ,3,7,2,1,1,8,8,10,4,3,1,0,3,2,1,20,1,0,7,44,0,0,13,0,0,0,4,8,0,0,3009,3003,transition4
8,balanced,3,brook,しずく湖畔,5,10,3,1,1,10,11,13,5,4,1,0,3,2,1,9,2,2,9,28,1,1,5,0,0,0,7,14,0,0,3397,3367,transition4
8,balanced,4,volcano,ほむら火山,8,14,4,1,1,13,11,15,4,3,1,0,5,1,0,4,2,2,7,28,0,0,7,0,0,0,5,0,0,0,2608,4766,transition4
8,balanced,5,tower,星晶の塔,12,20,5,1,1,15,16,25,33,32,1,0,3,15,14,70,2,2,50,136,6,1,6,0,0,0,50,118,0,0,3692,2734,transition4
9,collector,1,meadow,はじまり草原,1,4,2,1,1,1,2,5,5,4,1,0,3,2,1,9,2,0,9,36,0,0,8,0,0,0,3,0,0,0,230,1284,transition4
9,collector,2,cave,こだま洞くつ,3,7,2,1,1,7,7,10,5,4,1,0,4,2,1,33,2,0,9,81,3,1,17,0,0,0,4,3,0,0,1860,3044,transition4
9,collector,3,brook,しずく湖畔,5,10,3,1,1,11,7,12,12,11,1,0,7,4,3,20,5,4,21,75,3,1,10,0,0,0,17,16,0,0,3612,3866,transition4
9,collector,4,volcano,ほむら火山,8,14,4,1,1,13,13,15,4,1,3,0,9,1,0,14,5,5,10,70,2,1,14,0,0,0,19,0,0,0,2461,4066,transition4
9,collector,5,tower,星晶の塔,12,20,5,1,1,15,17,24,33,29,3,1,9,10,9,189,5,5,48,348,8,1,44,0,0,0,53,54,0,0,2148,4857,transition4
10,rush,1,meadow,はじまり草原,1,4,2,1,1,1,3,6,5,3,0,2,2,2,1,7,0,0,7,26,0,0,5,0,0,0,3,4,0,0,230,780,transition4
10,rush,2,cave,こだま洞くつ,3,7,2,1,1,6,6,9,6,3,1,2,4,3,2,16,0,0,9,33,0,0,6,0,0,0,7,10,0,0,780,944,transition4
10,rush,3,brook,しずく湖畔,5,10,3,1,1,9,10,13,5,5,0,0,3,3,2,12,0,0,8,20,0,0,5,0,0,0,5,26,0,0,944,1462,transition4
10,rush,4,volcano,ほむら火山,8,14,4,1,1,13,14,18,5,4,1,0,2,2,1,13,0,0,7,27,0,0,8,0,0,0,6,22,0,0,1462,1186,transition4
10,rush,5,tower,星晶の塔,12,20,5,1,1,18,19,27,33,33,0,0,0,29,28,128,0,0,62,205,0,0,7,0,0,0,92,113,0,0,1186,1545,transition4
11,balanced,1,meadow,はじまり草原,1,4,2,1,1,1,2,6,4,2,2,0,4,2,1,20,2,0,8,42,3,1,12,0,0,0,4,2,0,0,230,1117,transition4
11,balanced,2,cave,こだま洞くつ,3,7,2,1,1,7,8,11,4,3,1,0,3,2,1,28,2,2,8,57,2,1,22,0,0,0,9,12,0,0,1873,2748,transition4
11,balanced,3,brook,しずく湖畔,5,10,3,1,1,11,11,12,3,2,1,0,3,1,0,5,2,2,6,25,0,0,7,0,0,0,8,0,0,0,2129,3320,transition4
11,balanced,4,volcano,ほむら火山,8,14,4,1,1,12,12,19,12,11,1,0,3,5,4,42,2,2,19,97,1,1,14,0,0,0,28,41,0,0,2572,1924,transition4
11,balanced,5,tower,星晶の塔,12,20,5,1,1,19,16,25,39,36,1,2,7,17,16,118,2,2,58,251,0,0,11,0,0,0,75,88,0,0,1491,4254,transition4
12,collector,1,meadow,はじまり草原,1,4,2,1,1,1,2,5,5,4,1,0,2,2,1,9,1,0,8,23,1,1,6,0,0,0,2,0,0,0,230,1278,transition4
12,collector,2,cave,こだま洞くつ,3,7,2,1,1,6,7,9,2,1,1,0,6,1,0,21,4,0,7,70,1,1,21,0,0,0,4,0,0,0,1356,3542,transition4
12,collector,3,brook,しずく湖畔,5,10,3,1,1,12,12,13,3,1,2,0,7,1,0,8,5,5,9,41,0,0,8,0,0,0,17,0,0,0,5278,6707,transition4
12,collector,4,volcano,ほむら火山,8,14,4,1,1,13,8,16,17,11,2,4,12,4,3,47,5,5,26,174,3,1,16,0,0,0,45,14,0,0,3542,1947,transition4
12,collector,5,tower,星晶の塔,12,20,5,1,1,16,16,25,51,43,1,7,15,14,13,174,5,5,70,441,6,1,21,0,0,0,82,55,0,0,1029,5359,transition4
13,rush,1,meadow,はじまり草原,1,4,2,1,1,1,3,7,4,4,0,0,2,3,2,10,0,0,7,21,0,0,4,0,0,0,2,8,0,0,230,680,transition4
13,rush,2,cave,こだま洞くつ,3,7,2,1,1,7,7,9,3,1,2,0,2,2,1,15,0,0,5,24,0,0,9,0,0,0,5,9,0,0,680,707,transition4
13,rush,3,brook,しずく湖畔,5,10,3,1,1,9,10,14,9,9,0,0,0,7,6,36,0,0,16,57,0,0,6,0,0,0,19,33,0,0,707,1157,transition4
13,rush,4,volcano,ほむら火山,8,14,4,1,1,14,15,18,4,4,0,0,0,1,0,8,0,0,5,17,0,0,8,0,0,0,2,0,0,0,1157,2404,transition4
13,rush,5,tower,星晶の塔,12,20,5,1,0,18,19,0,46,45,0,1,0,40,40,185,0,0,86,333,0,0,8,0,0,0,140,152,0,0,2404,0,transition4
14,balanced,1,meadow,はじまり草原,1,4,2,1,1,1,2,6,4,3,1,0,3,2,1,12,2,0,8,31,2,1,7,0,0,0,2,2,0,0,230,1132,transition4
14,balanced,2,cave,こだま洞くつ,3,7,2,1,1,7,8,10,4,3,1,0,3,2,1,12,2,2,8,41,0,0,12,0,0,0,10,8,0,0,1708,2595,transition4
14,balanced,3,brook,しずく湖畔,5,10,3,1,1,10,11,13,5,4,1,0,3,2,1,17,2,2,9,45,1,1,9,0,0,0,10,15,0,0,2010,2078,transition4
14,balanced,4,volcano,ほむら火山,8,14,4,1,1,13,12,16,6,5,1,0,3,2,1,29,2,1,10,60,0,0,17,0,0,0,10,17,0,0,1610,2141,transition4
14,balanced,5,tower,星晶の塔,12,20,5,1,1,17,18,21,11,8,1,2,5,3,2,21,2,2,16,66,0,0,10,0,0,0,20,50,0,0,3167,2108,transition4
15,collector,1,meadow,はじまり草原,1,4,2,1,1,1,2,5,5,3,2,0,4,2,1,17,2,0,9,39,3,1,12,0,0,0,3,0,0,0,230,1256,transition4
15,collector,2,cave,こだま洞くつ,3,7,2,1,1,7,8,9,2,0,2,0,3,1,0,15,1,0,4,28,2,1,15,0,0,0,4,0,0,0,2012,4036,transition4
15,collector,3,brook,しずく湖畔,5,10,3,1,1,7,6,9,6,3,3,0,8,2,1,12,5,5,13,52,2,1,7,0,0,0,20,3,0,0,4170,4377,transition4
15,collector,4,volcano,ほむら火山,8,14,4,1,1,9,9,17,10,9,1,0,7,3,2,17,5,5,18,103,4,1,10,0,0,0,30,10,0,0,2311,4554,transition4
15,collector,5,tower,星晶の塔,12,20,5,1,1,17,14,22,37,33,2,2,10,11,10,59,5,5,53,213,4,1,34,0,0,0,58,58,0,0,2406,2622,transition4
16,rush,1,meadow,はじまり草原,1,4,2,1,1,1,2,5,4,2,1,1,2,2,1,11,0,0,6,24,0,0,7,0,0,0,3,3,0,0,230,921,transition4
16,rush,2,cave,こだま洞くつ,3,7,2,1,1,5,6,9,3,2,1,0,1,2,1,12,0,0,5,21,0,0,7,0,0,0,4,9,0,0,921,1214,transition4
16,rush,3,brook,しずく湖畔,5,10,3,1,1,9,10,10,3,3,0,0,0,1,0,7,0,0,4,16,0,0,7,0,0,0,2,0,0,0,1214,3184,transition4
16,rush,4,volcano,ほむら火山,8,14,4,1,1,10,12,18,11,11,0,0,0,8,7,50,0,0,19,78,0,0,8,0,0,0,23,59,0,0,3184,949,transition4
16,rush,5,tower,星晶の塔,12,20,5,1,0,18,19,0,47,45,0,2,0,40,40,187,0,0,87,361,0,0,8,0,0,0,140,124,0,0,949,0,transition4
17,balanced,1,meadow,はじまり草原,1,4,2,1,1,1,3,6,4,4,0,0,1,2,1,8,1,0,7,20,1,1,4,0,0,0,1,2,0,0,230,1081,transition4
17,balanced,2,cave,こだま洞くつ,3,7,2,1,1,6,5,9,4,3,1,0,2,2,1,31,1,0,7,66,3,1,16,0,0,0,3,5,0,0,1279,2760,transition4
17,balanced,3,brook,しずく湖畔,5,10,3,1,1,9,10,11,3,2,1,0,5,1,0,4,2,2,6,27,0,0,7,0,0,0,5,0,0,0,3074,4235,transition4
17,balanced,4,volcano,ほむら火山,8,14,4,1,1,11,12,18,8,7,1,0,5,3,2,17,2,0,13,64,1,1,15,0,0,0,13,31,0,0,3280,2606,transition4
17,balanced,5,tower,星晶の塔,12,20,5,1,1,18,19,23,14,12,1,1,4,5,4,24,2,2,21,75,3,1,8,0,0,0,24,77,0,0,4320,2711,transition4
18,collector,1,meadow,はじまり草原,1,4,2,1,1,1,2,5,5,4,1,0,2,2,1,14,1,0,8,30,3,1,9,0,0,0,3,0,0,0,230,1275,transition4
18,collector,2,cave,こだま洞くつ,3,7,2,1,1,6,7,11,8,7,1,0,4,3,2,52,2,0,13,103,2,1,26,0,0,0,4,8,0,0,1353,3107,transition4
18,collector,3,brook,しずく湖畔,5,10,3,1,1,11,11,14,12,9,3,0,5,4,3,28,2,1,18,66,0,0,8,0,0,0,13,21,1,0,3375,2120,transition4
18,collector,4,volcano,ほむら火山,8,14,4,1,1,13,13,17,4,1,3,0,7,1,0,4,4,3,9,39,0,0,7,0,0,0,7,0,0,0,3273,5495,transition4
18,collector,5,tower,星晶の塔,12,20,5,1,1,18,18,28,53,48,2,3,11,16,15,150,5,5,74,520,9,1,59,1,0,0,83,102,0,0,4003,4509,transition4
19,rush,1,meadow,はじまり草原,1,4,2,1,1,1,2,5,3,2,1,0,2,2,1,10,0,0,5,19,0,0,6,0,0,0,3,3,0,0,230,938,transition4
19,rush,2,cave,こだま洞くつ,3,7,2,1,1,5,6,9,6,2,1,3,4,2,1,12,0,0,8,36,0,0,6,0,0,0,10,9,0,0,938,957,transition4
19,rush,3,brook,しずく湖畔,5,10,3,1,1,9,10,12,4,4,0,0,0,2,1,13,0,0,6,22,0,0,7,0,0,0,5,19,0,0,957,1611,transition4
19,rush,4,volcano,ほむら火山,8,14,4,1,1,12,13,18,5,5,0,0,0,2,1,10,0,0,7,21,0,0,5,0,0,0,5,28,0,0,1611,1333,transition4
19,rush,5,tower,星晶の塔,12,20,5,1,0,18,19,0,46,45,0,1,0,40,40,182,0,0,86,313,0,0,6,0,0,0,132,135,0,0,1333,0,transition4
20,balanced,1,meadow,はじまり草原,1,4,2,1,1,1,2,5,2,1,1,0,2,1,0,7,1,0,4,15,1,1,7,0,0,0,1,0,0,0,230,1093,transition4
20,balanced,2,cave,こだま洞くつ,3,7,2,1,1,5,6,9,4,3,1,0,4,2,1,34,2,0,8,62,3,1,23,0,0,0,3,6,0,0,1271,2958,transition4
20,balanced,3,brook,しずく湖畔,5,10,3,1,1,10,10,13,5,4,1,0,3,2,1,7,2,1,9,30,1,1,8,0,0,0,5,16,0,0,3226,3589,transition4
20,balanced,4,volcano,ほむら火山,8,14,4,1,1,14,13,17,4,3,1,0,5,1,0,3,2,0,7,23,0,0,6,0,0,0,1,0,0,0,4566,5789,transition4
20,balanced,5,tower,星晶の塔,12,20,5,1,1,18,16,22,13,12,1,0,3,5,4,15,2,2,20,46,4,1,4,0,0,0,13,94,0,0,8503,3429,transition4
21,collector,1,meadow,はじまり草原,1,4,2,1,1,1,2,5,5,4,1,0,6,2,1,14,5,0,12,59,3,1,9,0,0,0,5,0,0,0,230,1266,transition4
21,collector,2,cave,こだま洞くつ,3,7,2,1,1,8,8,11,5,4,1,0,3,2,1,33,2,0,9,69,2,1,20,0,0,0,3,4,0,0,3126,4654,transition4
21,collector,3,brook,しずく湖畔,5,10,3,1,1,12,7,12,9,7,2,0,7,3,2,14,5,2,17,63,3,1,10,0,0,0,11,7,0,0,5122,6646,transition4
21,collector,4,volcano,ほむら火山,8,14,4,1,1,20,20,22,4,2,2,0,8,1,0,2,5,3,10,66,0,0,16,0,0,0,8,0,0,0,17844,18546,transition4
21,collector,5,tower,星晶の塔,12,20,5,1,1,23,23,30,39,35,3,1,9,12,11,148,5,5,56,362,3,1,52,1,0,0,55,160,0,0,12990,2308,transition4
22,rush,1,meadow,はじまり草原,1,4,2,1,1,1,2,5,3,2,1,0,1,2,1,11,0,0,5,18,0,0,7,0,0,0,2,2,0,0,230,997,transition4
22,rush,2,cave,こだま洞くつ,3,7,2,1,1,5,6,9,3,2,1,0,1,2,1,15,0,0,5,24,0,0,8,0,0,0,5,10,0,0,997,1009,transition4
22,rush,3,brook,しずく湖畔,5,10,3,1,1,9,10,12,4,4,0,0,0,2,1,11,0,0,6,19,0,0,6,0,0,0,4,20,0,0,1009,1793,transition4
22,rush,4,volcano,ほむら火山,8,14,4,1,1,12,13,18,5,5,0,0,0,2,1,11,0,0,7,23,0,0,6,0,0,0,5,20,0,0,1793,1963,transition4
22,rush,5,tower,星晶の塔,12,20,5,1,0,18,18,0,46,45,0,1,0,40,40,160,0,0,86,301,0,0,7,0,0,0,135,143,0,0,1963,0,transition4
23,balanced,1,meadow,はじまり草原,1,4,2,1,1,1,3,7,6,6,0,0,3,3,2,12,1,0,10,34,1,1,5,0,0,0,2,5,0,0,230,889,transition4
23,balanced,2,cave,こだま洞くつ,3,7,2,1,1,7,5,8,4,3,1,0,2,2,1,34,1,0,7,61,3,1,18,0,0,0,3,5,0,0,1037,2766,transition4
23,balanced,3,brook,しずく湖畔,5,10,3,1,1,9,8,10,5,4,1,0,3,2,1,11,2,2,9,31,2,1,6,0,0,0,7,8,0,0,3080,3471,transition4
23,balanced,4,volcano,ほむら火山,8,14,4,1,1,10,11,16,6,5,1,0,4,2,1,13,2,2,10,42,2,1,8,0,0,0,11,16,0,0,2689,2948,transition4
23,balanced,5,tower,星晶の塔,12,20,5,1,1,16,14,16,8,6,1,1,6,2,1,13,2,2,12,58,1,1,9,0,0,0,21,23,0,0,2284,4353,transition4
24,collector,1,meadow,はじまり草原,1,4,2,1,1,1,2,5,5,4,1,0,2,2,1,12,1,0,8,29,1,1,7,0,0,0,2,0,0,0,230,1270,transition4
24,collector,2,cave,こだま洞くつ,3,7,2,1,1,6,6,9,2,0,2,0,4,1,0,7,2,1,5,27,1,1,9,0,0,0,5,0,0,0,1348,3492,transition4
24,collector,3,brook,しずく湖畔,5,10,3,1,1,7,7,11,9,7,2,0,8,3,2,14,5,5,17,58,3,1,6,0,0,0,15,9,0,0,3467,3310,transition4
24,collector,4,volcano,ほむら火山,8,14,4,1,1,11,11,16,4,1,3,0,8,1,0,5,5,5,10,54,1,1,8,0,0,0,18,0,0,0,1749,2978,transition4
24,collector,5,tower,星晶の塔,12,20,5,1,1,16,17,23,26,22,4,0,9,8,7,131,5,5,39,217,4,1,31,0,0,0,43,63,0,0,1574,3525,transition4
25,rush,1,meadow,はじまり草原,1,4,2,1,1,1,2,5,3,2,1,0,2,2,1,12,0,0,5,21,0,0,6,0,0,0,3,2,0,0,230,1003,transition4
25,rush,2,cave,こだま洞くつ,3,7,2,1,1,5,6,11,10,10,0,0,1,9,8,47,0,0,19,78,0,0,7,0,0,0,17,23,0,0,1003,1686,transition4
25,rush,3,brook,しずく湖畔,5,10,3,1,1,11,12,16,16,16,0,0,3,14,13,49,0,0,30,80,0,0,5,0,0,0,27,34,0,0,1686,1129,transition4
25,rush,4,volcano,ほむら火山,8,14,4,1,1,16,16,20,5,4,1,0,2,2,1,13,0,0,7,29,0,0,7,0,0,0,7,18,0,0,1129,981,transition4
25,rush,5,tower,星晶の塔,12,20,5,1,0,20,21,0,49,45,0,4,0,40,40,177,0,0,89,322,0,0,7,0,0,0,145,126,0,0,981,0,transition4
26,balanced,1,meadow,はじまり草原,1,4,2,1,1,1,2,5,4,3,1,0,2,2,1,13,1,0,7,27,2,1,7,0,0,0,3,2,0,0,230,1134,transition4
26,balanced,2,cave,こだま洞くつ,3,7,2,1,1,6,6,10,4,4,0,0,4,2,1,30,2,0,8,59,2,1,16,0,0,0,2,5,0,0,1212,2943,transition4
26,balanced,3,brook,しずく湖畔,5,10,3,1,1,11,11,12,3,2,1,0,5,1,0,4,2,2,6,20,0,0,6,0,0,0,4,0,0,0,3631,4765,transition4
26,balanced,4,volcano,ほむら火山,8,14,4,1,1,12,11,16,4,3,1,0,5,1,0,4,2,2,7,26,0,0,6,0,0,0,5,0,0,0,3691,6122,transition4
26,balanced,5,tower,星晶の塔,12,20,5,1,1,16,18,27,38,37,0,1,8,17,16,69,2,2,57,186,12,1,7,0,0,0,44,149,0,0,4742,1852,transition4
27,collector,1,meadow,はじまり草原,1,4,2,1,1,1,2,5,5,4,1,0,4,2,1,11,3,0,10,42,1,1,8,0,0,0,4,0,0,0,230,1272,transition4
27,collector,2,cave,こだま洞くつ,3,7,2,1,1,7,7,10,5,3,2,0,3,2,1,33,1,0,8,48,4,1,17,0,0,0,5,3,0,0,2626,3588,transition4
27,collector,3,brook,しずく湖畔,5,10,3,1,1,8,8,11,3,0,3,0,8,1,0,7,5,5,9,44,1,1,7,0,0,0,17,0,0,0,3982,5759,transition4
27,collector,4,volcano,ほむら火山,8,14,4,1,1,11,9,16,10,7,3,0,9,3,2,20,5,0,18,101,3,1,15,0,0,0,18,13,0,0,3040,2924,transition4
27,collector,5,tower,星晶の塔,12,20,5,1,1,23,23,26,11,9,2,0,8,3,2,17,5,5,19,110,3,1,15,0,0,0,27,31,0,0,18509,16548,transition4
28,rush,1,meadow,はじまり草原,1,4,2,1,1,1,3,6,3,3,0,0,1,2,1,8,0,0,5,16,0,0,4,0,0,0,1,4,0,0,230,810,transition4
28,rush,2,cave,こだま洞くつ,3,7,2,1,1,6,7,12,14,14,0,0,2,13,12,39,0,0,27,72,0,0,5,0,0,0,12,25,0,0,810,1254,transition4
28,rush,3,brook,しずく湖畔,5,10,3,1,1,12,12,15,14,12,1,1,4,11,10,43,0,0,25,74,0,0,5,0,0,0,22,28,0,0,1254,1140,transition4
28,rush,4,volcano,ほむら火山,8,14,4,1,1,15,16,18,6,5,1,0,2,3,2,16,0,0,9,34,0,0,8,0,0,0,10,19,0,0,1140,1886,transition4
28,rush,5,tower,星晶の塔,12,20,5,1,0,18,19,0,45,45,0,0,0,40,40,179,0,0,85,303,0,0,7,0,0,0,133,138,0,0,1886,0,transition4
29,balanced,1,meadow,はじまり草原,1,4,2,1,1,1,3,6,4,4,0,0,2,2,1,8,2,1,8,24,1,1,5,0,0,0,2,2,0,0,230,1078,transition4
29,balanced,2,cave,こだま洞くつ,3,7,2,1,1,6,6,10,8,4,2,2,5,3,2,27,1,0,12,57,1,1,11,0,0,0,11,8,0,0,1068,2223,transition4
29,balanced,3,brook,しずく湖畔,5,10,3,1,1,8,9,11,5,4,1,0,3,2,1,13,2,2,9,32,3,1,7,0,0,0,7,7,0,0,2537,3445,transition4
29,balanced,4,volcano,ほむら火山,8,14,4,1,1,11,11,15,4,3,1,0,3,1,0,4,2,0,7,26,1,1,6,0,0,0,3,0,0,0,2669,3919,transition4
29,balanced,5,tower,星晶の塔,12,20,5,1,1,16,15,22,18,16,1,1,4,7,6,40,2,2,27,92,7,1,8,0,0,0,27,104,0,0,5633,1887,transition4
30,collector,1,meadow,はじまり草原,1,4,2,1,1,1,3,6,8,8,0,0,1,3,2,15,1,0,12,40,1,1,8,0,0,0,2,0,0,0,230,1128,transition4
30,collector,2,cave,こだま洞くつ,3,7,2,1,1,6,4,8,5,3,2,0,4,2,1,33,2,0,9,68,2,1,18,0,0,0,4,2,0,0,1326,3225,transition4
30,collector,3,brook,しずく湖畔,5,10,3,1,1,10,10,12,6,3,3,0,8,2,1,10,5,5,13,58,1,1,8,0,0,0,20,7,0,0,3733,3902,transition4
30,collector,4,volcano,ほむら火山,8,14,4,1,1,12,12,19,10,9,1,0,7,3,2,42,5,3,18,210,5,1,30,0,0,0,27,13,0,0,2061,3735,transition4
30,collector,5,tower,星晶の塔,12,20,5,1,1,19,19,26,30,27,2,1,9,9,8,129,5,5,44,289,4,1,68,2,0,0,48,64,0,0,3124,5719,transition4
31,rush,1,meadow,はじまり草原,1,4,2,1,1,1,2,5,3,2,1,0,2,2,1,10,0,0,5,18,0,0,6,0,0,0,2,2,0,0,230,1003,transition4
31,rush,2,cave,こだま洞くつ,3,7,2,1,1,5,6,9,3,2,1,0,2,2,1,18,0,0,5,27,0,0,11,0,0,0,5,10,0,0,1003,1244,transition4
31,rush,3,brook,しずく湖畔,5,10,3,1,1,9,10,14,8,8,0,0,0,6,5,30,0,0,14,50,0,0,6,0,0,0,16,36,0,0,1244,1178,transition4
31,rush,4,volcano,ほむら火山,8,14,4,1,1,14,15,19,8,8,0,0,0,5,4,31,0,0,13,54,0,0,7,0,0,0,15,25,0,0,1178,1652,transition4
31,rush,5,tower,星晶の塔,12,20,5,1,0,19,20,0,46,45,0,1,0,40,40,179,0,0,86,343,0,0,7,0,0,0,139,128,0,0,1652,0,transition4
32,balanced,1,meadow,はじまり草原,1,4,2,1,1,1,2,6,5,3,1,1,2,2,1,12,1,0,8,33,3,1,8,0,0,0,3,2,0,0,230,1109,transition4
32,balanced,2,cave,こだま洞くつ,3,7,2,1,1,6,7,10,4,3,1,0,4,2,1,25,2,2,8,58,1,1,19,0,0,0,11,8,0,0,1187,2778,transition4
32,balanced,3,brook,しずく湖畔,5,10,3,1,1,10,10,14,9,8,1,0,3,4,3,22,2,2,15,45,1,1,7,0,0,0,16,34,0,0,2152,998,transition4
32,balanced,4,volcano,ほむら火山,8,14,4,1,1,14,15,19,6,5,1,0,3,2,1,10,2,2,10,38,3,1,7,0,0,0,11,17,0,0,774,1225,transition4
32,balanced,5,tower,星晶の塔,12,20,5,1,1,19,16,26,47,46,1,0,3,22,21,114,2,2,71,278,8,1,12,0,0,0,76,135,0,0,949,1814,transition4
33,collector,1,meadow,はじまり草原,1,4,2,1,1,1,2,5,5,4,1,0,2,2,1,9,1,0,8,27,0,0,5,0,0,0,2,0,0,0,230,1273,transition4
33,collector,2,cave,こだま洞くつ,3,7,2,1,1,6,6,9,5,4,1,0,3,2,1,35,1,0,8,68,3,1,20,0,0,0,4,3,0,0,1351,3331,transition4
33,collector,3,brook,しずく湖畔,5,10,3,1,1,10,8,9,6,5,1,0,7,2,1,9,5,5,13,49,1,1,6,0,0,0,13,5,0,0,3465,3982,transition4
33,collector,4,volcano,ほむら火山,8,14,4,1,1,9,10,16,9,5,2,2,10,2,1,17,5,5,16,105,2,1,12,0,0,0,29,8,0,0,2104,2354,transition4
33,collector,5,tower,星晶の塔,12,20,5,1,1,16,13,23,42,39,2,1,10,13,12,163,5,5,60,295,6,1,34,0,0,0,60,54,0,0,1245,3817,transition4
34,rush,1,meadow,はじまり草原,1,4,2,1,1,1,2,4,2,0,2,0,2,1,0,10,0,0,3,18,0,0,10,0,0,0,2,0,0,0,230,1078,transition4
34,rush,2,cave,こだま洞くつ,3,7,2,1,1,4,5,9,4,4,0,0,0,3,2,19,0,0,7,32,0,0,8,0,0,0,8,14,0,0,1078,1828,transition4
34,rush,3,brook,しずく湖畔,5,10,3,1,1,9,10,11,3,3,0,0,0,1,0,5,0,0,4,11,0,0,5,0,0,0,1,0,0,0,1828,3102,transition4
34,rush,4,volcano,ほむら火山,8,14,4,1,1,11,12,19,16,15,0,1,0,12,11,69,0,0,28,128,0,0,10,0,0,0,45,55,0,0,3102,974,transition4
34,rush,5,tower,星晶の塔,12,20,5,1,0,19,20,0,46,45,0,1,0,40,40,171,0,0,86,332,0,0,7,0,0,0,144,132,0,0,974,0,transition4
35,balanced,1,meadow,はじまり草原,1,4,2,1,1,1,2,6,4,3,1,0,3,2,1,10,2,0,8,31,1,1,6,0,0,0,3,2,0,0,230,1136,transition4
35,balanced,2,cave,こだま洞くつ,3,7,2,1,1,7,7,9,2,1,1,0,3,1,0,12,2,2,5,46,2,1,13,0,0,0,8,0,0,0,1712,3160,transition4
35,balanced,3,brook,しずく湖畔,5,10,3,1,1,9,9,12,5,4,1,0,3,2,1,10,2,2,9,35,0,0,7,0,0,0,12,8,0,0,2448,3083,transition4
35,balanced,4,volcano,ほむら火山,8,14,4,1,1,12,12,18,9,7,1,1,5,3,2,13,2,2,14,54,2,1,7,0,0,0,18,31,0,0,2389,1449,transition4
35,balanced,5,tower,星晶の塔,12,20,5,1,1,18,18,24,26,24,1,1,7,11,10,49,2,2,39,128,4,1,9,0,0,0,46,80,0,0,1123,3058,transition4
36,collector,1,meadow,はじまり草原,1,4,2,1,1,1,2,5,5,4,1,0,5,2,1,11,4,0,11,53,1,1,9,0,0,0,4,0,0,0,230,1268,transition4
36,collector,2,cave,こだま洞くつ,3,7,2,1,1,8,9,11,5,3,2,0,3,2,1,33,1,0,8,57,3,1,26,0,0,0,6,6,0,0,3050,3452,transition4
36,collector,3,brook,しずく湖畔,5,10,3,1,1,9,12,14,6,4,2,0,7,2,1,13,5,5,13,64,2,1,9,0,0,0,21,6,0,0,5046,4733,transition4
36,collector,4,volcano,ほむら火山,8,14,4,1,1,14,11,16,5,1,3,1,6,1,0,5,1,0,7,47,2,1,8,0,0,0,10,0,0,0,2500,4069,transition4
36,collector,5,tower,星晶の塔,12,20,5,1,1,18,16,22,27,25,1,1,9,8,7,55,5,5,40,188,4,1,19,0,0,0,47,80,0,0,6526,2329,transition4
37,rush,1,meadow,はじまり草原,1,4,2,1,1,1,2,5,3,2,1,0,1,2,1,9,0,0,5,18,0,0,5,0,0,0,2,3,0,0,230,936,transition4
37,rush,2,cave,こだま洞くつ,3,7,2,1,1,5,6,10,5,5,0,0,2,4,3,20,0,0,9,42,0,0,7,0,0,0,9,20,0,0,936,549,transition4
37,rush,3,brook,しずく湖畔,5,10,3,1,1,10,10,13,4,3,1,0,2,2,1,8,0,0,6,21,0,0,5,0,0,0,5,9,0,0,549,2176,transition4
37,rush,4,volcano,ほむら火山,8,14,4,1,1,13,13,18,6,6,0,0,0,3,2,25,0,0,9,44,0,0,10,0,0,0,10,34,0,0,2176,1156,transition4
37,rush,5,tower,星晶の塔,12,20,5,1,0,18,19,0,51,45,0,6,0,40,40,172,0,0,91,346,0,0,7,0,0,0,154,127,0,0,1156,0,transition4
38,balanced,1,meadow,はじまり草原,1,4,2,1,1,1,2,5,4,3,1,0,3,2,1,10,1,0,7,31,1,1,7,0,0,0,3,2,0,0,230,1141,transition4
38,balanced,2,cave,こだま洞くつ,3,7,2,1,1,6,5,9,6,5,1,0,4,3,2,49,2,0,11,86,5,1,17,0,0,0,5,12,0,0,1219,2396,transition4
38,balanced,3,brook,しずく湖畔,5,10,3,1,1,11,11,13,5,4,1,0,2,2,1,9,1,0,8,23,1,1,6,0,0,0,3,11,0,0,3204,3545,transition4
38,balanced,4,volcano,ほむら火山,8,14,4,1,1,14,10,15,4,3,1,0,3,1,0,2,2,0,7,24,0,0,7,0,0,0,1,0,0,0,4952,5962,transition4
38,balanced,5,tower,星晶の塔,12,20,5,1,1,17,18,18,5,4,1,0,4,1,0,7,2,2,8,29,0,0,7,0,0,0,6,0,0,0,8976,11442,transition4
39,collector,1,meadow,はじまり草原,1,4,2,1,1,1,2,5,5,4,1,0,2,2,1,9,1,0,8,25,0,0,5,0,0,0,2,0,0,0,230,1280,transition4
39,collector,2,cave,こだま洞くつ,3,7,2,1,1,6,5,7,2,1,1,0,5,1,0,16,3,0,6,50,2,1,16,0,0,0,3,0,0,0,1358,3336,transition4
39,collector,3,brook,しずく湖畔,5,10,3,1,1,9,10,13,9,7,2,0,8,3,2,13,5,5,17,80,2,1,16,0,0,0,23,13,0,0,3938,4789,transition4
39,collector,4,volcano,ほむら火山,8,14,4,1,1,13,13,17,4,1,3,0,9,1,0,12,5,5,10,58,1,1,12,0,0,0,20,0,0,0,2530,3162,transition4
39,collector,5,tower,星晶の塔,12,20,5,1,1,17,13,22,33,30,2,1,8,10,9,57,5,5,48,254,4,1,32,0,0,0,52,66,0,0,1671,2263,transition4
40,rush,1,meadow,はじまり草原,1,4,2,1,1,1,3,6,3,3,0,0,2,2,1,8,0,0,5,19,0,0,5,0,0,0,1,4,0,0,230,828,transition4
40,rush,2,cave,こだま洞くつ,3,7,2,1,1,6,6,9,4,3,1,0,1,3,2,13,0,0,7,23,0,0,6,0,0,0,6,13,0,0,828,1428,transition4
40,rush,3,brook,しずく湖畔,5,10,3,1,1,9,10,12,4,3,1,0,1,2,1,9,0,0,6,18,0,0,5,0,0,0,4,21,0,0,1428,1440,transition4
40,rush,4,volcano,ほむら火山,8,14,4,1,1,12,13,18,8,8,0,0,0,5,4,31,0,0,13,45,0,0,10,0,0,0,14,30,0,0,1440,1158,transition4
40,rush,5,tower,星晶の塔,12,20,5,1,0,18,19,0,50,45,0,5,0,40,40,172,0,0,90,310,0,0,6,0,0,0,152,128,0,0,1158,0,transition4
41,balanced,1,meadow,はじまり草原,1,4,2,1,1,1,3,6,6,6,0,0,1,3,2,12,1,0,10,35,3,1,6,0,0,0,2,2,0,0,230,1067,transition4
41,balanced,2,cave,こだま洞くつ,3,7,2,1,1,7,7,10,4,3,1,0,3,2,1,30,2,0,8,59,2,1,15,0,0,0,2,8,0,0,1265,2577,transition4
41,balanced,3,brook,しずく湖畔,5,10,3,1,1,11,8,10,5,4,1,0,3,2,1,11,2,2,9,34,1,1,8,0,0,0,7,10,0,0,3325,3471,transition4
41,balanced,4,volcano,ほむら火山,8,14,4,1,1,10,11,17,6,5,1,0,6,2,1,8,2,0,10,38,3,1,7,0,0,0,3,16,0,0,2689,3968,transition4
41,balanced,5,tower,星晶の塔,12,20,5,1,1,18,19,25,17,16,1,0,5,7,6,39,2,2,26,95,5,1,9,0,0,0,26,109,0,0,4482,4914,transition4
42,collector,1,meadow,はじまり草原,1,4,2,1,1,1,2,5,5,3,2,0,4,2,1,16,2,0,9,37,4,1,11,0,0,0,5,0,0,0,230,1257,transition4
42,collector,2,cave,こだま洞くつ,3,7,2,1,1,7,8,9,2,1,1,0,6,1,0,3,5,0,8,58,0,0,16,0,0,0,6,0,0,0,2713,3591,transition4
42,collector,3,brook,しずく湖畔,5,10,3,1,1,12,10,13,3,0,3,0,8,1,0,4,5,5,9,46,0,0,8,0,0,0,17,0,0,0,5961,9018,transition4
42,collector,4,volcano,ほむら火山,8,14,4,1,1,13,10,15,4,1,3,0,8,1,0,15,4,3,9,65,1,1,15,0,0,0,17,0,0,0,4760,5993,transition4
42,collector,5,tower,星晶の塔,12,20,5,1,1,18,15,23,21,18,2,1,10,6,5,32,5,5,32,155,2,1,35,0,0,0,38,69,0,0,9442,11448,transition4
43,rush,1,meadow,はじまり草原,1,4,2,1,1,1,2,5,4,2,1,1,2,2,1,10,0,0,6,25,0,0,6,0,0,0,3,2,0,0,230,973,transition4
43,rush,2,cave,こだま洞くつ,3,7,2,1,1,5,6,9,4,3,1,0,1,3,2,23,0,0,7,34,0,0,8,0,0,0,8,14,0,0,973,722,transition4
43,rush,3,brook,しずく湖畔,5,10,3,1,1,9,10,13,5,5,0,0,0,3,2,15,0,0,8,25,0,0,5,0,0,0,7,17,0,0,722,2128,transition4
43,rush,4,volcano,ほむら火山,8,14,4,1,1,13,13,19,14,14,0,0,0,11,10,58,0,0,25,104,0,0,7,0,0,0,35,44,0,0,2128,990,transition4
43,rush,5,tower,星晶の塔,12,20,5,1,0,19,20,0,47,45,0,2,0,40,40,169,0,0,87,300,0,0,6,0,0,0,142,139,0,0,990,0,transition4
44,balanced,1,meadow,はじまり草原,1,4,2,1,1,1,2,6,4,2,2,0,4,2,1,14,2,0,8,32,2,1,10,0,0,0,3,2,0,0,230,1124,transition4
44,balanced,2,cave,こだま洞くつ,3,7,2,1,1,7,8,9,2,1,1,0,3,1,0,14,2,2,5,37,1,1,14,0,0,0,8,0,0,0,1700,3555,transition4
44,balanced,3,brook,しずく湖畔,5,10,3,1,1,9,9,12,5,4,1,0,3,2,1,23,2,2,9,52,0,0,13,0,0,0,12,9,0,0,2754,3163,transition4
44,balanced,4,volcano,ほむら火山,8,14,4,1,1,12,10,15,4,3,1,0,3,1,0,5,2,2,7,30,0,0,7,0,0,0,9,0,0,0,2450,3906,transition4
44,balanced,5,tower,星晶の塔,12,20,5,1,1,15,17,26,38,36,1,1,4,17,16,104,2,2,57,208,2,1,11,0,0,0,63,130,0,0,3026,3103,transition4
45,collector,1,meadow,はじまり草原,1,4,2,1,1,1,2,5,5,3,2,0,3,2,1,15,1,0,8,34,1,1,11,0,0,0,4,0,0,0,230,1266,transition4
45,collector,2,cave,こだま洞くつ,3,7,2,1,1,6,7,10,6,5,0,1,3,2,1,27,1,0,9,67,2,1,16,0,0,0,4,4,0,0,2464,2932,transition4
45,collector,3,brook,しずく湖畔,5,10,3,1,1,10,11,12,6,4,2,0,7,2,1,20,5,5,13,72,1,1,14,0,0,0,20,8,0,0,3066,3398,transition4
45,collector,4,volcano,ほむら火山,8,14,4,1,1,12,9,17,16,13,3,0,9,5,4,76,5,5,26,159,5,1,21,0,0,0,31,21,0,0,1796,1877,transition4
45,collector,5,tower,星晶の塔,12,20,5,1,1,17,15,23,36,34,1,1,10,11,10,139,5,5,52,263,2,1,23,0,0,0,53,51,0,0,992,3879,transition4
46,rush,1,meadow,はじまり草原,1,4,2,1,1,1,2,5,2,1,1,0,1,1,0,7,0,0,3,12,0,0,7,0,0,0,1,0,0,0,230,1099,transition4
46,rush,2,cave,こだま洞くつ,3,7,2,1,1,5,5,9,6,3,1,2,3,3,2,23,0,0,9,48,0,0,9,0,0,0,12,13,0,0,1099,755,transition4
46,rush,3,brook,しずく湖畔,5,10,3,1,1,9,10,12,4,4,0,0,0,2,1,10,0,0,6,17,0,0,6,0,0,0,5,21,0,0,755,1522,transition4
46,rush,4,volcano,ほむら火山,8,14,4,1,1,12,13,18,5,5,0,0,0,2,1,12,0,0,7,25,0,0,6,0,0,0,5,27,0,0,1522,1320,transition4
46,rush,5,tower,星晶の塔,12,20,5,1,0,18,19,0,47,45,0,2,0,40,40,186,0,0,87,312,0,0,7,0,0,0,131,135,0,0,1320,0,transition4
47,balanced,1,meadow,はじまり草原,1,4,2,1,1,1,2,6,5,3,1,1,3,2,1,15,1,0,8,37,5,1,9,0,0,0,3,2,0,0,230,1102,transition4
47,balanced,2,cave,こだま洞くつ,3,7,2,1,1,6,5,9,6,5,1,0,2,3,2,43,1,0,10,72,4,1,16,0,0,0,5,8,0,0,1180,2975,transition4
47,balanced,3,brook,しずく湖畔,5,10,3,1,1,9,10,11,3,2,1,0,3,1,0,5,2,2,6,25,0,0,6,0,0,0,5,0,0,0,3109,4325,transition4
47,balanced,4,volcano,ほむら火山,8,14,4,1,1,11,10,15,4,3,1,0,3,1,0,6,2,2,7,28,1,1,6,0,0,0,5,0,0,0,3350,4518,transition4
47,balanced,5,tower,星晶の塔,12,20,5,1,1,15,16,25,35,32,1,2,8,15,14,72,2,2,52,173,2,1,9,0,0,0,55,107,0,0,3499,3908,transition4
48,collector,1,meadow,はじまり草原,1,4,2,1,1,1,3,6,5,5,0,0,2,2,1,7,2,0,9,27,0,0,5,0,0,0,1,0,0,0,230,1199,transition4
48,collector,2,cave,こだま洞くつ,3,7,2,1,1,7,6,8,5,4,1,0,3,2,1,31,2,0,9,56,2,1,17,0,0,0,3,3,0,0,2595,2709,transition4
48,collector,3,brook,しずく湖畔,5,10,3,1,1,9,9,13,6,3,3,0,5,2,1,12,2,1,10,34,3,1,8,0,0,0,9,4,0,0,3697,5263,transition4
48,collector,4,volcano,ほむら火山,8,14,4,1,1,10,10,15,4,1,3,0,9,1,0,9,5,3,10,80,0,0,27,0,0,0,9,0,0,0,4839,6049,transition4
48,collector,5,tower,星晶の塔,12,20,5,1,1,17,16,24,28,23,3,2,11,8,7,48,5,5,41,206,7,1,16,0,0,0,49,79,0,0,7138,7416,transition4
49,rush,1,meadow,はじまり草原,1,4,2,1,1,1,3,7,6,6,0,0,1,5,4,19,0,0,11,33,0,0,4,0,0,0,4,7,0,0,230,722,transition4
49,rush,2,cave,こだま洞くつ,3,7,2,1,1,7,7,10,4,1,2,1,3,2,1,12,0,0,6,27,0,0,8,0,0,0,4,10,0,0,722,1031,transition4
49,rush,3,brook,しずく湖畔,5,10,3,1,1,10,10,13,4,4,0,0,0,2,1,10,0,0,6,18,0,0,5,0,0,0,4,15,0,0,1031,2173,transition4
49,rush,4,volcano,ほむら火山,8,14,4,1,1,13,13,18,5,5,0,0,0,2,1,11,0,0,7,21,0,0,6,0,0,0,4,18,0,0,2173,2136,transition4
49,rush,5,tower,星晶の塔,12,20,5,1,0,18,19,0,45,45,0,0,0,40,40,186,0,0,85,310,0,0,6,0,0,0,128,148,0,0,2136,0,transition4
50,balanced,1,meadow,はじまり草原,1,4,2,1,1,1,2,6,4,3,1,0,2,2,1,10,1,0,7,23,2,1,7,0,0,0,2,2,0,0,230,1131,transition4
50,balanced,2,cave,こだま洞くつ,3,7,2,1,1,6,7,9,2,1,1,0,2,1,0,18,1,0,4,36,1,1,18,0,0,0,1,0,0,0,1209,3489,transition4
50,balanced,3,brook,しずく湖畔,5,10,3,1,1,9,7,12,9,8,1,0,3,4,3,20,2,1,15,50,1,1,9,0,0,0,9,26,0,0,3623,2770,transition4
50,balanced,4,volcano,ほむら火山,8,14,4,1,1,12,13,17,4,3,1,0,3,1,0,3,2,0,7,23,0,0,8,0,0,0,1,0,0,0,2645,4801,transition4
50,balanced,5,tower,星晶の塔,12,20,5,1,1,18,16,23,13,12,1,0,3,5,4,22,2,2,20,62,5,1,6,0,0,0,14,89,0,0,5315,5029,transition4
51,collector,1,meadow,はじまり草原,1,4,2,1,1,1,2,5,6,4,1,1,4,2,1,11,2,0,10,35,1,1,7,0,0,0,4,0,0,0,230,1260,transition4
51,collector,2,cave,こだま洞くつ,3,7,2,1,1,7,7,9,5,4,1,0,6,2,1,30,5,4,12,114,3,1,20,0,0,0,19,3,0,0,2536,2821,transition4
51,collector,3,brook,しずく湖畔,5,10,3,1,1,10,11,14,15,14,1,0,7,5,4,33,5,5,25,95,2,1,8,0,0,0,28,20,0,0,1988,1328,transition4
51,collector,4,volcano,ほむら火山,8,14,4,1,1,14,15,19,5,3,1,1,9,1,0,6,5,5,11,65,0,0,8,0,0,0,21,0,0,0,703,3202,transition4
51,collector,5,tower,星晶の塔,12,20,5,1,1,19,18,20,13,8,3,2,11,3,2,35,5,5,21,117,0,0,14,0,0,0,30,32,0,0,1692,2308,transition4
52,rush,1,meadow,はじまり草原,1,4,2,1,1,1,2,5,3,2,1,0,2,2,1,9,0,0,5,19,0,0,5,0,0,0,2,3,0,0,230,936,transition4
52,rush,2,cave,こだま洞くつ,3,7,2,1,1,5,6,10,4,4,0,0,2,3,2,13,0,0,7,27,0,0,6,0,0,0,6,20,0,0,936,532,transition4
52,rush,3,brook,しずく湖畔,5,10,3,1,1,10,11,14,7,7,0,0,3,5,4,17,0,0,12,30,0,0,5,0,0,0,9,26,0,0,532,1193,transition4
52,rush,4,volcano,ほむら火山,8,14,4,1,1,14,15,18,6,4,1,1,2,2,1,10,0,0,8,24,0,0,5,0,0,0,8,17,0,0,1193,1137,transition4
52,rush,5,tower,星晶の塔,12,20,5,1,0,18,19,0,45,45,0,0,0,40,40,183,0,0,85,266,0,0,7,0,0,0,120,134,0,0,1137,0,transition4
53,balanced,1,meadow,はじまり草原,1,4,2,1,1,1,2,5,4,2,2,0,4,2,1,16,2,0,8,36,2,1,10,0,0,0,3,2,0,0,230,1114,transition4
53,balanced,2,cave,こだま洞くつ,3,7,2,1,1,7,8,9,2,1,1,0,3,1,0,8,2,2,5,27,0,0,8,0,0,0,7,0,0,0,1870,3309,transition4
53,balanced,3,brook,しずく湖畔,5,10,3,1,1,9,9,12,5,4,1,0,3,2,1,11,2,2,9,35,0,0,11,0,0,0,10,11,0,0,2563,3067,transition4
53,balanced,4,volcano,ほむら火山,8,14,4,1,1,12,12,19,17,15,1,1,6,7,6,36,2,2,26,107,1,1,8,0,0,0,36,37,0,0,2376,1256,transition4
53,balanced,5,tower,星晶の塔,12,20,5,1,1,19,19,28,47,44,1,2,7,21,20,84,2,2,70,218,5,1,8,0,0,0,82,127,0,0,974,3074,transition4
54,collector,1,meadow,はじまり草原,1,4,2,1,1,1,2,5,7,4,1,2,4,2,1,12,1,0,10,36,1,1,8,0,0,0,5,0,0,0,230,1222,transition4
54,collector,2,cave,こだま洞くつ,3,7,2,1,1,6,6,10,8,6,2,0,3,3,2,42,1,0,12,72,3,1,25,0,0,0,4,6,0,0,1300,3006,transition4
54,collector,3,brook,しずく湖畔,5,10,3,1,1,11,11,12,3,1,2,0,8,1,0,7,5,5,9,41,0,0,7,0,0,0,18,0,0,0,3400,4027,transition4
54,collector,4,volcano,ほむら火山,8,14,4,1,1,12,9,14,10,4,3,3,11,2,1,10,5,5,17,94,2,1,8,0,0,0,34,6,0,0,2127,2098,transition4
54,collector,5,tower,星晶の塔,12,20,5,1,1,14,15,22,42,37,1,4,11,12,11,56,5,5,59,319,12,1,15,0,0,0,72,51,0,0,1109,3826,transition4
55,rush,1,meadow,はじまり草原,1,4,2,1,1,1,2,5,2,1,1,0,2,1,0,6,0,0,3,14,0,0,6,0,0,0,1,0,0,0,230,1097,transition4
55,rush,2,cave,こだま洞くつ,3,7,2,1,1,5,5,8,3,2,1,0,1,2,1,17,0,0,5,29,0,0,9,0,0,0,5,6,0,0,1097,2333,transition4
55,rush,3,brook,しずく湖畔,5,10,3,1,1,8,9,13,5,5,0,0,0,3,2,17,0,0,8,28,0,0,6,0,0,0,8,33,0,0,2333,1264,transition4
55,rush,4,volcano,ほむら火山,8,14,4,1,1,13,14,18,5,5,0,0,0,2,1,11,0,0,7,23,0,0,6,0,0,0,4,25,0,0,1264,1176,transition4
55,rush,5,tower,星晶の塔,12,20,5,1,0,18,19,0,45,45,0,0,0,40,40,172,0,0,85,307,0,0,7,0,0,0,132,132,0,0,1176,0,transition4
56,balanced,1,meadow,はじまり草原,1,4,2,1,1,1,2,6,4,3,1,0,3,2,1,11,1,0,7,29,2,1,7,0,0,0,3,2,0,0,230,1129,transition4
56,balanced,2,cave,こだま洞くつ,3,7,2,1,1,6,5,9,4,3,1,0,3,2,1,36,2,0,8,76,3,1,19,0,0,0,5,4,0,0,1207,3350,transition4
56,balanced,3,brook,しずく湖畔,5,10,3,1,1,10,10,11,3,2,1,0,3,1,0,5,2,2,6,24,1,1,7,0,0,0,7,0,0,0,3618,4773,transition4
56,balanced,4,volcano,ほむら火山,8,14,4,1,1,11,12,17,4,3,1,0,3,1,0,9,2,2,7,35,0,0,9,0,0,0,9,0,0,0,3697,6167,transition4
56,balanced,5,tower,星晶の塔,12,20,5,1,1,17,13,23,36,32,1,3,10,15,14,97,2,2,53,254,3,1,19,0,0,0,64,111,0,0,4776,1846,transition4
57,collector,1,meadow,はじまり草原,1,4,2,1,1,1,3,6,8,8,0,0,3,3,2,12,2,1,13,44,1,1,6,0,0,0,3,0,0,0,230,1127,transition4
57,collector,2,cave,こだま洞くつ,3,7,2,1,1,6,5,9,5,4,1,0,4,2,1,29,2,0,9,66,2,1,16,0,0,0,2,2,0,0,1140,3120,transition4
57,collector,3,brook,しずく湖畔,5,10,3,1,1,9,10,11,3,1,2,0,8,1,0,7,5,5,9,44,1,1,7,0,0,0,11,0,0,0,3568,4702,transition4
57,collector,4,volcano,ほむら火山,8,14,4,1,1,11,11,16,4,1,3,0,9,1,0,5,5,5,10,62,2,1,8,0,0,0,20,0,0,0,2483,4321,transition4
57,collector,5,tower,星晶の塔,12,20,5,1,1,16,14,21,27,23,3,1,9,8,7,54,5,5,40,224,4,1,30,0,0,0,48,61,0,0,2282,2327,transition4
58,rush,1,meadow,はじまり草原,1,4,2,1,1,1,2,5,3,2,1,0,1,2,1,9,0,0,5,20,0,0,5,0,0,0,2,2,0,0,230,992,transition4
58,rush,2,cave,こだま洞くつ,3,7,2,1,1,5,6,9,3,2,1,0,1,2,1,13,0,0,5,22,0,0,8,0,0,0,4,10,0,0,992,1709,transition4
58,rush,3,brook,しずく湖畔,5,10,3,1,1,9,10,12,4,4,0,0,0,2,1,10,0,0,6,19,0,0,6,0,0,0,4,20,0,0,1709,1810,transition4
58,rush,4,volcano,ほむら火山,8,14,4,1,1,12,13,18,5,5,0,0,0,2,1,12,0,0,7,23,0,0,6,0,0,0,5,24,0,0,1810,1755,transition4
58,rush,5,tower,星晶の塔,12,20,5,1,0,18,19,0,46,45,0,1,0,40,40,177,0,0,86,324,0,0,7,0,0,0,132,137,0,0,1755,0,transition4
59,balanced,1,meadow,はじまり草原,1,4,2,1,1,1,2,6,4,3,1,0,3,2,1,12,2,0,8,32,1,1,7,0,0,0,2,2,0,0,230,1142,transition4
59,balanced,2,cave,こだま洞くつ,3,7,2,1,1,7,8,9,2,1,1,0,3,1,0,13,2,2,5,37,1,1,13,0,0,0,9,0,0,0,1718,3346,transition4
59,balanced,3,brook,しずく湖畔,5,10,3,1,1,9,9,14,9,8,1,0,4,4,3,26,2,2,15,61,3,1,8,0,0,0,19,39,0,0,2592,987,transition4
59,balanced,4,volcano,ほむら火山,8,14,4,1,1,14,13,17,4,3,1,0,3,1,0,17,2,2,7,42,0,0,17,0,0,0,10,0,0,0,765,2438,transition4
59,balanced,5,tower,星晶の塔,12,20,5,1,1,17,17,26,36,34,1,1,6,16,15,107,2,2,54,222,2,1,12,0,0,0,61,100,0,0,1889,3942,transition4
60,collector,1,meadow,はじまり草原,1,4,2,1,1,1,2,5,5,3,2,0,4,2,1,16,2,0,9,47,3,1,10,0,0,0,6,0,0,0,230,1259,transition4
60,collector,2,cave,こだま洞くつ,3,7,2,1,1,7,8,10,5,5,0,0,5,2,1,34,5,5,12,87,1,1,22,0,0,0,19,4,0,0,2015,2859,transition4
60,collector,3,brook,しずく湖畔,5,10,3,1,1,10,9,13,12,10,2,0,7,4,3,22,5,5,21,72,0,0,7,0,0,0,28,14,0,0,1511,1714,transition4
60,collector,4,volcano,ほむら火山,8,14,4,1,1,13,11,17,14,8,2,4,11,3,2,61,5,5,22,182,2,1,24,0,0,0,39,0,0,0,906,2267,transition4
60,collector,5,tower,星晶の塔,12,20,5,1,1,17,16,24,47,39,2,6,13,13,12,124,5,5,65,369,7,1,26,0,0,0,77,51,0,0,1198,3488,transition4
61,rush,1,meadow,はじまり草原,1,4,2,1,1,1,2,5,3,2,1,0,2,2,1,12,0,0,5,22,0,0,7,0,0,0,2,2,0,0,230,1001,transition4
61,rush,2,cave,こだま洞くつ,3,7,2,1,1,5,6,9,4,3,1,0,1,3,2,25,0,0,7,37,0,0,9,0,0,0,8,14,0,0,1001,756,transition4
61,rush,3,brook,しずく湖畔,5,10,3,1,1,9,10,12,4,4,0,0,0,2,1,11,0,0,6,19,0,0,6,0,0,0,5,20,0,0,756,1569,transition4
61,rush,4,volcano,ほむら火山,8,14,4,1,1,12,13,19,11,11,0,0,0,8,7,44,0,0,19,72,0,0,6,0,0,0,23,37,0,0,1569,989,transition4
61,rush,5,tower,星晶の塔,12,20,5,1,0,19,20,0,50,45,0,5,0,40,40,162,0,0,90,333,0,0,7,0,0,0,152,127,0,0,989,0,transition4
62,balanced,1,meadow,はじまり草原,1,4,2,1,1,1,2,5,4,2,2,0,3,2,1,16,1,0,7,33,3,1,11,0,0,0,4,2,0,0,230,1121,transition4
62,balanced,2,cave,こだま洞くつ,3,7,2,1,1,7,7,8,2,1,1,0,3,1,0,17,2,1,5,43,0,0,17,0,0,0,7,0,0,0,1619,3478,transition4
62,balanced,3,brook,しずく湖畔,5,10,3,1,1,9,9,12,5,4,1,0,4,2,1,12,2,2,9,35,0,0,7,0,0,0,11,7,0,0,3195,3879,transition4
62,balanced,4,volcano,ほむら火山,8,14,4,1,1,12,11,16,7,5,1,1,4,2,1,12,2,2,11,48,1,1,7,0,0,0,16,16,0,0,3005,3423,transition4
62,balanced,5,tower,星晶の塔,12,20,5,1,1,16,14,24,38,36,1,1,4,17,16,102,2,2,57,212,2,1,14,0,0,0,60,104,0,0,2652,3016,transition4
63,collector,1,meadow,はじまり草原,1,4,2,1,1,1,2,4,2,0,2,0,3,1,0,11,1,0,4,21,3,1,11,0,0,0,2,0,0,0,230,1078,transition4
63,collector,2,cave,こだま洞くつ,3,7,2,1,1,6,6,10,8,6,2,0,4,3,2,43,2,0,13,92,4,1,21,0,0,0,4,6,0,0,1676,3023,transition4
63,collector,3,brook,しずく湖畔,5,10,3,1,1,11,11,13,6,4,2,0,7,2,1,12,5,5,13,57,0,0,8,0,0,0,20,6,0,0,3591,3477,transition4
63,collector,4,volcano,ほむら火山,8,14,4,1,1,13,11,16,4,2,2,0,4,1,0,4,1,0,6,31,0,0,9,0,0,0,6,0,0,0,1836,4321,transition4
63,collector,5,tower,星晶の塔,12,20,5,1,1,17,16,20,18,15,2,1,8,5,4,24,5,5,28,97,3,1,8,0,0,0,34,42,0,0,4578,3795,transition4
64,rush,1,meadow,はじまり草原,1,4,2,1,1,1,2,5,3,2,1,0,1,2,1,14,0,0,5,22,0,0,7,0,0,0,3,2,0,0,230,998,transition4
64,rush,2,cave,こだま洞くつ,3,7,2,1,1,5,5,9,4,3,1,0,1,3,2,23,0,0,7,35,0,0,9,0,0,0,8,14,0,0,998,737,transition4
64,rush,3,brook,しずく湖畔,5,10,3,1,1,9,10,12,4,4,0,0,0,2,1,10,0,0,6,19,0,0,6,0,0,0,5,16,0,0,737,1872,transition4
64,rush,4,volcano,ほむら火山,8,14,4,1,1,12,13,19,10,10,0,0,0,7,6,43,0,0,17,69,0,0,8,0,0,0,21,40,0,0,1872,980,transition4
64,rush,5,tower,星晶の塔,12,20,5,1,0,19,20,0,46,45,0,1,0,40,40,169,0,0,86,304,0,0,6,0,0,0,129,131,0,0,980,0,transition4
65,balanced,1,meadow,はじまり草原,1,4,2,1,1,1,2,6,4,3,1,0,3,2,1,13,2,0,8,40,2,1,8,0,0,0,2,2,0,0,230,1127,transition4
65,balanced,2,cave,こだま洞くつ,3,7,2,1,1,7,8,10,4,3,1,0,3,2,1,23,2,0,8,50,2,1,14,0,0,0,7,9,0,0,2403,2349,transition4
65,balanced,3,brook,しずく湖畔,5,10,3,1,1,10,8,12,7,6,1,0,3,3,2,23,2,1,12,51,2,1,10,0,0,0,8,17,0,0,2797,3849,transition4
65,balanced,4,volcano,ほむら火山,8,14,4,1,1,12,13,18,8,7,1,0,4,3,2,31,2,1,13,65,1,1,20,0,0,0,11,31,0,0,3595,2624,transition4
65,balanced,5,tower,星晶の塔,12,20,5,1,1,20,21,27,25,24,1,0,4,11,10,55,2,2,38,127,4,1,11,0,0,0,41,131,0,0,4736,2130,transition4
66,collector,1,meadow,はじまり草原,1,4,2,1,1,1,2,5,7,3,2,2,4,2,1,14,1,0,10,44,4,1,10,0,0,0,5,0,0,0,230,1213,transition4
66,collector,2,cave,こだま洞くつ,3,7,2,1,1,6,6,9,5,4,1,0,3,2,1,27,2,0,9,68,3,1,14,0,0,0,3,2,0,0,1471,3266,transition4
66,collector,3,brook,しずく湖畔,5,10,3,1,1,11,11,12,6,3,3,0,8,2,1,14,5,5,13,62,0,0,9,0,0,0,20,8,0,0,4094,3768,transition4
66,collector,4,volcano,ほむら火山,8,14,4,1,1,12,9,17,15,8,2,5,13,3,2,28,5,0,23,173,4,1,30,0,0,0,28,14,0,0,1990,3047,transition4
66,collector,5,tower,星晶の塔,12,20,5,1,1,22,21,24,5,2,3,0,8,1,0,6,5,5,11,72,1,1,19,0,0,0,16,0,0,0,11632,20837,transition4
67,rush,1,meadow,はじまり草原,1,4,2,1,1,1,2,5,3,2,1,0,1,2,1,9,0,0,5,17,0,0,5,0,0,0,2,2,0,0,230,1004,transition4
67,rush,2,cave,こだま洞くつ,3,7,2,1,1,5,6,9,5,2,1,2,3,2,1,12,0,0,7,39,0,0,8,0,0,0,9,9,0,0,1004,1098,transition4
67,rush,3,brook,しずく湖畔,5,10,3,1,1,9,10,12,4,4,0,0,0,2,1,10,0,0,6,17,0,0,5,0,0,0,5,21,0,0,1098,1640,transition4
67,rush,4,volcano,ほむら火山,8,14,4,1,1,12,13,20,14,14,0,0,0,11,10,59,0,0,25,102,0,0,7,0,0,0,37,52,0,0,1640,940,transition4
67,rush,5,tower,星晶の塔,12,20,5,1,0,20,20,0,47,45,0,2,0,40,40,162,0,0,87,282,0,0,6,0,0,0,132,122,0,0,940,0,transition4
68,balanced,1,meadow,はじまり草原,1,4,2,1,1,1,2,5,4,2,2,0,3,2,1,18,1,0,7,33,4,1,11,0,0,0,4,2,0,0,230,1123,transition4
68,balanced,2,cave,こだま洞くつ,3,7,2,1,1,6,6,10,4,3,1,0,3,2,1,44,2,0,8,81,2,1,26,0,0,0,3,8,0,0,1381,2888,transition4
68,balanced,3,brook,しずく湖畔,5,10,3,1,1,11,12,14,5,5,0,0,3,2,1,10,2,2,9,26,1,1,5,0,0,0,7,18,0,0,3656,3420,transition4
68,balanced,4,volcano,ほむら火山,8,14,4,1,1,14,11,15,4,3,1,0,3,1,0,4,2,2,7,23,1,1,7,0,0,0,5,0,0,0,2649,4813,transition4
68,balanced,5,tower,星晶の塔,12,20,5,1,1,15,16,24,31,30,1,0,4,14,13,54,2,2,47,128,5,1,7,0,0,0,32,117,0,0,3728,1898,transition4
69,collector,1,meadow,はじまり草原,1,4,2,1,1,1,2,5,5,4,1,0,3,2,1,9,1,0,8,29,1,1,6,0,0,0,2,0,0,0,230,1274,transition4
69,collector,2,cave,こだま洞くつ,3,7,2,1,1,6,4,9,8,7,1,0,3,3,2,35,2,0,13,101,3,1,17,0,0,0,5,5,0,0,1352,3109,transition4
69,collector,3,brook,しずく湖畔,5,10,3,1,1,10,10,12,6,4,2,0,8,2,1,12,5,5,13,61,0,0,7,0,0,0,22,5,0,0,3617,3770,transition4
69,collector,4,volcano,ほむら火山,8,14,4,1,1,12,12,17,6,2,2,2,9,1,0,6,5,4,12,75,1,1,8,0,0,0,23,0,0,0,1991,4066,transition4
69,collector,5,tower,星晶の塔,12,20,5,1,1,18,15,21,27,24,2,1,9,8,7,177,5,5,40,284,7,1,64,2,0,0,44,56,0,0,2615,2315,transition4
70,rush,1,meadow,はじまり草原,1,4,2,1,1,1,2,5,3,2,1,0,1,2,1,9,0,0,5,17,0,0,5,0,0,0,2,2,0,0,230,995,transition4
70,rush,2,cave,こだま洞くつ,3,7,2,1,1,5,6,9,4,2,1,1,2,2,1,14,0,0,6,32,0,0,7,0,0,0,6,9,0,0,995,979,transition4
70,rush,3,brook,しずく湖畔,5,10,3,1,1,9,10,11,3,3,0,0,0,1,0,7,0,0,4,13,0,0,7,0,0,0,2,0,0,0,979,3167,transition4
70,rush,4,volcano,ほむら火山,8,14,4,1,1,11,12,19,10,10,0,0,0,7,6,39,0,0,17,65,0,0,7,0,0,0,20,53,0,0,3167,1142,transition4
70,rush,5,tower,星晶の塔,12,20,5,1,0,19,20,0,45,45,0,0,0,40,40,176,0,0,85,305,0,0,6,0,0,0,127,132,0,0,1142,0,transition4
71,balanced,1,meadow,はじまり草原,1,4,2,1,1,1,2,5,5,2,2,1,5,2,1,14,2,0,9,40,2,1,9,0,0,0,6,2,0,0,230,1099,transition4
71,balanced,2,cave,こだま洞くつ,3,7,2,1,1,7,7,9,2,1,1,0,2,1,0,8,1,0,4,22,1,1,8,0,0,0,3,0,0,0,1675,3292,transition4
71,balanced,3,brook,しずく湖畔,5,10,3,1,1,7,8,9,3,2,1,0,4,1,0,6,2,2,6,20,1,1,6,0,0,0,5,0,0,0,3426,5091,transition4
71,balanced,4,volcano,ほむら火山,8,14,4,1,1,9,10,16,4,3,1,0,3,1,0,4,2,0,7,26,1,1,7,0,0,0,2,0,0,0,3944,6356,transition4
71,balanced,5,tower,星晶の塔,12,20,5,1,1,16,17,21,11,11,0,0,7,4,3,17,2,2,17,74,4,1,10,0,0,0,12,65,0,0,6870,6716,transition4
72,collector,1,meadow,はじまり草原,1,4,2,1,1,1,2,5,5,3,2,0,3,2,1,15,1,0,8,30,3,1,11,0,0,0,4,0,0,0,230,1261,transition4
72,collector,2,cave,こだま洞くつ,3,7,2,1,1,6,5,9,5,4,1,0,3,2,1,35,1,0,8,75,2,1,19,0,0,0,2,3,0,0,1759,3318,transition4
72,collector,3,brook,しずく湖畔,5,10,3,1,1,9,10,12,6,4,2,0,7,2,1,9,5,5,13,51,1,1,7,0,0,0,21,7,0,0,3712,3787,transition4
72,collector,4,volcano,ほむら火山,8,14,4,1,1,12,11,14,4,2,2,0,8,1,0,8,5,5,10,48,0,0,8,0,0,0,19,0,0,0,2001,2718,transition4
72,collector,5,tower,星晶の塔,12,20,5,1,1,14,14,22,36,30,2,4,11,10,9,100,5,5,51,257,5,1,20,0,0,0,61,52,0,0,1436,3524,transition4
73,rush,1,meadow,はじまり草原,1,4,2,1,1,1,2,5,3,2,1,0,2,2,1,10,0,0,5,20,0,0,6,0,0,0,2,3,0,0,230,941,transition4
73,rush,2,cave,こだま洞くつ,3,7,2,1,1,5,6,9,4,3,1,0,1,3,2,23,0,0,7,36,0,0,9,0,0,0,8,13,0,0,941,1458,transition4
73,rush,3,brook,しずく湖畔,5,10,3,1,1,9,10,11,3,3,0,0,0,1,0,7,0,0,4,13,0,0,7,0,0,0,2,0,0,0,1458,2929,transition4
73,rush,4,volcano,ほむら火山,8,14,4,1,1,11,12,18,9,9,0,0,0,6,5,39,0,0,15,59,0,0,10,0,0,0,17,48,0,0,2929,1145,transition4
73,rush,5,tower,星晶の塔,12,20,5,1,0,18,19,0,49,45,0,4,0,40,40,173,0,0,89,312,0,0,7,0,0,0,139,132,0,0,1145,0,transition4
74,balanced,1,meadow,はじまり草原,1,4,2,1,1,1,2,6,5,3,1,1,4,2,1,10,2,0,9,35,1,1,7,0,0,0,5,2,0,0,230,1115,transition4
74,balanced,2,cave,こだま洞くつ,3,7,2,1,1,7,7,10,4,3,1,0,3,2,1,27,2,0,8,58,1,1,15,0,0,0,3,6,0,0,2391,3155,transition4
74,balanced,3,brook,しずく湖畔,5,10,3,1,1,10,8,13,9,8,1,0,3,4,3,28,2,1,15,59,3,1,12,0,0,0,10,28,0,0,3423,3556,transition4
74,balanced,4,volcano,ほむら火山,8,14,4,1,1,13,14,17,4,4,0,0,6,1,0,5,2,0,7,37,1,1,8,0,0,0,2,0,0,0,3312,4360,transition4
74,balanced,5,tower,星晶の塔,12,20,5,1,1,19,19,26,13,12,1,0,3,5,4,21,2,2,20,60,1,1,8,0,0,0,14,100,0,0,7374,8680,transition4
75,collector,1,meadow,はじまり草原,1,4,2,1,1,1,2,5,5,4,1,0,2,2,1,11,1,0,8,24,0,0,7,0,0,0,2,0,0,0,230,1270,transition4
75,collector,2,cave,こだま洞くつ,3,7,2,1,1,6,6,10,8,7,1,0,2,3,2,47,1,0,12,83,4,1,23,0,0,0,4,6,0,0,1348,2858,transition4
75,collector,3,brook,しずく湖畔,5,10,3,1,1,11,6,9,9,6,3,0,8,3,2,17,5,5,17,60,0,0,9,0,0,0,23,8,0,0,2992,3084,transition4
75,collector,4,volcano,ほむら火山,8,14,4,1,1,9,10,17,23,18,1,4,10,6,5,42,5,5,34,278,5,1,27,0,0,0,51,16,0,0,1629,1913,transition4
75,collector,5,tower,星晶の塔,12,20,5,1,1,17,15,21,30,27,2,1,9,9,8,48,5,5,44,249,4,1,44,0,0,0,53,45,0,0,1012,3509,transition4
76,rush,1,meadow,はじまり草原,1,4,2,1,1,1,2,5,3,2,1,0,1,2,1,10,0,0,5,20,0,0,5,0,0,0,3,2,0,0,230,996,transition4
76,rush,2,cave,こだま洞くつ,3,7,2,1,1,5,5,10,5,4,1,0,2,4,3,27,0,0,9,44,0,0,8,0,0,0,12,17,0,0,996,540,transition4
76,rush,3,brook,しずく湖畔,5,10,3,1,1,10,10,13,4,4,0,0,0,2,1,12,0,0,6,21,0,0,6,0,0,0,5,16,0,0,540,1895,transition4
76,rush,4,volcano,ほむら火山,8,14,4,1,1,13,13,18,8,8,0,0,0,5,4,25,0,0,13,47,0,0,7,0,0,0,15,34,0,0,1895,1004,transition4
76,rush,5,tower,星晶の塔,12,20,5,1,0,18,19,0,50,45,0,5,0,40,40,166,0,0,90,320,0,0,7,0,0,0,146,127,0,0,1004,0,transition4
77,balanced,1,meadow,はじまり草原,1,4,2,1,1,1,2,6,4,3,1,0,3,2,1,10,2,0,8,30,2,1,8,0,0,0,2,2,0,0,230,1135,transition4
77,balanced,2,cave,こだま洞くつ,3,7,2,1,1,7,8,9,2,1,1,0,3,1,0,11,2,2,5,36,0,0,11,0,0,0,7,0,0,0,2411,3573,transition4
77,balanced,3,brook,しずく湖畔,5,10,3,1,1,9,10,12,5,4,1,0,3,2,1,11,2,2,9,38,1,1,7,0,0,0,10,12,0,0,2768,2969,transition4
77,balanced,4,volcano,ほむら火山,8,14,4,1,1,12,13,17,6,5,1,0,3,2,1,12,2,2,10,39,1,1,7,0,0,0,10,19,0,0,2300,2398,transition4
77,balanced,5,tower,星晶の塔,12,20,5,1,1,17,18,21,11,10,1,0,3,4,3,24,2,2,17,61,2,1,8,0,0,0,18,46,0,0,1858,3369,transition4
78,collector,1,meadow,はじまり草原,1,4,2,1,1,1,2,5,5,3,2,0,3,2,1,20,1,0,8,37,4,1,13,0,0,0,4,0,0,0,230,1255,transition4
78,collector,2,cave,こだま洞くつ,3,7,2,1,1,6,6,9,5,5,0,0,3,2,1,30,1,0,8,69,1,1,15,0,0,0,2,4,0,0,1513,3075,transition4
78,collector,3,brook,しずく湖畔,5,10,3,1,1,10,10,12,6,3,3,0,8,2,1,10,5,5,13,50,0,0,7,0,0,0,20,4,0,0,3209,3922,transition4
78,collector,4,volcano,ほむら火山,8,14,4,1,1,12,10,16,21,11,2,8,15,4,3,25,4,3,29,182,2,1,12,0,0,0,55,6,0,0,2072,1608,transition4
78,collector,5,tower,星晶の塔,12,20,5,1,1,17,18,21,25,18,2,5,12,6,5,42,5,5,36,220,2,1,38,0,0,0,48,35,0,0,3455,2276,transition4
79,rush,1,meadow,はじまり草原,1,4,2,1,1,1,2,5,3,1,2,0,2,2,1,15,0,0,5,23,0,0,9,0,0,0,4,3,0,0,230,926,transition4
79,rush,2,cave,こだま洞くつ,3,7,2,1,1,5,6,9,3,3,0,0,0,2,1,16,0,0,5,25,0,0,9,0,0,0,5,8,0,0,926,2025,transition4
79,rush,3,brook,しずく湖畔,5,10,3,1,1,9,10,14,8,8,0,0,0,6,5,31,0,0,14,48,0,0,7,0,0,0,16,37,0,0,2025,1186,transition4
79,rush,4,volcano,ほむら火山,8,14,4,1,1,14,15,22,25,24,0,1,0,21,20,118,0,0,46,214,0,0,9,0,0,0,77,64,0,0,1186,1259,transition4
79,rush,5,tower,星晶の塔,12,20,5,1,0,22,22,0,47,45,0,2,0,40,40,165,0,0,87,327,0,0,8,0,0,0,154,108,0,0,1259,0,transition4
80,balanced,1,meadow,はじまり草原,1,4,2,1,1,1,2,6,4,3,1,0,3,2,1,10,2,0,8,37,1,1,8,0,0,0,2,2,0,0,230,1138,transition4
80,balanced,2,cave,こだま洞くつ,3,7,2,1,1,7,8,9,2,1,1,0,2,1,0,8,1,0,4,26,0,0,12,0,0,0,3,0,0,0,2414,3148,transition4
80,balanced,3,brook,しずく湖畔,5,10,3,1,1,7,8,9,3,2,1,0,4,1,0,5,2,2,6,25,0,0,6,0,0,0,4,0,0,0,3462,4624,transition4
80,balanced,4,volcano,ほむら火山,8,14,4,1,1,9,11,16,4,3,1,0,3,1,0,3,2,0,7,24,0,0,6,0,0,0,1,0,0,0,3582,6469,transition4
80,balanced,5,tower,星晶の塔,12,20,5,1,1,17,17,24,17,16,1,0,3,7,6,37,2,2,26,88,4,1,9,0,0,0,26,120,0,0,6983,4964,transition4
81,collector,1,meadow,はじまり草原,1,4,2,1,1,1,2,5,5,4,1,0,3,2,1,12,2,0,9,36,2,1,8,0,0,0,3,0,0,0,230,1270,transition4
81,collector,2,cave,こだま洞くつ,3,7,2,1,1,7,8,9,2,0,2,0,7,1,0,12,5,5,8,63,1,1,12,0,0,0,16,0,0,0,1846,3570,transition4
81,collector,3,brook,しずく湖畔,5,10,3,1,1,9,9,13,12,10,2,0,7,4,3,26,5,4,21,89,0,0,12,0,0,0,26,20,0,0,1885,1533,transition4
81,collector,4,volcano,ほむら火山,8,14,4,1,1,14,12,17,10,8,2,0,5,3,2,20,3,2,16,87,1,1,14,0,0,0,17,5,0,0,1128,2793,transition4
81,collector,5,tower,星晶の塔,12,20,5,1,1,18,15,21,31,26,3,2,12,9,8,65,5,5,45,295,7,1,33,0,0,0,58,55,0,0,2721,2592,transition4
82,rush,1,meadow,はじまり草原,1,4,2,1,1,1,3,6,3,3,0,0,1,2,1,7,0,0,5,14,0,0,4,0,0,0,1,4,0,0,230,795,transition4
82,rush,2,cave,こだま洞くつ,3,7,2,1,1,6,6,10,5,4,1,0,2,4,3,31,0,0,9,44,0,0,10,0,0,0,7,16,0,0,795,1262,transition4
82,rush,3,brook,しずく湖畔,5,10,3,1,1,10,11,14,6,6,0,0,3,4,3,17,0,0,10,31,0,0,6,0,0,0,7,30,0,0,1262,1136,transition4
82,rush,4,volcano,ほむら火山,8,14,4,1,1,14,14,18,4,3,1,0,1,1,0,6,0,0,5,15,0,0,6,0,0,0,1,0,0,0,1136,2294,transition4
82,rush,5,tower,星晶の塔,12,20,5,1,0,18,19,0,45,45,0,0,0,40,40,195,0,0,85,300,0,0,8,0,0,0,122,149,0,0,2294,0,transition4
83,balanced,1,meadow,はじまり草原,1,4,2,1,1,1,2,4,2,0,2,0,3,1,0,9,1,0,4,19,0,0,9,0,0,0,3,0,0,0,230,1078,transition4
83,balanced,2,cave,こだま洞くつ,3,7,2,1,1,5,4,8,4,3,1,0,3,2,1,25,2,0,8,53,1,1,14,0,0,0,3,3,0,0,2376,3457,transition4
83,balanced,3,brook,しずく湖畔,5,10,3,1,1,9,9,12,5,4,1,0,4,2,1,10,2,2,9,32,1,1,6,0,0,0,7,7,0,0,3985,4329,transition4
83,balanced,4,volcano,ほむら火山,8,14,4,1,1,12,12,17,6,5,1,0,5,2,1,10,2,2,10,40,2,1,7,0,0,0,10,18,0,0,3353,4896,transition4
83,balanced,5,tower,星晶の塔,12,20,5,1,1,17,16,27,43,42,1,0,3,20,19,122,2,2,65,265,10,1,12,0,0,0,71,146,0,0,3792,2214,transition4
84,collector,1,meadow,はじまり草原,1,4,2,1,1,1,2,5,5,3,2,0,5,2,1,14,3,0,10,46,1,1,9,0,0,0,5,0,0,0,230,1265,transition4
84,collector,2,cave,こだま洞くつ,3,7,2,1,1,7,7,10,5,3,2,0,4,2,1,23,2,0,9,60,3,1,20,0,0,0,6,3,0,0,2099,3810,transition4
84,collector,3,brook,しずく湖畔,5,10,3,1,1,10,12,13,6,4,2,0,7,2,1,23,5,4,13,70,0,0,13,0,0,0,19,8,0,0,5278,4820,transition4
84,collector,4,volcano,ほむら火山,8,14,4,1,1,12,10,17,7,6,1,0,8,2,1,23,4,0,13,73,1,1,13,0,0,0,6,6,0,0,3099,6266,transition4
84,collector,5,tower,星晶の塔,12,20,5,1,1,22,23,26,14,10,4,0,9,4,3,23,5,5,23,187,6,1,34,0,0,0,30,60,0,0,19094,14408,transition4
85,rush,1,meadow,はじまり草原,1,4,2,1,1,1,3,6,3,3,0,0,2,2,1,7,0,0,5,14,0,0,4,0,0,0,1,4,0,0,230,829,transition4
85,rush,2,cave,こだま洞くつ,3,7,2,1,1,6,6,10,4,3,1,0,2,3,2,18,0,0,7,29,0,0,7,0,0,0,5,16,0,0,829,510,transition4
85,rush,3,brook,しずく湖畔,5,10,3,1,1,10,10,12,4,3,1,0,3,2,1,10,0,0,6,22,0,0,6,0,0,0,4,12,0,0,510,1852,transition4
85,rush,4,volcano,ほむら火山,8,14,4,1,1,12,13,18,7,7,0,0,0,4,3,27,0,0,11,54,0,0,9,0,0,0,15,34,0,0,1852,1165,transition4
85,rush,5,tower,星晶の塔,12,20,5,1,0,18,19,0,45,45,0,0,0,40,40,183,0,0,85,354,0,0,7,0,0,0,142,133,0,0,1165,0,transition4
86,balanced,1,meadow,はじまり草原,1,4,2,1,1,1,2,6,4,3,1,0,2,2,1,9,1,0,7,24,0,0,5,0,0,0,2,2,0,0,230,1145,transition4
86,balanced,2,cave,こだま洞くつ,3,7,2,1,1,6,4,9,6,5,1,0,2,3,2,49,1,0,10,94,4,1,19,0,0,0,5,11,0,0,1223,2688,transition4
86,balanced,3,brook,しずく湖畔,5,10,3,1,1,10,10,12,5,4,1,0,3,2,1,9,2,2,9,27,1,1,6,0,0,0,7,8,0,0,3062,3646,transition4
86,balanced,4,volcano,ほむら火山,8,14,4,1,1,12,13,17,4,4,0,0,6,1,0,4,2,2,7,31,0,0,7,0,0,0,6,0,0,0,2824,3873,transition4
86,balanced,5,tower,星晶の塔,12,20,5,1,1,17,18,28,49,48,1,0,3,23,22,103,2,2,74,205,8,1,7,0,0,0,74,160,0,0,3000,3075,transition4
87,collector,1,meadow,はじまり草原,1,4,2,1,1,1,2,5,5,4,1,0,3,2,1,12,2,0,9,36,2,1,8,0,0,0,2,0,0,0,230,1271,transition4
87,collector,2,cave,こだま洞くつ,3,7,2,1,1,7,7,10,5,4,1,0,3,2,1,34,2,0,9,68,2,1,20,0,0,0,2,3,0,0,2547,3063,transition4
87,collector,3,brook,しずく湖畔,5,10,3,1,1,11,11,15,12,10,2,0,5,4,3,25,3,2,19,69,0,0,12,0,0,0,18,25,0,0,3631,3392,transition4
87,collector,4,volcano,ほむら火山,8,14,4,1,1,15,13,17,7,5,2,0,8,2,1,40,5,2,14,141,3,1,34,0,0,0,18,8,0,0,2834,3126,transition4
87,collector,5,tower,星晶の塔,12,20,5,1,1,22,21,28,23,20,3,0,9,7,6,81,5,5,35,300,2,1,47,0,0,0,47,108,0,0,11092,11462,transition4
88,rush,1,meadow,はじまり草原,1,4,2,1,1,1,2,5,3,1,2,0,2,2,1,15,0,0,5,24,0,0,10,0,0,0,3,3,0,0,230,924,transition4
88,rush,2,cave,こだま洞くつ,3,7,2,1,1,5,6,9,3,3,0,0,0,2,1,15,0,0,5,25,0,0,8,0,0,0,5,8,0,0,924,1110,transition4
88,rush,3,brook,しずく湖畔,5,10,3,1,1,9,10,13,7,7,0,0,0,5,4,25,0,0,12,45,0,0,5,0,0,0,14,23,0,0,1110,2182,transition4
88,rush,4,volcano,ほむら火山,8,14,4,1,1,13,14,20,18,18,0,0,0,15,14,81,0,0,33,140,0,0,8,0,0,0,49,49,0,0,2182,950,transition4
88,rush,5,tower,星晶の塔,12,20,5,1,0,20,21,0,52,45,0,7,0,40,40,172,0,0,92,337,0,0,7,0,0,0,152,125,0,0,950,0,transition4
89,balanced,1,meadow,はじまり草原,1,4,2,1,1,1,2,6,4,3,1,0,2,2,1,14,1,0,7,28,2,1,9,0,0,0,2,2,0,0,230,1140,transition4
89,balanced,2,cave,こだま洞くつ,3,7,2,1,1,6,5,9,6,5,1,0,3,3,2,32,2,0,11,75,3,1,16,0,0,0,4,12,0,0,1218,2411,transition4
89,balanced,3,brook,しずく湖畔,5,10,3,1,1,11,11,13,5,4,1,0,3,2,1,10,2,2,9,31,1,1,5,0,0,0,10,11,0,0,2979,3558,transition4
89,balanced,4,volcano,ほむら火山,8,14,4,1,1,13,14,18,4,3,1,0,3,1,0,4,2,0,7,24,1,1,8,0,0,0,3,0,0,0,2757,4934,transition4
89,balanced,5,tower,星晶の塔,12,20,5,1,1,19,18,22,9,8,1,0,5,3,2,15,2,2,14,48,2,1,7,0,0,0,14,63,0,0,5448,5781,transition4
90,collector,1,meadow,はじまり草原,1,4,2,1,1,1,2,5,8,4,1,3,3,2,1,10,1,0,11,36,2,1,6,0,0,0,5,0,0,0,230,1217,transition4
90,collector,2,cave,こだま洞くつ,3,7,2,1,1,6,4,9,8,7,1,0,3,3,2,50,1,0,12,91,4,1,20,0,0,0,5,4,0,0,1295,2933,transition4
90,collector,3,brook,しずく湖畔,5,10,3,1,1,9,10,12,6,6,0,0,5,2,1,10,5,4,13,54,3,1,11,0,0,0,12,5,0,0,3067,3390,transition4
90,collector,4,volcano,ほむら火山,8,14,4,1,1,12,13,18,5,3,1,1,10,1,0,5,5,5,11,58,1,1,7,0,0,0,14,0,0,0,2159,4337,transition4
90,collector,5,tower,星晶の塔,12,20,5,1,1,18,15,19,11,8,3,0,8,3,2,19,5,5,19,88,1,1,9,0,0,0,25,18,0,0,2290,4252,transition4
91,rush,1,meadow,はじまり草原,1,4,2,1,1,1,2,5,3,1,2,0,2,2,1,18,0,0,5,29,0,0,11,0,0,0,4,3,0,0,230,920,transition4
91,rush,2,cave,こだま洞くつ,3,7,2,1,1,5,6,9,3,3,0,0,0,2,1,14,0,0,5,25,0,0,8,0,0,0,5,10,0,0,920,1194,transition4
91,rush,3,brook,しずく湖畔,5,10,3,1,1,9,10,12,4,4,0,0,0,2,1,11,0,0,6,19,0,0,7,0,0,0,5,20,0,0,1194,1757,transition4
91,rush,4,volcano,ほむら火山,8,14,4,1,1,12,13,19,13,13,0,0,0,10,9,58,0,0,23,107,0,0,8,0,0,0,35,43,0,0,1757,938,transition4
91,rush,5,tower,星晶の塔,12,20,5,1,0,19,20,0,48,45,0,3,0,40,40,166,0,0,88,318,0,0,8,0,0,0,150,121,0,0,938,0,transition4
92,balanced,1,meadow,はじまり草原,1,4,2,1,1,1,2,5,4,2,2,0,3,2,1,18,1,0,7,33,4,1,13,0,0,0,4,2,0,0,230,1113,transition4
92,balanced,2,cave,こだま洞くつ,3,7,2,1,1,6,6,10,4,3,1,0,2,2,1,35,1,0,7,61,3,1,18,0,0,0,3,9,0,0,1371,2816,transition4
92,balanced,3,brook,しずく湖畔,5,10,3,1,1,10,8,8,3,2,1,0,5,1,0,5,2,2,6,23,0,0,5,0,0,0,5,0,0,0,3210,4396,transition4
92,balanced,4,volcano,ほむら火山,8,14,4,1,1,8,11,18,12,9,1,2,6,4,3,21,2,2,18,71,1,1,7,0,0,0,24,36,1,0,3405,1439,transition4
92,balanced,5,tower,星晶の塔,12,20,5,1,1,18,19,27,39,37,0,2,9,17,16,85,2,2,58,198,8,1,9,0,0,0,73,108,0,0,1115,3428,transition4
93,collector,1,meadow,はじまり草原,1,4,2,1,1,1,2,5,5,4,1,0,5,2,1,15,4,0,11,51,2,1,9,0,0,0,5,0,0,0,230,1273,transition4
93,collector,2,cave,こだま洞くつ,3,7,2,1,1,8,9,11,5,5,0,0,5,2,1,22,4,0,11,68,0,0,12,0,0,0,3,6,0,0,3055,3145,transition4
93,collector,3,brook,しずく湖畔,5,10,3,1,1,15,14,14,3,2,1,0,4,1,0,6,2,0,6,17,0,0,6,0,0,0,0,0,0,0,7461,7955,transition4
93,collector,4,volcano,ほむら火山,8,14,4,1,1,18,18,18,4,2,2,0,8,1,0,17,5,4,10,68,1,1,17,0,0,0,16,0,0,0,20429,21691,transition4
93,collector,5,tower,星晶の塔,12,20,5,1,1,18,19,26,31,26,3,2,10,9,8,49,5,5,45,184,1,1,19,0,0,0,49,138,0,0,13237,2415,transition4
94,rush,1,meadow,はじまり草原,1,4,2,1,1,1,2,5,6,2,1,3,4,2,1,9,0,0,8,30,0,0,6,0,0,0,5,3,0,0,230,880,transition4
94,rush,2,cave,こだま洞くつ,3,7,2,1,1,5,6,9,3,2,1,0,1,2,1,11,0,0,5,21,0,0,6,0,0,0,5,9,0,0,880,1190,transition4
94,rush,3,brook,しずく湖畔,5,10,3,1,1,9,10,12,4,4,0,0,0,2,1,10,0,0,6,17,0,0,5,0,0,0,5,20,0,0,1190,1873,transition4
94,rush,4,volcano,ほむら火山,8,14,4,1,1,12,13,20,18,18,0,0,0,15,14,80,0,0,33,139,0,0,7,0,0,0,50,48,0,0,1873,973,transition4
94,rush,5,tower,星晶の塔,12,20,5,1,0,20,20,0,47,45,0,2,0,40,40,162,0,0,87,292,0,0,6,0,0,0,144,134,0,0,973,0,transition4
95,balanced,1,meadow,はじまり草原,1,4,2,1,1,1,2,6,4,3,1,0,3,2,1,12,2,0,8,35,2,1,7,0,0,0,4,2,0,0,230,1138,transition4
95,balanced,2,cave,こだま洞くつ,3,7,2,1,1,7,5,8,4,3,1,0,2,2,1,30,1,0,7,56,2,1,16,0,0,0,3,5,0,0,1714,3014,transition4
95,balanced,3,brook,しずく湖畔,5,10,3,1,1,9,10,12,5,4,1,0,3,2,1,9,2,2,9,29,2,1,5,0,0,0,7,12,0,0,3388,3673,transition4
95,balanced,4,volcano,ほむら火山,8,14,4,1,1,12,12,17,4,3,1,0,3,1,0,4,2,2,7,38,0,0,14,0,0,0,7,0,0,0,2846,5071,transition4
95,balanced,5,tower,星晶の塔,12,20,5,1,1,17,18,22,11,10,1,0,3,4,3,19,2,2,17,60,2,1,7,0,0,0,19,69,0,0,3928,2111,transition4
96,collector,1,meadow,はじまり草原,1,4,2,1,1,1,2,5,5,4,1,0,3,2,1,12,2,0,9,38,2,1,10,0,0,0,3,0,0,0,230,1281,transition4
96,collector,2,cave,こだま洞くつ,3,7,2,1,1,7,7,10,5,4,1,0,5,2,1,28,4,1,11,85,3,1,23,0,0,0,10,3,0,0,2557,3268,transition4
96,collector,3,brook,しずく湖畔,5,10,3,1,1,10,10,12,9,6,3,0,8,3,2,17,5,5,17,69,1,1,12,0,0,0,23,11,0,0,4778,3925,transition4
96,collector,4,volcano,ほむら火山,8,14,4,1,1,12,13,18,7,5,2,0,8,2,1,14,5,5,14,123,1,1,18,0,0,0,23,10,0,0,2073,3041,transition4
96,collector,5,tower,星晶の塔,12,20,5,1,1,18,16,22,24,20,3,1,11,7,6,39,5,5,36,143,5,1,8,0,0,0,43,38,0,0,1607,4549,transition4
97,rush,1,meadow,はじまり草原,1,4,2,1,1,1,3,6,3,3,0,0,0,2,1,6,0,0,5,15,0,0,4,0,0,0,1,5,0,0,230,754,transition4
97,rush,2,cave,こだま洞くつ,3,7,2,1,1,6,6,9,4,3,1,0,2,3,2,18,0,0,7,31,0,0,8,0,0,0,6,12,0,0,754,747,transition4
97,rush,3,brook,しずく湖畔,5,10,3,1,1,9,10,13,5,4,1,0,2,3,2,16,0,0,8,30,0,0,6,0,0,0,9,26,0,0,747,1438,transition4
97,rush,4,volcano,ほむら火山,8,14,4,1,1,13,14,18,5,5,0,0,0,2,1,18,0,0,7,30,0,0,12,0,0,0,4,23,0,0,1438,1200,transition4
97,rush,5,tower,星晶の塔,12,20,5,1,0,18,19,0,45,45,0,0,0,40,40,198,0,0,85,330,0,0,7,0,0,0,134,134,0,0,1200,0,transition4
98,balanced,1,meadow,はじまり草原,1,4,2,1,1,1,2,6,4,3,1,0,3,2,1,19,2,0,8,42,3,1,11,0,0,0,2,2,0,0,230,1139,transition4
98,balanced,2,cave,こだま洞くつ,3,7,2,1,1,7,8,10,4,3,1,0,3,2,1,37,2,0,8,66,3,1,22,0,0,0,2,7,0,0,1715,2952,transition4
98,balanced,3,brook,しずく湖畔,5,10,3,1,1,11,8,13,9,8,1,0,4,4,3,18,1,0,14,38,2,1,5,0,0,0,7,26,0,0,3220,3638,transition4
98,balanced,4,volcano,ほむら火山,8,14,4,1,1,13,10,15,4,3,1,0,6,1,0,2,2,0,7,33,0,0,7,0,0,0,3,0,0,0,3845,4863,transition4
98,balanced,5,tower,星晶の塔,12,20,5,1,1,17,18,25,18,16,1,1,7,7,6,33,2,2,27,98,2,1,7,0,0,0,28,122,0,0,7877,7602,transition4
99,collector,1,meadow,はじまり草原,1,4,2,1,1,1,2,5,5,3,2,0,4,2,1,16,2,0,9,41,2,1,12,0,0,0,5,0,0,0,230,1258,transition4
99,collector,2,cave,こだま洞くつ,3,7,2,1,1,7,8,9,2,1,1,0,6,1,0,6,4,3,7,52,0,0,10,0,0,0,13,0,0,0,2714,3818,transition4
99,collector,3,brook,しずく湖畔,5,10,3,1,1,7,10,12,6,4,2,0,5,2,1,11,2,1,10,40,1,1,8,0,0,0,9,7,0,0,2997,3147,transition4
99,collector,4,volcano,ほむら火山,8,14,4,1,1,11,11,16,4,2,2,0,9,1,0,18,5,5,10,75,1,1,18,0,0,0,11,0,0,0,4177,5498,transition4
99,collector,5,tower,星晶の塔,12,20,5,1,1,16,17,26,49,46,1,2,10,15,14,71,5,5,69,419,9,1,16,0,0,0,82,106,0,0,2904,2281,transition4
100,rush,1,meadow,はじまり草原,1,4,2,1,1,1,2,5,4,2,1,1,3,2,1,12,0,0,6,23,0,0,6,0,0,0,4,2,0,0,230,977,transition4
100,rush,2,cave,こだま洞くつ,3,7,2,1,1,5,5,9,4,3,1,0,1,3,2,22,0,0,7,35,0,0,8,0,0,0,9,17,0,0,977,745,transition4
100,rush,3,brook,しずく湖畔,5,10,3,1,1,9,10,11,3,3,0,0,0,1,0,7,0,0,4,16,0,0,7,0,0,0,2,0,0,0,745,2721,transition4
100,rush,4,volcano,ほむら火山,8,14,4,1,1,11,12,20,22,22,0,0,0,19,18,98,0,0,41,178,0,0,8,0,0,0,68,64,0,0,2721,940,transition4
100,rush,5,tower,星晶の塔,12,20,5,1,0,20,21,0,46,45,0,1,0,40,40,168,0,0,86,279,0,0,7,0,0,0,132,132,0,0,940,0,transition4
101,balanced,1,meadow,はじまり草原,1,4,2,1,1,1,2,5,4,2,2,0,3,2,1,19,1,0,7,33,4,1,13,0,0,0,4,2,0,0,230,1124,transition4
101,balanced,2,cave,こだま洞くつ,3,7,2,1,1,6,5,9,4,3,1,0,3,2,1,31,2,0,8,58,1,1,19,0,0,0,3,5,0,0,1382,3284,transition4
101,balanced,3,brook,しずく湖畔,5,10,3,1,1,10,10,13,7,6,1,0,4,3,2,12,2,0,12,37,2,1,8,0,0,0,6,20,0,0,3812,3098,transition4
101,balanced,4,volcano,ほむら火山,8,14,4,1,1,15,15,18,4,3,1,0,5,1,0,3,2,0,7,24,0,0,6,0,0,0,2,0,0,0,4712,5706,transition4
101,balanced,5,tower,星晶の塔,12,20,5,1,1,20,21,28,17,16,1,0,3,7,6,43,2,2,26,83,0,0,11,0,0,0,26,161,0,0,8720,6661,transition4
102,collector,1,meadow,はじまり草原,1,4,2,1,1,1,2,5,5,4,1,0,2,2,1,12,1,0,8,27,2,1,8,0,0,0,2,0,0,0,230,1273,transition4
102,collector,2,cave,こだま洞くつ,3,7,2,1,1,6,6,10,8,7,1,0,3,3,2,35,1,0,12,78,3,1,20,0,0,0,4,6,0,0,1351,2879,transition4
102,collector,3,brook,しずく湖畔,5,10,3,1,1,11,7,9,6,3,3,0,8,2,1,8,5,5,13,49,0,0,7,0,0,0,20,5,0,0,3013,3607,transition4
102,collector,4,volcano,ほむら火山,8,14,4,1,1,9,9,15,10,5,2,3,10,2,1,9,5,5,17,94,1,1,11,0,0,0,33,5,0,0,1905,1575,transition4
102,collector,5,tower,星晶の塔,12,20,5,1,1,15,13,24,49,45,2,2,9,15,14,207,5,5,69,546,14,1,26,0,0,0,84,67,0,0,833,3507,transition4
103,rush,1,meadow,はじまり草原,1,4,2,1,1,1,2,5,2,1,1,0,1,1,0,5,0,0,3,10,0,0,5,0,0,0,1,0,0,0,230,1100,transition4
103,rush,2,cave,こだま洞くつ,3,7,2,1,1,5,5,9,4,3,1,0,1,3,2,18,0,0,7,33,0,0,7,0,0,0,8,16,0,0,1100,776,transition4
103,rush,3,brook,しずく湖畔,5,10,3,1,1,9,10,13,4,4,0,0,0,2,1,10,0,0,6,18,0,0,5,0,0,0,4,19,0,0,776,1645,transition4
103,rush,4,volcano,ほむら火山,8,14,4,1,1,13,14,18,5,5,0,0,0,2,1,12,0,0,7,27,0,0,6,0,0,0,5,31,0,0,1645,1164,transition4
103,rush,5,tower,星晶の塔,12,20,5,1,0,18,19,0,45,45,0,0,0,40,40,175,0,0,85,333,0,0,7,0,0,0,136,135,0,0,1164,0,transition4
104,balanced,1,meadow,はじまり草原,1,4,2,1,1,1,2,6,4,2,2,0,4,2,1,17,2,0,8,37,2,1,12,0,0,0,3,2,0,0,230,1121,transition4
104,balanced,2,cave,こだま洞くつ,3,7,2,1,1,7,8,9,2,1,1,0,3,1,0,6,2,1,5,32,1,1,10,0,0,0,6,0,0,0,1697,3788,transition4
104,balanced,3,brook,しずく湖畔,5,10,3,1,1,7,7,11,7,7,0,0,4,3,2,14,2,2,12,42,2,1,7,0,0,0,9,16,0,0,3468,3120,transition4
104,balanced,4,volcano,ほむら火山,8,14,4,1,1,11,11,16,4,3,1,0,3,1,0,4,2,2,7,26,1,1,7,0,0,0,5,0,0,0,2417,4835,transition4
104,balanced,5,tower,星晶の塔,12,20,5,1,1,16,17,23,25,22,1,2,8,10,9,49,2,2,37,135,6,1,7,0,0,0,40,94,0,0,3745,1874,transition4
105,collector,1,meadow,はじまり草原,1,4,2,1,1,1,2,5,5,4,1,0,6,2,1,11,5,0,12,63,2,1,9,0,0,0,5,0,0,0,230,1273,transition4
105,collector,2,cave,こだま洞くつ,3,7,2,1,1,8,9,11,2,1,1,0,3,1,0,13,1,0,4,29,0,0,13,0,0,0,3,0,0,0,3133,4626,transition4
105,collector,3,brook,しずく湖畔,5,10,3,1,1,9,9,11,6,4,2,0,7,2,1,13,5,5,13,54,2,1,8,0,0,0,19,4,0,0,5240,5643,transition4
105,collector,4,volcano,ほむら火山,8,14,4,1,1,11,12,17,7,7,0,0,9,2,1,26,5,5,14,108,2,1,19,0,0,0,25,9,0,0,2980,5239,transition4
105,collector,5,tower,星晶の塔,12,20,5,1,1,17,19,26,35,34,1,0,6,11,10,130,5,5,51,230,1,1,58,1,0,0,48,80,0,0,2767,3536,transition4
106,rush,1,meadow,はじまり草原,1,4,2,1,1,1,2,5,3,1,2,0,2,2,1,13,0,0,5,22,0,0,9,0,0,0,3,3,0,0,230,921,transition4
106,rush,2,cave,こだま洞くつ,3,7,2,1,1,5,6,9,4,4,0,0,0,3,2,19,0,0,7,31,0,0,7,0,0,0,8,13,0,0,921,771,transition4
106,rush,3,brook,しずく湖畔,5,10,3,1,1,9,10,13,4,4,0,0,0,2,1,11,0,0,6,22,0,0,6,0,0,0,4,20,0,0,771,1593,transition4
106,rush,4,volcano,ほむら火山,8,14,4,1,1,13,14,21,22,22,0,0,0,19,18,103,0,0,41,170,0,0,7,0,0,0,61,49,0,0,1593,985,transition4
106,rush,5,tower,星晶の塔,12,20,5,1,0,21,21,0,49,45,0,4,0,40,40,175,0,0,89,312,0,0,6,0,0,0,142,128,0,0,985,0,transition4
107,balanced,1,meadow,はじまり草原,1,4,2,1,1,1,2,6,4,3,1,0,3,2,1,10,2,0,8,30,1,1,6,0,0,0,3,2,0,0,230,1136,transition4
107,balanced,2,cave,こだま洞くつ,3,7,2,1,1,7,7,9,4,3,1,0,3,2,1,40,1,0,7,72,4,1,20,0,0,0,3,6,0,0,1712,2726,transition4
107,balanced,3,brook,しずく湖畔,5,10,3,1,1,10,11,13,5,4,1,0,3,2,1,8,2,2,9,28,1,1,5,0,0,0,7,13,0,0,2860,3606,transition4
107,balanced,4,volcano,ほむら火山,8,14,4,1,1,13,11,16,4,3,1,0,3,1,0,4,2,0,7,24,1,1,6,0,0,0,2,0,0,0,2794,4973,transition4
107,balanced,5,tower,星晶の塔,12,20,5,1,1,16,17,24,17,16,1,0,3,7,6,29,2,2,26,71,3,1,6,0,0,0,17,108,0,0,5487,4092,transition4
108,collector,1,meadow,はじまり草原,1,4,2,1,1,1,2,5,5,4,1,0,2,2,1,12,1,0,8,29,1,1,8,0,0,0,2,0,0,0,230,1269,transition4
108,collector,2,cave,こだま洞くつ,3,7,2,1,1,6,7,11,8,8,0,0,2,3,2,49,2,0,13,102,3,1,27,0,0,0,4,11,0,0,1347,2688,transition4
108,collector,3,brook,しずく湖畔,5,10,3,1,1,12,7,11,9,7,2,0,7,3,2,13,5,5,17,53,0,0,7,0,0,0,14,9,0,0,3136,3007,transition4
108,collector,4,volcano,ほむら火山,8,14,4,1,1,11,11,16,4,0,4,0,9,1,0,6,5,5,10,91,2,1,24,0,0,0,19,0,0,0,1589,4026,transition4
108,collector,5,tower,星晶の塔,12,20,5,1,1,16,17,21,17,14,3,0,8,5,4,41,5,5,27,134,3,1,14,0,0,0,33,47,0,0,2126,2223,transition4
109,rush,1,meadow,はじまり草原,1,4,2,1,1,1,2,5,4,1,2,1,3,2,1,14,0,0,6,28,0,0,9,0,0,0,4,3,0,0,230,903,transition4
109,rush,2,cave,こだま洞くつ,3,7,2,1,1,5,6,10,4,4,0,0,0,3,2,21,0,0,7,32,0,0,9,0,0,0,7,19,0,0,903,573,transition4
109,rush,3,brook,しずく湖畔,5,10,3,1,1,10,11,12,3,3,0,0,0,1,0,6,0,0,4,12,0,0,6,0,0,0,1,0,0,0,573,2538,transition4
109,rush,4,volcano,ほむら火山,8,14,4,1,1,12,13,20,21,21,0,0,0,18,17,95,0,0,39,166,0,0,10,0,0,0,61,59,0,0,2538,1004,transition4
109,rush,5,tower,星晶の塔,12,20,5,1,0,20,21,0,45,45,0,0,0,40,40,161,0,0,85,287,0,0,7,0,0,0,139,136,0,0,1004,0,transition4
110,balanced,1,meadow,はじまり草原,1,4,2,1,1,1,2,6,5,2,2,1,5,2,1,17,2,0,9,39,4,1,13,0,0,0,4,2,0,0,230,1094,transition4
110,balanced,2,cave,こだま洞くつ,3,7,2,1,1,7,8,9,2,1,1,0,3,1,0,7,2,2,5,32,1,1,10,0,0,0,8,0,0,0,1670,3541,transition4
110,balanced,3,brook,しずく湖畔,5,10,3,1,1,9,10,12,5,4,1,0,3,2,1,13,2,2,9,40,1,1,8,0,0,0,11,14,0,0,2743,2835,transition4
110,balanced,4,volcano,ほむら火山,8,14,4,1,1,12,11,16,6,5,1,0,3,2,1,11,2,2,10,47,1,1,7,0,0,0,15,12,0,0,2196,2760,transition4
110,balanced,5,tower,星晶の塔,12,20,5,1,1,16,14,26,56,50,1,5,10,24,23,185,2,2,82,390,3,1,15,0,0,0,97,122,0,0,2138,3971,transition4
111,collector,1,meadow,はじまり草原,1,4,2,1,1,1,2,5,5,4,1,0,2,2,1,13,1,0,8,34,2,1,7,0,0,0,3,0,0,0,230,1281,transition4
111,collector,2,cave,こだま洞くつ,3,7,2,1,1,6,4,8,5,4,1,0,6,2,1,27,4,0,11,81,3,1,15,0,0,0,3,2,0,0,1359,3205,transition4
111,collector,3,brook,しずく湖畔,5,10,3,1,1,12,12,13,6,4,2,0,7,2,1,9,4,3,12,51,2,1,9,0,0,0,14,8,0,0,5241,5027,transition4
111,collector,4,volcano,ほむら火山,8,14,4,1,1,10,14,20,7,4,3,0,9,2,1,12,5,5,14,96,3,1,16,0,0,0,21,9,0,0,3874,7340,transition4
111,collector,5,tower,星晶の塔,12,20,5,1,1,20,15,23,36,34,1,1,9,11,10,66,5,5,52,206,9,1,14,0,0,0,55,73,0,0,3875,2319,transition4
112,rush,1,meadow,はじまり草原,1,4,2,1,1,1,2,5,4,2,1,1,1,2,1,11,0,0,6,25,0,0,6,0,0,0,3,3,0,0,230,913,transition4
112,rush,2,cave,こだま洞くつ,3,7,2,1,1,5,6,10,5,4,1,0,2,4,3,28,0,0,9,48,0,0,8,0,0,0,12,16,0,0,913,560,transition4
112,rush,3,brook,しずく湖畔,5,10,3,1,1,10,10,14,6,6,0,0,0,4,3,22,0,0,10,33,0,0,7,0,0,0,11,29,0,0,560,1132,transition4
112,rush,4,volcano,ほむら火山,8,14,4,1,1,14,14,19,7,7,0,0,0,4,3,25,0,0,11,40,0,0,9,0,0,0,11,24,0,0,1132,1685,transition4
112,rush,5,tower,星晶の塔,12,20,5,1,0,19,19,0,50,45,0,5,0,40,40,187,0,0,90,339,0,0,7,0,0,0,148,124,0,0,1685,0,transition4
113,balanced,1,meadow,はじまり草原,1,4,2,1,1,1,3,6,4,4,0,0,3,2,1,7,1,0,7,25,1,1,6,0,0,0,1,3,0,0,230,1033,transition4
113,balanced,2,cave,こだま洞くつ,3,7,2,1,1,6,7,10,4,3,1,0,3,2,1,19,1,0,7,43,1,1,15,0,0,0,2,8,0,0,1181,2709,transition4
113,balanced,3,brook,しずく湖畔,5,10,3,1,1,11,11,12,3,2,1,0,4,1,0,4,2,2,6,19,0,0,6,0,0,0,5,0,0,0,3263,4202,transition4
113,balanced,4,volcano,ほむら火山,8,14,4,1,1,12,10,16,6,5,1,0,5,2,1,8,2,0,10,38,2,1,8,0,0,0,5,12,0,0,3255,3664,transition4
113,balanced,5,tower,星晶の塔,12,20,5,1,1,17,18,25,24,22,1,1,5,10,9,93,2,2,36,170,3,1,17,0,0,0,37,115,0,0,5378,2738,transition4
114,collector,1,meadow,はじまり草原,1,4,2,1,1,1,2,4,2,0,2,0,6,1,0,11,4,0,7,41,2,1,11,0,0,0,5,0,0,0,230,1078,transition4
114,collector,2,cave,こだま洞くつ,3,7,2,1,1,7,7,9,2,0,2,0,7,1,0,11,5,4,8,58,1,1,11,0,0,0,16,0,0,0,2910,3774,transition4
114,collector,3,brook,しずく湖畔,5,10,3,1,1,8,9,10,3,3,0,0,6,1,0,4,5,5,9,42,0,0,7,0,0,0,11,0,0,0,3600,4886,transition4
114,collector,4,volcano,ほむら火山,8,14,4,1,1,10,11,16,4,3,1,0,9,1,0,5,5,5,10,52,2,1,7,0,0,0,12,0,0,0,2580,3632,transition4
114,collector,5,tower,星晶の塔,12,20,5,1,1,16,17,21,20,14,3,3,11,5,4,31,5,5,30,155,2,1,17,0,0,0,41,36,0,0,1919,4497,transition4
115,rush,1,meadow,はじまり草原,1,4,2,1,1,1,2,5,3,2,1,0,1,2,1,11,0,0,5,20,0,0,6,0,0,0,3,2,0,0,230,994,transition4
115,rush,2,cave,こだま洞くつ,3,7,2,1,1,5,5,9,4,3,1,0,1,3,2,26,0,0,7,40,0,0,9,0,0,0,8,14,0,0,994,709,transition4
115,rush,3,brook,しずく湖畔,5,10,3,1,1,9,10,13,5,5,0,0,0,3,2,17,0,0,8,28,0,0,6,0,0,0,8,26,0,0,709,1443,transition4
115,rush,4,volcano,ほむら火山,8,14,4,1,1,13,14,18,5,5,0,0,0,2,1,16,0,0,7,27,0,0,9,0,0,0,5,24,0,0,1443,1159,transition4
115,rush,5,tower,星晶の塔,12,20,5,1,0,18,18,0,45,45,0,0,0,40,40,186,0,0,85,332,0,0,7,0,0,0,141,137,0,0,1159,0,transition4
116,balanced,1,meadow,はじまり草原,1,4,2,1,1,1,2,6,4,3,1,0,2,2,1,9,1,0,7,21,1,1,6,0,0,0,2,2,0,0,230,1136,transition4
116,balanced,2,cave,こだま洞くつ,3,7,2,1,1,6,7,10,4,3,1,0,3,2,1,32,2,0,8,66,2,1,16,0,0,0,3,8,0,0,1214,2799,transition4
116,balanced,3,brook,しずく湖畔,5,10,3,1,1,11,8,10,5,4,1,0,3,2,1,8,2,2,9,26,0,0,5,0,0,0,7,9,0,0,3067,3781,transition4
116,balanced,4,volcano,ほむら火山,8,14,4,1,1,10,11,18,8,7,1,0,3,3,2,23,2,2,13,58,0,0,10,0,0,0,13,32,0,0,2929,2859,transition4
116,balanced,5,tower,星晶の塔,12,20,5,1,1,18,19,30,62,61,0,1,6,29,28,154,2,2,93,303,7,1,12,0,0,0,99,172,0,0,2215,1865,transition4
117,collector,1,meadow,はじまり草原,1,4,2,1,1,1,2,5,5,3,2,0,3,2,1,15,1,0,8,33,3,1,10,0,0,0,3,0,0,0,230,1258,transition4
117,collector,2,cave,こだま洞くつ,3,7,2,1,1,6,4,7,5,3,2,0,5,2,1,31,3,1,10,72,3,1,17,0,0,0,6,3,0,0,1516,3237,transition4
117,collector,3,brook,しずく湖畔,5,10,3,1,1,9,10,12,9,8,1,0,7,3,2,12,5,5,17,63,1,1,6,0,0,0,14,14,0,0,3617,2780,transition4
117,collector,4,volcano,ほむら火山,8,14,4,1,1,12,13,16,4,2,2,0,7,1,0,5,5,5,10,47,0,0,7,0,0,0,17,0,0,0,1469,3390,transition4
117,collector,5,tower,星晶の塔,12,20,5,1,1,16,14,21,29,27,2,0,9,9,8,99,5,5,43,194,8,1,45,0,0,0,45,65,0,0,1790,2241,transition4
118,rush,1,meadow,はじまり草原,1,4,2,1,1,1,3,7,4,4,0,0,0,3,2,12,0,0,7,23,0,0,5,0,0,0,2,7,0,0,230,702,transition4
118,rush,2,cave,こだま洞くつ,3,7,2,1,1,7,7,10,6,4,2,0,2,5,4,39,0,0,11,54,0,0,9,0,0,0,14,13,0,0,702,1632,transition4
118,rush,3,brook,しずく湖畔,5,10,3,1,1,10,10,14,7,7,0,0,0,5,4,29,0,0,12,44,0,0,7,0,0,0,13,28,0,0,1632,1159,transition4
118,rush,4,volcano,ほむら火山,8,14,4,1,1,14,14,19,6,6,0,0,0,3,2,16,0,0,9,29,0,0,6,0,0,0,8,33,0,0,1159,996,transition4
118,rush,5,tower,星晶の塔,12,20,5,1,0,19,20,0,49,45,0,4,0,40,40,182,0,0,89,337,0,0,8,0,0,0,143,117,0,0,996,0,transition4
119,balanced,1,meadow,はじまり草原,1,4,2,1,1,1,2,6,4,3,1,0,2,2,1,11,1,0,7,27,2,1,7,0,0,0,2,2,0,0,230,1139,transition4
119,balanced,2,cave,こだま洞くつ,3,7,2,1,1,6,6,9,4,3,1,0,4,2,1,32,2,0,8,81,3,1,17,0,0,0,3,5,0,0,1217,2860,transition4
119,balanced,3,brook,しずく湖畔,5,10,3,1,1,10,8,10,5,4,1,0,3,2,1,9,2,2,9,25,2,1,5,0,0,0,7,8,0,0,3368,4116,transition4
119,balanced,4,volcano,ほむら火山,8,14,4,1,1,10,10,18,10,9,1,0,5,4,3,17,2,0,16,53,3,1,7,0,0,0,7,33,0,0,3189,2958,transition4
119,balanced,5,tower,星晶の塔,12,20,5,1,1,18,19,28,33,32,1,0,5,15,14,102,2,2,50,191,0,0,12,0,0,0,49,135,0,0,3772,4016,transition4
120,collector,1,meadow,はじまり草原,1,4,2,1,1,1,2,5,5,4,1,0,2,2,1,14,1,0,8,29,3,1,8,0,0,0,3,0,0,0,230,1279,transition4
120,collector,2,cave,こだま洞くつ,3,7,2,1,1,6,6,9,5,4,1,0,3,2,1,40,1,0,8,73,1,1,24,0,0,0,3,3,0,0,1357,3138,transition4
120,collector,3,brook,しずく湖畔,5,10,3,1,1,10,10,13,9,7,2,0,7,3,2,21,5,5,17,63,0,0,8,0,0,0,23,11,0,0,3512,3225,transition4
120,collector,4,volcano,ほむら火山,8,14,4,1,1,13,10,17,10,8,2,0,8,3,2,40,5,5,18,133,3,1,20,0,0,0,29,13,0,0,1704,2089,transition4
120,collector,5,tower,星晶の塔,12,20,5,1,1,17,18,29,80,74,0,6,11,24,23,139,5,5,109,762,17,1,19,0,0,0,131,102,0,0,1104,3487,transition4
121,rush,1,meadow,はじまり草原,1,4,2,1,1,1,2,5,3,2,1,0,1,2,1,11,0,0,5,21,0,0,6,0,0,0,3,2,0,0,230,992,transition4
121,rush,2,cave,こだま洞くつ,3,7,2,1,1,5,5,8,4,3,1,0,1,3,2,23,0,0,7,33,0,0,10,0,0,0,8,11,0,0,992,884,transition4
121,rush,3,brook,しずく湖畔,5,10,3,1,1,8,9,13,6,6,0,0,0,4,3,24,0,0,10,33,0,0,7,0,0,0,11,28,0,0,884,1440,transition4
121,rush,4,volcano,ほむら火山,8,14,4,1,1,13,14,20,17,17,0,0,0,14,13,73,0,0,31,129,0,0,7,0,0,0,45,38,0,0,1440,942,transition4
121,rush,5,tower,星晶の塔,12,20,5,1,0,20,21,0,48,45,0,3,0,40,40,174,0,0,88,333,0,0,6,0,0,0,153,130,0,0,942,0,transition4
122,balanced,1,meadow,はじまり草原,1,4,2,1,1,1,2,6,4,3,1,0,2,2,1,12,1,0,7,25,1,1,8,0,0,0,2,2,0,0,230,1135,transition4
122,balanced,2,cave,こだま洞くつ,3,7,2,1,1,6,5,9,6,5,1,0,3,3,2,46,2,0,11,76,4,1,16,0,0,0,5,10,0,0,1213,2693,transition4
122,balanced,3,brook,しずく湖畔,5,10,3,1,1,10,10,11,3,2,1,0,3,1,0,7,2,1,6,23,0,0,7,0,0,0,2,0,0,0,3261,4315,transition4
122,balanced,4,volcano,ほむら火山,8,14,4,1,1,13,13,15,6,5,1,0,3,2,1,18,2,2,10,48,0,0,11,0,0,0,11,12,0,0,5205,5207,transition4
122,balanced,5,tower,星晶の塔,12,20,5,1,1,15,16,25,39,36,1,2,4,17,16,128,2,2,58,258,3,1,18,0,0,0,65,119,0,0,4034,3097,transition4
123,collector,1,meadow,はじまり草原,1,4,2,1,1,1,2,5,5,4,1,0,2,2,1,13,1,0,8,30,3,1,8,0,0,0,3,0,0,0,230,1266,transition4
123,collector,2,cave,こだま洞くつ,3,7,2,1,1,5,6,10,8,7,1,0,3,3,2,42,2,0,13,74,3,1,21,0,0,0,4,6,0,0,2044,3116,transition4
123,collector,3,brook,しずく湖畔,5,10,3,1,1,11,7,13,18,17,1,0,7,6,5,23,5,3,29,98,0,0,12,0,0,0,18,22,0,0,3384,1583,transition4
123,collector,4,volcano,ほむら火山,8,14,4,1,1,14,15,19,4,1,3,0,8,1,0,4,5,2,10,60,1,1,15,0,0,0,14,0,0,0,2694,5203,transition4
123,collector,5,tower,星晶の塔,12,20,5,1,1,22,18,22,8,7,1,0,10,2,1,10,5,5,15,66,1,1,8,0,0,0,22,14,0,0,11801,18683,transition4
124,rush,1,meadow,はじまり草原,1,4,2,1,1,1,2,5,4,1,2,1,3,2,1,13,0,0,6,25,0,0,8,0,0,0,5,3,0,0,230,902,transition4
124,rush,2,cave,こだま洞くつ,3,7,2,1,1,5,6,10,4,4,0,0,0,3,2,21,0,0,7,31,0,0,8,0,0,0,7,16,0,0,902,560,transition4
124,rush,3,brook,しずく湖畔,5,10,3,1,1,10,10,14,7,7,0,0,0,5,4,28,0,0,12,43,0,0,8,0,0,0,14,29,0,0,560,1174,transition4
124,rush,4,volcano,ほむら火山,8,14,4,1,1,14,15,20,16,16,0,0,0,13,12,69,0,0,29,115,0,0,10,0,0,0,40,33,0,0,1174,977,transition4
124,rush,5,tower,星晶の塔,12,20,5,1,0,20,21,0,47,45,0,2,0,40,40,166,0,0,87,302,0,0,6,0,0,0,143,129,0,0,977,0,transition4
125,balanced,1,meadow,はじまり草原,1,4,2,1,1,1,2,6,4,3,1,0,2,2,1,13,1,0,7,31,3,1,7,0,0,0,3,2,0,0,230,1137,transition4
125,balanced,2,cave,こだま洞くつ,3,7,2,1,1,6,5,9,4,3,1,0,2,2,1,21,1,0,7,38,1,1,12,0,0,0,2,5,0,0,1915,3207,transition4
125,balanced,3,brook,しずく湖畔,5,10,3,1,1,9,10,12,5,4,1,0,3,2,1,11,2,2,9,31,2,1,7,0,0,0,7,14,0,0,3341,3342,transition4
125,balanced,4,volcano,ほむら火山,8,14,4,1,1,12,12,17,6,5,1,0,4,2,1,10,2,2,10,40,1,1,7,0,0,0,7,10,0,0,2589,3012,transition4
125,balanced,5,tower,星晶の塔,12,20,5,1,1,17,18,25,34,30,1,3,8,14,13,77,2,2,50,168,5,1,9,0,0,0,56,88,0,0,2333,3980,transition4
126,collector,1,meadow,はじまり草原,1,4,2,1,1,1,2,5,5,3,2,0,3,2,1,15,1,0,8,30,2,1,9,0,0,0,3,0,0,0,230,1254,transition4
126,collector,2,cave,こだま洞くつ,3,7,2,1,1,6,6,9,5,3,2,0,4,2,1,16,2,0,9,35,2,1,13,0,0,0,4,3,0,0,1512,3430,transition4
126,collector,3,brook,しずく湖畔,5,10,3,1,1,11,10,12,6,4,2,0,7,2,1,9,5,3,13,61,2,1,10,0,0,0,17,7,0,0,3998,3783,transition4
126,collector,4,volcano,ほむら火山,8,14,4,1,1,10,10,15,4,1,3,0,7,1,0,11,4,3,9,76,0,0,26,0,0,0,7,0,0,0,3745,4971,transition4
126,collector,5,tower,星晶の塔,12,20,5,1,1,17,17,21,19,13,4,2,11,5,4,44,5,5,29,204,4,1,51,1,0,0,40,61,0,0,6145,3294,transition4
127,rush,1,meadow,はじまり草原,1,4,2,1,1,1,3,7,7,6,0,1,0,5,4,20,0,0,12,38,0,0,5,0,0,0,5,6,0,0,230,773,transition4
127,rush,2,cave,こだま洞くつ,3,7,2,1,1,7,7,14,30,30,0,0,2,29,28,100,0,0,59,170,0,0,5,0,0,0,28,44,0,0,773,569,transition4
127,rush,3,brook,しずく湖畔,5,10,3,1,1,14,15,17,9,8,1,0,3,7,6,30,0,0,16,50,0,0,6,0,0,0,13,25,0,0,569,1152,transition4
127,rush,4,volcano,ほむら火山,8,14,4,1,1,17,18,21,7,5,1,1,3,3,2,20,0,0,10,45,0,0,9,0,0,0,11,32,0,0,1152,926,transition4
127,rush,5,tower,星晶の塔,12,20,5,1,0,21,22,0,48,45,0,3,0,40,40,171,0,0,88,332,0,0,7,0,0,0,152,102,0,0,926,0,transition4
128,balanced,1,meadow,はじまり草原,1,4,2,1,1,1,3,6,6,6,0,0,2,3,2,12,2,2,11,35,0,0,7,0,0,0,4,4,0,0,230,899,transition4
128,balanced,2,cave,こだま洞くつ,3,7,2,1,1,6,6,9,4,2,2,0,4,2,1,18,2,2,8,54,2,1,13,0,0,0,11,8,0,0,741,1945,transition4
128,balanced,3,brook,しずく湖畔,5,10,3,1,1,9,10,14,11,10,1,0,3,5,4,33,2,2,18,70,6,1,8,0,0,0,19,27,0,0,1507,1357,transition4
128,balanced,4,volcano,ほむら火山,8,14,4,1,1,14,14,17,4,3,1,0,3,1,0,6,2,0,7,32,1,1,8,0,0,0,7,0,0,0,1052,2228,transition4
128,balanced,5,tower,星晶の塔,12,20,5,1,1,18,16,21,14,12,1,1,6,5,4,27,2,2,21,80,2,1,9,0,0,0,27,75,0,0,2742,3074,transition4
129,collector,1,meadow,はじまり草原,1,4,2,1,1,1,2,5,5,4,1,0,3,2,1,14,2,0,9,32,3,1,8,0,0,0,3,0,0,0,230,1271,transition4
129,collector,2,cave,こだま洞くつ,3,7,2,1,1,7,7,9,5,4,1,0,3,2,1,25,2,1,9,53,1,1,13,0,0,0,9,4,0,0,1847,2867,transition4
129,collector,3,brook,しずく湖畔,5,10,3,1,1,8,8,10,6,4,2,0,7,2,1,10,5,5,13,43,2,1,7,0,0,0,13,4,0,0,3197,3671,transition4
129,collector,4,volcano,ほむら火山,8,14,4,1,1,10,11,17,8,4,3,1,9,2,1,10,4,1,14,66,3,1,8,0,0,0,14,8,0,0,1939,2918,transition4
129,collector,5,tower,星晶の塔,12,20,5,1,1,19,19,22,14,13,1,0,8,4,3,18,5,5,23,87,1,1,9,0,0,0,29,52,0,0,6342,4965,transition4
130,rush,1,meadow,はじまり草原,1,4,2,1,1,1,2,5,3,1,2,0,2,2,1,15,0,0,5,23,0,0,11,0,0,0,3,3,0,0,230,927,transition4
130,rush,2,cave,こだま洞くつ,3,7,2,1,1,5,6,9,3,3,0,0,0,2,1,15,0,0,5,22,0,0,8,0,0,0,4,9,0,0,927,1031,transition4
130,rush,3,brook,しずく湖畔,5,10,3,1,1,9,10,13,5,5,0,0,0,3,2,14,0,0,8,24,0,0,5,0,0,0,8,21,0,0,1031,1853,transition4
130,rush,4,volcano,ほむら火山,8,14,4,1,1,13,14,19,12,11,0,1,0,8,7,46,0,0,20,84,0,0,9,0,0,0,29,39,0,0,1853,946,transition4
130,rush,5,tower,星晶の塔,12,20,5,1,0,19,20,0,45,45,0,0,0,40,40,158,0,0,85,282,0,0,6,0,0,0,140,128,0,0,946,0,transition4
131,balanced,1,meadow,はじまり草原,1,4,2,1,1,1,2,6,4,3,1,0,3,2,1,9,2,0,8,35,0,0,7,0,0,0,3,2,0,0,230,1133,transition4
131,balanced,2,cave,こだま洞くつ,3,7,2,1,1,7,4,7,4,3,1,0,3,2,1,25,2,0,8,53,2,1,13,0,0,0,5,4,0,0,2409,2871,transition4
131,balanced,3,brook,しずく湖畔,5,10,3,1,1,9,10,12,3,2,1,0,4,1,0,11,2,2,6,33,0,0,11,0,0,0,5,0,0,0,3339,5927,transition4
131,balanced,4,volcano,ほむら火山,8,14,4,1,1,12,13,16,4,3,1,0,4,1,0,5,2,2,7,34,0,0,7,0,0,0,9,0,0,0,4591,5857,transition4
131,balanced,5,tower,星晶の塔,12,20,5,1,1,16,16,27,43,42,1,0,3,20,19,114,2,2,65,242,12,1,11,0,0,0,66,165,0,0,4537,2174,transition4
132,collector,1,meadow,はじまり草原,1,4,2,1,1,1,2,5,5,3,2,0,3,2,1,14,1,0,8,31,1,1,8,0,0,0,4,0,0,0,230,1262,transition4
132,collector,2,cave,こだま洞くつ,3,7,2,1,1,6,7,9,5,4,1,0,2,2,1,34,1,0,8,53,3,1,21,0,0,0,6,5,0,0,1760,3204,transition4
132,collector,3,brook,しずく湖畔,5,10,3,1,1,8,9,11,6,6,0,0,6,2,1,11,5,5,13,52,2,1,7,0,0,0,14,5,0,0,3598,3905,transition4
132,collector,4,volcano,ほむら火山,8,14,4,1,1,11,12,18,10,8,2,0,8,3,2,15,5,5,18,81,3,1,8,0,0,0,24,16,0,0,2062,2244,transition4
132,collector,5,tower,星晶の塔,12,20,5,1,1,18,17,21,14,10,4,0,9,4,3,21,5,5,23,100,1,1,9,0,0,0,31,35,0,0,1186,3506,transition4
133,rush,1,meadow,はじまり草原,1,4,2,1,1,1,2,5,3,2,1,0,1,2,1,10,0,0,5,17,0,0,7,0,0,0,2,3,0,0,230,941,transition4
133,rush,2,cave,こだま洞くつ,3,7,2,1,1,5,6,9,4,3,1,0,1,3,2,27,0,0,7,39,0,0,12,0,0,0,6,13,0,0,941,749,transition4
133,rush,3,brook,しずく湖畔,5,10,3,1,1,9,10,12,4,4,0,0,0,2,1,9,0,0,6,17,0,0,5,0,0,0,4,15,0,0,749,1848,transition4
133,rush,4,volcano,ほむら火山,8,14,4,1,1,12,13,18,5,5,0,0,0,2,1,12,0,0,7,22,0,0,6,0,0,0,5,24,0,0,1848,1718,transition4
133,rush,5,tower,星晶の塔,12,20,5,1,0,18,18,0,45,45,0,0,0,40,40,188,0,0,85,314,0,0,6,0,0,0,125,140,0,0,1718,0,transition4
134,balanced,1,meadow,はじまり草原,1,4,2,1,1,1,2,6,4,2,2,0,4,2,1,12,2,0,8,35,0,0,8,0,0,0,4,2,0,0,230,1121,transition4
134,balanced,2,cave,こだま洞くつ,3,7,2,1,1,7,8,9,2,1,1,0,3,1,0,9,2,2,5,31,1,1,9,0,0,0,7,0,0,0,2577,3560,transition4
134,balanced,3,brook,しずく湖畔,5,10,3,1,1,9,10,12,5,4,1,0,4,2,1,10,2,2,9,35,1,1,7,0,0,0,10,14,0,0,2758,3049,transition4
134,balanced,4,volcano,ほむら火山,8,14,4,1,1,12,13,19,12,11,1,0,4,5,4,26,2,2,19,71,0,0,7,0,0,0,22,40,0,0,2362,1228,transition4
134,balanced,5,tower,星晶の塔,12,20,5,1,1,19,15,25,43,42,1,0,3,20,19,138,2,2,65,253,3,1,12,0,0,0,65,108,0,0,952,3919,transition4
135,collector,1,meadow,はじまり草原,1,4,2,1,1,1,2,5,5,4,1,0,3,2,1,11,2,0,9,38,1,1,8,0,0,0,3,0,0,0,230,1268,transition4
135,collector,2,cave,こだま洞くつ,3,7,2,1,1,7,7,9,5,4,1,0,3,2,1,25,1,0,8,46,1,1,18,0,0,0,6,3,0,0,1844,2920,transition4
135,collector,3,brook,しずく湖畔,5,10,3,1,1,7,8,10,6,4,2,0,8,2,1,8,5,5,13,49,1,1,6,0,0,0,14,5,0,0,3354,3951,transition4
135,collector,4,volcano,ほむら火山,8,14,4,1,1,10,11,16,4,3,1,0,7,1,0,6,5,5,10,45,1,1,7,0,0,0,11,0,0,0,2086,4085,transition4
135,collector,5,tower,星晶の塔,12,20,5,1,1,16,17,22,25,21,2,2,11,7,6,62,5,5,37,193,4,1,21,0,0,0,44,54,0,0,2157,2237,transition4
136,rush,1,meadow,はじまり草原,1,4,2,1,1,1,2,5,3,2,1,0,2,2,1,8,0,0,5,18,0,0,5,0,0,0,2,3,0,0,230,937,transition4
136,rush,2,cave,こだま洞くつ,3,7,2,1,1,5,6,9,3,2,1,0,1,2,1,12,0,0,5,24,0,0,6,0,0,0,4,9,0,0,937,1248,transition4
136,rush,3,brook,しずく湖畔,5,10,3,1,1,9,10,11,3,3,0,0,0,1,0,5,0,0,4,11,0,0,5,0,0,0,1,0,0,0,1248,3233,transition4
136,rush,4,volcano,ほむら火山,8,14,4,1,1,11,12,19,12,12,0,0,0,9,8,65,0,0,21,98,0,0,14,0,0,0,27,58,0,0,3233,971,transition4
136,rush,5,tower,星晶の塔,12,20,5,1,0,19,20,0,49,45,0,4,0,40,40,170,0,0,89,316,0,0,7,0,0,0,140,123,0,0,971,0,transition4
137,balanced,1,meadow,はじまり草原,1,4,2,1,1,1,2,6,4,2,2,0,3,2,1,15,1,0,7,27,3,1,10,0,0,0,3,2,0,0,230,1123,transition4
137,balanced,2,cave,こだま洞くつ,3,7,2,1,1,6,7,9,2,1,1,0,2,1,0,19,1,0,4,36,1,1,19,0,0,0,2,0,0,0,1381,3490,transition4
137,balanced,3,brook,しずく湖畔,5,10,3,1,1,9,10,11,3,3,0,0,4,1,0,6,2,2,6,26,1,1,8,0,0,0,5,0,0,0,3884,4784,transition4
137,balanced,4,volcano,ほむら火山,8,14,4,1,1,11,10,17,8,7,1,0,3,3,2,12,2,0,13,39,1,1,7,0,0,0,5,25,0,0,3705,3105,transition4
137,balanced,5,tower,星晶の塔,12,20,5,1,1,18,16,22,17,16,1,0,4,7,6,29,2,2,26,77,8,1,7,0,0,0,18,107,0,0,4819,1880,transition4
138,collector,1,meadow,はじまり草原,1,4,2,1,1,1,2,5,5,4,1,0,3,2,1,10,2,0,9,37,0,0,8,0,0,0,2,0,0,0,230,1281,transition4
138,collector,2,cave,こだま洞くつ,3,7,2,1,1,7,8,10,5,3,2,0,3,2,1,32,1,0,8,53,2,1,23,0,0,0,5,5,0,0,1857,3096,transition4
138,collector,3,brook,しずく湖畔,5,10,3,1,1,8,11,12,6,4,2,0,7,2,1,10,5,5,13,48,1,1,7,0,0,0,20,8,0,0,3790,3520,transition4
138,collector,4,volcano,ほむら火山,8,14,4,1,1,12,10,15,4,2,2,0,7,1,0,5,5,4,10,54,0,0,8,0,0,0,17,0,0,0,1859,3767,transition4
138,collector,5,tower,星晶の塔,12,20,5,1,1,15,17,19,11,9,2,0,9,3,2,17,5,5,19,93,2,1,9,0,0,0,29,27,0,0,2517,4560,transition4
139,rush,1,meadow,はじまり草原,1,4,2,1,1,1,2,5,3,2,1,0,1,2,1,10,0,0,5,20,0,0,6,0,0,0,2,2,0,0,230,995,transition4
139,rush,2,cave,こだま洞くつ,3,7,2,1,1,5,6,9,4,3,1,0,1,3,2,19,0,0,7,31,0,0,7,0,0,0,9,14,0,0,995,1438,transition4
139,rush,3,brook,しずく湖畔,5,10,3,1,1,9,10,11,3,3,0,0,0,1,0,6,0,0,4,12,0,0,6,0,0,0,2,0,0,0,1438,2934,transition4
139,rush,4,volcano,ほむら火山,8,14,4,1,1,11,12,18,8,8,0,0,0,5,4,33,0,0,13,56,0,0,12,0,0,0,15,46,0,0,2934,1212,transition4
139,rush,5,tower,星晶の塔,12,20,5,1,0,18,19,0,48,45,0,3,0,40,40,177,0,0,88,333,0,0,7,0,0,0,136,132,0,0,1212,0,transition4
140,balanced,1,meadow,はじまり草原,1,4,2,1,1,1,2,5,4,2,2,0,3,2,1,17,1,0,7,34,2,1,10,0,0,0,4,2,0,0,230,1121,transition4
140,balanced,2,cave,こだま洞くつ,3,7,2,1,1,6,4,9,6,5,1,0,3,3,2,51,2,0,11,104,4,1,19,0,0,0,5,10,0,0,1379,2684,transition4
140,balanced,3,brook,しずく湖畔,5,10,3,1,1,10,11,12,3,2,1,0,3,1,0,10,2,0,6,27,1,1,10,0,0,0,1,0,0,0,3252,4588,transition4
140,balanced,4,volcano,ほむら火山,8,14,4,1,1,14,14,18,4,3,1,0,3,1,0,2,2,0,7,21,0,0,7,0,0,0,2,0,0,0,6202,7193,transition4
140,balanced,5,tower,星晶の塔,12,20,5,1,1,19,18,24,11,10,1,0,3,4,3,17,2,2,17,43,0,0,7,0,0,0,10,88,0,0,10207,10859,transition4
141,collector,1,meadow,はじまり草原,1,4,2,1,1,1,2,5,7,3,2,2,5,2,1,15,1,0,10,40,3,1,11,0,0,0,5,0,0,0,230,1216,transition4
141,collector,2,cave,こだま洞くつ,3,7,2,1,1,6,4,10,8,6,2,0,4,3,2,33,2,0,13,80,2,1,15,0,0,0,4,6,0,0,1474,3217,transition4
141,collector,3,brook,しずく湖畔,5,10,3,1,1,10,10,12,6,5,1,0,6,2,1,7,5,5,13,46,0,0,6,0,0,0,12,5,0,0,3485,3527,transition4
141,collector,4,volcano,ほむら火山,8,14,4,1,1,12,12,18,7,4,3,0,9,2,1,9,5,0,14,67,2,1,7,0,0,0,14,9,0,0,1863,4310,transition4
141,collector,5,tower,星晶の塔,12,20,5,1,1,23,22,25,5,4,1,0,8,1,0,4,5,5,11,49,0,0,9,0,0,0,16,0,0,0,12895,23309,transition4
142,rush,1,meadow,はじまり草原,1,4,2,1,1,1,2,5,3,2,1,0,2,2,1,9,0,0,5,18,0,0,5,0,0,0,2,3,0,0,230,939,transition4
142,rush,2,cave,こだま洞くつ,3,7,2,1,1,5,6,10,9,7,0,2,3,6,5,28,0,0,15,55,0,0,6,0,0,0,16,18,0,0,939,1394,transition4
142,rush,3,brook,しずく湖畔,5,10,3,1,1,10,11,13,4,3,1,0,1,2,1,10,0,0,6,21,0,0,6,0,0,0,6,19,0,0,1394,1473,transition4
142,rush,4,volcano,ほむら火山,8,14,4,1,1,13,14,20,18,17,0,1,0,14,13,79,0,0,32,141,0,0,11,0,0,0,51,36,0,0,1473,963,transition4
142,rush,5,tower,星晶の塔,12,20,5,1,0,20,21,0,47,45,0,2,0,40,40,177,0,0,87,320,0,0,8,0,0,0,149,133,0,0,963,0,transition4
143,balanced,1,meadow,はじまり草原,1,4,2,1,1,1,2,6,4,3,1,0,3,2,1,12,2,0,8,35,2,1,6,0,0,0,5,2,0,0,230,1128,transition4
143,balanced,2,cave,こだま洞くつ,3,7,2,1,1,7,7,10,4,3,1,0,3,2,1,17,2,2,8,47,2,1,9,0,0,0,14,6,0,0,1704,2667,transition4
143,balanced,3,brook,しずく湖畔,5,10,3,1,1,10,9,14,11,10,1,0,3,5,4,30,2,2,18,64,3,1,7,0,0,0,19,34,0,0,2066,1167,transition4
143,balanced,4,volcano,ほむら火山,8,14,4,1,1,14,13,17,4,3,1,0,3,1,0,21,2,2,7,49,1,1,21,0,0,0,8,0,0,0,904,1906,transition4
143,balanced,5,tower,星晶の塔,12,20,5,1,1,17,18,25,31,30,1,0,3,14,13,69,2,2,47,138,1,1,10,0,0,0,46,94,0,0,1477,3962,transition4
144,collector,1,meadow,はじまり草原,1,4,2,1,1,1,2,5,5,4,1,0,2,2,1,10,1,0,8,26,1,1,6,0,0,0,2,0,0,0,230,1269,transition4
144,collector,2,cave,こだま洞くつ,3,7,2,1,1,6,7,9,5,4,1,0,2,2,1,39,1,0,8,68,3,1,22,0,0,0,3,4,0,0,1347,2976,transition4
144,collector,3,brook,しずく湖畔,5,10,3,1,1,10,10,14,12,10,2,0,3,4,3,31,1,0,17,66,2,1,12,0,0,0,14,18,0,0,3110,2417,transition4
144,collector,4,volcano,ほむら火山,8,14,4,1,1,10,11,16,7,4,3,0,8,2,1,12,5,5,14,71,2,1,10,0,0,0,20,8,0,0,2624,4272,transition4
144,collector,5,tower,星晶の塔,12,20,5,1,1,16,18,24,34,31,1,2,11,10,9,86,5,5,49,199,1,1,21,0,0,0,50,62,0,0,2256,2611,transition4
145,rush,1,meadow,はじまり草原,1,4,2,1,1,1,3,6,4,3,0,1,2,2,1,7,0,0,6,22,0,0,5,0,0,0,2,5,0,0,230,743,transition4
145,rush,2,cave,こだま洞くつ,3,7,2,1,1,6,6,9,4,1,2,1,3,2,1,14,0,0,6,29,0,0,7,0,0,0,7,13,0,0,743,763,transition4
145,rush,3,brook,しずく湖畔,5,10,3,1,1,9,10,13,5,5,0,0,0,3,2,17,0,0,8,28,0,0,7,0,0,0,6,24,0,0,763,1170,transition4
145,rush,4,volcano,ほむら火山,8,14,4,1,1,13,14,19,10,9,0,1,0,6,5,35,0,0,16,63,0,0,8,0,0,0,20,27,0,0,1170,999,transition4
145,rush,5,tower,星晶の塔,12,20,5,1,0,19,20,0,45,45,0,0,0,40,40,180,0,0,85,337,0,0,7,0,0,0,135,132,0,0,999,0,transition4
146,balanced,1,meadow,はじまり草原,1,4,2,1,1,1,2,5,4,3,1,0,2,2,1,14,1,0,7,30,3,1,8,0,0,0,4,2,0,0,230,1135,transition4
146,balanced,2,cave,こだま洞くつ,3,7,2,1,1,6,6,10,6,5,1,0,2,3,2,41,1,0,10,89,3,1,23,0,0,0,4,11,0,0,1213,2477,transition4
146,balanced,3,brook,しずく湖畔,5,10,3,1,1,10,8,10,5,4,1,0,4,2,1,8,2,1,9,30,0,0,7,0,0,0,6,9,0,0,2611,3405,transition4
146,balanced,4,volcano,ほむら火山,8,14,4,1,1,10,10,16,4,3,1,0,6,1,0,3,2,1,7,32,0,0,7,0,0,0,4,0,1,0,3204,5545,transition4
146,balanced,5,tower,星晶の塔,12,20,5,1,1,16,13,22,27,26,1,0,4,12,11,57,2,2,41,121,7,1,8,0,0,0,42,121,0,0,5137,1850,transition4
147,collector,1,meadow,はじまり草原,1,4,2,1,1,1,3,6,5,5,0,0,6,2,1,8,5,1,12,53,2,1,8,0,0,0,2,0,0,0,230,1236,transition4
147,collector,2,cave,こだま洞くつ,3,7,2,1,1,9,9,11,5,4,1,0,4,2,1,39,2,0,9,88,2,1,21,0,0,0,4,6,0,0,2231,2879,transition4
147,collector,3,brook,しずく湖畔,5,10,3,1,1,13,13,16,15,12,3,0,5,5,4,49,2,1,22,87,0,0,12,0,0,0,17,36,0,0,4967,1996,transition4
147,collector,4,volcano,ほむら火山,8,14,4,1,1,15,15,20,10,8,2,0,7,3,2,98,4,3,17,201,4,1,47,0,0,0,24,19,1,0,4164,4174,transition4
147,collector,5,tower,星晶の塔,12,20,5,1,1,22,17,25,30,26,3,1,9,9,8,95,5,5,44,259,8,1,21,0,0,0,49,95,0,0,8503,10168,transition4
148,rush,1,meadow,はじまり草原,1,4,2,1,1,1,3,7,4,4,0,0,1,3,2,9,0,0,7,19,0,0,4,0,0,0,2,8,0,0,230,675,transition4
148,rush,2,cave,こだま洞くつ,3,7,2,1,1,7,7,9,4,1,2,1,3,2,1,15,0,0,6,27,0,0,8,0,0,0,6,7,0,0,675,766,transition4
148,rush,3,brook,しずく湖畔,5,10,3,1,1,9,10,11,3,3,0,0,0,1,0,7,0,0,4,13,0,0,7,0,0,0,2,0,0,0,766,2968,transition4
148,rush,4,volcano,ほむら火山,8,14,4,1,1,11,12,18,6,6,0,0,0,3,2,21,0,0,9,33,0,0,12,0,0,0,7,36,0,0,2968,1871,transition4
148,rush,5,tower,星晶の塔,12,20,5,1,1,18,19,28,42,42,0,0,0,38,37,193,0,0,80,306,0,0,8,0,0,0,121,140,0,0,1871,1559,transition4
149,balanced,1,meadow,はじまり草原,1,4,2,1,1,1,2,5,4,2,2,0,3,2,1,16,1,0,7,30,2,1,10,0,0,0,3,2,0,0,230,1115,transition4
149,balanced,2,cave,こだま洞くつ,3,7,2,1,1,7,7,9,2,1,1,0,2,1,0,9,1,0,4,24,0,0,9,0,0,0,3,0,0,0,1613,3482,transition4
149,balanced,3,brook,しずく湖畔,5,10,3,1,1,7,8,12,7,6,1,0,4,3,2,11,2,1,12,37,2,1,8,0,0,0,7,23,0,0,3876,2976,transition4
149,balanced,4,volcano,ほむら火山,8,14,4,1,1,12,13,17,4,3,1,0,3,1,0,3,2,0,7,21,1,1,7,0,0,0,0,0,0,0,3026,5212,transition4
149,balanced,5,tower,星晶の塔,12,20,5,1,1,18,14,23,21,20,1,0,5,9,8,49,2,2,32,99,6,1,9,0,0,0,21,118,0,0,5726,4055,transition4
150,collector,1,meadow,はじまり草原,1,4,2,1,1,1,2,5,2,1,1,0,2,1,0,6,1,0,4,16,0,0,6,0,0,0,1,0,0,0,230,1094,transition4
150,collector,2,cave,こだま洞くつ,3,7,2,1,1,5,4,9,8,6,2,0,4,3,2,53,2,0,13,91,4,1,20,0,0,0,6,4,0,0,1272,2910,transition4
150,collector,3,brook,しずく湖畔,5,10,3,1,1,10,10,12,6,3,3,0,8,2,1,8,5,5,13,57,0,0,8,0,0,0,20,6,1,0,3978,3900,transition4
150,collector,4,volcano,ほむら火山,8,14,4,1,1,12,10,16,4,1,3,0,8,1,0,4,5,3,10,58,0,0,9,0,0,0,16,0,0,0,2060,4487,transition4
150,collector,5,tower,星晶の塔,12,20,5,1,1,17,16,19,15,13,1,1,10,4,3,17,5,5,24,190,5,1,16,0,0,0,42,34,0,0,3543,6645,transition4
151,rush,1,meadow,はじまり草原,1,4,2,1,1,1,2,5,3,2,1,0,2,2,1,11,0,0,5,19,0,0,6,0,0,0,2,3,0,0,230,944,transition4
151,rush,2,cave,こだま洞くつ,3,7,2,1,1,5,6,9,4,2,1,1,2,2,1,13,0,0,6,33,0,0,7,0,0,0,7,10,0,0,944,1073,transition4
151,rush,3,brook,しずく湖畔,5,10,3,1,1,9,10,11,3,3,0,0,0,1,0,6,0,0,4,13,0,0,6,0,0,0,1,0,0,0,1073,3072,transition4
151,rush,4,volcano,ほむら火山,8,14,4,1,1,11,12,19,8,8,0,0,0,5,4,31,0,0,13,49,0,0,10,0,0,0,14,52,0,0,3072,1147,transition4
151,rush,5,tower,星晶の塔,12,20,5,1,0,19,19,0,45,45,0,0,0,40,40,183,0,0,85,313,0,0,7,0,0,0,127,133,0,0,1147,0,transition4
152,balanced,1,meadow,はじまり草原,1,4,2,1,1,1,2,6,4,3,1,0,2,2,1,12,1,0,7,33,3,1,7,0,0,0,3,2,0,0,230,1142,transition4
152,balanced,2,cave,こだま洞くつ,3,7,2,1,1,5,6,9,4,3,1,0,2,2,1,34,1,0,7,57,2,1,19,0,0,0,3,7,0,0,1220,2979,transition4
152,balanced,3,brook,しずく湖畔,5,10,3,1,1,10,8,9,3,2,1,0,3,1,0,5,2,2,6,29,2,1,7,0,0,0,7,0,1,0,3353,4710,transition4
152,balanced,4,volcano,ほむら火山,8,14,4,1,1,9,10,15,6,5,1,0,4,2,1,9,2,2,10,31,1,1,5,0,0,0,7,12,0,0,3648,3763,transition4
152,balanced,5,tower,星晶の塔,12,20,5,1,1,15,16,26,39,38,1,0,3,18,17,79,2,1,59,150,10,1,7,0,0,0,58,121,0,0,2915,3988,transition4
153,collector,1,meadow,はじまり草原,1,4,2,1,1,1,3,6,8,8,0,0,2,3,2,17,1,0,12,43,1,1,8,0,0,0,2,0,0,0,230,1137,transition4
153,collector,2,cave,こだま洞くつ,3,7,2,1,1,6,5,9,5,4,1,0,3,2,1,37,1,0,8,74,3,1,20,0,0,0,3,3,0,0,1285,3215,transition4
153,collector,3,brook,しずく湖畔,5,10,3,1,1,10,10,12,6,3,3,0,8,2,1,7,5,5,13,44,0,0,6,0,0,0,13,6,0,0,3529,3823,transition4
153,collector,4,volcano,ほむら火山,8,14,4,1,1,12,12,16,4,2,2,0,3,1,0,4,1,0,6,22,1,1,6,0,0,0,2,0,0,0,2020,2717,transition4
153,collector,5,tower,星晶の塔,12,20,5,1,1,17,17,19,8,5,3,0,9,2,1,12,5,5,15,69,1,1,8,0,0,0,21,14,0,0,4174,5831,transition4
154,rush,1,meadow,はじまり草原,1,4,2,1,1,1,2,5,2,1,1,0,1,1,0,6,0,0,3,11,0,0,6,0,0,0,1,0,0,0,230,1097,transition4
154,rush,2,cave,こだま洞くつ,3,7,2,1,1,5,5,9,4,3,1,0,1,3,2,18,0,0,7,31,0,0,8,0,0,0,8,16,0,0,1097,1469,transition4
154,rush,3,brook,しずく湖畔,5,10,3,1,1,9,10,11,3,3,0,0,0,1,0,5,0,0,4,11,0,0,5,0,0,0,2,0,0,0,1469,2971,transition4
154,rush,4,volcano,ほむら火山,8,14,4,1,1,11,12,19,15,14,0,1,0,11,10,61,0,0,26,113,0,0,8,0,0,0,42,54,0,0,2971,967,transition4
154,rush,5,tower,星晶の塔,12,20,5,1,0,19,20,0,49,45,0,4,0,40,40,174,0,0,89,309,0,0,6,0,0,0,145,126,0,0,967,0,transition4
155,balanced,1,meadow,はじまり草原,1,4,2,1,1,1,2,6,4,2,2,0,4,2,1,13,2,0,8,35,2,1,8,0,0,0,4,2,0,0,230,1114,transition4
155,balanced,2,cave,こだま洞くつ,3,7,2,1,1,7,8,9,2,1,1,0,3,1,0,8,2,2,5,36,0,0,10,0,0,0,7,0,0,0,1690,3322,transition4
155,balanced,3,brook,しずく湖畔,5,10,3,1,1,9,10,12,5,4,1,0,3,2,1,14,2,2,9,43,0,0,12,0,0,0,10,13,0,0,2574,2951,transition4
155,balanced,4,volcano,ほむら火山,8,14,4,1,1,12,13,19,16,13,1,2,3,6,5,42,1,0,23,91,3,1,10,0,0,0,25,36,0,0,2286,1290,transition4
155,balanced,5,tower,星晶の塔,12,20,5,1,1,15,20,25,19,18,1,0,4,8,7,46,2,2,29,98,5,1,7,0,0,0,30,87,0,0,2747,2772,transition4
156,collector,1,meadow,はじまり草原,1,4,2,1,1,1,2,5,5,4,1,0,4,2,1,16,2,0,9,49,5,1,10,0,0,0,4,0,0,0,230,1275,transition4
156,collector,2,cave,こだま洞くつ,3,7,2,1,1,7,6,6,2,1,1,0,2,1,0,12,1,0,4,25,1,1,12,0,0,0,2,0,0,0,2551,3613,transition4
156,collector,3,brook,しずく湖畔,5,10,3,1,1,7,7,11,9,6,3,0,8,3,2,24,5,5,17,74,4,1,11,0,0,0,23,9,0,0,3747,3671,transition4
156,collector,4,volcano,ほむら火山,8,14,4,1,1,11,10,16,4,1,3,0,8,1,0,4,5,3,10,60,1,1,9,0,0,0,17,0,0,0,1939,4357,transition4
156,collector,5,tower,星晶の塔,12,20,5,1,1,17,16,21,20,15,2,3,12,5,4,38,5,5,30,158,4,1,13,0,0,0,45,45,0,0,3396,4552,transition4
157,rush,1,meadow,はじまり草原,1,4,2,1,1,1,2,5,3,1,2,0,2,2,1,15,0,0,5,23,0,0,11,0,0,0,3,3,0,0,230,922,transition4
157,rush,2,cave,こだま洞くつ,3,7,2,1,1,5,6,9,4,4,0,0,0,3,2,24,0,0,7,33,0,0,10,0,0,0,7,14,0,0,922,726,transition4
157,rush,3,brook,しずく湖畔,5,10,3,1,1,9,10,13,4,4,0,0,0,2,1,11,0,0,6,19,0,0,6,0,0,0,4,19,0,0,726,1592,transition4
157,rush,4,volcano,ほむら火山,8,14,4,1,1,13,14,19,11,11,0,0,0,8,7,40,0,0,19,73,0,0,6,0,0,0,26,39,0,0,1592,1004,transition4
157,rush,5,tower,星晶の塔,12,20,5,1,0,19,20,0,51,45,0,6,0,40,40,170,0,0,91,321,0,0,7,0,0,0,149,119,0,0,1004,0,transition4
158,balanced,1,meadow,はじまり草原,1,4,2,1,1,1,2,5,4,3,1,0,3,2,1,11,1,0,7,28,1,1,6,0,0,0,4,2,0,0,230,1127,transition4
158,balanced,2,cave,こだま洞くつ,3,7,2,1,1,6,6,10,6,6,0,0,2,3,2,39,1,0,10,88,2,1,23,0,0,0,4,13,0,0,1205,2456,transition4
158,balanced,3,brook,しずく湖畔,5,10,3,1,1,10,11,14,7,6,1,0,3,3,2,13,2,2,12,38,2,1,8,0,0,0,9,25,0,0,2770,2007,transition4
158,balanced,4,volcano,ほむら火山,8,14,4,1,1,14,12,16,4,3,1,0,4,1,0,4,2,1,7,30,2,1,7,0,0,0,4,0,0,0,1555,3046,transition4
158,balanced,5,tower,星晶の塔,12,20,5,1,1,17,15,21,15,14,1,0,4,6,5,31,2,2,23,76,6,1,6,0,0,0,22,95,0,0,4138,1817,transition4
159,collector,1,meadow,はじまり草原,1,4,2,1,1,1,2,5,5,4,1,0,6,2,1,12,5,0,12,53,2,1,7,0,0,0,4,0,0,0,230,1270,transition4
159,collector,2,cave,こだま洞くつ,3,7,2,1,1,9,9,12,5,3,2,0,3,2,1,35,1,0,8,51,4,1,19,0,0,0,5,6,0,0,3130,4711,transition4
159,collector,3,brook,しずく湖畔,5,10,3,1,1,10,13,13,3,0,3,0,8,1,0,8,5,5,9,49,2,1,8,0,0,0,17,0,0,0,5045,5682,transition4
159,collector,4,volcano,ほむら火山,8,14,4,1,1,13,11,18,13,8,2,3,7,3,2,23,1,0,17,83,4,1,11,0,0,0,20,15,0,0,3000,4820,transition4
159,collector,5,tower,星晶の塔,12,20,5,1,1,19,18,27,33,31,1,1,7,10,9,97,5,5,48,223,4,1,56,1,0,0,50,85,0,0,5677,7926,transition4
160,rush,1,meadow,はじまり草原,1,4,2,1,1,1,2,5,3,2,1,0,1,2,1,12,0,0,5,22,0,0,7,0,0,0,2,3,0,0,230,937,transition4
160,rush,2,cave,こだま洞くつ,3,7,2,1,1,5,6,9,4,3,1,0,1,3,2,27,0,0,7,38,0,0,10,0,0,0,8,13,0,0,937,1465,transition4
160,rush,3,brook,しずく湖畔,5,10,3,1,1,9,10,13,4,4,0,0,0,2,1,12,0,0,6,19,0,0,8,0,0,0,5,21,0,0,1465,1507,transition4
160,rush,4,volcano,ほむら火山,8,14,4,1,1,13,14,18,6,6,0,0,0,3,2,20,0,0,9,32,0,0,8,0,0,0,8,30,0,0,1507,1143,transition4
160,rush,5,tower,星晶の塔,12,20,5,1,0,18,19,0,46,45,0,1,0,40,40,183,0,0,86,332,0,0,8,0,0,0,136,131,0,0,1143,0,transition4
161,balanced,1,meadow,はじまり草原,1,4,2,1,1,1,2,6,4,2,2,0,4,2,1,19,2,0,8,40,4,1,14,0,0,0,4,2,0,0,230,1122,transition4
161,balanced,2,cave,こだま洞くつ,3,7,2,1,1,8,8,9,2,1,1,0,3,1,0,5,2,1,5,35,1,1,13,0,0,0,7,0,0,0,3018,3555,transition4
161,balanced,3,brook,しずく湖畔,5,10,3,1,1,10,10,11,3,2,1,0,3,1,0,6,2,1,6,33,1,1,9,0,0,0,8,0,0,0,3263,4692,transition4
161,balanced,4,volcano,ほむら火山,8,14,4,1,1,10,10,15,4,3,1,0,3,1,0,2,2,0,7,25,0,0,8,0,0,0,2,0,0,0,5736,6714,transition4
161,balanced,5,tower,星晶の塔,12,20,5,1,1,17,18,23,13,12,1,0,3,5,4,28,2,2,20,68,3,1,8,0,0,0,18,104,0,0,9428,3437,transition4
162,collector,1,meadow,はじまり草原,1,4,2,1,1,1,2,5,5,4,1,0,3,2,1,13,2,0,9,36,2,1,7,0,0,0,4,0,0,0,230,1265,transition4
162,collector,2,cave,こだま洞くつ,3,7,2,1,1,7,7,10,5,5,0,0,6,2,1,26,5,0,12,95,1,1,14,0,0,0,3,3,0,0,1841,2913,transition4
162,collector,3,brook,しずく湖畔,5,10,3,1,1,13,12,14,3,0,3,0,7,1,0,6,4,0,8,44,0,0,12,0,0,0,3,0,0,0,5283,8540,transition4
162,collector,4,volcano,ほむら火山,8,14,4,1,1,20,20,22,4,2,2,0,6,1,0,3,2,0,7,36,0,0,11,0,0,0,2,0,0,0,21468,22189,transition4
162,collector,5,tower,星晶の塔,12,20,5,1,1,23,23,29,27,24,2,1,9,8,7,58,5,5,40,227,1,1,47,0,0,0,47,153,0,0,22703,5767,transition4
163,rush,1,meadow,はじまり草原,1,4,2,1,1,1,2,5,3,2,1,0,1,2,1,11,0,0,5,20,0,0,7,0,0,0,2,3,0,0,230,938,transition4
163,rush,2,cave,こだま洞くつ,3,7,2,1,1,5,6,9,6,2,1,3,4,2,1,14,0,0,8,41,0,0,7,0,0,0,10,9,0,0,938,966,transition4
163,rush,3,brook,しずく湖畔,5,10,3,1,1,9,10,12,4,4,0,0,0,2,1,10,0,0,6,17,0,0,5,0,0,0,4,21,0,0,966,1504,transition4
163,rush,4,volcano,ほむら火山,8,14,4,1,1,12,13,18,6,6,0,0,0,3,2,17,0,0,9,30,0,0,6,0,0,0,8,28,0,0,1504,1184,transition4
163,rush,5,tower,星晶の塔,12,20,5,1,0,18,19,0,47,45,0,2,0,40,40,190,0,0,87,320,0,0,8,0,0,0,132,130,0,0,1184,0,transition4
164,balanced,1,meadow,はじまり草原,1,4,2,1,1,1,2,6,4,3,1,0,3,2,1,12,2,0,8,32,1,1,7,0,0,0,2,2,0,0,230,1144,transition4
164,balanced,2,cave,こだま洞くつ,3,7,2,1,1,7,8,10,4,3,1,0,3,2,1,40,2,0,8,78,3,1,22,0,0,0,4,9,0,0,1720,2526,transition4
164,balanced,3,brook,しずく湖畔,5,10,3,1,1,11,12,13,3,3,0,0,4,1,0,11,2,1,6,37,0,0,11,0,0,0,4,0,0,0,2794,5413,transition4
164,balanced,4,volcano,ほむら火山,8,14,4,1,1,14,12,15,6,5,1,0,4,2,1,23,2,2,10,51,1,1,13,0,0,0,7,16,0,0,4946,4509,transition4
164,balanced,5,tower,星晶の塔,12,20,5,1,1,15,17,24,22,20,1,1,6,9,8,82,2,2,33,167,2,1,24,0,0,0,36,100,0,0,3492,4073,transition4
165,collector,1,meadow,はじまり草原,1,4,2,1,1,1,2,5,5,4,1,0,2,2,1,12,1,0,8,29,3,1,6,0,0,0,3,0,0,0,230,1269,transition4
165,collector,2,cave,こだま洞くつ,3,7,2,1,1,6,4,8,5,4,1,0,5,2,1,32,4,0,11,86,4,1,18,0,0,0,4,2,0,0,1347,3182,transition4
165,collector,3,brook,しずく湖畔,5,10,3,1,1,12,12,13,3,1,2,0,7,1,0,5,5,5,9,40,0,0,8,0,0,0,16,0,0,0,5218,6348,transition4
165,collector,4,volcano,ほむら火山,8,14,4,1,1,13,13,18,8,5,2,1,8,2,1,10,5,5,15,69,1,1,8,0,0,0,26,8,0,0,3352,2932,transition4
165,collector,5,tower,星晶の塔,12,20,5,1,1,18,14,24,46,40,1,5,13,13,12,134,5,5,64,482,9,1,20,0,0,0,83,59,0,0,1549,4459,transition4
166,rush,1,meadow,はじまり草原,1,4,2,1,1,1,2,5,3,2,1,0,2,2,1,9,0,0,5,19,0,0,6,0,0,0,2,3,0,0,230,939,transition4
166,rush,2,cave,こだま洞くつ,3,7,2,1,1,5,6,9,4,3,1,0,1,3,2,20,0,0,7,29,0,0,7,0,0,0,7,13,0,0,939,739,transition4
166,rush,3,brook,しずく湖畔,5,10,3,1,1,9,10,13,5,5,0,0,0,3,2,15,0,0,8,26,0,0,6,0,0,0,9,26,0,0,739,1457,transition4
166,rush,4,volcano,ほむら火山,8,14,4,1,1,13,14,19,18,17,0,1,0,14,13,74,0,0,32,135,0,0,8,0,0,0,53,35,0,0,1457,979,transition4
166,rush,5,tower,星晶の塔,12,20,5,1,0,19,20,0,48,45,0,3,0,40,40,167,0,0,88,309,0,0,6,0,0,0,144,133,0,0,979,0,transition4
167,balanced,1,meadow,はじまり草原,1,4,2,1,1,1,2,6,5,3,1,1,5,2,1,12,2,0,9,42,3,1,7,0,0,0,4,2,0,0,230,1118,transition4
167,balanced,2,cave,こだま洞くつ,3,7,2,1,1,7,7,10,4,3,1,0,4,2,1,40,2,0,8,87,2,1,20,0,0,0,5,5,0,0,1694,3087,transition4
167,balanced,3,brook,しずく湖畔,5,10,3,1,1,11,11,13,3,2,1,0,5,1,0,12,2,2,6,30,1,1,12,0,0,0,5,0,0,0,3355,5705,transition4
167,balanced,4,volcano,ほむら火山,8,14,4,1,1,13,11,17,10,9,1,0,4,4,3,24,2,2,16,66,1,1,8,0,0,0,11,35,0,0,4419,2828,transition4
167,balanced,5,tower,星晶の塔,12,20,5,1,1,17,18,28,60,56,1,3,5,27,26,151,2,2,89,290,8,1,13,0,0,0,94,154,0,0,2191,1887,transition4
168,collector,1,meadow,はじまり草原,1,4,2,1,1,1,2,5,5,4,1,0,3,2,1,14,1,0,8,36,1,1,7,0,0,0,3,0,0,0,230,1262,transition4
168,collector,2,cave,こだま洞くつ,3,7,2,1,1,6,6,10,8,7,1,0,2,3,2,40,1,0,12,81,3,1,25,0,0,0,4,6,0,0,1340,3067,transition4
168,collector,3,brook,しずく湖畔,5,10,3,1,1,11,7,10,9,7,2,0,8,3,2,13,5,5,17,56,4,1,7,0,0,0,15,8,0,0,3201,2947,transition4
168,collector,4,volcano,ほむら火山,8,14,4,1,1,10,11,16,7,4,3,0,8,2,1,12,5,2,14,91,5,1,30,0,0,0,17,5,1,0,1557,2766,transition4
168,collector,5,tower,星晶の塔,12,20,5,1,1,17,15,23,35,30,2,3,11,10,9,101,5,5,50,229,10,1,22,0,0,0,54,67,0,0,4414,4446,transition4
169,rush,1,meadow,はじまり草原,1,4,2,1,1,1,2,5,3,2,1,0,1,2,1,9,0,0,5,17,0,0,5,0,0,0,2,3,0,0,230,941,transition4
169,rush,2,cave,こだま洞くつ,3,7,2,1,1,5,6,9,4,3,1,0,1,3,2,20,0,0,7,32,0,0,7,0,0,0,7,13,0,0,941,761,transition4
169,rush,3,brook,しずく湖畔,5,10,3,1,1,9,10,13,4,4,0,0,0,2,1,12,0,0,6,19,0,0,6,0,0,0,5,20,0,0,761,1569,transition4
169,rush,4,volcano,ほむら火山,8,14,4,1,1,13,14,19,6,6,0,0,0,3,2,23,0,0,9,39,0,0,11,0,0,0,9,31,0,0,1569,1131,transition4
169,rush,5,tower,星晶の塔,12,20,5,1,0,19,20,0,49,45,0,4,0,40,40,177,0,0,89,350,0,0,8,0,0,0,149,125,0,0,1131,0,transition4
170,balanced,1,meadow,はじまり草原,1,4,2,1,1,1,2,5,5,2,2,1,4,2,1,16,2,0,9,36,4,1,12,0,0,0,4,2,0,0,230,1100,transition4
170,balanced,2,cave,こだま洞くつ,3,7,2,1,1,7,8,9,2,1,1,0,3,1,0,15,2,2,5,42,3,1,15,0,0,0,9,0,0,0,1676,3511,transition4
170,balanced,3,brook,しずく湖畔,5,10,3,1,1,9,9,12,7,6,1,0,3,3,2,14,2,2,12,42,1,1,9,0,0,0,14,18,0,0,2720,2210,transition4
170,balanced,4,volcano,ほむら火山,8,14,4,1,1,12,11,17,8,7,1,0,3,3,2,24,2,2,13,53,3,1,13,0,0,0,13,25,0,0,1712,1716,transition4
170,balanced,5,tower,星晶の塔,12,20,5,1,1,17,18,23,21,18,1,2,6,8,7,49,2,2,31,116,1,1,9,0,0,0,36,63,0,0,1330,3081,transition4
171,collector,1,meadow,はじまり草原,1,4,2,1,1,1,2,5,5,4,1,0,3,2,1,10,2,0,9,33,2,1,9,0,0,0,3,0,0,0,230,1272,transition4
171,collector,2,cave,こだま洞くつ,3,7,2,1,1,7,7,10,5,4,1,0,3,2,1,31,2,0,9,69,3,1,20,0,0,0,8,3,0,0,1848,3268,transition4
171,collector,3,brook,しずく湖畔,5,10,3,1,1,8,10,14,12,10,2,0,7,4,3,32,5,5,21,97,2,1,12,0,0,0,25,20,0,0,3836,3614,transition4
171,collector,4,volcano,ほむら火山,8,14,4,1,1,14,13,17,4,1,3,0,8,1,0,5,5,4,10,120,3,1,30,0,0,0,16,0,0,0,1909,2524,transition4
171,collector,5,tower,星晶の塔,12,20,5,1,1,17,14,22,32,27,2,3,12,9,8,65,5,5,46,222,8,1,14,0,0,0,52,52,0,0,1895,4848,transition4
172,rush,1,meadow,はじまり草原,1,4,2,1,1,1,2,5,3,2,1,0,1,2,1,11,0,0,5,20,0,0,7,0,0,0,2,3,0,0,230,941,transition4
172,rush,2,cave,こだま洞くつ,3,7,2,1,1,5,6,9,3,2,1,0,1,2,1,19,0,0,5,31,0,0,10,0,0,0,5,8,0,0,941,1089,transition4
172,rush,3,brook,しずく湖畔,5,10,3,1,1,9,10,11,3,3,0,0,0,1,0,6,0,0,4,12,0,0,6,0,0,0,1,0,0,0,1089,3271,transition4
172,rush,4,volcano,ほむら火山,8,14,4,1,1,11,12,18,6,6,0,0,0,3,2,19,0,0,9,31,0,0,9,0,0,0,8,39,0,0,3271,1897,transition4
172,rush,5,tower,星晶の塔,12,20,5,1,0,18,18,0,46,45,0,1,0,40,40,180,0,0,86,304,0,0,6,0,0,0,127,144,0,0,1897,0,transition4
173,balanced,1,meadow,はじまり草原,1,4,2,1,1,1,2,6,4,3,1,0,2,2,1,11,1,0,7,26,1,1,8,0,0,0,2,2,0,0,230,1135,transition4
173,balanced,2,cave,こだま洞くつ,3,7,2,1,1,6,7,9,2,1,1,0,3,1,0,10,2,2,5,39,1,1,13,0,0,0,8,0,0,0,1213,3505,transition4
173,balanced,3,brook,しずく湖畔,5,10,3,1,1,9,9,12,5,4,1,0,4,2,1,15,2,2,9,43,2,1,8,0,0,0,11,7,0,0,2715,3219,transition4
173,balanced,4,volcano,ほむら火山,8,14,4,1,1,12,12,19,12,11,1,0,3,5,4,28,2,2,19,76,2,1,10,0,0,0,24,42,0,0,2494,1228,transition4
173,balanced,5,tower,星晶の塔,12,20,5,1,1,19,15,29,73,70,1,2,7,34,33,170,2,2,109,363,17,1,9,0,0,0,123,168,0,0,952,1861,transition4
174,collector,1,meadow,はじまり草原,1,4,2,1,1,1,2,5,6,4,1,1,4,2,1,14,2,0,10,42,2,1,7,0,0,0,5,0,0,0,230,1255,transition4
174,collector,2,cave,こだま洞くつ,3,7,2,1,1,7,7,10,5,3,2,0,6,2,1,26,4,1,11,97,5,1,19,0,0,0,12,3,0,0,1831,3225,transition4
174,collector,3,brook,しずく湖畔,5,10,3,1,1,12,9,10,3,1,2,0,7,1,0,5,5,5,9,43,0,0,6,0,0,0,18,0,0,0,4932,5558,transition4
174,collector,4,volcano,ほむら火山,8,14,4,1,1,10,11,16,9,5,2,2,9,2,1,19,5,5,16,99,2,1,13,0,0,0,27,6,0,0,2935,2361,transition4
174,collector,5,tower,星晶の塔,12,20,5,1,1,16,17,23,35,27,2,6,14,9,8,156,5,5,49,284,7,1,56,2,0,0,63,48,0,0,1247,4487,transition4
175,rush,1,meadow,はじまり草原,1,4,2,1,1,1,2,5,3,2,1,0,1,2,1,10,0,0,5,20,0,0,6,0,0,0,2,2,0,0,230,998,transition4
175,rush,2,cave,こだま洞くつ,3,7,2,1,1,5,6,9,4,4,0,0,2,3,2,13,0,0,7,24,0,0,5,0,0,0,6,14,0,0,998,1455,transition4
175,rush,3,brook,しずく湖畔,5,10,3,1,1,9,10,11,3,2,1,0,1,1,0,4,0,0,4,12,0,0,5,0,0,0,2,0,0,0,1455,2877,transition4
175,rush,4,volcano,ほむら火山,8,14,4,1,1,11,12,19,9,9,0,0,0,6,5,38,0,0,15,61,0,0,9,0,0,0,20,50,0,0,2877,1158,transition4
175,rush,5,tower,星晶の塔,12,20,5,1,0,19,20,0,45,45,0,0,0,40,40,165,0,0,85,271,0,0,6,0,0,0,130,135,0,0,1158,0,transition4
176,balanced,1,meadow,はじまり草原,1,4,2,1,1,1,2,5,4,3,1,0,3,2,1,10,2,0,8,30,0,0,6,0,0,0,4,2,0,0,230,1139,transition4
176,balanced,2,cave,こだま洞くつ,3,7,2,1,1,7,7,10,4,3,1,0,3,2,1,28,2,2,8,61,3,1,22,0,0,0,11,8,0,0,1715,2937,transition4
176,balanced,3,brook,しずく湖畔,5,10,3,1,1,10,11,11,3,2,1,0,3,1,0,7,2,2,6,29,0,0,8,0,0,0,8,0,0,0,2275,3456,transition4
176,balanced,4,volcano,ほむら火山,8,14,4,1,1,11,12,18,10,9,1,0,3,4,3,21,2,2,16,64,4,1,7,0,0,0,18,42,0,0,2677,1248,transition4
176,balanced,5,tower,星晶の塔,12,20,5,1,1,18,15,24,40,36,1,3,9,17,16,97,2,2,59,250,3,1,14,0,0,0,71,90,0,0,968,3416,transition4
177,collector,1,meadow,はじまり草原,1,4,2,1,1,1,2,5,2,1,1,0,2,1,0,6,1,0,4,15,0,0,6,0,0,0,1,0,0,0,230,1094,transition4
177,collector,2,cave,こだま洞くつ,3,7,2,1,1,5,5,10,8,6,2,0,3,3,2,40,1,0,12,79,4,1,22,0,0,0,4,8,0,0,1272,2622,transition4
177,collector,3,brook,しずく湖畔,5,10,3,1,1,10,8,10,9,8,1,0,8,3,2,12,5,5,17,65,1,1,7,0,0,0,17,10,1,0,3016,3049,transition4
177,collector,4,volcano,ほむら火山,8,14,4,1,1,10,9,18,20,17,2,1,8,6,5,36,5,4,31,192,6,1,14,0,0,0,39,27,0,0,1611,2170,transition4
177,collector,5,tower,星晶の塔,12,20,5,1,1,19,16,24,41,39,2,0,9,13,12,181,5,5,59,320,14,1,33,0,0,0,59,71,0,0,2760,2276,transition4
178,rush,1,meadow,はじまり草原,1,4,2,1,1,1,3,6,4,4,0,0,0,3,2,13,0,0,7,21,0,0,5,0,0,0,2,5,0,0,230,861,transition4
178,rush,2,cave,こだま洞くつ,3,7,2,1,1,6,6,9,4,2,2,0,2,3,2,23,0,0,7,34,0,0,10,0,0,0,6,12,0,0,861,721,transition4
178,rush,3,brook,しずく湖畔,5,10,3,1,1,9,10,12,4,4,0,0,0,2,1,13,0,0,6,22,0,0,7,0,0,0,5,16,0,0,721,2091,transition4
178,rush,4,volcano,ほむら火山,8,14,4,1,1,12,13,18,5,5,0,0,0,2,1,22,0,0,7,36,0,0,16,0,0,0,5,29,0,0,2091,1403,transition4
178,rush,5,tower,星晶の塔,12,20,5,1,1,18,19,27,42,41,0,1,0,37,36,180,0,0,79,321,0,0,8,0,0,0,130,128,0,0,1403,1505,transition4
179,balanced,1,meadow,はじまり草原,1,4,2,1,1,1,2,6,4,3,1,0,3,2,1,10,2,0,8,35,1,1,7,0,0,0,2,2,0,0,230,1132,transition4
179,balanced,2,cave,こだま洞くつ,3,7,2,1,1,7,8,9,2,1,1,0,3,1,0,9,2,2,5,30,0,0,9,0,0,0,6,0,0,0,1708,3156,transition4
179,balanced,3,brook,しずく湖畔,5,10,3,1,1,9,10,11,3,2,1,0,4,1,0,6,2,2,6,26,1,1,6,0,0,0,9,0,0,0,2445,3739,transition4
179,balanced,4,volcano,ほむら火山,8,14,4,1,1,11,12,19,18,15,1,2,5,7,6,47,2,1,27,121,2,1,11,0,0,0,34,45,0,0,2897,1244,transition4
179,balanced,5,tower,星晶の塔,12,20,5,1,1,15,19,26,27,26,1,0,4,12,11,70,2,2,41,125,0,0,12,0,0,0,40,101,0,0,2812,2720,transition4
180,collector,1,meadow,はじまり草原,1,4,2,1,1,1,2,5,5,4,1,0,3,2,1,15,2,0,9,44,3,1,11,0,0,0,4,0,0,0,230,1279,transition4
180,collector,2,cave,こだま洞くつ,3,7,2,1,1,7,4,7,5,3,2,0,3,2,1,29,1,0,8,70,2,1,16,0,0,0,4,2,0,0,1855,3104,transition4
180,collector,3,brook,しずく湖畔,5,10,3,1,1,9,9,10,3,0,3,0,8,1,0,5,5,5,9,36,1,1,6,0,0,0,16,0,0,0,3998,4575,transition4
180,collector,4,volcano,ほむら火山,8,14,4,1,1,10,11,17,10,7,3,0,8,3,2,27,5,5,18,126,3,1,13,0,0,0,25,16,0,0,2415,3505,transition4
180,collector,5,tower,星晶の塔,12,20,5,1,1,17,16,23,35,33,2,0,7,11,10,133,5,5,51,240,7,1,24,0,0,0,49,67,0,0,1852,2593,transition4
181,rush,1,meadow,はじまり草原,1,4,2,1,1,1,2,4,2,0,2,0,2,1,0,10,0,0,3,16,0,0,10,0,0,0,2,0,0,0,230,1078,transition4
181,rush,2,cave,こだま洞くつ,3,7,2,1,1,4,5,8,3,3,0,0,0,2,1,13,0,0,5,20,0,0,7,0,0,0,4,8,0,0,1078,2044,transition4
181,rush,3,brook,しずく湖畔,5,10,3,1,1,8,9,13,5,5,0,0,0,3,2,13,0,0,8,24,0,0,5,0,0,0,7,27,0,0,2044,1539,transition4
181,rush,4,volcano,ほむら火山,8,14,4,1,1,13,14,19,14,14,0,0,0,11,10,70,0,0,25,117,0,0,13,0,0,0,37,41,0,0,1539,986,transition4
181,rush,5,tower,星晶の塔,12,20,5,1,0,19,20,0,45,45,0,0,0,40,40,167,0,0,85,323,0,0,6,0,0,0,140,137,0,0,986,0,transition4
182,balanced,1,meadow,はじまり草原,1,4,2,1,1,1,2,4,2,0,2,0,3,1,0,7,1,0,4,19,1,1,7,0,0,0,1,0,0,0,230,1078,transition4
182,balanced,2,cave,こだま洞くつ,3,7,2,1,1,5,5,10,6,5,1,0,2,3,2,35,1,0,10,84,1,1,16,0,0,0,4,9,0,0,1436,3012,transition4
182,balanced,3,brook,しずく湖畔,5,10,3,1,1,9,10,11,3,2,1,0,5,1,0,4,2,2,6,23,0,0,5,0,0,0,5,0,0,0,3406,4345,transition4
182,balanced,4,volcano,ほむら火山,8,14,4,1,1,11,9,15,6,5,1,0,3,2,1,8,2,0,10,32,2,1,6,0,0,0,3,12,0,0,3366,3550,transition4
182,balanced,5,tower,星晶の塔,12,20,5,1,1,16,17,20,9,8,1,0,3,3,2,19,2,2,14,51,1,1,7,0,0,0,13,37,0,0,5264,4942,transition4
183,collector,1,meadow,はじまり草原,1,4,2,1,1,1,2,5,5,4,1,0,3,2,1,11,1,0,8,30,3,1,7,0,0,0,2,0,0,0,230,1276,transition4
183,collector,2,cave,こだま洞くつ,3,7,2,1,1,6,6,8,2,0,2,0,3,1,0,9,1,0,4,21,1,1,9,0,0,0,3,0,0,0,1354,3258,transition4
183,collector,3,brook,しずく湖畔,5,10,3,1,1,9,8,10,3,1,2,0,7,1,0,5,5,5,9,42,0,0,6,0,0,0,17,0,0,0,3892,4851,transition4
183,collector,4,volcano,ほむら火山,8,14,4,1,1,10,9,15,8,4,3,1,9,2,1,10,5,5,15,75,1,1,8,0,0,0,25,5,0,0,2562,3073,transition4
183,collector,5,tower,星晶の塔,12,20,5,1,1,15,15,22,34,27,2,5,13,9,8,118,5,5,48,265,2,1,24,0,0,0,61,48,0,0,1624,3435,transition4
184,rush,1,meadow,はじまり草原,1,4,2,1,1,1,2,5,4,1,2,1,3,2,1,13,0,0,6,24,0,0,9,0,0,0,4,3,0,0,230,897,transition4
184,rush,2,cave,こだま洞くつ,3,7,2,1,1,5,6,7,2,2,0,0,0,1,0,8,0,0,3,14,0,0,8,0,0,0,3,0,0,0,897,1457,transition4
184,rush,3,brook,しずく湖畔,5,10,3,1,1,7,9,12,4,4,0,0,0,2,1,11,0,0,6,20,0,0,6,0,0,0,4,16,0,0,1457,2712,transition4
184,rush,4,volcano,ほむら火山,8,14,4,1,1,12,12,20,18,18,0,0,0,15,14,99,0,0,33,151,0,0,15,0,0,0,48,59,0,0,2712,971,transition4
184,rush,5,tower,星晶の塔,12,20,5,1,0,20,21,0,45,45,0,0,0,40,40,182,0,0,85,328,0,0,7,0,0,0,140,135,0,0,971,0,transition4
185,balanced,1,meadow,はじまり草原,1,4,2,1,1,1,2,6,4,3,1,0,4,2,1,13,2,0,8,44,2,1,10,0,0,0,3,2,0,0,230,1138,transition4
185,balanced,2,cave,こだま洞くつ,3,7,2,1,1,7,7,9,2,1,1,0,4,1,0,9,2,0,5,46,1,1,12,0,0,0,3,0,0,0,1714,3552,transition4
185,balanced,3,brook,しずく湖畔,5,10,3,1,1,7,11,14,5,4,1,0,3,2,1,15,2,2,9,41,0,0,10,0,0,0,11,16,0,0,4060,5261,transition4
185,balanced,4,volcano,ほむら火山,8,14,4,1,1,14,12,16,4,3,1,0,3,1,0,6,2,1,7,33,1,1,8,0,0,0,7,0,0,0,4075,5084,transition4
185,balanced,5,tower,星晶の塔,12,20,5,1,1,16,17,24,23,22,1,0,3,10,9,53,2,2,35,110,2,1,7,0,0,0,36,115,0,0,4701,4017,transition4
186,collector,1,meadow,はじまり草原,1,4,2,1,1,1,2,5,7,3,2,2,3,2,1,14,1,0,10,40,2,1,10,0,0,0,6,0,0,0,230,1211,transition4
186,collector,2,cave,こだま洞くつ,3,7,2,1,1,6,5,9,5,3,2,0,3,2,1,27,1,0,8,61,2,1,14,0,0,0,3,3,0,0,2169,3193,transition4
186,collector,3,brook,しずく湖畔,5,10,3,1,1,9,10,10,3,1,2,0,7,1,0,5,5,5,9,46,0,0,7,0,0,0,17,0,0,0,3327,4065,transition4
186,collector,4,volcano,ほむら火山,8,14,4,1,1,10,8,16,10,7,3,0,6,3,2,16,3,1,16,60,4,1,8,0,0,0,15,10,0,0,2148,3337,transition4
186,collector,5,tower,星晶の塔,12,20,5,1,1,17,14,19,17,14,3,0,8,5,4,30,5,5,27,108,4,1,9,0,0,0,31,47,0,0,4651,3964,transition4
187,rush,1,meadow,はじまり草原,1,4,2,1,1,1,3,6,4,3,0,1,2,2,1,8,0,0,6,20,0,0,5,0,0,0,2,4,0,0,230,812,transition4
187,rush,2,cave,こだま洞くつ,3,7,2,1,1,6,6,11,12,12,0,0,2,11,10,35,0,0,23,58,0,0,5,0,0,0,10,21,0,0,812,1412,transition4
187,rush,3,brook,しずく湖畔,5,10,3,1,1,11,12,12,4,1,2,1,4,1,0,6,0,0,5,18,0,0,6,0,0,0,3,0,0,0,1412,2532,transition4
187,rush,4,volcano,ほむら火山,8,14,4,1,1,12,13,17,7,7,0,0,0,4,3,26,0,0,11,39,0,0,7,0,0,0,12,42,0,0,2532,968,transition4
187,rush,5,tower,星晶の塔,12,20,5,1,0,17,18,0,46,45,0,1,0,40,40,174,0,0,86,322,0,0,6,0,0,0,146,129,0,0,968,0,transition4
188,balanced,1,meadow,はじまり草原,1,4,2,1,1,1,2,6,4,3,1,0,3,2,1,10,1,0,7,23,1,1,7,0,0,0,2,2,0,0,230,1128,transition4
188,balanced,2,cave,こだま洞くつ,3,7,2,1,1,6,5,8,4,3,1,0,3,2,1,29,2,0,8,60,3,1,16,0,0,0,4,5,0,0,1206,2998,transition4
188,balanced,3,brook,しずく湖畔,5,10,3,1,1,9,10,10,3,2,1,0,3,1,0,7,2,2,6,22,1,1,7,0,0,0,8,0,0,0,3266,4610,transition4
188,balanced,4,volcano,ほむら火山,8,14,4,1,1,10,11,16,6,5,1,0,3,2,1,10,2,2,10,44,2,1,9,0,0,0,11,13,0,0,3571,4909,transition4
188,balanced,5,tower,星晶の塔,12,20,5,1,1,16,17,22,20,16,1,3,6,7,6,46,2,2,29,116,2,1,10,0,0,0,35,68,0,0,3802,2741,transition4
189,collector,1,meadow,はじまり草原,1,4,2,1,1,1,2,5,5,4,1,0,2,2,1,12,1,0,8,34,2,1,7,0,0,0,4,0,0,0,230,1281,transition4
189,collector,2,cave,こだま洞くつ,3,7,2,1,1,5,5,10,8,6,2,0,3,3,2,38,1,0,12,91,3,1,18,0,0,0,4,6,0,0,1359,3227,transition4
189,collector,3,brook,しずく湖畔,5,10,3,1,1,10,7,10,9,8,1,0,8,3,2,13,5,5,17,65,1,1,7,0,0,0,15,6,0,0,3621,3218,transition4
189,collector,4,volcano,ほむら火山,8,14,4,1,1,10,10,16,4,1,3,0,9,1,0,3,5,0,10,85,1,1,19,0,0,0,9,0,0,0,1700,3014,transition4
189,collector,5,tower,星晶の塔,12,20,5,1,1,19,19,22,8,6,2,0,8,2,1,9,5,5,15,76,2,1,14,0,0,0,24,16,0,0,7999,13889,transition4
190,rush,1,meadow,はじまり草原,1,4,2,1,1,1,2,5,3,2,1,0,2,2,1,13,0,0,5,24,0,0,7,0,0,0,3,2,0,0,230,1000,transition4
190,rush,2,cave,こだま洞くつ,3,7,2,1,1,5,5,10,5,3,1,1,2,3,2,31,0,0,8,50,0,0,11,0,0,0,9,16,0,0,1000,1443,transition4
190,rush,3,brook,しずく湖畔,5,10,3,1,1,10,10,14,7,7,0,0,0,5,4,24,0,0,12,40,0,0,6,0,0,0,14,28,0,0,1443,1189,transition4
190,rush,4,volcano,ほむら火山,8,14,4,1,1,14,14,19,6,6,0,0,0,3,2,17,0,0,9,32,0,0,7,0,0,0,8,31,0,0,1189,1183,transition4
190,rush,5,tower,星晶の塔,12,20,5,1,0,19,20,0,47,45,0,2,0,40,40,186,0,0,87,334,0,0,8,0,0,0,133,121,0,0,1183,0,transition4
191,balanced,1,meadow,はじまり草原,1,4,2,1,1,1,3,6,6,6,0,0,3,3,2,16,1,0,10,35,2,1,6,0,0,0,2,5,0,0,230,884,transition4
191,balanced,2,cave,こだま洞くつ,3,7,2,1,1,7,5,8,4,3,1,0,3,2,1,34,2,0,8,66,3,1,18,0,0,0,3,5,0,0,1032,2775,transition4
191,balanced,3,brook,しずく湖畔,5,10,3,1,1,10,10,12,5,4,1,0,4,2,1,11,2,2,9,33,1,1,6,0,0,0,7,10,0,0,3763,3647,transition4
191,balanced,4,volcano,ほむら火山,8,14,4,1,1,12,13,15,4,3,1,0,3,1,0,5,2,2,7,33,0,0,8,0,0,0,8,0,0,0,2825,5278,transition4
191,balanced,5,tower,星晶の塔,12,20,5,1,1,15,16,25,39,38,1,0,3,18,17,156,2,2,59,289,3,1,18,0,0,0,58,134,0,0,4088,3078,transition4
192,collector,1,meadow,はじまり草原,1,4,2,1,1,1,2,5,5,3,2,0,3,2,1,15,1,0,8,28,2,1,10,0,0,0,4,0,0,0,230,1263,transition4
192,collector,2,cave,こだま洞くつ,3,7,2,1,1,6,6,9,5,3,2,0,4,2,1,22,2,0,9,46,1,1,15,0,0,0,6,4,0,0,1761,3383,transition4
192,collector,3,brook,しずく湖畔,5,10,3,1,1,8,11,12,3,2,1,0,6,1,0,5,5,5,9,43,0,0,7,0,0,0,16,0,0,0,3951,4652,transition4
192,collector,4,volcano,ほむら火山,8,14,4,1,1,12,9,17,10,7,3,0,8,3,2,12,5,0,18,67,3,1,8,0,0,0,15,12,0,0,2457,3713,transition4
192,collector,5,tower,星晶の塔,12,20,5,1,1,22,21,24,9,6,2,1,11,2,1,14,5,5,16,69,2,1,8,0,0,0,24,18,0,0,12298,18342,transition4
193,rush,1,meadow,はじまり草原,1,4,2,1,1,1,2,5,3,2,1,0,1,2,1,11,0,0,5,18,0,0,6,0,0,0,3,2,0,0,230,995,transition4
193,rush,2,cave,こだま洞くつ,3,7,2,1,1,5,6,10,6,4,0,2,2,3,2,16,0,0,9,37,0,0,6,0,0,0,9,18,0,0,995,524,transition4
193,rush,3,brook,しずく湖畔,5,10,3,1,1,10,10,13,6,5,1,0,1,4,3,20,0,0,10,35,0,0,7,0,0,0,11,20,0,0,524,1478,transition4
193,rush,4,volcano,ほむら火山,8,14,4,1,1,13,14,18,5,5,0,0,0,2,1,13,0,0,7,20,0,0,9,0,0,0,5,24,0,0,1478,1204,transition4
193,rush,5,tower,星晶の塔,12,20,5,1,0,18,20,0,46,45,0,1,0,40,40,170,0,0,86,287,0,0,6,0,0,0,134,132,0,0,1204,0,transition4
194,balanced,1,meadow,はじまり草原,1,4,2,1,1,1,2,5,4,3,1,0,4,2,1,13,2,0,8,36,3,1,8,0,0,0,4,2,0,0,230,1144,transition4
194,balanced,2,cave,こだま洞くつ,3,7,2,1,1,7,7,10,4,3,1,0,3,2,1,20,2,2,8,48,2,1,11,0,0,0,10,8,0,0,1720,2538,transition4
194,balanced,3,brook,しずく湖畔,5,10,3,1,1,10,11,11,3,2,1,0,3,1,0,8,2,2,6,30,1,1,8,0,0,0,8,0,0,0,1966,3299,transition4
194,balanced,4,volcano,ほむら火山,8,14,4,1,1,11,10,16,11,9,1,1,7,4,3,50,2,2,17,106,3,1,18,0,0,0,22,35,0,0,2556,1262,transition4
194,balanced,5,tower,星晶の塔,12,20,5,1,1,16,17,22,17,16,1,0,3,7,6,44,2,2,26,111,0,0,13,0,0,0,28,69,0,0,978,3083,transition4
195,collector,1,meadow,はじまり草原,1,4,2,1,1,1,2,5,5,4,1,0,3,2,1,11,2,0,9,38,1,1,9,0,0,0,4,0,0,0,230,1275,transition4
195,collector,2,cave,こだま洞くつ,3,7,2,1,1,7,7,9,5,4,1,0,3,2,1,29,1,0,8,59,2,1,19,0,0,0,7,3,0,0,2551,3065,transition4
195,collector,3,brook,しずく湖畔,5,10,3,1,1,8,10,13,12,10,2,0,8,4,3,39,5,4,21,105,5,1,18,0,0,0,24,21,0,0,3499,2333,transition4
195,collector,4,volcano,ほむら火山,8,14,4,1,1,12,12,14,4,1,3,0,9,1,0,22,5,5,10,73,1,1,22,0,0,0,17,0,0,0,2808,4716,transition4
195,collector,5,tower,星晶の塔,12,20,5,1,1,14,15,22,38,36,2,0,10,12,11,103,5,5,55,359,4,1,29,0,0,0,65,70,0,0,2491,2300,transition4
196,rush,1,meadow,はじまり草原,1,4,2,1,1,1,2,5,3,2,1,0,1,2,1,13,0,0,5,21,0,0,8,0,0,0,2,3,0,0,230,932,transition4
196,rush,2,cave,こだま洞くつ,3,7,2,1,1,5,6,9,4,2,1,1,2,2,1,12,0,0,6,27,0,0,7,0,0,0,8,9,0,0,932,903,transition4
196,rush,3,brook,しずく湖畔,5,10,3,1,1,9,10,12,4,4,0,0,0,2,1,10,0,0,6,17,0,0,6,0,0,0,4,20,0,0,903,1727,transition4
196,rush,4,volcano,ほむら火山,8,14,4,1,1,12,13,18,6,6,0,0,0,3,2,24,0,0,9,37,0,0,13,0,0,0,8,31,0,0,1727,1139,transition4
196,rush,5,tower,星晶の塔,12,20,5,1,0,18,19,0,47,45,0,2,0,40,40,169,0,0,87,299,0,0,6,0,0,0,134,133,0,0,1139,0,transition4
197,balanced,1,meadow,はじまり草原,1,4,2,1,1,1,2,6,4,3,1,0,2,2,1,13,1,0,7,26,2,1,8,0,0,0,3,2,0,0,230,1130,transition4
197,balanced,2,cave,こだま洞くつ,3,7,2,1,1,6,6,9,4,3,1,0,3,2,1,19,2,0,8,45,0,0,11,0,0,0,2,6,0,0,1908,2922,transition4
197,balanced,3,brook,しずく湖畔,5,10,3,1,1,10,10,11,3,2,1,0,4,1,0,8,2,2,6,21,0,0,8,0,0,0,4,0,0,0,3190,4330,transition4
197,balanced,4,volcano,ほむら火山,8,14,4,1,1,11,11,19,10,9,1,0,5,4,3,33,2,2,16,98,2,1,24,0,0,0,17,46,0,0,3354,3168,transition4
197,balanced,5,tower,星晶の塔,12,20,5,1,1,19,19,26,33,32,1,0,3,15,14,73,2,2,50,154,6,1,7,0,0,0,52,116,0,0,2454,2234,transition4
198,collector,1,meadow,はじまり草原,1,4,2,1,1,1,2,5,6,4,1,1,2,2,1,11,1,0,9,32,3,1,6,0,0,0,4,0,0,0,230,1246,transition4
198,collector,2,cave,こだま洞くつ,3,7,2,1,1,6,6,10,8,6,2,0,4,3,2,28,2,0,13,54,5,1,15,0,0,0,9,6,0,0,1324,3199,transition4
198,collector,3,brook,しずく湖畔,5,10,3,1,1,11,10,13,9,7,2,0,7,3,2,14,5,5,17,64,4,1,8,0,0,0,22,14,0,0,3727,2762,transition4
198,collector,4,volcano,ほむら火山,8,14,4,1,1,13,13,18,8,5,2,1,4,2,1,11,1,0,11,72,3,1,11,0,0,0,12,6,0,0,1460,3497,transition4
198,collector,5,tower,星晶の塔,12,20,5,1,1,19,17,22,24,19,4,1,10,7,6,145,5,5,36,251,4,1,58,1,0,0,43,68,0,0,4654,2226,transition4
199,rush,1,meadow,はじまり草原,1,4,2,1,1,1,2,4,2,0,2,0,2,1,0,8,0,0,3,14,0,0,8,0,0,0,1,0,0,0,230,1078,transition4
199,rush,2,cave,こだま洞くつ,3,7,2,1,1,4,5,8,3,3,0,0,0,2,1,14,0,0,5,24,0,0,8,0,0,0,5,6,0,0,1078,1653,transition4
199,rush,3,brook,しずく湖畔,5,10,3,1,1,8,9,10,3,3,0,0,0,1,0,6,0,0,4,14,0,0,6,0,0,0,2,0,0,0,1653,3608,transition4
199,rush,4,volcano,ほむら火山,8,14,4,1,1,10,12,19,15,14,0,1,0,11,10,63,0,0,26,117,0,0,9,0,0,0,40,62,0,0,3608,968,transition4
199,rush,5,tower,星晶の塔,12,20,5,1,0,19,20,0,52,45,0,7,0,40,40,167,0,0,92,342,0,0,7,0,0,0,165,127,0,0,968,0,transition4
200,balanced,1,meadow,はじまり草原,1,4,2,1,1,1,3,6,4,4,0,0,3,2,1,9,1,0,7,23,2,1,5,0,0,0,1,3,0,0,230,1028,transition4
200,balanced,2,cave,こだま洞くつ,3,7,2,1,1,6,5,9,6,5,1,0,2,3,2,39,1,0,10,73,4,1,19,0,0,0,4,10,0,0,1176,2572,transition4
200,balanced,3,brook,しずく湖畔,5,10,3,1,1,10,10,13,7,6,1,0,4,3,2,16,2,2,12,38,5,1,6,0,0,0,9,19,0,0,3126,2631,transition4
200,balanced,4,volcano,ほむら火山,8,14,4,1,1,13,13,17,4,3,1,0,3,1,0,4,2,2,7,25,0,0,7,0,0,0,5,0,0,0,2039,3258,transition4
200,balanced,5,tower,星晶の塔,12,20,5,1,1,17,18,26,33,30,1,2,4,14,13,59,2,2,49,140,8,1,6,0,0,0,52,97,0,0,2524,3971,transition4
201,collector,1,meadow,はじまり草原,1,4,2,1,1,1,2,5,5,4,1,0,4,2,1,14,3,0,10,50,3,1,8,0,0,0,4,0,0,0,230,1273,transition4
201,collector,2,cave,こだま洞くつ,3,7,2,1,1,7,7,10,5,3,2,0,7,2,1,32,5,0,12,85,3,1,17,0,0,0,2,3,0,0,1927,3584,transition4
201,collector,3,brook,しずく湖畔,5,10,3,1,1,15,15,15,3,1,2,0,5,1,0,4,3,2,7,26,0,0,7,0,0,0,8,0,0,0,7854,8548,transition4
201,collector,4,volcano,ほむら火山,8,14,4,1,1,13,13,20,4,2,2,0,7,1,0,3,5,0,10,66,0,0,36,0,0,0,2,0,0,0,11628,19634,transition4
201,collector,5,tower,星晶の塔,12,20,5,1,1,21,21,21,5,2,3,0,8,1,0,4,5,5,11,48,0,0,7,0,0,0,16,0,0,0,21519,24729,transition4
202,rush,1,meadow,はじまり草原,1,4,2,1,1,1,2,5,3,1,2,0,2,2,1,13,0,0,5,20,0,0,9,0,0,0,4,3,0,0,230,927,transition4
202,rush,2,cave,こだま洞くつ,3,7,2,1,1,5,6,9,3,3,0,0,0,2,1,15,0,0,5,22,0,0,8,0,0,0,5,9,0,0,927,1024,transition4
202,rush,3,brook,しずく湖畔,5,10,3,1,1,9,10,13,5,5,0,0,0,3,2,12,0,0,8,23,0,0,5,0,0,0,8,30,0,0,1024,1149,transition4
202,rush,4,volcano,ほむら火山,8,14,4,1,1,13,14,19,11,11,0,0,0,8,7,48,0,0,19,82,0,0,10,0,0,0,27,32,0,0,1149,970,transition4
202,rush,5,tower,星晶の塔,12,20,5,1,0,19,20,0,54,45,0,9,0,40,40,172,0,0,94,353,0,0,7,0,0,0,164,128,0,0,970,0,transition4
203,balanced,1,meadow,はじまり草原,1,4,2,1,1,1,2,6,4,3,1,0,3,2,1,14,1,0,7,32,2,1,7,0,0,0,3,2,0,0,230,1141,transition4
203,balanced,2,cave,こだま洞くつ,3,7,2,1,1,6,6,10,6,5,1,0,2,3,2,50,1,0,10,79,2,1,21,0,0,0,5,9,0,0,1219,2408,transition4
203,balanced,3,brook,しずく湖畔,5,10,3,1,1,11,8,10,5,4,1,0,4,2,1,7,2,2,9,23,1,1,6,0,0,0,7,8,0,0,2782,3607,transition4
203,balanced,4,volcano,ほむら火山,8,14,4,1,1,10,12,17,6,5,1,0,3,2,1,8,2,1,10,34,0,0,8,0,0,0,7,16,0,0,2794,3329,transition4
203,balanced,5,tower,星晶の塔,12,20,5,1,1,18,18,21,14,8,1,5,10,3,2,15,2,2,19,91,3,1,12,0,0,0,30,42,0,0,4387,1853,transition4
204,collector,1,meadow,はじまり草原,1,4,2,1,1,1,2,5,5,4,1,0,3,2,1,15,2,0,9,49,3,1,14,0,0,0,3,0,0,0,230,1278,transition4
204,collector,2,cave,こだま洞くつ,3,7,2,1,1,7,7,9,5,3,2,0,4,2,1,13,2,1,9,40,2,1,8,0,0,0,9,4,0,0,2554,2751,transition4
204,collector,3,brook,しずく湖畔,5,10,3,1,1,10,9,10,3,1,2,0,7,1,0,5,5,5,9,43,0,0,7,0,0,0,16,0,0,0,3115,4205,transition4
204,collector,4,volcano,ほむら火山,8,14,4,1,1,10,10,17,11,8,2,1,8,3,2,20,5,5,19,105,6,1,9,0,0,0,31,10,0,0,2221,2990,transition4
204,collector,5,tower,星晶の塔,12,20,5,1,1,17,18,23,23,22,1,0,8,7,6,29,5,5,35,107,3,1,7,0,0,0,41,59,0,0,1580,2284,transition4
205,rush,1,meadow,はじまり草原,1,4,2,1,1,1,2,5,3,2,1,0,1,2,1,11,0,0,5,17,0,0,7,0,0,0,2,3,0,0,230,934,transition4
205,rush,2,cave,こだま洞くつ,3,7,2,1,1,5,6,9,4,2,1,1,2,2,1,12,0,0,6,25,0,0,6,0,0,0,6,9,0,0,934,1840,transition4
205,rush,3,brook,しずく湖畔,5,10,3,1,1,9,10,13,6,6,0,0,0,4,3,16,0,0,10,26,0,0,4,0,0,0,9,29,0,0,1840,1463,transition4
205,rush,4,volcano,ほむら火山,8,14,4,1,1,13,14,19,9,8,0,1,0,5,4,34,0,0,14,61,0,0,8,0,0,0,20,38,0,0,1463,952,transition4
205,rush,5,tower,星晶の塔,12,20,5,1,0,19,19,0,45,45,0,0,0,40,40,164,0,0,85,289,0,0,6,0,0,0,139,119,0,0,952,0,transition4
206,balanced,1,meadow,はじまり草原,1,4,2,1,1,1,2,5,2,1,1,0,4,1,0,8,2,0,5,26,1,1,8,0,0,0,3,0,0,0,230,1092,transition4
206,balanced,2,cave,こだま洞くつ,3,7,2,1,1,6,7,8,2,1,1,0,3,1,0,16,2,2,5,42,1,1,16,0,0,0,5,0,0,0,1888,3514,transition4
206,balanced,3,brook,しずく湖畔,5,10,3,1,1,8,9,12,7,7,0,0,5,3,2,24,2,2,12,55,0,0,10,0,0,0,9,18,0,0,2722,2449,transition4
206,balanced,4,volcano,ほむら火山,8,14,4,1,1,12,12,17,8,7,1,0,3,3,2,20,2,2,13,47,1,1,11,0,0,0,9,30,0,0,1898,1940,transition4
206,balanced,5,tower,星晶の塔,12,20,5,1,1,17,17,27,48,46,1,1,6,22,21,113,2,2,72,216,11,1,10,0,0,0,74,130,0,0,1504,3023,transition4
207,collector,1,meadow,はじまり草原,1,4,2,1,1,1,2,5,5,4,1,0,3,2,1,14,2,0,9,34,3,1,8,0,0,0,3,0,0,0,230,1280,transition4
207,collector,2,cave,こだま洞くつ,3,7,2,1,1,7,7,9,5,4,1,0,5,2,1,29,4,3,11,69,3,1,15,0,0,0,15,4,0,0,1856,2783,transition4
207,collector,3,brook,しずく湖畔,5,10,3,1,1,8,8,10,6,3,3,0,8,2,1,7,5,5,13,51,0,0,8,0,0,0,19,5,0,0,2572,3024,transition4
207,collector,4,volcano,ほむら火山,8,14,4,1,1,10,10,18,24,16,3,5,13,6,5,80,5,5,35,278,6,1,20,0,0,0,53,10,0,0,1598,4012,transition4
207,collector,5,tower,星晶の塔,12,20,5,1,1,18,17,22,24,21,2,1,10,7,6,169,5,5,36,268,5,1,74,2,0,0,44,36,0,0,2120,2568,transition4
208,rush,1,meadow,はじまり草原,1,4,2,1,1,1,2,5,3,1,2,0,2,2,1,15,0,0,5,23,0,0,11,0,0,0,3,3,0,0,230,925,transition4
208,rush,2,cave,こだま洞くつ,3,7,2,1,1,5,6,9,3,3,0,0,0,2,1,16,0,0,5,23,0,0,8,0,0,0,5,8,0,0,925,1090,transition4
208,rush,3,brook,しずく湖畔,5,10,3,1,1,9,10,12,4,4,0,0,0,2,1,10,0,0,6,18,0,0,5,0,0,0,5,20,0,0,1090,1854,transition4
208,rush,4,volcano,ほむら火山,8,14,4,1,1,12,13,20,19,18,0,1,0,15,14,93,0,0,34,173,0,0,13,0,0,0,65,45,0,0,1854,1006,transition4
208,rush,5,tower,星晶の塔,12,20,5,1,0,20,20,0,45,45,0,0,0,40,40,167,0,0,85,310,0,0,7,0,0,0,141,137,0,0,1006,0,transition4
209,balanced,1,meadow,はじまり草原,1,4,2,1,1,1,2,5,4,3,1,0,2,2,1,9,1,0,7,23,0,0,5,0,0,0,4,2,0,0,230,1140,transition4
209,balanced,2,cave,こだま洞くつ,3,7,2,1,1,5,5,9,4,3,1,0,2,2,1,30,1,0,7,61,4,1,18,0,0,0,4,5,0,0,1218,3227,transition4
209,balanced,3,brook,しずく湖畔,5,10,3,1,1,9,8,9,3,2,1,0,3,1,0,6,2,2,6,23,1,1,6,0,0,0,5,0,0,0,3361,4578,transition4
209,balanced,4,volcano,ほむら火山,8,14,4,1,1,9,10,16,6,6,0,0,6,2,1,15,2,0,10,51,2,1,11,0,0,0,4,14,0,0,3546,3655,transition4
209,balanced,5,tower,星晶の塔,12,20,5,1,1,17,18,23,14,13,0,1,8,5,4,25,2,2,21,79,2,1,6,0,0,0,15,91,0,0,5369,1862,transition4
210,collector,1,meadow,はじまり草原,1,4,2,1,1,1,2,5,7,4,1,2,5,2,1,12,2,0,11,45,4,1,8,0,0,0,5,0,0,0,230,1234,transition4
210,collector,2,cave,こだま洞くつ,3,7,2,1,1,7,7,9,5,3,2,0,3,2,1,27,1,0,8,42,4,1,21,0,0,0,5,3,0,0,1810,3077,transition4
210,collector,3,brook,しずく湖畔,5,10,3,1,1,7,8,10,6,4,2,0,7,2,1,13,5,5,13,52,0,0,9,0,0,0,20,5,0,0,3771,3682,transition4
210,collector,4,volcano,ほむら火山,8,14,4,1,1,10,10,16,5,2,2,1,6,1,0,6,2,1,8,48,0,0,8,0,0,0,15,0,0,0,1945,3815,transition4
210,collector,5,tower,星晶の塔,12,20,5,1,1,16,15,20,22,18,2,2,9,6,5,43,5,5,33,153,4,1,22,0,0,0,40,56,0,0,4215,2594,transition4
211,rush,1,meadow,はじまり草原,1,4,2,1,1,1,2,5,3,2,1,0,1,2,1,11,0,0,5,19,0,0,7,0,0,0,2,3,0,0,230,937,transition4
211,rush,2,cave,こだま洞くつ,3,7,2,1,1,5,6,9,3,2,1,0,1,2,1,14,0,0,5,24,0,0,8,0,0,0,5,9,0,0,937,1706,transition4
211,rush,3,brook,しずく湖畔,5,10,3,1,1,9,10,12,4,4,0,0,0,2,1,12,0,0,6,19,0,0,7,0,0,0,5,20,0,0,1706,1795,transition4
211,rush,4,volcano,ほむら火山,8,14,4,1,1,12,13,19,11,11,0,0,0,8,7,42,0,0,19,66,0,0,8,0,0,0,22,41,0,0,1795,959,transition4
211,rush,5,tower,星晶の塔,12,20,5,1,0,19,20,0,47,45,0,2,0,40,40,195,0,0,87,319,0,0,8,0,0,0,128,132,0,0,959,0,transition4
212,balanced,1,meadow,はじまり草原,1,4,2,1,1,1,2,5,4,3,1,0,2,2,1,13,1,0,7,30,1,1,7,0,0,0,3,2,0,0,230,1144,transition4
212,balanced,2,cave,こだま洞くつ,3,7,2,1,1,6,5,9,6,5,1,0,2,3,2,52,1,0,10,85,4,1,19,0,0,0,5,10,0,0,1222,2689,transition4
212,balanced,3,brook,しずく湖畔,5,10,3,1,1,10,11,12,3,3,0,0,5,1,0,5,2,2,6,25,1,1,6,0,0,0,5,0,0,0,2823,4049,transition4
212,balanced,4,volcano,ほむら火山,8,14,4,1,1,12,12,16,4,3,1,0,4,1,0,5,2,2,7,26,1,1,6,0,0,0,5,0,0,0,3137,4580,transition4
212,balanced,5,tower,星晶の塔,12,20,5,1,1,16,17,26,42,38,1,3,6,18,17,83,2,2,62,192,3,1,8,0,0,0,68,128,0,0,3548,3080,transition4
213,collector,1,meadow,はじまり草原,1,4,2,1,1,1,2,5,5,4,1,0,2,2,1,17,1,0,8,33,2,1,9,0,0,0,3,0,0,0,230,1282,transition4
213,collector,2,cave,こだま洞くつ,3,7,2,1,1,5,6,10,8,8,0,0,1,3,2,38,1,0,12,73,3,1,22,0,0,0,4,5,0,0,1360,2872,transition4
213,collector,3,brook,しずく湖畔,5,10,3,1,1,10,7,10,9,7,2,0,8,3,2,13,5,5,17,53,3,1,6,0,0,0,14,6,0,0,3186,3220,transition4
213,collector,4,volcano,ほむら火山,8,14,4,1,1,10,11,20,22,21,1,0,5,7,6,73,1,0,30,184,4,1,23,0,0,0,22,40,0,0,1701,1657,transition4
213,collector,5,tower,星晶の塔,12,20,5,1,1,21,15,22,35,32,3,0,9,11,10,125,5,5,51,257,10,1,24,0,0,0,50,70,0,0,3354,2273,transition4
214,rush,1,meadow,はじまり草原,1,4,2,1,1,1,3,6,3,3,0,0,1,2,1,7,0,0,5,16,0,0,4,0,0,0,1,5,0,0,230,773,transition4
214,rush,2,cave,こだま洞くつ,3,7,2,1,1,6,7,11,14,9,1,4,6,9,8,65,0,0,23,100,0,0,9,0,0,0,21,15,0,0,773,1701,transition4
214,rush,3,brook,しずく湖畔,5,10,3,1,1,11,11,13,4,3,1,0,3,2,1,11,0,0,6,20,0,0,6,0,0,0,4,16,0,0,1701,1652,transition4
214,rush,4,volcano,ほむら火山,8,14,4,1,1,13,14,18,5,5,0,0,0,2,1,12,0,0,7,23,0,0,7,0,0,0,6,26,0,0,1652,1190,transition4
214,rush,5,tower,星晶の塔,12,20,5,1,0,18,20,0,47,45,0,2,0,40,40,165,0,0,87,265,0,0,8,0,0,0,133,127,0,0,1190,0,transition4
215,balanced,1,meadow,はじまり草原,1,4,2,1,1,1,3,6,6,6,0,0,2,3,2,12,2,1,11,37,0,0,7,0,0,0,3,2,0,0,230,1057,transition4
215,balanced,2,cave,こだま洞くつ,3,7,2,1,1,6,7,11,6,5,1,0,2,3,2,39,1,0,10,75,2,1,19,0,0,0,4,14,0,0,1129,2281,transition4
215,balanced,3,brook,しずく湖畔,5,10,3,1,1,11,12,14,5,4,1,0,4,2,1,9,2,2,9,30,0,0,7,0,0,0,6,16,0,0,2835,2663,transition4
215,balanced,4,volcano,ほむら火山,8,14,4,1,1,14,11,16,4,3,1,0,3,1,0,4,2,2,7,24,1,1,7,0,0,0,5,0,0,0,2063,3321,transition4
215,balanced,5,tower,星晶の塔,12,20,5,1,1,16,17,25,35,34,1,0,4,16,15,83,2,2,53,167,9,1,8,0,0,0,54,114,0,0,2573,3900,transition4
216,collector,1,meadow,はじまり草原,1,4,2,1,1,1,2,5,5,4,1,0,3,2,1,10,2,0,9,33,0,0,7,0,0,0,3,0,0,0,230,1268,transition4
216,collector,2,cave,こだま洞くつ,3,7,2,1,1,7,8,9,2,2,0,0,6,1,0,17,4,1,7,71,1,1,17,0,0,0,6,0,0,0,2544,3216,transition4
216,collector,3,brook,しずく湖畔,5,10,3,1,1,12,8,9,3,1,2,0,8,1,0,4,5,5,9,47,0,0,8,0,0,0,10,0,0,0,4596,6240,transition4
216,collector,4,volcano,ほむら火山,8,14,4,1,1,9,11,15,4,2,2,0,8,1,0,7,5,5,10,56,0,0,8,0,0,0,19,0,0,0,3295,4005,transition4
216,collector,5,tower,星晶の塔,12,20,5,1,1,15,12,21,27,25,1,1,7,8,7,45,5,5,40,234,6,1,42,0,0,0,49,49,0,0,2115,4522,transition4
217,rush,1,meadow,はじまり草原,1,4,2,1,1,1,2,4,2,0,2,0,2,1,0,7,0,0,3,12,0,0,7,0,0,0,1,0,0,0,230,1078,transition4
217,rush,2,cave,こだま洞くつ,3,7,2,1,1,4,5,9,4,4,0,0,0,3,2,22,0,0,7,35,0,0,8,0,0,0,8,17,0,0,1078,941,transition4
217,rush,3,brook,しずく湖畔,5,10,3,1,1,9,10,11,3,3,0,0,0,1,0,6,0,0,4,12,0,0,6,0,0,0,2,0,0,0,941,2910,transition4
217,rush,4,volcano,ほむら火山,8,14,4,1,1,11,12,19,16,16,0,0,0,13,12,68,0,0,29,141,0,0,7,0,0,0,51,57,0,0,2910,964,transition4
217,rush,5,tower,星晶の塔,12,20,5,1,0,19,20,0,50,45,0,5,0,40,40,171,0,0,90,329,0,0,7,0,0,0,154,128,0,0,964,0,transition4
218,balanced,1,meadow,はじまり草原,1,4,2,1,1,1,2,6,4,3,1,0,3,2,1,11,1,0,7,30,1,1,8,0,0,0,2,2,0,0,230,1134,transition4
218,balanced,2,cave,こだま洞くつ,3,7,2,1,1,6,7,10,4,3,1,0,4,2,1,37,2,0,8,73,2,1,20,0,0,0,4,7,0,0,1212,3182,transition4
218,balanced,3,brook,しずく湖畔,5,10,3,1,1,11,8,10,5,4,1,0,3,2,1,10,2,2,9,33,1,1,7,0,0,0,7,10,0,0,3450,3863,transition4
218,balanced,4,volcano,ほむら火山,8,14,4,1,1,10,11,17,6,5,1,0,3,2,1,28,2,2,10,53,0,0,17,0,0,0,10,11,0,0,2992,4277,transition4
218,balanced,5,tower,星晶の塔,12,20,5,1,1,17,18,22,17,14,1,2,8,6,5,38,2,2,25,120,3,1,10,0,0,0,34,66,0,0,3313,2742,transition4
219,collector,1,meadow,はじまり草原,1,4,2,1,1,1,2,5,6,4,1,1,4,2,1,10,2,0,10,34,0,0,8,0,0,0,4,0,0,0,230,1256,transition4
219,collector,2,cave,こだま洞くつ,3,7,2,1,1,7,8,9,2,0,2,0,5,1,0,10,3,2,6,55,2,1,19,0,0,0,8,0,0,0,1832,3776,transition4
219,collector,3,brook,しずく湖畔,5,10,3,1,1,7,10,11,3,2,1,0,6,1,0,6,5,5,9,40,1,1,7,0,0,0,17,0,0,0,3319,4130,transition4
219,collector,4,volcano,ほむら火山,8,14,4,1,1,11,8,17,14,10,3,1,10,4,3,22,5,4,23,125,6,1,9,0,0,0,39,15,1,0,2182,2880,transition4
219,collector,5,tower,星晶の塔,12,20,5,1,1,17,17,21,18,14,3,1,9,5,4,39,5,5,28,144,1,1,11,0,0,0,33,49,0,0,1928,2339,transition4
220,rush,1,meadow,はじまり草原,1,4,2,1,1,1,2,5,3,2,1,0,1,2,1,10,0,0,5,16,0,0,6,0,0,0,2,3,0,0,230,937,transition4
220,rush,2,cave,こだま洞くつ,3,7,2,1,1,5,6,10,4,4,0,0,2,3,2,16,0,0,7,29,0,0,6,0,0,0,5,17,0,0,937,529,transition4
220,rush,3,brook,しずく湖畔,5,10,3,1,1,10,10,12,3,2,1,0,1,1,0,4,0,0,4,12,0,0,4,0,0,0,1,0,0,0,529,2679,transition4
220,rush,4,volcano,ほむら火山,8,14,4,1,1,12,13,18,6,6,0,0,0,3,2,28,0,0,9,39,0,0,11,0,0,0,6,45,0,0,2679,1171,transition4
220,rush,5,tower,星晶の塔,12,20,5,1,0,18,19,0,45,45,0,0,0,40,40,172,0,0,85,252,0,0,6,0,0,0,121,132,0,0,1171,0,transition4
221,balanced,1,meadow,はじまり草原,1,4,2,1,1,1,2,6,4,3,1,0,2,2,1,11,1,0,7,24,1,1,7,0,0,0,2,2,0,0,230,1140,transition4
221,balanced,2,cave,こだま洞くつ,3,7,2,1,1,6,4,9,6,5,1,0,4,3,2,49,2,0,11,94,5,1,18,0,0,0,5,10,0,0,1218,2693,transition4
221,balanced,3,brook,しずく湖畔,5,10,3,1,1,10,11,13,5,4,1,0,3,2,1,8,2,1,9,28,1,1,6,0,0,0,6,14,0,0,3501,3419,transition4
221,balanced,4,volcano,ほむら火山,8,14,4,1,1,14,11,15,4,3,1,0,5,1,0,2,2,0,7,31,0,0,7,0,0,0,3,0,0,0,4416,5397,transition4
221,balanced,5,tower,星晶の塔,12,20,5,1,1,18,19,25,21,20,1,0,5,9,8,54,2,2,32,137,5,1,16,0,0,0,34,150,0,0,8411,2724,transition4
222,collector,1,meadow,はじまり草原,1,4,2,1,1,1,2,5,5,4,1,0,2,2,1,11,1,0,8,27,1,1,7,0,0,0,2,0,0,0,230,1277,transition4
222,collector,2,cave,こだま洞くつ,3,7,2,1,1,6,5,8,5,4,1,0,3,2,1,29,2,0,9,71,4,1,16,0,0,0,4,3,0,0,1355,3330,transition4
222,collector,3,brook,しずく湖畔,5,10,3,1,1,10,10,13,12,9,3,0,8,4,3,27,5,5,21,85,1,1,9,0,0,0,25,24,0,0,3898,2202,transition4
222,collector,4,volcano,ほむら火山,8,14,4,1,1,13,11,16,4,0,4,0,9,1,0,3,5,0,10,60,0,0,18,0,0,0,10,0,0,0,1164,4201,transition4
222,collector,5,tower,星晶の塔,12,20,5,1,1,21,21,24,5,1,4,0,10,1,0,7,5,5,11,54,1,1,7,0,0,0,18,0,0,0,12786,22681,transition4
223,rush,1,meadow,はじまり草原,1,4,2,1,1,1,2,5,3,2,1,0,1,2,1,11,0,0,5,19,0,0,6,0,0,0,2,2,0,0,230,999,transition4
223,rush,2,cave,こだま洞くつ,3,7,2,1,1,5,6,9,4,3,1,0,2,3,2,20,0,0,7,33,0,0,8,0,0,0,8,14,0,0,999,1458,transition4
223,rush,3,brook,しずく湖畔,5,10,3,1,1,9,10,12,4,4,0,0,0,2,1,12,0,0,6,20,0,0,6,0,0,0,4,17,0,0,1458,1762,transition4
223,rush,4,volcano,ほむら火山,8,14,4,1,1,12,13,18,6,6,0,0,0,3,2,16,0,0,9,31,0,0,6,0,0,0,9,32,0,0,1762,1169,transition4
223,rush,5,tower,星晶の塔,12,20,5,1,0,18,19,0,51,45,0,6,0,40,40,174,0,0,91,327,0,0,7,0,0,0,145,131,0,0,1169,0,transition4
224,balanced,1,meadow,はじまり草原,1,4,2,1,1,1,2,6,4,2,2,0,3,2,1,19,1,0,7,31,3,1,12,0,0,0,4,2,0,0,230,1116,transition4
224,balanced,2,cave,こだま洞くつ,3,7,2,1,1,6,6,10,6,5,1,0,3,3,2,43,2,0,11,93,3,1,21,0,0,0,4,11,0,0,1614,2845,transition4
224,balanced,3,brook,しずく湖畔,5,10,3,1,1,11,12,12,3,2,1,0,4,1,0,7,2,2,6,27,1,1,8,0,0,0,5,0,0,0,3673,4521,transition4
224,balanced,4,volcano,ほむら火山,8,14,4,1,1,12,11,17,6,5,1,0,3,2,1,9,2,1,10,39,2,1,9,0,0,0,6,12,0,0,3502,4706,transition4
224,balanced,5,tower,星晶の塔,12,20,5,1,1,17,18,26,34,32,1,1,7,15,14,69,2,2,51,159,5,1,7,0,0,0,56,133,0,0,4399,2217,transition4
225,collector,1,meadow,はじまり草原,1,4,2,1,1,1,2,4,2,0,2,0,4,1,0,9,2,0,5,33,1,1,9,0,0,0,4,0,0,0,230,1078,transition4
225,collector,2,cave,こだま洞くつ,3,7,2,1,1,7,7,10,5,5,0,0,3,2,1,33,1,0,8,62,3,1,26,0,0,0,4,5,0,0,2994,3194,transition4
225,collector,3,brook,しずく湖畔,5,10,3,1,1,10,11,11,3,1,2,0,7,1,0,6,5,5,9,53,1,1,8,0,0,0,18,0,0,0,3328,4321,transition4
225,collector,4,volcano,ほむら火山,8,14,4,1,1,11,9,15,4,3,1,0,8,1,0,5,5,5,10,68,0,0,15,0,0,0,22,0,0,0,2282,4465,transition4
225,collector,5,tower,星晶の塔,12,20,5,1,1,15,13,23,47,39,2,6,13,13,12,268,5,5,65,491,6,1,76,2,0,0,75,62,0,0,2358,2629,transition4
226,rush,1,meadow,はじまり草原,1,4,2,1,1,1,2,4,2,0,2,0,2,1,0,7,0,0,3,15,0,0,7,0,0,0,1,0,0,0,230,1078,transition4
226,rush,2,cave,こだま洞くつ,3,7,2,1,1,4,5,9,4,4,0,0,0,3,2,14,0,0,7,23,0,0,5,0,0,0,7,17,0,0,1078,1442,transition4
226,rush,3,brook,しずく湖畔,5,10,3,1,1,9,10,12,4,4,0,0,0,2,1,11,0,0,6,18,0,0,6,0,0,0,5,15,0,0,1442,1856,transition4
226,rush,4,volcano,ほむら火山,8,14,4,1,1,12,13,18,7,7,0,0,0,4,3,22,0,0,11,46,0,0,8,0,0,0,15,35,0,0,1856,1162,transition4
226,rush,5,tower,星晶の塔,12,20,5,1,0,18,19,0,49,45,0,4,0,40,40,164,0,0,89,300,0,0,6,0,0,0,151,124,0,0,1162,0,transition4
227,balanced,1,meadow,はじまり草原,1,4,2,1,1,1,2,5,4,3,1,0,2,2,1,14,1,0,7,28,3,1,8,0,0,0,3,2,0,0,230,1146,transition4
227,balanced,2,cave,こだま洞くつ,3,7,2,1,1,6,7,9,2,1,1,0,3,1,0,17,2,0,5,45,1,1,17,0,0,0,3,0,0,0,1224,3501,transition4
227,balanced,3,brook,しずく湖畔,5,10,3,1,1,10,10,14,7,6,1,0,3,3,2,11,2,1,12,38,1,1,9,0,0,0,11,28,0,0,3769,2777,transition4
227,balanced,4,volcano,ほむら火山,8,14,4,1,1,15,15,19,6,5,1,0,3,2,1,31,2,2,10,58,1,1,18,0,0,0,11,16,0,0,3851,3791,transition4
227,balanced,5,tower,星晶の塔,12,20,5,1,1,19,16,23,25,24,1,0,3,11,10,56,2,2,38,135,7,1,7,0,0,0,40,96,0,0,2937,1881,transition4
228,collector,1,meadow,はじまり草原,1,4,2,1,1,1,2,5,5,3,2,0,3,2,1,21,1,0,8,34,4,1,14,0,0,0,4,0,0,0,230,1256,transition4
228,collector,2,cave,こだま洞くつ,3,7,2,1,1,6,4,9,8,7,1,0,5,3,2,48,4,0,15,120,5,1,17,0,0,0,7,4,0,0,1514,3195,transition4
228,collector,3,brook,しずく湖畔,5,10,3,1,1,12,12,13,3,1,2,0,7,1,0,4,5,5,9,44,0,0,8,0,0,0,16,0,0,0,5391,6079,transition4
228,collector,4,volcano,ほむら火山,8,14,4,1,1,13,11,15,4,0,4,0,9,1,0,3,5,0,10,47,0,0,7,0,0,0,5,0,0,0,3210,4347,transition4
228,collector,5,tower,星晶の塔,12,20,5,1,1,23,24,24,5,2,3,0,10,1,0,5,5,5,11,57,0,0,8,0,0,0,18,0,0,0,19932,23673,transition4
229,rush,1,meadow,はじまり草原,1,4,2,1,1,1,2,4,2,0,2,0,2,1,0,9,0,0,3,13,0,0,9,0,0,0,2,0,0,0,230,1078,transition4
229,rush,2,cave,こだま洞くつ,3,7,2,1,1,4,5,9,4,4,0,0,0,3,2,21,0,0,7,36,0,0,8,0,0,0,10,15,0,0,1078,1557,transition4
229,rush,3,brook,しずく湖畔,5,10,3,1,1,9,10,14,8,8,0,0,0,6,5,27,0,0,14,45,0,0,5,0,0,0,16,34,0,0,1557,1181,transition4
229,rush,4,volcano,ほむら火山,8,14,4,1,1,14,14,19,7,7,0,0,0,4,3,30,0,0,11,53,0,0,14,0,0,0,14,25,0,0,1181,977,transition4
229,rush,5,tower,星晶の塔,12,20,5,1,0,19,20,0,48,45,0,3,0,40,40,165,0,0,88,303,0,0,6,0,0,0,147,129,0,0,977,0,transition4
230,balanced,1,meadow,はじまり草原,1,4,2,1,1,1,3,7,7,6,0,1,3,3,2,14,2,0,12,43,1,1,6,0,0,0,3,5,0,0,230,869,transition4
230,balanced,2,cave,こだま洞くつ,3,7,2,1,1,8,8,11,4,2,2,0,3,2,1,18,1,0,7,35,2,1,9,0,0,0,5,11,0,0,2345,2271,transition4
230,balanced,3,brook,しずく湖畔,5,10,3,1,1,8,9,13,9,9,0,0,4,4,3,18,1,0,14,45,3,1,6,0,0,0,7,28,0,0,3125,1817,transition4
230,balanced,4,volcano,ほむら火山,8,14,4,1,1,14,10,15,4,3,1,0,4,1,0,2,2,0,7,28,0,0,8,0,0,0,1,0,0,0,3224,4478,transition4
230,balanced,5,tower,星晶の塔,12,20,5,1,1,17,18,26,29,28,1,0,7,13,12,79,2,2,44,174,1,1,10,0,0,0,44,157,0,0,7492,2195,transition4
231,collector,1,meadow,はじまり草原,1,4,2,1,1,1,2,5,5,4,1,0,2,2,1,12,1,0,8,31,2,1,8,0,0,0,3,0,0,0,230,1273,transition4
231,collector,2,cave,こだま洞くつ,3,7,2,1,1,6,6,10,8,8,0,0,6,3,2,38,4,0,15,116,2,1,17,0,0,0,5,6,0,0,1351,2926,transition4
231,collector,3,brook,しずく湖畔,5,10,3,1,1,13,13,16,12,10,2,0,7,4,3,39,5,5,21,90,1,1,15,0,0,0,26,30,0,0,5282,2687,transition4
231,collector,4,volcano,ほむら火山,8,14,4,1,1,16,11,17,8,4,3,1,10,2,1,17,5,0,15,98,3,1,14,0,0,0,19,7,0,0,1421,3260,transition4
231,collector,5,tower,星晶の塔,12,20,5,1,1,23,22,25,17,14,3,0,8,5,4,40,5,5,27,134,0,0,14,0,0,0,33,77,0,0,18545,10867,transition4
232,rush,1,meadow,はじまり草原,1,4,2,1,1,1,2,5,3,1,2,0,2,2,1,14,0,0,5,24,0,0,10,0,0,0,3,3,0,0,230,922,transition4
232,rush,2,cave,こだま洞くつ,3,7,2,1,1,5,6,9,3,3,0,0,0,2,1,18,0,0,5,27,0,0,10,0,0,0,5,9,0,0,922,1953,transition4
232,rush,3,brook,しずく湖畔,5,10,3,1,1,9,10,12,4,4,0,0,0,2,1,12,0,0,6,21,0,0,6,0,0,0,5,19,0,0,1953,1865,transition4
232,rush,4,volcano,ほむら火山,8,14,4,1,1,12,13,19,10,10,0,0,0,7,6,41,0,0,17,76,0,0,7,0,0,0,23,51,0,0,1865,969,transition4
232,rush,5,tower,星晶の塔,12,20,5,1,0,19,20,0,45,45,0,0,0,40,40,172,0,0,85,324,0,0,6,0,0,0,139,121,0,0,969,0,transition4
233,balanced,1,meadow,はじまり草原,1,4,2,1,1,1,2,5,6,2,2,2,5,2,1,15,2,0,10,47,4,1,10,0,0,0,7,2,0,0,230,1070,transition4
233,balanced,2,cave,こだま洞くつ,3,7,2,1,1,7,7,9,2,1,1,0,3,1,0,7,2,0,5,40,0,0,14,0,0,0,5,0,0,0,1646,3277,transition4
233,balanced,3,brook,しずく湖畔,5,10,3,1,1,10,10,14,7,6,1,0,3,3,2,17,2,0,12,46,2,1,8,0,0,0,10,27,0,0,3545,4057,transition4
233,balanced,4,volcano,ほむら火山,8,14,4,1,1,12,14,19,4,3,1,0,3,1,0,4,2,0,7,29,0,0,9,0,0,0,4,0,0,0,4731,7920,transition4
233,balanced,5,tower,星晶の塔,12,20,5,1,1,21,21,25,7,6,1,0,3,2,1,12,2,2,11,39,0,0,7,0,0,0,11,25,0,0,13534,20951,transition4
234,collector,1,meadow,はじまり草原,1,4,2,1,1,1,2,6,5,4,1,0,2,2,1,14,1,0,8,29,1,1,9,0,0,0,2,0,0,0,230,1265,transition4
234,collector,2,cave,こだま洞くつ,3,7,2,1,1,6,6,10,8,8,0,0,1,3,2,46,1,0,12,99,2,1,23,0,0,0,4,4,0,0,1343,3079,transition4
234,collector,3,brook,しずく湖畔,5,10,3,1,1,11,7,9,6,4,2,0,7,2,1,8,5,5,13,41,0,0,7,0,0,0,13,3,0,0,3393,3905,transition4
234,collector,4,volcano,ほむら火山,8,14,4,1,1,9,11,15,5,2,2,1,8,1,0,5,5,5,11,64,1,1,21,0,0,0,19,0,0,0,2062,2477,transition4
234,collector,5,tower,星晶の塔,12,20,5,1,1,15,15,25,60,54,2,4,12,18,17,84,5,5,83,382,12,1,16,0,0,0,95,76,0,0,1309,4337,transition4
235,rush,1,meadow,はじまり草原,1,4,2,1,1,1,3,6,3,3,0,0,0,2,1,7,0,0,5,16,0,0,4,0,0,0,1,5,0,0,230,753,transition4
235,rush,2,cave,こだま洞くつ,3,7,2,1,1,6,6,10,7,6,1,0,1,6,5,28,0,0,13,42,0,0,6,0,0,0,11,16,0,0,753,686,transition4
235,rush,3,brook,しずく湖畔,5,10,3,1,1,10,10,13,5,4,1,0,3,3,2,11,0,0,8,24,0,0,4,0,0,0,7,26,0,0,686,1171,transition4
235,rush,4,volcano,ほむら火山,8,14,4,1,1,13,14,18,5,5,0,0,0,2,1,7,0,0,7,13,0,0,4,0,0,0,4,20,0,0,1171,1154,transition4
235,rush,5,tower,星晶の塔,12,20,5,1,1,18,19,26,29,29,0,0,0,25,24,102,0,0,54,142,0,0,5,0,0,0,74,106,0,0,1154,1500,transition4
236,balanced,1,meadow,はじまり草原,1,4,2,1,1,1,2,6,5,2,2,1,5,2,1,15,2,0,9,38,3,1,10,0,0,0,5,2,0,0,230,1091,transition4
236,balanced,2,cave,こだま洞くつ,3,7,2,1,1,7,8,9,2,1,1,0,3,1,0,10,2,2,5,35,1,1,11,0,0,0,7,0,0,0,1847,3524,transition4
236,balanced,3,brook,しずく湖畔,5,10,3,1,1,9,10,11,3,2,1,0,3,1,0,5,2,2,6,24,0,0,6,0,0,0,8,0,0,0,2730,3837,transition4
236,balanced,4,volcano,ほむら火山,8,14,4,1,1,11,9,17,10,9,1,0,3,4,3,18,2,2,16,67,1,1,7,0,0,0,22,37,0,0,2972,1701,transition4
236,balanced,5,tower,星晶の塔,12,20,5,1,1,17,14,23,33,30,1,2,5,14,13,73,2,2,49,165,7,1,9,0,0,0,56,87,0,0,1318,3079,transition4
237,collector,1,meadow,はじまり草原,1,4,2,1,1,1,3,6,8,8,0,0,1,3,2,13,1,0,12,38,1,1,6,0,0,0,2,0,0,0,230,1191,transition4
237,collector,2,cave,こだま洞くつ,3,7,2,1,1,6,5,9,5,4,1,0,2,2,1,36,1,0,8,71,3,1,19,0,0,0,3,3,0,0,1389,3292,transition4
237,collector,3,brook,しずく湖畔,5,10,3,1,1,9,10,12,6,4,2,0,8,2,1,11,5,5,13,53,3,1,6,0,0,0,13,7,0,0,3606,3886,transition4
237,collector,4,volcano,ほむら火山,8,14,4,1,1,12,12,17,7,4,3,0,8,2,1,12,5,5,14,65,2,1,7,0,0,0,20,8,0,0,2053,2751,transition4
237,collector,5,tower,星晶の塔,12,20,5,1,1,17,15,22,33,31,1,1,9,10,9,96,5,5,48,195,3,1,43,0,0,0,51,50,0,0,1453,3467,transition4
238,rush,1,meadow,はじまり草原,1,4,2,1,1,1,2,5,3,2,1,0,1,2,1,9,0,0,5,18,0,0,6,0,0,0,2,3,0,0,230,935,transition4
238,rush,2,cave,こだま洞くつ,3,7,2,1,1,5,6,9,4,3,1,0,1,3,2,22,0,0,7,35,0,0,8,0,0,0,8,13,0,0,935,769,transition4
238,rush,3,brook,しずく湖畔,5,10,3,1,1,9,10,13,5,5,0,0,0,3,2,14,0,0,8,24,0,0,5,0,0,0,7,26,0,0,769,1482,transition4
238,rush,4,volcano,ほむら火山,8,14,4,1,1,13,14,19,6,6,0,0,0,3,2,15,0,0,9,31,0,0,6,0,0,0,8,25,0,0,1482,1178,transition4
238,rush,5,tower,星晶の塔,12,20,5,1,0,19,20,0,45,45,0,0,0,40,40,181,0,0,85,330,0,0,6,0,0,0,134,132,0,0,1178,0,transition4
239,balanced,1,meadow,はじまり草原,1,4,2,1,1,1,2,6,5,3,1,1,4,2,1,13,2,0,9,35,2,1,7,0,0,0,4,2,0,0,230,1117,transition4
239,balanced,2,cave,こだま洞くつ,3,7,2,1,1,7,8,10,5,3,1,1,3,2,1,18,1,0,8,41,3,1,11,0,0,0,7,8,0,0,1693,2529,transition4
239,balanced,3,brook,しずく湖畔,5,10,3,1,1,7,9,10,3,2,1,0,3,1,0,6,2,2,6,26,1,1,7,0,0,0,5,0,0,0,2843,4032,transition4
239,balanced,4,volcano,ほむら火山,8,14,4,1,1,10,11,16,8,7,1,0,5,3,2,16,2,2,13,52,1,1,7,0,0,0,16,30,0,0,3124,3535,transition4
239,balanced,5,tower,星晶の塔,12,20,5,1,1,16,17,27,55,50,1,4,8,24,23,123,2,2,81,267,5,1,14,0,0,0,93,141,0,0,2738,1803,transition4
240,collector,1,meadow,はじまり草原,1,4,2,1,1,1,2,5,6,4,1,1,4,2,1,15,2,0,10,49,4,1,8,0,0,0,6,0,0,0,230,1255,transition4
240,collector,2,cave,こだま洞くつ,3,7,2,1,1,7,7,9,5,4,1,0,5,2,1,33,4,2,11,109,4,1,20,0,0,0,13,3,0,0,1831,3117,transition4
240,collector,3,brook,しずく湖畔,5,10,3,1,1,7,10,13,6,4,2,0,6,2,1,10,3,2,11,48,1,1,8,0,0,0,14,5,0,0,2982,4601,transition4
240,collector,4,volcano,ほむら火山,8,14,4,1,1,10,11,16,7,5,2,0,7,2,1,11,5,5,14,62,3,1,8,0,0,0,21,6,0,0,3771,3776,transition4
240,collector,5,tower,星晶の塔,12,20,5,1,1,16,16,23,30,28,1,1,8,9,8,102,5,5,44,242,3,1,21,0,0,0,46,63,0,0,1995,4826,transition4
241,rush,1,meadow,はじまり草原,1,4,2,1,1,1,2,5,3,2,1,0,1,2,1,13,0,0,5,22,0,0,8,0,0,0,2,3,0,0,230,936,transition4
241,rush,2,cave,こだま洞くつ,3,7,2,1,1,5,6,9,4,3,1,0,2,3,2,26,0,0,7,39,0,0,11,0,0,0,8,13,0,0,936,765,transition4
241,rush,3,brook,しずく湖畔,5,10,3,1,1,9,10,11,3,3,0,0,0,1,0,9,0,0,4,16,0,0,9,0,0,0,2,0,0,0,765,2957,transition4
241,rush,4,volcano,ほむら火山,8,14,4,1,1,11,12,18,9,9,0,0,0,6,5,42,0,0,15,67,0,0,10,0,0,0,19,51,0,0,2957,1176,transition4
241,rush,5,tower,星晶の塔,12,20,5,1,0,18,20,0,46,45,0,1,0,40,40,179,0,0,86,318,0,0,7,0,0,0,130,131,0,0,1176,0,transition4
242,balanced,1,meadow,はじまり草原,1,4,2,1,1,1,2,6,4,3,1,0,3,2,1,13,2,0,8,39,2,1,8,0,0,0,3,2,0,0,230,1138,transition4
242,balanced,2,cave,こだま洞くつ,3,7,2,1,1,7,8,10,4,3,1,0,3,2,1,20,2,2,8,49,1,1,11,0,0,0,10,10,0,0,2414,2545,transition4
242,balanced,3,brook,しずく湖畔,5,10,3,1,1,10,11,13,5,4,1,0,4,2,1,12,2,2,9,43,0,0,7,0,0,0,12,12,0,0,1972,2404,transition4
242,balanced,4,volcano,ほむら火山,8,14,4,1,1,13,13,20,20,17,1,2,8,8,7,67,2,2,30,166,1,1,14,0,0,0,39,32,0,0,1863,1223,transition4
242,balanced,5,tower,星晶の塔,12,20,5,1,1,20,19,27,41,40,1,0,3,19,18,134,2,2,62,252,8,1,16,0,0,0,63,123,0,0,948,3118,transition4
243,collector,1,meadow,はじまり草原,1,4,2,1,1,1,2,4,2,0,2,0,3,1,0,7,1,0,4,14,1,1,7,0,0,0,1,0,0,0,230,1078,transition4
243,collector,2,cave,こだま洞くつ,3,7,2,1,1,6,6,9,5,4,1,0,2,2,1,18,1,0,8,35,1,1,9,0,0,0,5,3,0,0,1676,3352,transition4
243,collector,3,brook,しずく湖畔,5,10,3,1,1,8,8,11,6,4,2,0,7,2,1,9,5,5,13,52,0,0,8,0,0,0,20,3,0,0,3746,3897,transition4
243,collector,4,volcano,ほむら火山,8,14,4,1,1,11,11,15,8,3,4,1,8,2,1,13,3,0,13,74,4,1,11,0,0,0,17,8,0,0,2059,2420,transition4
243,collector,5,tower,星晶の塔,12,20,5,1,1,16,15,22,20,18,2,0,8,6,5,50,5,5,31,187,3,1,22,0,0,0,39,72,0,0,4691,4971,transition4
244,rush,1,meadow,はじまり草原,1,4,2,1,1,1,2,5,4,1,2,1,3,2,1,13,0,0,6,25,0,0,9,0,0,0,4,3,0,0,230,897,transition4
244,rush,2,cave,こだま洞くつ,3,7,2,1,1,5,6,9,3,3,0,0,0,2,1,11,0,0,5,18,0,0,7,0,0,0,3,9,0,0,897,1015,transition4
244,rush,3,brook,しずく湖畔,5,10,3,1,1,9,10,13,6,6,0,0,0,4,3,18,0,0,10,29,0,0,5,0,0,0,9,31,0,0,1015,1444,transition4
244,rush,4,volcano,ほむら火山,8,14,4,1,1,13,14,20,15,15,0,0,0,12,11,57,0,0,27,100,0,0,7,0,0,0,38,46,0,0,1444,984,transition4
244,rush,5,tower,星晶の塔,12,20,5,1,0,20,21,0,48,45,0,3,0,40,40,166,0,0,88,313,0,0,7,0,0,0,149,121,0,0,984,0,transition4
245,balanced,1,meadow,はじまり草原,1,4,2,1,1,1,2,5,4,2,2,0,4,2,1,17,2,0,8,44,2,1,13,0,0,0,4,2,0,0,230,1116,transition4
245,balanced,2,cave,こだま洞くつ,3,7,2,1,1,7,7,9,2,1,1,0,3,1,0,11,2,1,5,31,1,1,11,0,0,0,6,0,0,0,1692,3308,transition4
245,balanced,3,brook,しずく湖畔,5,10,3,1,1,8,9,12,7,6,1,0,4,3,2,15,2,2,12,40,3,1,6,0,0,0,10,19,0,0,3286,3184,transition4
245,balanced,4,volcano,ほむら火山,8,14,4,1,1,12,11,18,8,7,1,0,4,3,2,13,2,1,13,40,2,1,7,0,0,0,7,20,0,0,2466,3206,transition4
245,balanced,5,tower,星晶の塔,12,20,5,1,1,18,19,22,11,10,1,0,3,4,3,19,2,2,17,60,3,1,6,0,0,0,11,66,0,0,3048,2736,transition4
246,collector,1,meadow,はじまり草原,1,4,2,1,1,1,2,5,5,4,1,0,3,2,1,12,2,0,9,37,1,1,9,0,0,0,4,0,0,0,230,1263,transition4
246,collector,2,cave,こだま洞くつ,3,7,2,1,1,7,7,9,5,3,2,0,7,2,1,30,5,5,12,83,2,1,22,0,0,0,19,4,0,0,1839,2967,transition4
246,collector,3,brook,しずく湖畔,5,10,3,1,1,9,8,13,15,13,2,0,7,5,4,38,5,5,25,95,2,1,12,0,0,0,28,18,0,0,1568,1319,transition4
246,collector,4,volcano,ほむら火山,8,14,4,1,1,13,13,17,4,2,2,0,7,1,0,6,5,5,10,54,1,1,8,0,0,0,18,0,0,0,697,1548,transition4
246,collector,5,tower,星晶の塔,12,20,5,1,1,17,16,22,29,24,2,3,10,8,7,126,5,5,42,233,6,1,45,0,0,0,51,46,0,0,819,3520,transition4
247,rush,1,meadow,はじまり草原,1,4,2,1,1,1,2,5,3,1,2,0,2,2,1,13,0,0,5,23,0,0,8,0,0,0,4,3,0,0,230,922,transition4
247,rush,2,cave,こだま洞くつ,3,7,2,1,1,5,6,9,3,3,0,0,0,2,1,13,0,0,5,22,0,0,8,0,0,0,4,9,0,0,922,1257,transition4
247,rush,3,brook,しずく湖畔,5,10,3,1,1,9,10,11,3,3,0,0,0,1,0,5,0,0,4,12,0,0,5,0,0,0,1,0,0,0,1257,3232,transition4
247,rush,4,volcano,ほむら火山,8,14,4,1,1,11,12,20,22,20,0,2,0,17,16,110,0,0,39,185,0,0,11,0,0,0,60,57,0,0,3232,957,transition4
247,rush,5,tower,星晶の塔,12,20,5,1,0,20,21,0,48,45,0,3,0,40,40,165,0,0,88,324,0,0,7,0,0,0,142,124,0,0,957,0,transition4
248,balanced,1,meadow,はじまり草原,1,4,2,1,1,1,3,7,6,6,0,0,3,3,2,13,2,0,11,37,1,1,6,0,0,0,2,5,0,0,230,894,transition4
248,balanced,2,cave,こだま洞くつ,3,7,2,1,1,8,9,10,6,3,1,2,5,2,1,17,2,2,10,43,0,0,9,0,0,0,9,12,0,0,1670,2018,transition4
248,balanced,3,brook,しずく湖畔,5,10,3,1,1,10,11,13,9,8,1,0,3,4,3,30,2,2,15,62,0,0,10,0,0,0,17,25,0,0,1563,1147,transition4
248,balanced,4,volcano,ほむら火山,8,14,4,1,1,13,14,17,4,3,1,0,3,1,0,9,2,2,7,33,0,0,9,0,0,0,9,0,0,0,889,2058,transition4
248,balanced,5,tower,星晶の塔,12,20,5,1,1,17,14,21,27,22,1,4,9,10,9,55,2,2,39,155,6,1,11,0,0,0,51,69,0,0,1595,3037,transition4
249,collector,1,meadow,はじまり草原,1,4,2,1,1,1,2,5,5,4,1,0,2,2,1,14,1,0,8,30,2,1,9,0,0,0,2,0,0,0,230,1271,transition4
249,collector,2,cave,こだま洞くつ,3,7,2,1,1,6,6,10,8,6,2,0,6,3,2,34,4,0,15,76,7,1,15,0,0,0,10,7,0,0,1349,3033,transition4
249,collector,3,brook,しずく湖畔,5,10,3,1,1,13,12,13,3,1,2,0,7,1,0,4,5,4,9,49,0,0,10,0,0,0,16,0,0,0,5229,5674,transition4
249,collector,4,volcano,ほむら火山,8,14,4,1,1,10,11,17,7,3,4,0,9,2,1,9,5,0,14,72,2,1,20,0,0,0,7,8,0,0,3611,6373,transition4
249,collector,5,tower,星晶の塔,12,20,5,1,1,23,24,24,5,3,2,0,9,1,0,5,5,5,11,52,1,1,7,0,0,0,18,0,0,0,19458,23364,transition4
250,rush,1,meadow,はじまり草原,1,4,2,1,1,1,2,5,4,2,1,1,2,2,1,12,0,0,6,27,0,0,7,0,0,0,3,3,0,0,230,922,transition4
250,rush,2,cave,こだま洞くつ,3,7,2,1,1,5,6,9,3,2,1,0,1,2,1,13,0,0,5,26,0,0,9,0,0,0,4,7,0,0,922,2050,transition4
250,rush,3,brook,しずく湖畔,5,10,3,1,1,9,9,11,3,3,0,0,0,1,0,7,0,0,4,13,0,0,7,0,0,0,1,0,0,0,2050,3319,transition4
250,rush,4,volcano,ほむら火山,8,14,4,1,1,11,12,17,5,5,0,0,0,2,1,12,0,0,7,23,0,0,6,0,0,0,5,21,0,0,3319,3218,transition4
250,rush,5,tower,星晶の塔,12,20,5,1,0,17,18,0,47,45,0,2,0,40,40,183,0,0,87,313,0,0,7,0,0,0,130,156,0,0,3218,0,transition4
251,balanced,1,meadow,はじまり草原,1,4,2,1,1,1,2,6,4,3,1,0,3,2,1,10,1,0,7,24,1,1,6,0,0,0,2,2,0,0,230,1139,transition4
251,balanced,2,cave,こだま洞くつ,3,7,2,1,1,6,4,8,4,3,1,0,3,2,1,29,2,0,8,66,2,1,16,0,0,0,3,4,0,0,1217,3143,transition4
251,balanced,3,brook,しずく湖畔,5,10,3,1,1,9,10,11,3,3,0,0,5,1,0,4,2,2,6,20,0,0,5,0,0,0,5,0,0,0,3411,4610,transition4
251,balanced,4,volcano,ほむら火山,8,14,4,1,1,11,12,18,6,5,1,0,5,2,1,10,2,1,10,36,3,1,7,0,0,0,6,16,0,0,3571,4707,transition4
251,balanced,5,tower,星晶の塔,12,20,5,1,1,18,19,23,15,14,1,0,4,6,5,35,2,2,23,87,7,1,8,0,0,0,25,90,0,0,4400,2816,transition4
252,collector,1,meadow,はじまり草原,1,4,2,1,1,1,2,5,5,3,2,0,4,2,1,15,2,0,9,43,1,1,8,0,0,0,5,0,0,0,230,1260,transition4
252,collector,2,cave,こだま洞くつ,3,7,2,1,1,7,7,9,2,0,2,0,7,1,0,13,5,5,8,74,2,1,20,0,0,0,17,0,0,0,2016,3580,transition4
252,collector,3,brook,しずく湖畔,5,10,3,1,1,9,7,11,9,7,2,0,7,3,2,24,5,5,17,78,2,1,10,0,0,0,23,10,0,0,1892,2210,transition4
252,collector,4,volcano,ほむら火山,8,14,4,1,1,11,11,17,16,13,3,0,8,5,4,83,5,5,26,213,5,1,20,0,0,0,32,13,0,0,1168,1587,transition4
252,collector,5,tower,星晶の塔,12,20,5,1,1,17,17,23,29,26,3,0,8,9,8,99,5,5,43,245,4,1,26,0,0,0,45,45,0,0,840,3899,transition4
253,rush,1,meadow,はじまり草原,1,4,2,1,1,1,2,5,3,2,1,0,1,2,1,12,0,0,5,20,0,0,8,0,0,0,2,3,0,0,230,939,transition4
253,rush,2,cave,こだま洞くつ,3,7,2,1,1,5,6,9,3,2,1,0,1,2,1,15,0,0,5,27,0,0,9,0,0,0,6,9,0,0,939,1926,transition4
253,rush,3,brook,しずく湖畔,5,10,3,1,1,9,10,12,4,4,0,0,0,2,1,11,0,0,6,18,0,0,6,0,0,0,4,20,0,0,1926,1787,transition4
253,rush,4,volcano,ほむら火山,8,14,4,1,1,12,13,18,5,5,0,0,0,2,1,11,0,0,7,24,0,0,6,0,0,0,5,19,0,0,1787,2682,transition4
253,rush,5,tower,星晶の塔,12,20,5,1,0,18,19,0,45,45,0,0,0,40,40,186,0,0,85,327,0,0,7,0,0,0,132,145,0,0,2682,0,transition4
254,balanced,1,meadow,はじまり草原,1,4,2,1,1,1,2,6,5,2,2,1,4,2,1,14,1,0,8,29,2,1,9,0,0,0,5,2,0,0,230,1095,transition4
254,balanced,2,cave,こだま洞くつ,3,7,2,1,1,6,5,9,6,5,1,0,3,3,2,48,2,0,11,90,5,1,17,0,0,0,5,10,0,0,1353,2528,transition4
254,balanced,3,brook,しずく湖畔,5,10,3,1,1,10,11,12,3,3,0,0,2,1,0,6,2,2,6,23,1,1,6,0,0,0,5,0,0,0,3356,4492,transition4
254,balanced,4,volcano,ほむら火山,8,14,4,1,1,12,13,17,4,4,0,0,6,1,0,5,2,2,7,42,0,0,7,0,0,0,7,0,0,0,3479,5729,transition4
254,balanced,5,tower,星晶の塔,12,20,5,1,1,17,18,27,42,38,1,3,9,18,17,128,2,2,62,262,2,1,20,0,0,0,66,137,0,0,4437,2141,transition4
255,collector,1,meadow,はじまり草原,1,4,2,1,1,1,2,5,5,3,2,0,3,2,1,16,1,0,8,35,3,1,10,0,0,0,5,0,0,0,230,1251,transition4
255,collector,2,cave,こだま洞くつ,3,7,2,1,1,6,4,9,8,6,2,0,3,3,2,39,1,0,12,78,3,1,21,0,0,0,4,6,0,0,1509,3120,transition4
255,collector,3,brook,しずく湖畔,5,10,3,1,1,10,10,12,6,3,3,0,6,2,1,12,3,2,11,45,0,0,7,0,0,0,12,6,0,0,3254,3322,transition4
255,collector,4,volcano,ほむら火山,8,14,4,1,1,10,10,16,4,0,4,0,9,1,0,3,5,0,10,57,0,0,9,0,0,0,5,0,0,0,3381,5968,transition4
255,collector,5,tower,星晶の塔,12,20,5,1,1,21,22,25,8,7,1,0,8,2,1,11,5,5,15,55,2,1,6,0,0,0,19,18,0,0,14553,22858,transition4
256,rush,1,meadow,はじまり草原,1,4,2,1,1,1,2,5,4,2,1,1,2,2,1,10,0,0,6,28,0,0,6,0,0,0,3,2,0,0,230,981,transition4
256,rush,2,cave,こだま洞くつ,3,7,2,1,1,5,6,8,3,2,1,0,1,2,1,15,0,0,5,22,0,0,8,0,0,0,5,10,0,0,981,1913,transition4
256,rush,3,brook,しずく湖畔,5,10,3,1,1,8,9,12,4,4,0,0,0,2,1,9,0,0,6,18,0,0,5,0,0,0,5,15,0,0,1913,2103,transition4
256,rush,4,volcano,ほむら火山,8,14,4,1,1,12,13,20,16,16,0,0,0,13,12,69,0,0,29,128,0,0,13,0,0,0,50,60,0,0,2103,948,transition4
256,rush,5,tower,星晶の塔,12,20,5,1,0,20,21,0,47,45,0,2,0,40,40,172,0,0,87,300,0,0,6,0,0,0,141,121,0,0,948,0,transition4
257,balanced,1,meadow,はじまり草原,1,4,2,1,1,1,3,6,6,6,0,0,1,3,2,12,1,0,10,29,0,0,6,0,0,0,2,4,0,0,230,905,transition4
257,balanced,2,cave,こだま洞くつ,3,7,2,1,1,7,5,9,6,5,1,0,2,3,2,38,1,0,10,64,3,1,13,0,0,0,5,10,0,0,1103,2565,transition4
257,balanced,3,brook,しずく湖畔,5,10,3,1,1,10,10,11,3,3,0,0,5,1,0,6,2,2,6,22,1,1,6,0,0,0,5,0,0,0,2879,3824,transition4
257,balanced,4,volcano,ほむら火山,8,14,4,1,1,11,9,15,6,5,1,0,3,2,1,9,2,2,10,32,1,1,6,0,0,0,7,7,0,0,2963,3684,transition4
257,balanced,5,tower,星晶の塔,12,20,5,1,1,15,16,24,25,24,1,0,3,11,10,107,2,2,38,208,3,1,21,0,0,0,36,101,0,0,2853,3076,transition4
258,collector,1,meadow,はじまり草原,1,4,2,1,1,1,2,5,5,4,1,0,2,2,1,12,1,0,8,34,2,1,8,0,0,0,3,0,0,0,230,1277,transition4
258,collector,2,cave,こだま洞くつ,3,7,2,1,1,6,6,9,5,3,2,0,4,2,1,18,2,0,9,50,2,1,12,0,0,0,6,4,0,0,1355,3244,transition4
258,collector,3,brook,しずく湖畔,5,10,3,1,1,8,8,10,6,3,3,0,8,2,1,9,5,5,13,46,2,1,8,0,0,0,20,4,0,0,4072,3988,transition4
258,collector,4,volcano,ほむら火山,8,14,4,1,1,10,9,17,10,7,3,0,9,3,2,15,5,5,18,99,1,1,11,0,0,0,27,14,0,0,2106,3893,transition4
258,collector,5,tower,星晶の塔,12,20,5,1,1,17,18,23,30,28,1,1,7,9,8,140,5,5,44,278,3,1,34,0,0,0,47,56,0,0,2056,2657,transition4
259,rush,1,meadow,はじまり草原,1,4,2,1,1,1,2,5,3,2,1,0,1,2,1,10,0,0,5,18,0,0,6,0,0,0,2,3,0,0,230,937,transition4
259,rush,2,cave,こだま洞くつ,3,7,2,1,1,5,6,9,4,3,1,0,1,3,2,23,0,0,7,35,0,0,9,0,0,0,8,13,0,0,937,765,transition4
259,rush,3,brook,しずく湖畔,5,10,3,1,1,9,10,12,4,4,0,0,0,2,1,9,0,0,6,20,0,0,5,0,0,0,6,17,0,0,765,1855,transition4
259,rush,4,volcano,ほむら火山,8,14,4,1,1,12,13,19,16,15,0,1,0,12,11,75,0,0,28,133,0,0,11,0,0,0,47,42,0,0,1855,954,transition4
259,rush,5,tower,星晶の塔,12,20,5,1,0,19,20,0,47,45,0,2,0,40,40,163,0,0,87,303,0,0,6,0,0,0,148,136,0,0,954,0,transition4
260,balanced,1,meadow,はじまり草原,1,4,2,1,1,1,2,5,4,2,2,0,3,2,1,17,1,0,7,32,3,1,12,0,0,0,5,2,0,0,230,1119,transition4
260,balanced,2,cave,こだま洞くつ,3,7,2,1,1,6,4,9,6,5,1,0,3,3,2,46,2,0,11,79,4,1,17,0,0,0,4,11,0,0,2317,2684,transition4
260,balanced,3,brook,しずく湖畔,5,10,3,1,1,10,11,12,5,4,1,0,3,2,1,11,2,2,9,38,2,1,8,0,0,0,11,15,0,0,3512,3145,transition4
260,balanced,4,volcano,ほむら火山,8,14,4,1,1,12,13,18,8,7,1,0,3,3,2,18,1,0,12,53,1,1,7,0,0,0,12,34,0,0,2436,3088,transition4
260,balanced,5,tower,星晶の塔,12,20,5,1,1,18,18,23,16,14,1,1,4,6,5,31,2,2,24,77,1,1,7,0,0,0,26,72,0,0,3345,1861,transition4
261,collector,1,meadow,はじまり草原,1,4,2,1,1,1,2,5,5,4,1,0,5,2,1,15,3,0,10,54,2,1,9,0,0,0,5,0,0,0,230,1276,transition4
261,collector,2,cave,こだま洞くつ,3,7,2,1,1,7,6,8,5,4,1,0,6,2,1,27,5,0,12,79,0,0,14,0,0,0,4,4,0,0,2630,3315,transition4
261,collector,3,brook,しずく湖畔,5,10,3,1,1,13,14,14,3,1,2,0,8,1,0,8,5,2,9,37,1,1,8,0,0,0,4,0,0,0,7585,8503,transition4
261,collector,4,volcano,ほむら火山,8,14,4,1,1,21,21,23,4,1,3,0,8,1,0,5,5,1,10,55,3,1,9,0,0,0,12,0,0,0,19307,19925,transition4
261,collector,5,tower,星晶の塔,12,20,5,1,1,24,16,21,23,19,1,3,12,6,5,36,5,5,34,162,2,1,19,0,0,0,47,61,0,0,18532,7044,transition4
262,rush,1,meadow,はじまり草原,1,4,2,1,1,1,2,5,3,2,1,0,1,2,1,12,0,0,5,21,0,0,7,0,0,0,3,2,0,0,230,994,transition4
262,rush,2,cave,こだま洞くつ,3,7,2,1,1,5,6,9,3,2,1,0,1,2,1,13,0,0,5,22,0,0,8,0,0,0,4,10,0,0,994,1008,transition4
262,rush,3,brook,しずく湖畔,5,10,3,1,1,9,10,11,3,3,0,0,0,1,0,5,0,0,4,11,0,0,5,0,0,0,1,0,0,0,1008,3198,transition4
262,rush,4,volcano,ほむら火山,8,14,4,1,1,11,12,18,6,6,0,0,0,3,2,17,0,0,9,27,0,0,8,0,0,0,7,51,0,0,3198,1199,transition4
262,rush,5,tower,星晶の塔,12,20,5,1,0,18,19,0,45,45,0,0,0,40,40,195,0,0,85,293,0,0,7,0,0,0,123,131,0,0,1199,0,transition4
263,balanced,1,meadow,はじまり草原,1,4,2,1,1,1,2,5,4,2,2,0,4,2,1,16,2,0,8,37,3,1,11,0,0,0,5,2,0,0,230,1118,transition4
263,balanced,2,cave,こだま洞くつ,3,7,2,1,1,7,8,9,2,1,1,0,3,1,0,8,2,2,5,30,0,0,9,0,0,0,7,0,0,0,2574,3562,transition4
263,balanced,3,brook,しずく湖畔,5,10,3,1,1,9,10,11,3,2,1,0,3,1,0,6,2,2,6,27,0,0,7,0,0,0,9,0,0,0,2759,3875,transition4
263,balanced,4,volcano,ほむら火山,8,14,4,1,1,11,9,16,13,9,1,3,6,4,3,19,2,2,19,82,4,1,8,0,0,0,27,35,0,0,3001,1210,transition4
263,balanced,5,tower,星晶の塔,12,20,5,1,1,16,17,22,22,18,1,3,7,8,7,49,2,2,32,137,4,1,9,0,0,0,42,61,0,0,938,3069,transition4
264,collector,1,meadow,はじまり草原,1,4,2,1,1,1,2,5,5,3,2,0,3,2,1,18,1,0,8,35,3,1,12,0,0,0,5,0,0,0,230,1256,transition4
264,collector,2,cave,こだま洞くつ,3,7,2,1,1,5,6,10,8,8,0,0,2,3,2,45,1,0,12,87,2,1,23,0,0,0,4,7,0,0,1514,3012,transition4
264,collector,3,brook,しずく湖畔,5,10,3,1,1,10,11,12,3,1,2,0,8,1,0,7,5,5,9,50,2,1,9,0,0,0,17,0,0,0,3146,4055,transition4
264,collector,4,volcano,ほむら火山,8,14,4,1,1,12,9,16,18,14,2,2,9,5,4,40,5,5,28,154,4,1,15,0,0,0,40,15,0,0,2142,1890,transition4
264,collector,5,tower,星晶の塔,12,20,5,1,1,16,17,25,44,39,2,3,11,13,12,220,5,5,62,416,2,1,60,1,0,0,64,61,0,0,1000,4359,transition4
265,rush,1,meadow,はじまり草原,1,4,2,1,1,1,2,5,5,2,1,2,3,2,1,10,0,0,7,25,0,0,6,0,0,0,4,3,0,0,230,892,transition4
265,rush,2,cave,こだま洞くつ,3,7,2,1,1,5,6,9,3,2,1,0,1,2,1,14,0,0,5,22,0,0,8,0,0,0,4,9,0,0,892,1195,transition4
265,rush,3,brook,しずく湖畔,5,10,3,1,1,9,10,12,4,4,0,0,0,2,1,11,0,0,6,19,0,0,6,0,0,0,4,21,0,0,1195,1689,transition4
265,rush,4,volcano,ほむら火山,8,14,4,1,1,12,13,18,7,7,0,0,0,4,3,27,0,0,11,45,0,0,8,0,0,0,10,32,0,0,1689,1205,transition4
265,rush,5,tower,星晶の塔,12,20,5,1,0,18,20,0,45,45,0,0,0,40,40,201,0,0,85,353,0,0,8,0,0,0,128,134,0,0,1205,0,transition4
266,balanced,1,meadow,はじまり草原,1,4,2,1,1,1,2,6,4,3,1,0,4,2,1,14,2,0,8,40,2,1,9,0,0,0,2,2,0,0,230,1130,transition4
266,balanced,2,cave,こだま洞くつ,3,7,2,1,1,7,7,10,4,3,1,0,3,2,1,40,2,0,8,96,2,1,21,0,0,0,3,5,0,0,1706,3026,transition4
266,balanced,3,brook,しずく湖畔,5,10,3,1,1,11,11,13,3,2,1,0,3,1,0,5,2,0,6,23,0,0,7,0,0,0,3,0,0,0,3294,5630,transition4
266,balanced,4,volcano,ほむら火山,8,14,4,1,1,14,12,18,8,7,1,0,4,3,2,21,2,2,13,56,2,1,9,0,0,0,9,39,0,0,6044,6752,transition4
266,balanced,5,tower,星晶の塔,12,20,5,1,1,18,19,25,23,22,1,0,3,10,9,58,2,2,35,108,3,1,8,0,0,0,34,118,0,0,5229,2747,transition4
267,collector,1,meadow,はじまり草原,1,4,2,1,1,1,2,5,5,4,1,0,2,2,1,11,1,0,8,30,2,1,7,0,0,0,2,0,0,0,230,1275,transition4
267,collector,2,cave,こだま洞くつ,3,7,2,1,1,6,4,9,8,6,2,0,3,3,2,37,1,0,12,72,2,1,17,0,0,0,4,5,0,0,1353,3293,transition4
267,collector,3,brook,しずく湖畔,5,10,3,1,1,9,10,12,6,4,2,0,3,2,1,13,1,0,9,37,3,1,8,0,0,0,7,7,0,0,3687,3511,transition4
267,collector,4,volcano,ほむら火山,8,14,4,1,1,10,11,17,7,5,2,0,7,2,1,34,5,0,14,85,2,1,18,0,0,0,6,8,0,0,3718,5362,transition4
267,collector,5,tower,星晶の塔,12,20,5,1,1,22,16,24,24,20,3,1,10,7,6,106,5,5,36,197,4,1,28,0,0,0,39,92,0,0,13947,12180,transition4
268,rush,1,meadow,はじまり草原,1,4,2,1,1,1,2,5,3,2,1,0,1,2,1,11,0,0,5,19,0,0,6,0,0,0,2,2,0,0,230,995,transition4
268,rush,2,cave,こだま洞くつ,3,7,2,1,1,5,6,9,3,2,1,0,1,2,1,12,0,0,5,21,0,0,7,0,0,0,4,10,0,0,995,1003,transition4
268,rush,3,brook,しずく湖畔,5,10,3,1,1,9,9,12,4,4,0,0,0,2,1,8,0,0,6,14,0,0,4,0,0,0,4,20,0,0,1003,1809,transition4
268,rush,4,volcano,ほむら火山,8,14,4,1,1,12,13,18,5,5,0,0,0,2,1,8,0,0,7,16,0,0,4,0,0,0,4,19,0,0,1809,2047,transition4
268,rush,5,tower,星晶の塔,12,20,5,1,1,18,19,26,29,28,0,1,0,24,23,105,0,0,53,187,0,0,6,0,0,0,79,100,0,0,2047,2456,transition4
269,balanced,1,meadow,はじまり草原,1,4,2,1,1,1,2,6,4,3,1,0,3,2,1,12,2,0,8,38,1,1,8,0,0,0,3,2,0,0,230,1134,transition4
269,balanced,2,cave,こだま洞くつ,3,7,2,1,1,7,8,10,4,3,1,0,2,2,1,21,1,0,7,44,2,1,11,0,0,0,7,10,0,0,1710,2401,transition4
269,balanced,3,brook,しずく湖畔,5,10,3,1,1,7,9,11,5,4,1,0,3,2,1,11,2,2,9,31,3,1,7,0,0,0,6,12,0,0,2715,3081,transition4
269,balanced,4,volcano,ほむら火山,8,14,4,1,1,11,12,17,4,4,0,0,6,1,0,5,2,2,7,32,1,1,7,0,0,0,5,0,0,0,2387,4650,transition4
269,balanced,5,tower,星晶の塔,12,20,5,1,1,17,18,22,13,12,1,0,5,5,4,25,2,2,20,63,0,0,8,0,0,0,20,73,0,0,3601,2153,transition4
270,collector,1,meadow,はじまり草原,1,4,2,1,1,1,2,5,5,3,2,0,4,2,1,18,2,0,9,42,2,1,12,0,0,0,4,0,0,0,230,1256,transition4
270,collector,2,cave,こだま洞くつ,3,7,2,1,1,7,8,9,2,1,1,0,6,1,0,9,4,2,7,61,1,1,17,0,0,0,11,0,0,0,2712,3594,transition4
270,collector,3,brook,しずく湖畔,5,10,3,1,1,7,7,12,9,7,2,0,7,3,2,18,5,5,17,71,1,1,9,0,0,0,24,9,0,0,3296,4376,transition4
270,collector,4,volcano,ほむら火山,8,14,4,1,1,12,11,15,10,7,3,0,7,3,2,46,4,3,17,104,1,1,18,0,0,0,20,13,0,0,2311,2372,transition4
270,collector,5,tower,星晶の塔,12,20,5,1,1,15,17,21,12,8,3,1,10,3,2,14,5,5,20,98,0,0,10,0,0,0,31,21,0,0,2175,6188,transition4
271,rush,1,meadow,はじまり草原,1,4,2,1,1,1,2,5,3,2,1,0,1,2,1,11,0,0,5,18,0,0,6,0,0,0,3,3,0,0,230,944,transition4
271,rush,2,cave,こだま洞くつ,3,7,2,1,1,5,6,9,5,3,1,1,2,3,2,24,0,0,8,42,0,0,9,0,0,0,10,12,0,0,944,1446,transition4
271,rush,3,brook,しずく湖畔,5,10,3,1,1,9,10,11,3,3,0,0,0,1,0,7,0,0,4,14,0,0,7,0,0,0,1,0,0,0,1446,2932,transition4
271,rush,4,volcano,ほむら火山,8,14,4,1,1,11,12,19,16,15,0,1,0,12,11,69,0,0,28,113,0,0,9,0,0,0,39,52,0,0,2932,971,transition4
271,rush,5,tower,星晶の塔,12,20,5,1,0,19,20,0,46,45,0,1,0,40,40,165,0,0,86,300,0,0,7,0,0,0,129,138,0,0,971,0,transition4
272,balanced,1,meadow,はじまり草原,1,4,2,1,1,1,2,5,5,2,2,1,4,2,1,15,1,0,8,33,3,1,10,0,0,0,4,2,0,0,230,1100,transition4
272,balanced,2,cave,こだま洞くつ,3,7,2,1,1,7,7,10,4,3,1,0,3,2,1,31,2,0,8,55,3,1,17,0,0,0,3,9,0,0,2298,2717,transition4
272,balanced,3,brook,しずく湖畔,5,10,3,1,1,11,11,12,3,3,0,0,5,1,0,6,2,2,6,18,0,0,6,0,0,0,4,0,0,0,2985,4403,transition4
272,balanced,4,volcano,ほむら火山,8,14,4,1,1,12,12,16,6,5,1,0,3,2,1,16,2,2,10,46,0,0,11,0,0,0,7,16,0,0,3410,4598,transition4
272,balanced,5,tower,星晶の塔,12,20,5,1,1,16,17,22,17,16,1,0,3,7,6,42,2,2,26,83,1,1,14,0,0,0,26,77,0,0,3562,2731,transition4
273,collector,1,meadow,はじまり草原,1,4,2,1,1,1,2,4,3,0,2,1,4,1,0,9,1,0,5,23,1,1,9,0,0,0,4,0,0,0,230,1051,transition4
273,collector,2,cave,こだま洞くつ,3,7,2,1,1,4,5,8,5,4,1,0,2,2,1,27,1,0,8,54,2,1,15,0,0,0,3,3,0,0,1409,3014,transition4
273,collector,3,brook,しずく湖畔,5,10,3,1,1,8,9,11,6,5,1,0,6,2,1,9,5,5,13,54,1,1,8,0,0,0,13,5,0,0,3408,3725,transition4
273,collector,4,volcano,ほむら火山,8,14,4,1,1,11,12,16,4,1,3,0,9,1,0,5,5,4,10,61,0,0,9,0,0,0,17,0,0,0,1967,2788,transition4
273,collector,5,tower,星晶の塔,12,20,5,1,1,17,15,21,30,27,2,1,10,9,8,61,5,5,44,238,7,1,20,0,0,0,52,76,0,0,3130,2293,transition4
274,rush,1,meadow,はじまり草原,1,4,2,1,1,1,2,4,2,0,2,0,2,1,0,8,0,0,3,15,0,0,8,0,0,0,1,0,0,0,230,1078,transition4
274,rush,2,cave,こだま洞くつ,3,7,2,1,1,4,5,9,4,4,0,0,0,3,2,21,0,0,7,36,0,0,8,0,0,0,9,17,0,0,1078,714,transition4
274,rush,3,brook,しずく湖畔,5,10,3,1,1,9,10,13,5,5,0,0,0,3,2,12,0,0,8,24,0,0,5,0,0,0,7,26,0,0,714,1160,transition4
274,rush,4,volcano,ほむら火山,8,14,4,1,1,13,14,20,21,21,0,0,0,18,17,107,0,0,39,174,0,0,12,0,0,0,58,42,0,0,1160,961,transition4
274,rush,5,tower,星晶の塔,12,20,5,1,0,20,21,0,45,45,0,0,0,40,40,174,0,0,85,316,0,0,6,0,0,0,133,131,0,0,961,0,transition4
275,balanced,1,meadow,はじまり草原,1,4,2,1,1,1,2,5,4,3,1,0,2,2,1,13,1,0,7,30,1,1,7,0,0,0,4,2,0,0,230,1139,transition4
275,balanced,2,cave,こだま洞くつ,3,7,2,1,1,5,6,9,4,4,0,0,1,2,1,37,1,0,7,70,2,1,19,0,0,0,3,7,0,0,1217,2843,transition4
275,balanced,3,brook,しずく湖畔,5,10,3,1,1,10,8,11,7,6,1,0,4,3,2,17,2,1,12,45,4,1,10,0,0,0,8,17,0,0,3157,2940,transition4
275,balanced,4,volcano,ほむら火山,8,14,4,1,1,11,11,15,4,3,1,0,4,1,0,4,2,0,7,27,1,1,7,0,0,0,3,0,0,0,2770,5219,transition4
275,balanced,5,tower,星晶の塔,12,20,5,1,1,15,16,22,13,12,1,0,3,5,4,44,2,2,20,83,2,1,18,0,0,0,20,77,0,0,5733,5746,transition4
276,collector,1,meadow,はじまり草原,1,4,2,1,1,1,2,5,5,4,1,0,2,2,1,11,1,0,8,29,1,1,7,0,0,0,2,0,0,0,230,1275,transition4
276,collector,2,cave,こだま洞くつ,3,7,2,1,1,6,5,8,5,4,1,0,3,2,1,31,2,0,9,71,3,1,18,0,0,0,3,3,0,0,1353,2912,transition4
276,collector,3,brook,しずく湖畔,5,10,3,1,1,10,7,9,6,4,2,0,7,2,1,8,5,5,13,44,1,1,6,0,0,0,13,3,0,0,3720,4190,transition4
276,collector,4,volcano,ほむら火山,8,14,4,1,1,9,9,16,7,5,2,0,5,2,1,11,2,1,11,44,3,1,8,0,0,0,12,5,0,0,2214,3632,transition4
276,collector,5,tower,星晶の塔,12,20,5,1,1,16,14,19,18,15,2,1,9,5,4,28,5,5,28,117,6,1,8,0,0,0,37,48,0,0,3454,3171,transition4
277,rush,1,meadow,はじまり草原,1,4,2,1,1,1,3,7,5,5,0,0,1,4,3,14,0,0,9,26,0,0,4,0,0,0,3,8,0,0,230,681,transition4
277,rush,2,cave,こだま洞くつ,3,7,2,1,1,7,7,10,3,1,2,0,2,2,1,17,0,0,5,29,0,0,10,0,0,0,5,9,0,0,681,936,transition4
277,rush,3,brook,しずく湖畔,5,10,3,1,1,10,10,13,5,5,0,0,0,3,2,18,0,0,8,27,0,0,7,0,0,0,7,26,0,0,936,1428,transition4
277,rush,4,volcano,ほむら火山,8,14,4,1,1,13,14,18,4,4,0,0,0,1,0,6,0,0,5,17,0,0,6,0,0,0,2,0,0,0,1428,2683,transition4
277,rush,5,tower,星晶の塔,12,20,5,1,0,18,18,0,45,45,0,0,0,40,40,200,0,0,85,320,0,0,7,0,0,0,126,156,0,0,2683,0,transition4
278,balanced,1,meadow,はじまり草原,1,4,2,1,1,1,2,6,4,3,1,0,2,2,1,10,1,0,7,27,1,1,6,0,0,0,3,2,0,0,230,1138,transition4
278,balanced,2,cave,こだま洞くつ,3,7,2,1,1,6,5,8,4,3,1,0,3,2,1,31,2,0,8,71,2,1,17,0,0,0,4,6,0,0,1216,2798,transition4
278,balanced,3,brook,しずく湖畔,5,10,3,1,1,9,11,12,5,4,1,0,3,2,1,11,2,2,9,35,2,1,7,0,0,0,11,16,0,0,3066,3343,transition4
278,balanced,4,volcano,ほむら火山,8,14,4,1,1,12,13,16,4,3,1,0,3,1,0,7,2,2,7,39,0,0,7,0,0,0,10,0,0,0,2589,5059,transition4
278,balanced,5,tower,星晶の塔,12,20,5,1,1,16,17,26,42,40,1,1,7,19,18,92,2,2,63,193,5,1,10,0,0,0,71,147,0,0,3918,2185,transition4
279,collector,1,meadow,はじまり草原,1,4,2,1,1,1,2,5,5,3,2,0,3,2,1,14,1,0,8,31,1,1,9,0,0,0,3,0,0,0,230,1258,transition4
279,collector,2,cave,こだま洞くつ,3,7,2,1,1,6,4,8,5,3,2,0,7,2,1,30,5,0,12,86,2,1,17,0,0,0,6,2,0,0,1756,3569,transition4
279,collector,3,brook,しずく湖畔,5,10,3,1,1,12,12,13,3,1,2,0,7,1,0,5,5,5,9,41,0,0,7,0,0,0,16,0,0,0,5939,6388,transition4
279,collector,4,volcano,ほむら火山,8,14,4,1,1,13,11,18,10,7,3,0,7,3,2,17,3,0,16,85,4,1,21,0,0,0,16,17,0,0,3374,5429,transition4
279,collector,5,tower,星晶の塔,12,20,5,1,1,23,21,22,8,5,3,0,9,2,1,10,5,5,15,76,1,1,10,0,0,0,25,19,0,0,18000,18394,transition4
280,rush,1,meadow,はじまり草原,1,4,2,1,1,1,2,5,3,2,1,0,1,2,1,12,0,0,5,20,0,0,7,0,0,0,2,3,0,0,230,938,transition4
280,rush,2,cave,こだま洞くつ,3,7,2,1,1,5,6,9,4,3,1,0,1,3,2,22,0,0,7,32,0,0,8,0,0,0,7,13,0,0,938,761,transition4
280,rush,3,brook,しずく湖畔,5,10,3,1,1,9,10,11,3,3,0,0,0,1,0,6,0,0,4,11,0,0,6,0,0,0,1,0,0,0,761,2954,transition4
280,rush,4,volcano,ほむら火山,8,14,4,1,1,11,12,19,10,10,0,0,0,7,6,41,0,0,17,72,0,0,8,0,0,0,25,55,0,0,2954,954,transition4
280,rush,5,tower,星晶の塔,12,20,5,1,0,19,20,0,48,45,0,3,0,40,40,165,0,0,88,313,0,0,7,0,0,0,143,125,0,0,954,0,transition4
281,balanced,1,meadow,はじまり草原,1,4,2,1,1,1,2,6,4,2,2,0,3,2,1,17,1,0,7,33,2,1,10,0,0,0,4,2,0,0,230,1124,transition4
281,balanced,2,cave,こだま洞くつ,3,7,2,1,1,6,6,10,6,5,1,0,4,3,2,37,2,0,11,76,2,1,16,0,0,0,10,15,0,0,1382,2373,transition4
281,balanced,3,brook,しずく湖畔,5,10,3,1,1,11,11,12,3,2,1,0,4,1,0,7,2,2,6,27,0,0,7,0,0,0,8,0,0,0,2941,4064,transition4
281,balanced,4,volcano,ほむら火山,8,14,4,1,1,12,11,18,10,9,1,0,4,4,3,22,2,2,16,70,4,1,8,0,0,0,21,42,0,0,3148,2435,transition4
281,balanced,5,tower,星晶の塔,12,20,5,1,1,18,16,23,31,30,1,0,3,14,13,92,2,2,47,177,0,0,13,0,0,0,49,94,0,0,1886,1845,transition4
282,collector,1,meadow,はじまり草原,1,4,2,1,1,1,2,5,5,3,2,0,7,2,1,18,5,0,12,60,3,1,13,0,0,0,5,0,0,0,230,1258,transition4
282,collector,2,cave,こだま洞くつ,3,7,2,1,1,9,9,11,2,1,1,0,6,1,0,13,5,0,8,58,1,1,13,0,0,0,5,0,0,0,3538,5031,transition4
282,collector,3,brook,しずく湖畔,5,10,3,1,1,18,17,21,3,0,3,0,4,1,0,5,1,0,5,14,1,1,5,0,0,0,2,0,0,0,13461,21058,transition4
282,collector,4,volcano,ほむら火山,8,14,4,1,1,21,20,22,4,1,3,0,6,1,0,3,2,0,7,31,0,0,7,0,0,0,4,0,0,0,21265,22774,transition4
282,collector,5,tower,星晶の塔,12,20,5,1,1,22,16,18,8,5,3,0,10,2,1,12,5,5,15,75,3,1,9,0,0,0,21,9,0,0,23288,23751,transition4
283,rush,1,meadow,はじまり草原,1,4,2,1,1,1,3,7,5,5,0,0,0,4,3,13,0,0,9,24,0,0,4,0,0,0,3,7,0,0,230,696,transition4
283,rush,2,cave,こだま洞くつ,3,7,2,1,1,7,7,10,4,3,1,0,2,3,2,18,0,0,7,26,0,0,7,0,0,0,5,13,0,0,696,1408,transition4
283,rush,3,brook,しずく湖畔,5,10,3,1,1,10,10,14,5,4,1,0,1,3,2,18,0,0,8,29,0,0,7,0,0,0,7,27,0,0,1408,1143,transition4
283,rush,4,volcano,ほむら火山,8,14,4,1,1,14,14,18,4,4,0,0,0,1,0,5,0,0,5,14,0,0,5,0,0,0,1,0,0,0,1143,2420,transition4
283,rush,5,tower,星晶の塔,12,20,5,1,0,18,19,0,46,45,0,1,0,40,40,193,0,0,86,299,0,0,7,0,0,0,124,151,0,0,2420,0,transition4
284,balanced,1,meadow,はじまり草原,1,4,2,1,1,1,3,6,6,6,0,0,2,3,2,13,1,0,10,33,2,1,5,0,0,0,2,5,0,0,230,883,transition4
284,balanced,2,cave,こだま洞くつ,3,7,2,1,1,7,7,10,4,3,1,0,3,2,1,32,1,0,7,53,2,1,16,0,0,0,2,7,0,0,1031,2645,transition4
284,balanced,3,brook,しずく湖畔,5,10,3,1,1,10,11,14,7,6,1,0,3,3,2,11,2,2,12,32,1,1,6,0,0,0,8,25,0,0,2959,2161,transition4
284,balanced,4,volcano,ほむら火山,8,14,4,1,1,14,14,18,4,4,0,0,6,1,0,3,2,2,7,36,1,1,10,0,0,0,5,0,0,0,1674,2755,transition4
284,balanced,5,tower,星晶の塔,12,20,5,1,1,18,19,30,58,57,0,1,8,27,26,116,2,2,87,233,11,1,8,0,0,0,60,163,0,0,2134,3028,transition4
285,collector,1,meadow,はじまり草原,1,4,2,1,1,1,2,5,5,3,2,0,6,2,1,16,4,0,11,50,2,1,11,0,0,0,4,0,0,0,230,1257,transition4
285,collector,2,cave,こだま洞くつ,3,7,2,1,1,8,9,9,2,0,2,0,7,1,0,8,5,5,8,58,0,0,11,0,0,0,17,0,0,0,3219,3973,transition4
285,collector,3,brook,しずく湖畔,5,10,3,1,1,9,8,12,9,8,1,0,3,3,2,17,2,0,14,54,1,1,8,0,0,0,12,10,0,0,2098,3417,transition4
285,collector,4,volcano,ほむら火山,8,14,4,1,1,12,12,17,4,1,3,0,9,1,0,7,5,5,10,81,0,0,21,0,0,0,17,0,0,0,3831,7250,transition4
285,collector,5,tower,星晶の塔,12,20,5,1,1,17,16,21,21,18,2,1,10,6,5,31,5,5,32,160,5,1,16,0,0,0,42,66,0,0,3828,2287,transition4
286,rush,1,meadow,はじまり草原,1,4,2,1,1,1,2,4,2,0,2,0,2,1,0,9,0,0,3,16,0,0,9,0,0,0,2,0,0,0,230,1078,transition4
286,rush,2,cave,こだま洞くつ,3,7,2,1,1,4,5,9,5,4,0,1,0,3,2,21,0,0,8,41,0,0,8,0,0,0,12,15,0,0,1078,735,transition4
286,rush,3,brook,しずく湖畔,5,10,3,1,1,9,10,12,4,4,0,0,0,2,1,10,0,0,6,18,0,0,6,0,0,0,5,17,0,0,735,1731,transition4
286,rush,4,volcano,ほむら火山,8,14,4,1,1,12,13,22,30,30,0,0,0,27,26,160,0,0,57,265,0,0,11,0,0,0,96,70,0,0,1731,1269,transition4
286,rush,5,tower,星晶の塔,12,20,5,1,0,22,23,0,45,45,0,0,0,40,40,173,0,0,85,323,0,0,7,0,0,0,142,121,0,0,1269,0,transition4
287,balanced,1,meadow,はじまり草原,1,4,2,1,1,1,2,5,4,2,2,0,4,2,1,19,2,0,8,38,3,1,12,0,0,0,5,2,0,0,230,1114,transition4
287,balanced,2,cave,こだま洞くつ,3,7,2,1,1,7,8,9,2,1,1,0,4,1,0,5,2,2,5,29,0,0,8,0,0,0,7,0,0,0,1690,3550,transition4
287,balanced,3,brook,しずく湖畔,5,10,3,1,1,9,10,12,5,4,1,0,3,2,1,10,2,2,9,30,0,0,6,0,0,0,11,13,0,0,2750,2890,transition4
287,balanced,4,volcano,ほむら火山,8,14,4,1,1,12,12,18,8,7,1,0,4,3,2,15,2,2,13,48,0,0,7,0,0,0,16,22,0,0,2239,2121,transition4
287,balanced,5,tower,星晶の塔,12,20,5,1,1,18,15,25,41,40,1,0,3,19,18,141,2,2,62,287,9,1,25,0,0,0,63,109,0,0,1643,4267,transition4
288,collector,1,meadow,はじまり草原,1,4,2,1,1,1,2,5,5,3,2,0,5,2,1,15,3,0,10,45,2,1,11,0,0,0,5,0,0,0,230,1258,transition4
288,collector,2,cave,こだま洞くつ,3,7,2,1,1,8,8,11,8,7,1,0,3,3,2,48,1,0,12,77,4,1,19,0,0,0,8,9,0,0,2992,2696,transition4
288,collector,3,brook,しずく湖畔,5,10,3,1,1,8,11,13,3,1,2,0,8,1,0,6,5,5,9,54,0,0,10,0,0,0,17,0,0,0,3330,5179,transition4
288,collector,4,volcano,ほむら火山,8,14,4,1,1,13,11,17,10,8,2,0,7,3,2,28,5,5,18,116,3,1,13,0,0,0,26,12,0,0,2736,2308,transition4
288,collector,5,tower,星晶の塔,12,20,5,1,1,17,18,25,45,37,1,7,14,12,11,120,5,5,62,282,3,1,56,1,0,0,72,57,0,0,1220,3160,transition4
289,rush,1,meadow,はじまり草原,1,4,2,1,1,1,3,6,4,4,0,0,0,3,2,12,0,0,7,24,0,0,5,0,0,0,2,5,0,0,230,866,transition4
289,rush,2,cave,こだま洞くつ,3,7,2,1,1,6,6,9,6,2,2,2,4,3,2,21,0,0,9,41,0,0,9,0,0,0,9,9,0,0,866,747,transition4
289,rush,3,brook,しずく湖畔,5,10,3,1,1,9,10,13,5,5,0,0,0,3,2,16,0,0,8,25,0,0,6,0,0,0,8,17,0,0,747,2186,transition4
289,rush,4,volcano,ほむら火山,8,14,4,1,1,13,14,17,4,4,0,0,0,1,0,5,0,0,5,13,0,0,5,0,0,0,2,0,0,0,2186,3503,transition4
289,rush,5,tower,星晶の塔,12,20,5,1,0,17,18,0,46,45,0,1,0,40,40,193,0,0,86,326,0,0,8,0,0,0,136,162,0,0,3503,0,transition4
290,balanced,1,meadow,はじまり草原,1,4,2,1,1,1,2,5,4,2,2,0,3,2,1,19,1,0,7,37,3,1,12,0,0,0,4,2,0,0,230,1120,transition4
290,balanced,2,cave,こだま洞くつ,3,7,2,1,1,6,4,9,6,5,1,0,2,3,2,52,1,0,10,81,5,1,21,0,0,0,4,11,0,0,1378,2422,transition4
290,balanced,3,brook,しずく湖畔,5,10,3,1,1,10,11,11,3,2,1,0,4,1,0,5,2,2,6,26,0,0,7,0,0,0,7,0,0,0,3056,4231,transition4
290,balanced,4,volcano,ほむら火山,8,14,4,1,1,11,9,16,8,8,0,0,6,3,2,15,2,2,13,45,1,1,6,0,0,0,9,19,0,0,3278,2952,transition4
290,balanced,5,tower,星晶の塔,12,20,5,1,1,16,17,28,51,49,0,2,9,23,22,93,2,2,76,246,10,1,9,0,0,0,58,146,0,0,2287,3061,transition4
291,collector,1,meadow,はじまり草原,1,4,2,1,1,1,2,5,6,4,1,1,4,2,1,11,2,0,10,35,1,1,7,0,0,0,4,0,0,0,230,1258,transition4
291,collector,2,cave,こだま洞くつ,3,7,2,1,1,7,7,10,5,4,1,0,4,2,1,50,3,2,10,95,2,1,27,0,0,0,7,3,0,0,1834,3232,transition4
291,collector,3,brook,しずく湖畔,5,10,3,1,1,10,10,12,6,3,3,0,8,2,1,12,5,5,13,54,0,0,7,0,0,0,19,5,0,0,2938,3157,transition4
291,collector,4,volcano,ほむら火山,8,14,4,1,1,12,11,16,7,3,4,0,5,2,1,15,1,0,10,68,1,1,9,0,0,0,12,8,0,0,1668,4049,transition4
291,collector,5,tower,星晶の塔,12,20,5,1,1,16,13,20,24,20,3,1,10,7,6,28,5,5,36,262,2,1,43,0,0,0,44,64,0,0,4306,2282,transition4
292,rush,1,meadow,はじまり草原,1,4,2,1,1,1,2,5,3,1,2,0,2,2,1,16,0,0,5,24,0,0,11,0,0,0,4,3,0,0,230,924,transition4
292,rush,2,cave,こだま洞くつ,3,7,2,1,1,5,6,9,4,4,0,0,0,3,2,21,0,0,7,30,0,0,8,0,0,0,7,14,0,0,924,718,transition4
292,rush,3,brook,しずく湖畔,5,10,3,1,1,9,10,13,4,4,0,0,0,2,1,11,0,0,6,21,0,0,6,0,0,0,5,16,0,0,718,1853,transition4
292,rush,4,volcano,ほむら火山,8,14,4,1,1,13,13,20,14,14,0,0,0,11,10,75,0,0,25,122,0,0,16,0,0,0,38,43,0,0,1853,995,transition4
292,rush,5,tower,星晶の塔,12,20,5,1,0,20,20,0,52,45,0,7,0,40,40,162,0,0,92,320,0,0,6,0,0,0,155,123,0,0,995,0,transition4
293,balanced,1,meadow,はじまり草原,1,4,2,1,1,1,2,5,4,3,1,0,4,2,1,15,2,0,8,40,3,1,9,0,0,0,4,2,0,0,230,1142,transition4
293,balanced,2,cave,こだま洞くつ,3,7,2,1,1,7,7,9,4,3,1,0,3,2,1,29,2,2,8,55,1,1,22,0,0,0,9,7,0,0,1718,2606,transition4
293,balanced,3,brook,しずく湖畔,5,10,3,1,1,9,11,12,5,5,0,0,3,2,1,12,2,2,9,34,1,1,7,0,0,0,11,16,0,0,2019,2087,transition4
293,balanced,4,volcano,ほむら火山,8,14,4,1,1,12,13,18,10,9,1,0,3,4,3,26,2,2,16,62,2,1,11,0,0,0,20,30,0,0,1617,1226,transition4
293,balanced,5,tower,星晶の塔,12,20,5,1,1,18,19,24,21,18,1,2,5,8,7,45,2,2,31,102,5,1,9,0,0,0,36,61,0,0,950,3029,transition4
294,collector,1,meadow,はじまり草原,1,4,2,1,1,1,3,6,11,11,0,0,1,4,3,22,1,0,16,54,3,1,8,0,0,0,3,0,0,0,230,1051,transition4
294,collector,2,cave,こだま洞くつ,3,7,2,1,1,7,7,10,5,3,2,0,3,2,1,43,1,0,8,61,2,1,23,0,0,0,3,3,0,0,1249,3272,transition4
294,collector,3,brook,しずく湖畔,5,10,3,1,1,10,11,14,12,9,3,0,8,4,3,21,5,5,21,75,0,0,8,0,0,0,25,22,0,0,3406,2202,transition4
294,collector,4,volcano,ほむら火山,8,14,4,1,1,14,12,17,7,5,2,0,5,2,1,7,2,0,11,57,0,0,20,0,0,0,7,6,0,0,1164,3068,transition4
294,collector,5,tower,星晶の塔,12,20,5,1,1,19,18,20,11,9,2,0,9,3,2,13,5,5,19,98,1,1,17,0,0,0,29,23,0,0,5682,4994,transition4
295,rush,1,meadow,はじまり草原,1,4,2,1,1,1,2,7,4,3,1,0,1,3,2,22,0,0,7,33,0,0,9,0,0,0,5,8,0,0,230,709,transition4
295,rush,2,cave,こだま洞くつ,3,7,2,1,1,7,7,9,4,2,1,1,2,2,1,13,0,0,6,29,0,0,8,0,0,0,7,7,0,0,709,754,transition4
295,rush,3,brook,しずく湖畔,5,10,3,1,1,9,10,12,4,4,0,0,0,2,1,14,0,0,6,22,0,0,7,0,0,0,5,17,0,0,754,1855,transition4
295,rush,4,volcano,ほむら火山,8,14,4,1,1,12,13,18,7,7,0,0,0,4,3,23,0,0,11,39,0,0,7,0,0,0,10,35,0,0,1855,1127,transition4
295,rush,5,tower,星晶の塔,12,20,5,1,0,18,20,0,47,45,0,2,0,40,40,201,0,0,87,339,0,0,7,0,0,0,139,128,0,0,1127,0,transition4
296,balanced,1,meadow,はじまり草原,1,4,2,1,1,1,2,6,5,3,1,1,4,2,1,11,2,0,9,37,2,1,7,0,0,0,6,2,0,0,230,1117,transition4
296,balanced,2,cave,こだま洞くつ,3,7,2,1,1,7,7,10,4,3,1,0,2,2,1,16,1,0,7,32,1,1,12,0,0,0,4,7,0,0,1693,2800,transition4
296,balanced,3,brook,しずく湖畔,5,10,3,1,1,8,9,12,7,6,1,0,3,3,2,12,2,2,12,34,1,1,7,0,0,0,9,20,0,0,3114,2777,transition4
296,balanced,4,volcano,ほむら火山,8,14,4,1,1,12,13,17,4,3,1,0,3,1,0,5,2,2,7,29,0,0,8,0,0,0,7,0,0,0,2151,4609,transition4
296,balanced,5,tower,星晶の塔,12,20,5,1,1,17,18,27,41,38,1,2,6,18,17,114,2,2,61,258,6,1,10,0,0,0,69,133,0,0,3570,2251,transition4
297,collector,1,meadow,はじまり草原,1,4,2,1,1,1,2,5,6,4,1,1,3,2,1,13,2,0,10,43,3,1,8,0,0,0,5,0,0,0,230,1250,transition4
297,collector,2,cave,こだま洞くつ,3,7,2,1,1,7,7,10,5,4,1,0,4,2,1,22,3,1,10,78,1,1,19,0,0,0,11,4,0,0,1826,2967,transition4
297,collector,3,brook,しずく湖畔,5,10,3,1,1,8,11,14,9,8,1,0,2,3,2,22,1,0,13,47,3,1,9,0,0,0,9,15,0,0,3367,3899,transition4
297,collector,4,volcano,ほむら火山,8,14,4,1,1,12,12,16,4,1,3,0,8,1,0,5,5,5,10,74,1,1,28,0,0,0,16,0,0,0,4106,4727,transition4
297,collector,5,tower,星晶の塔,12,20,5,1,1,16,17,23,26,24,2,0,10,8,7,83,5,5,39,206,4,1,24,0,0,0,41,66,0,0,2496,4506,transition4
298,rush,1,meadow,はじまり草原,1,4,2,1,1,1,3,7,5,5,0,0,2,4,3,12,0,0,9,24,0,0,4,0,0,0,3,8,0,0,230,678,transition4
298,rush,2,cave,こだま洞くつ,3,7,2,1,1,7,7,10,4,3,1,0,1,3,2,21,0,0,7,31,0,0,8,0,0,0,5,15,0,0,678,1406,transition4
298,rush,3,brook,しずく湖畔,5,10,3,1,1,10,11,14,9,9,0,0,3,7,6,31,0,0,16,50,0,0,6,0,0,0,14,28,0,0,1406,1165,transition4
298,rush,4,volcano,ほむら火山,8,14,4,1,1,14,15,19,5,4,1,0,4,2,1,10,0,0,7,31,0,0,6,0,0,0,4,21,0,0,1165,1699,transition4
298,rush,5,tower,星晶の塔,12,20,5,1,1,19,20,28,44,44,0,0,0,40,39,196,0,0,84,296,0,0,7,0,0,0,125,129,0,0,1699,1890,transition4
299,balanced,1,meadow,はじまり草原,1,4,2,1,1,1,2,6,4,3,1,0,2,2,1,12,1,0,7,26,2,1,6,0,0,0,2,2,0,0,230,1142,transition4
299,balanced,2,cave,こだま洞くつ,3,7,2,1,1,6,7,10,4,4,0,0,2,2,1,30,1,0,7,56,1,1,21,0,0,0,4,8,0,0,1220,2782,transition4
299,balanced,3,brook,しずく湖畔,5,10,3,1,1,10,11,12,3,2,1,0,3,1,0,5,2,2,6,26,1,1,7,0,0,0,4,0,0,0,3096,4042,transition4
299,balanced,4,volcano,ほむら火山,8,14,4,1,1,12,10,15,5,3,1,1,4,1,0,3,2,0,8,34,0,0,12,0,0,0,4,0,0,0,3131,4212,transition4
299,balanced,5,tower,星晶の塔,12,20,5,1,1,17,17,22,17,16,1,0,3,7,6,53,2,2,26,98,4,1,14,0,0,0,26,105,0,0,5926,2734,transition4
300,collector,1,meadow,はじまり草原,1,4,2,1,1,1,2,5,6,4,1,1,2,2,1,10,1,0,9,31,2,1,6,0,0,0,3,0,0,0,230,1253,transition4
300,collector,2,cave,こだま洞くつ,3,7,2,1,1,6,4,8,5,3,2,0,4,2,1,33,2,1,9,69,3,1,18,0,0,0,5,3,0,0,1331,3089,transition4
300,collector,3,brook,しずく湖畔,5,10,3,1,1,9,10,11,3,2,1,0,6,1,0,6,5,5,9,38,1,1,7,0,0,0,11,0,0,0,3113,3907,transition4
300,collector,4,volcano,ほむら火山,8,14,4,1,1,11,11,15,7,5,2,0,8,2,1,11,5,5,14,64,2,1,7,0,0,0,20,7,0,0,2064,2353,transition4
300,collector,5,tower,星晶の塔,12,20,5,1,1,15,17,29,92,82,1,9,18,27,26,140,5,5,124,532,16,1,19,0,0,0,135,109,0,0,1244,3916,transition4
