run,profile,stage_index,stage_id,stage_name,req_level,boss_level,unlock_wins,reached,cleared,entry_highest_level,boss_start_highest_level,clear_highest_level,normalBattles,normalCombatWins,scoutWins,normalLosses,scoutEncounters,bossAttempts,bossLosses,bossTurns,recruitmentBossBattles,recruitmentBossLosses,totalBattles,totalTurns,guardTurns,maxGuardStreak,maxBattleTurns,battles50Plus,guardLoopBattles,stalledBattles,kos,trainingBooks,fusions,levelRecoveryBattles,gold_at_entry,gold_at_clear
1,rush,1,meadow,はじまり草原,1,4,2,1,1,1,2,6,6,2,2,2,2,3,2,27,0,0,9,45,0,0,11,0,0,0,10,8,0,0,230,663
1,rush,2,cave,こだま洞くつ,3,7,2,1,1,6,7,10,6,6,0,0,0,5,4,41,0,0,11,56,0,0,10,0,0,0,14,16,0,0,663,1377
1,rush,3,brook,しずく湖畔,5,10,3,1,1,10,11,14,6,6,0,0,0,4,3,22,0,0,10,34,0,0,6,0,0,0,10,25,0,0,1377,1190
1,rush,4,volcano,ほむら火山,8,14,4,1,1,14,14,23,46,45,0,1,0,42,41,213,0,0,88,340,0,0,6,0,0,0,136,89,0,0,1190,946
1,rush,5,tower,星晶の塔,12,20,5,1,0,23,23,0,85,85,0,0,0,80,80,352,0,0,165,592,0,0,7,0,0,0,258,190,0,0,946,0
1,rush,6,snowfield,霜降り雪原,16,25,4,0,0,0,0,0,0,0,0,0,0,0,0,0,0,0,0,0,0,0,0,0,0,0,0,0,0,0,0,0
1,rush,7,thunder_ruins,雷鳴遺跡,21,31,5,0,0,0,0,0,0,0,0,0,0,0,0,0,0,0,0,0,0,0,0,0,0,0,0,0,0,0,0,0
1,rush,8,prism_sanctuary,虹晶聖域,28,42,6,0,0,0,0,0,0,0,0,0,0,0,0,0,0,0,0,0,0,0,0,0,0,0,0,0,0,0,0,0
1,rush,9,poison_bog,毒霧の沼地,34,48,5,0,0,0,0,0,0,0,0,0,0,0,0,0,0,0,0,0,0,0,0,0,0,0,0,0,0,0,0,0
1,rush,10,machine_city,古代機械都市,39,57,6,0,0,0,0,0,0,0,0,0,0,0,0,0,0,0,0,0,0,0,0,0,0,0,0,0,0,0,0,0
1,rush,11,deep_sea_temple,深海神殿,46,66,6,0,0,0,0,0,0,0,0,0,0,0,0,0,0,0,0,0,0,0,0,0,0,0,0,0,0,0,0,0
1,rush,12,demon_gate,魔界門,54,76,7,0,0,0,0,0,0,0,0,0,0,0,0,0,0,0,0,0,0,0,0,0,0,0,0,0,0,0,0,0
1,rush,13,sky_ruins,天空遺跡,68,86,7,0,0,0,0,0,0,0,0,0,0,0,0,0,0,0,0,0,0,0,0,0,0,0,0,0,0,0,0,0
2,balanced,1,meadow,はじまり草原,1,4,2,1,1,1,2,6,6,4,2,0,4,3,2,39,2,0,11,72,6,1,15,0,0,0,11,5,0,0,230,916
2,balanced,2,cave,こだま洞くつ,3,7,2,1,1,7,8,11,6,5,1,0,3,3,2,49,2,2,11,88,3,1,22,0,0,0,13,15,0,0,1672,2379
2,balanced,3,brook,しずく湖畔,5,10,3,1,1,11,11,14,9,8,1,0,2,4,3,28,1,0,14,53,1,1,12,0,0,0,12,27,0,0,1843,1157
2,balanced,4,volcano,ほむら火山,8,14,4,1,1,13,10,13,4,3,1,0,3,1,0,4,2,2,7,22,0,0,6,0,0,0,4,0,0,0,1364,3825
2,balanced,5,tower,星晶の塔,12,20,5,1,1,13,15,19,16,11,0,5,12,4,3,25,2,2,22,103,1,1,11,0,0,0,24,55,0,0,2963,1834
2,balanced,6,snowfield,霜降り雪原,16,25,4,1,1,19,20,21,4,3,1,0,4,1,0,11,2,2,7,33,0,0,11,0,0,0,5,0,0,0,1421,3686
2,balanced,7,thunder_ruins,雷鳴遺跡,21,31,5,1,1,21,22,31,26,25,0,1,6,11,10,72,2,2,39,133,2,1,10,0,0,0,28,155,0,0,2855,5306
2,balanced,8,prism_sanctuary,虹晶聖域,28,42,6,1,1,31,33,46,68,60,0,8,11,28,27,120,2,2,98,284,0,0,17,0,0,0,76,352,0,0,4110,4839
2,balanced,9,poison_bog,毒霧の沼地,34,48,5,1,1,46,47,54,31,30,1,0,3,14,13,53,2,2,47,103,4,1,7,0,0,0,30,252,0,0,3748,10662
2,balanced,10,machine_city,古代機械都市,39,57,6,1,1,54,55,56,7,5,1,1,4,1,0,14,2,2,10,36,0,0,14,0,0,0,6,0,0,0,8258,27952
2,balanced,11,deep_sea_temple,深海神殿,46,66,6,1,1,56,62,75,69,57,1,11,18,27,26,1190,2,2,98,1450,13,1,59,14,0,0,85,706,0,0,21647,10666
2,balanced,12,demon_gate,魔界門,54,76,7,1,1,75,77,94,64,62,1,1,3,29,28,2836,2,2,95,3079,5,1,205,29,0,0,68,1018,0,0,8261,14296
2,balanced,13,sky_ruins,天空遺跡,68,86,7,1,1,94,96,100,130,122,1,7,14,59,58,8938,2,2,191,9380,8,1,157,57,0,0,204,485,0,0,11072,37969
3,collector,1,meadow,はじまり草原,1,4,2,1,1,1,3,6,12,7,1,4,4,3,2,30,1,0,16,71,5,1,13,0,0,0,10,0,0,0,230,1165
3,collector,2,cave,こだま洞くつ,3,7,2,1,1,6,6,11,8,6,2,0,5,3,2,34,3,2,14,91,4,1,23,0,0,0,14,10,0,0,1243,2722
3,collector,3,brook,しずく湖畔,5,10,3,1,1,11,10,15,21,19,2,0,8,7,6,53,5,5,33,121,5,1,12,0,0,0,35,19,0,0,2503,2248
3,collector,4,volcano,ほむら火山,8,14,4,1,1,15,15,17,7,3,4,0,9,2,1,14,5,5,14,65,3,1,8,0,0,0,20,10,0,0,1188,2549
3,collector,5,tower,星晶の塔,12,20,5,1,1,17,15,22,34,30,2,2,10,10,9,39,5,5,49,154,4,1,8,0,0,0,56,35,0,0,1347,3498
3,collector,6,snowfield,霜降り雪原,16,25,4,1,1,22,24,27,13,11,2,0,8,4,3,178,5,5,22,271,7,1,48,0,0,0,28,71,0,0,1848,3076
3,collector,7,thunder_ruins,雷鳴遺跡,21,31,5,1,1,27,28,32,23,21,2,0,7,7,6,279,5,5,35,373,8,1,61,1,0,0,35,70,0,0,1626,3631
3,collector,8,prism_sanctuary,虹晶聖域,28,42,6,1,1,32,33,55,121,115,2,4,12,38,37,513,5,5,164,884,12,1,60,1,0,0,147,575,0,0,1918,7823
3,collector,9,poison_bog,毒霧の沼地,34,48,5,1,1,55,55,56,5,2,3,0,9,1,0,9,5,5,11,63,2,1,9,0,0,0,17,0,0,0,4130,9338
3,collector,10,machine_city,古代機械都市,39,57,6,1,1,56,54,69,89,84,3,2,11,28,27,255,5,5,122,546,27,1,33,0,0,0,108,744,1,0,4930,13967
3,collector,11,deep_sea_temple,深海神殿,46,66,6,1,1,69,70,81,57,56,1,0,11,18,17,1552,5,5,80,1755,10,1,130,18,0,0,73,678,0,0,7372,18079
3,collector,12,demon_gate,魔界門,54,76,7,1,1,81,76,89,50,44,2,4,14,14,13,1951,5,5,69,2977,25,1,152,22,0,0,82,729,0,0,9542,15268
3,collector,13,sky_ruins,天空遺跡,68,86,7,1,1,89,82,92,41,37,3,1,11,12,11,1261,5,5,58,1450,20,1,111,12,0,0,55,688,0,0,8060,20489
4,rush,1,meadow,はじまり草原,1,4,2,1,1,1,2,6,4,2,2,0,2,3,2,26,0,0,7,38,0,0,9,0,0,0,7,8,0,0,230,706
4,rush,2,cave,こだま洞くつ,3,7,2,1,1,6,7,12,12,12,0,0,0,11,10,77,0,0,23,102,0,0,8,0,0,0,31,34,0,0,706,563
4,rush,3,brook,しずく湖畔,5,10,3,1,1,12,13,14,4,4,0,0,0,2,1,13,0,0,6,22,0,0,7,0,0,0,5,8,0,0,563,1176
4,rush,4,volcano,ほむら火山,8,14,4,1,1,14,15,23,43,43,0,0,0,40,39,202,0,0,83,305,0,0,6,0,0,0,123,87,0,0,1176,953
4,rush,5,tower,星晶の塔,12,20,5,1,0,23,23,0,85,85,0,0,0,80,80,349,0,0,165,590,0,0,6,0,0,0,259,181,0,0,953,0
4,rush,6,snowfield,霜降り雪原,16,25,4,0,0,0,0,0,0,0,0,0,0,0,0,0,0,0,0,0,0,0,0,0,0,0,0,0,0,0,0,0
4,rush,7,thunder_ruins,雷鳴遺跡,21,31,5,0,0,0,0,0,0,0,0,0,0,0,0,0,0,0,0,0,0,0,0,0,0,0,0,0,0,0,0,0
4,rush,8,prism_sanctuary,虹晶聖域,28,42,6,0,0,0,0,0,0,0,0,0,0,0,0,0,0,0,0,0,0,0,0,0,0,0,0,0,0,0,0,0
4,rush,9,poison_bog,毒霧の沼地,34,48,5,0,0,0,0,0,0,0,0,0,0,0,0,0,0,0,0,0,0,0,0,0,0,0,0,0,0,0,0,0
4,rush,10,machine_city,古代機械都市,39,57,6,0,0,0,0,0,0,0,0,0,0,0,0,0,0,0,0,0,0,0,0,0,0,0,0,0,0,0,0,0
4,rush,11,deep_sea_temple,深海神殿,46,66,6,0,0,0,0,0,0,0,0,0,0,0,0,0,0,0,0,0,0,0,0,0,0,0,0,0,0,0,0,0
4,rush,12,demon_gate,魔界門,54,76,7,0,0,0,0,0,0,0,0,0,0,0,0,0,0,0,0,0,0,0,0,0,0,0,0,0,0,0,0,0
4,rush,13,sky_ruins,天空遺跡,68,86,7,0,0,0,0,0,0,0,0,0,0,0,0,0,0,0,0,0,0,0,0,0,0,0,0,0,0,0,0,0
5,balanced,1,meadow,はじまり草原,1,4,2,1,1,1,3,6,11,5,1,5,7,3,2,23,1,0,15,57,3,1,9,0,0,0,11,4,0,0,230,892
5,balanced,2,cave,こだま洞くつ,3,7,2,1,1,7,6,11,6,5,1,0,3,3,2,44,2,0,11,79,2,1,22,0,0,0,5,14,0,0,970,2583
5,balanced,3,brook,しずく湖畔,5,10,3,1,1,11,12,15,7,6,1,0,4,3,2,15,2,2,12,40,1,1,9,0,0,0,9,33,0,0,3091,1783
5,balanced,4,volcano,ほむら火山,8,14,4,1,1,15,12,16,8,7,1,0,3,3,2,17,2,2,13,45,4,1,7,0,0,0,9,30,0,0,1382,2469
5,balanced,5,tower,星晶の塔,12,20,5,1,1,16,17,22,21,20,1,0,3,9,8,47,2,2,32,103,2,1,7,0,0,0,33,72,0,0,1913,1912
5,balanced,6,snowfield,霜降り雪原,16,25,4,1,1,22,23,30,28,27,1,0,3,13,12,84,2,2,43,150,10,1,10,0,0,0,44,125,0,0,1482,2415
5,balanced,7,thunder_ruins,雷鳴遺跡,21,31,5,1,1,30,31,32,5,4,1,0,4,1,0,7,2,2,8,32,1,1,7,0,0,0,8,0,0,0,1871,7746
5,balanced,8,prism_sanctuary,虹晶聖域,28,42,6,1,1,32,36,48,62,61,1,0,3,29,28,149,2,2,93,328,27,1,8,0,0,0,95,425,0,0,5999,4939
5,balanced,9,poison_bog,毒霧の沼地,34,48,5,1,1,48,49,51,9,8,1,0,3,3,2,16,2,2,14,50,0,0,8,0,0,0,14,94,0,0,3826,10581
5,balanced,10,machine_city,古代機械都市,39,57,6,1,1,51,52,56,16,15,1,0,5,6,5,39,2,2,24,95,8,1,8,0,0,0,25,282,0,0,8195,14364
5,balanced,11,deep_sea_temple,深海神殿,46,66,6,1,1,56,57,82,111,108,0,3,11,52,51,306,2,2,165,666,87,1,9,0,0,0,187,1387,0,0,11125,9975
5,balanced,12,demon_gate,魔界門,54,76,7,1,1,82,83,91,29,28,1,0,3,12,11,78,2,2,43,169,6,1,8,0,0,0,46,603,0,0,7725,14263
5,balanced,13,sky_ruins,天空遺跡,68,86,7,1,0,91,92,0,167,166,1,0,3,80,80,552,0,0,247,983,87,1,8,0,0,0,253,757,0,0,11046,0
6,collector,1,meadow,はじまり草原,1,4,2,1,1,1,2,6,12,10,1,1,6,4,3,39,5,5,21,112,5,1,13,0,0,0,19,0,0,0,230,1724
6,collector,2,cave,こだま洞くつ,3,7,2,1,1,6,6,10,8,7,1,0,7,3,2,44,5,5,16,105,3,1,22,0,0,0,24,7,0,0,911,1336
6,collector,3,brook,しずく湖畔,5,10,3,1,1,10,10,13,9,7,2,0,8,3,2,16,5,5,17,63,2,1,7,0,0,0,24,4,0,0,706,1973
6,collector,4,volcano,ほむら火山,8,14,4,1,1,13,12,16,13,9,4,0,5,4,3,21,1,0,18,57,3,1,8,0,0,0,12,20,0,0,1043,2289
6,collector,5,tower,星晶の塔,12,20,5,1,1,16,17,22,23,22,1,0,8,7,6,37,5,5,35,154,4,1,33,0,0,0,40,49,0,0,2546,2612
6,collector,6,snowfield,霜降り雪原,16,25,4,1,1,22,23,30,28,26,2,0,8,9,8,395,5,5,42,478,10,1,53,4,0,0,42,89,0,0,1381,4185
6,collector,7,thunder_ruins,雷鳴遺跡,21,31,5,1,1,30,28,30,8,6,2,0,7,2,1,15,5,5,15,68,0,0,8,0,0,0,21,26,0,0,2210,4979
6,collector,8,prism_sanctuary,虹晶聖域,28,42,6,1,1,30,31,46,72,68,1,3,11,22,21,119,5,5,99,1957,18,1,72,26,0,0,122,338,0,0,2630,5757
6,collector,9,poison_bog,毒霧の沼地,34,48,5,1,1,46,47,48,5,3,2,0,9,1,0,5,5,5,11,52,0,0,7,0,0,0,19,0,0,0,3040,15199
6,collector,10,machine_city,古代機械都市,39,57,6,1,1,48,49,58,40,37,2,1,10,12,11,78,5,5,57,1074,11,1,86,11,0,0,69,357,0,0,8023,8259
6,collector,11,deep_sea_temple,深海神殿,46,66,6,1,1,58,59,78,84,80,1,3,13,26,25,1928,5,5,115,2193,23,1,83,26,0,0,109,926,0,0,4360,16007
6,collector,12,demon_gate,魔界門,54,76,7,1,1,78,80,91,43,40,0,3,15,12,11,2436,5,5,60,2635,18,1,235,12,0,0,61,639,0,0,8449,22671
6,collector,13,sky_ruins,天空遺跡,68,86,7,1,0,91,87,0,31,28,3,0,4,9,8,3444,0,0,40,3533,11,1,400,9,0,1,25,592,0,0,11966,0
7,rush,1,meadow,はじまり草原,1,4,2,1,1,1,2,6,10,3,1,6,8,3,2,20,0,0,13,47,0,0,8,0,0,0,11,7,0,0,230,686
7,rush,2,cave,こだま洞くつ,3,7,2,1,1,6,7,12,17,15,0,2,4,14,13,76,0,0,31,122,0,0,8,0,0,0,32,33,0,0,686,571
7,rush,3,brook,しずく湖畔,5,10,3,1,1,12,13,14,4,3,1,0,1,2,1,13,0,0,6,22,0,0,7,0,0,0,5,8,0,0,571,1340
7,rush,4,volcano,ほむら火山,8,14,4,1,1,14,14,21,32,32,0,0,0,29,28,146,0,0,61,217,0,0,6,0,0,0,90,75,0,0,1340,969
7,rush,5,tower,星晶の塔,12,20,5,1,0,21,22,0,87,85,0,2,0,80,80,363,0,0,167,572,0,0,7,0,0,0,254,185,0,0,969,0
7,rush,6,snowfield,霜降り雪原,16,25,4,0,0,0,0,0,0,0,0,0,0,0,0,0,0,0,0,0,0,0,0,0,0,0,0,0,0,0,0,0
7,rush,7,thunder_ruins,雷鳴遺跡,21,31,5,0,0,0,0,0,0,0,0,0,0,0,0,0,0,0,0,0,0,0,0,0,0,0,0,0,0,0,0,0
7,rush,8,prism_sanctuary,虹晶聖域,28,42,6,0,0,0,0,0,0,0,0,0,0,0,0,0,0,0,0,0,0,0,0,0,0,0,0,0,0,0,0,0
7,rush,9,poison_bog,毒霧の沼地,34,48,5,0,0,0,0,0,0,0,0,0,0,0,0,0,0,0,0,0,0,0,0,0,0,0,0,0,0,0,0,0
7,rush,10,machine_city,古代機械都市,39,57,6,0,0,0,0,0,0,0,0,0,0,0,0,0,0,0,0,0,0,0,0,0,0,0,0,0,0,0,0,0
7,rush,11,deep_sea_temple,深海神殿,46,66,6,0,0,0,0,0,0,0,0,0,0,0,0,0,0,0,0,0,0,0,0,0,0,0,0,0,0,0,0,0
7,rush,12,demon_gate,魔界門,54,76,7,0,0,0,0,0,0,0,0,0,0,0,0,0,0,0,0,0,0,0,0,0,0,0,0,0,0,0,0,0
7,rush,13,sky_ruins,天空遺跡,68,86,7,0,0,0,0,0,0,0,0,0,0,0,0,0,0,0,0,0,0,0,0,0,0,0,0,0,0,0,0,0
8,balanced,1,meadow,はじまり草原,1,4,2,1,1,1,2,7,6,5,1,0,2,3,2,25,1,0,10,48,3,1,11,0,0,0,4,6,0,0,230,873
8,balanced,2,cave,こだま洞くつ,3,7,2,1,1,7,7,11,6,5,1,0,3,3,2,46,2,1,11,96,3,1,25,0,0,0,12,15,0,0,951,2538
8,balanced,3,brook,しずく湖畔,5,10,3,1,1,12,11,13,5,4,1,0,4,2,1,8,2,2,9,32,0,0,7,0,0,0,9,16,0,0,2352,2064
8,balanced,4,volcano,ほむら火山,8,14,4,1,1,13,13,19,18,17,1,0,3,8,7,45,2,1,28,106,9,1,11,0,0,0,29,48,0,0,1599,2434
8,balanced,5,tower,星晶の塔,12,20,5,1,1,19,19,22,13,12,1,0,4,5,4,29,2,2,20,69,1,1,8,0,0,0,19,62,0,0,3599,1809
8,balanced,6,snowfield,霜降り雪原,16,25,4,1,1,22,23,28,16,16,0,0,6,7,6,51,2,2,25,103,7,1,9,0,0,0,27,101,0,0,1401,2425
8,balanced,7,thunder_ruins,雷鳴遺跡,21,31,5,1,1,28,29,33,15,14,1,0,4,6,5,37,2,2,23,81,4,1,8,0,0,0,22,65,0,0,1878,5752
8,balanced,8,prism_sanctuary,虹晶聖域,28,42,6,1,1,33,34,56,118,116,0,2,10,56,55,292,2,2,176,638,36,1,9,0,0,0,195,713,0,0,4455,5008
8,balanced,9,poison_bog,毒霧の沼地,34,48,5,1,1,56,56,57,5,4,1,0,5,1,0,7,2,2,8,37,2,1,8,0,0,0,8,0,0,0,3880,15200
8,balanced,10,machine_city,古代機械都市,39,57,6,1,1,57,57,61,16,15,1,0,4,6,5,33,2,2,24,99,8,1,7,0,0,0,37,332,1,0,11771,14251
8,balanced,11,deep_sea_temple,深海神殿,46,66,6,1,1,61,63,93,161,152,0,9,17,74,73,402,2,2,237,960,106,1,10,0,0,0,325,1844,0,0,11037,9942
8,balanced,12,demon_gate,魔界門,54,76,7,1,1,93,94,100,25,24,1,0,3,10,9,71,2,2,37,154,21,1,8,0,0,0,38,540,0,0,7700,14277
8,balanced,13,sky_ruins,天空遺跡,68,86,7,1,0,100,98,0,167,166,1,0,2,80,80,521,0,0,247,907,55,1,8,0,0,0,251,350,0,0,11057,0
9,collector,1,meadow,はじまり草原,1,4,2,1,1,1,3,6,8,7,1,0,5,3,2,28,4,3,15,87,5,1,12,0,0,0,12,1,0,0,230,1123
9,collector,2,cave,こだま洞くつ,3,7,2,1,1,6,7,10,5,4,1,0,6,2,1,38,5,5,12,105,3,1,21,0,0,0,13,5,0,0,845,3057
9,collector,3,brook,しずく湖畔,5,10,3,1,1,10,10,14,15,13,2,0,8,5,4,41,5,5,25,95,1,1,14,0,0,0,29,11,0,0,1615,1535
9,collector,4,volcano,ほむら火山,8,14,4,1,1,14,11,16,19,14,2,3,11,5,4,79,5,5,29,205,1,1,32,0,0,0,42,13,0,0,812,2616
9,collector,5,tower,星晶の塔,12,20,5,1,1,16,16,24,51,46,1,4,11,15,14,235,5,5,71,464,4,1,84,2,0,0,74,50,0,0,1382,2307
9,collector,6,snowfield,霜降り雪原,16,25,4,1,1,24,25,29,22,19,3,0,8,7,6,477,5,5,34,657,6,1,99,5,0,0,40,87,1,0,1220,4091
9,collector,7,thunder_ruins,雷鳴遺跡,21,31,5,1,1,29,30,33,14,12,2,0,8,4,3,208,5,5,23,273,1,1,105,2,0,0,27,46,0,0,2161,3657
9,collector,8,prism_sanctuary,虹晶聖域,28,42,6,1,1,33,33,59,189,152,1,36,47,50,49,747,5,5,244,2770,10,1,191,22,0,0,293,758,0,0,1932,5601
9,collector,9,poison_bog,毒霧の沼地,34,48,5,1,1,59,57,60,17,13,4,0,9,5,4,144,5,5,27,301,2,1,49,0,0,0,39,145,1,0,2957,8797
9,collector,10,machine_city,古代機械都市,39,57,6,1,1,60,61,63,15,15,0,0,11,4,3,144,5,5,24,404,3,1,55,2,0,0,42,150,0,0,4644,8375
9,collector,11,deep_sea_temple,深海神殿,46,66,6,1,1,63,64,95,171,164,1,6,12,54,53,8966,5,5,230,12755,50,1,317,56,0,0,231,1839,0,0,4422,15949
9,collector,12,demon_gate,魔界門,54,76,7,1,1,95,92,92,12,5,2,5,15,1,0,219,5,5,18,486,1,1,219,2,0,0,40,0,0,0,8419,31655
9,collector,13,sky_ruins,天空遺跡,68,86,7,1,1,92,93,100,122,116,2,4,13,38,37,9041,5,5,165,9747,17,1,249,41,0,0,149,643,0,0,16708,46879
10,rush,1,meadow,はじまり草原,1,4,2,1,1,1,2,6,8,3,1,4,5,3,2,23,0,0,11,43,0,0,10,0,0,0,10,6,0,0,230,760
10,rush,2,cave,こだま洞くつ,3,7,2,1,1,6,6,10,5,4,1,0,2,4,3,36,0,0,9,51,0,0,10,0,0,0,10,16,0,0,760,1393
10,rush,3,brook,しずく湖畔,5,10,3,1,1,10,11,14,5,5,0,0,0,3,2,18,0,0,8,27,0,0,8,0,0,0,8,26,0,0,1393,1139
10,rush,4,volcano,ほむら火山,8,14,4,1,1,14,14,19,22,22,0,0,0,19,18,110,0,0,41,164,0,0,8,0,0,0,56,39,0,0,1139,2149
10,rush,5,tower,星晶の塔,12,20,5,1,0,19,20,0,85,85,0,0,0,80,80,387,0,0,165,600,0,0,7,0,0,0,243,208,0,0,2149,0
10,rush,6,snowfield,霜降り雪原,16,25,4,0,0,0,0,0,0,0,0,0,0,0,0,0,0,0,0,0,0,0,0,0,0,0,0,0,0,0,0,0
10,rush,7,thunder_ruins,雷鳴遺跡,21,31,5,0,0,0,0,0,0,0,0,0,0,0,0,0,0,0,0,0,0,0,0,0,0,0,0,0,0,0,0,0
10,rush,8,prism_sanctuary,虹晶聖域,28,42,6,0,0,0,0,0,0,0,0,0,0,0,0,0,0,0,0,0,0,0,0,0,0,0,0,0,0,0,0,0
10,rush,9,poison_bog,毒霧の沼地,34,48,5,0,0,0,0,0,0,0,0,0,0,0,0,0,0,0,0,0,0,0,0,0,0,0,0,0,0,0,0,0
10,rush,10,machine_city,古代機械都市,39,57,6,0,0,0,0,0,0,0,0,0,0,0,0,0,0,0,0,0,0,0,0,0,0,0,0,0,0,0,0,0
10,rush,11,deep_sea_temple,深海神殿,46,66,6,0,0,0,0,0,0,0,0,0,0,0,0,0,0,0,0,0,0,0,0,0,0,0,0,0,0,0,0,0
10,rush,12,demon_gate,魔界門,54,76,7,0,0,0,0,0,0,0,0,0,0,0,0,0,0,0,0,0,0,0,0,0,0,0,0,0,0,0,0,0
10,rush,13,sky_ruins,天空遺跡,68,86,7,0,0,0,0,0,0,0,0,0,0,0,0,0,0,0,0,0,0,0,0,0,0,0,0,0,0,0,0,0
11,balanced,1,meadow,はじまり草原,1,4,2,1,1,1,2,7,7,5,1,1,3,3,2,25,1,0,11,51,3,1,12,0,0,0,7,5,0,0,230,916
11,balanced,2,cave,こだま洞くつ,3,7,2,1,1,7,6,10,6,5,1,0,2,3,2,32,1,0,10,61,1,1,15,0,0,0,5,11,0,0,994,2694
11,balanced,3,brook,しずく湖畔,5,10,3,1,1,11,11,13,5,4,1,0,3,2,1,13,2,2,9,34,2,1,7,0,0,0,7,11,0,0,2828,3207
11,balanced,4,volcano,ほむら火山,8,14,4,1,1,13,13,19,20,19,1,0,6,9,8,48,2,2,31,106,5,1,8,0,0,0,34,68,0,0,2485,1521
11,balanced,5,tower,星晶の塔,12,20,5,1,1,19,20,27,33,32,1,0,3,15,14,77,2,2,50,178,13,1,9,0,0,0,55,83,0,0,1179,3030
11,balanced,6,snowfield,霜降り雪原,16,25,4,1,1,27,25,32,32,31,1,0,4,15,14,154,2,2,49,256,9,1,22,0,0,0,51,132,0,0,2347,2434
11,balanced,7,thunder_ruins,雷鳴遺跡,21,31,5,1,1,32,33,38,30,29,0,1,6,13,12,204,2,2,45,301,5,1,32,0,0,0,52,120,0,0,1885,3065
11,balanced,8,prism_sanctuary,虹晶聖域,28,42,6,1,1,38,39,56,105,99,1,5,11,48,47,299,2,2,155,825,4,1,33,0,0,0,183,587,0,0,2375,7180
11,balanced,9,poison_bog,毒霧の沼地,34,48,5,1,1,56,56,57,5,4,1,0,3,1,0,11,2,2,8,34,0,0,11,0,0,0,7,0,0,0,5561,12726
11,balanced,10,machine_city,古代機械都市,39,57,6,1,1,57,58,74,94,93,1,0,4,45,44,365,2,2,141,651,11,1,26,0,0,0,141,1026,0,0,9856,12149
11,balanced,11,deep_sea_temple,深海神殿,46,66,6,1,1,74,73,89,82,79,1,2,6,38,37,1821,2,2,122,2156,26,1,64,30,0,0,132,1031,0,0,9409,18178
11,balanced,12,demon_gate,魔界門,54,76,7,1,0,89,90,0,168,166,1,1,6,80,80,9146,0,0,248,10086,119,1,131,85,0,0,293,793,0,0,14078,0
11,balanced,13,sky_ruins,天空遺跡,68,86,7,0,0,0,0,0,0,0,0,0,0,0,0,0,0,0,0,0,0,0,0,0,0,0,0,0,0,0,0,0
12,collector,1,meadow,はじまり草原,1,4,2,1,1,1,3,6,8,7,1,0,6,3,2,25,5,5,16,85,3,1,10,0,0,0,15,0,0,0,230,1149
12,collector,2,cave,こだま洞くつ,3,7,2,1,1,6,6,12,17,17,0,0,7,6,5,105,5,5,28,207,6,1,24,0,0,0,22,15,0,0,609,1094
12,collector,3,brook,しずく湖畔,5,10,3,1,1,12,12,16,18,15,3,0,8,6,5,89,5,5,29,153,3,1,25,0,0,0,32,13,0,0,580,1973
12,collector,4,volcano,ほむら火山,8,14,4,1,1,16,13,17,16,13,3,0,8,5,4,29,5,5,26,159,6,1,24,0,0,0,32,23,0,0,1043,1619
12,collector,5,tower,星晶の塔,12,20,5,1,1,17,17,22,30,28,1,1,10,9,8,41,5,5,44,149,3,1,7,0,0,0,49,28,0,0,856,2329
12,collector,6,snowfield,霜降り雪原,16,25,4,1,1,22,23,30,34,32,2,0,7,11,10,68,5,5,50,169,5,1,9,0,0,0,48,108,0,0,1231,2917
12,collector,7,thunder_ruins,雷鳴遺跡,21,31,5,1,1,30,30,35,23,21,2,0,9,7,6,40,5,5,35,113,5,1,7,0,0,0,35,64,0,0,1540,5416
12,collector,8,prism_sanctuary,虹晶聖域,28,42,6,1,1,35,36,58,136,131,1,4,12,43,42,193,5,5,184,727,33,1,34,0,0,0,190,653,0,0,2860,5599
12,collector,9,poison_bog,毒霧の沼地,34,48,5,1,1,58,58,59,5,2,3,0,10,1,0,7,5,5,11,52,0,0,7,0,0,0,17,0,0,0,2956,12527
12,collector,10,machine_city,古代機械都市,39,57,6,1,1,59,55,61,30,27,3,0,9,9,8,50,5,5,44,154,11,1,7,0,0,0,43,267,0,0,6613,10250
12,collector,11,deep_sea_temple,深海神殿,46,66,6,1,1,61,60,82,103,100,2,1,10,33,32,275,5,5,141,825,37,1,103,1,0,0,126,1144,0,0,5411,11414
12,collector,12,demon_gate,魔界門,54,76,7,1,1,82,84,88,26,20,2,4,11,6,5,48,5,5,37,1057,3,1,121,10,0,0,56,313,0,0,6026,20601
12,collector,13,sky_ruins,天空遺跡,68,86,7,1,1,88,81,98,66,61,3,2,11,20,19,4329,5,5,91,4546,15,1,321,20,0,0,86,1170,0,0,10874,27650
13,rush,1,meadow,はじまり草原,1,4,2,1,1,1,2,7,17,5,1,11,8,5,4,38,0,0,22,84,0,0,11,0,0,0,20,8,0,0,230,567
13,rush,2,cave,こだま洞くつ,3,7,2,1,1,7,7,10,5,4,1,0,1,4,3,24,0,0,9,38,0,0,7,0,0,0,12,13,0,0,567,696
13,rush,3,brook,しずく湖畔,5,10,3,1,1,10,11,13,4,4,0,0,0,2,1,12,0,0,6,20,0,0,7,0,0,0,4,22,0,0,696,1360
13,rush,4,volcano,ほむら火山,8,14,4,1,1,13,14,19,19,19,0,0,0,16,15,91,0,0,35,136,0,0,7,0,0,0,48,51,0,0,1360,950
13,rush,5,tower,星晶の塔,12,20,5,1,1,19,20,26,38,35,0,3,0,31,30,136,0,0,69,244,0,0,7,0,0,0,106,97,0,0,950,1891
13,rush,6,snowfield,霜降り雪原,16,25,4,1,0,26,28,0,84,84,0,0,0,80,80,392,0,0,164,579,0,0,7,0,0,0,242,294,0,0,1891,0
13,rush,7,thunder_ruins,雷鳴遺跡,21,31,5,0,0,0,0,0,0,0,0,0,0,0,0,0,0,0,0,0,0,0,0,0,0,0,0,0,0,0,0,0
13,rush,8,prism_sanctuary,虹晶聖域,28,42,6,0,0,0,0,0,0,0,0,0,0,0,0,0,0,0,0,0,0,0,0,0,0,0,0,0,0,0,0,0
13,rush,9,poison_bog,毒霧の沼地,34,48,5,0,0,0,0,0,0,0,0,0,0,0,0,0,0,0,0,0,0,0,0,0,0,0,0,0,0,0,0,0
13,rush,10,machine_city,古代機械都市,39,57,6,0,0,0,0,0,0,0,0,0,0,0,0,0,0,0,0,0,0,0,0,0,0,0,0,0,0,0,0,0
13,rush,11,deep_sea_temple,深海神殿,46,66,6,0,0,0,0,0,0,0,0,0,0,0,0,0,0,0,0,0,0,0,0,0,0,0,0,0,0,0,0,0
13,rush,12,demon_gate,魔界門,54,76,7,0,0,0,0,0,0,0,0,0,0,0,0,0,0,0,0,0,0,0,0,0,0,0,0,0,0,0,0,0
13,rush,13,sky_ruins,天空遺跡,68,86,7,0,0,0,0,0,0,0,0,0,0,0,0,0,0,0,0,0,0,0,0,0,0,0,0,0,0,0,0,0
14,balanced,1,meadow,はじまり草原,1,4,2,1,1,1,2,6,9,4,2,3,6,3,2,35,1,0,13,61,7,1,13,0,0,0,12,4,0,0,230,911
14,balanced,2,cave,こだま洞くつ,3,7,2,1,1,6,7,10,4,4,0,0,2,2,1,41,2,2,8,81,2,1,22,0,0,0,7,9,0,0,1169,2455
14,balanced,3,brook,しずく湖畔,5,10,3,1,1,10,11,12,3,2,1,0,3,1,0,12,2,2,6,30,0,0,12,0,0,0,5,0,0,0,1902,3081
14,balanced,4,volcano,ほむら火山,8,14,4,1,1,12,10,18,26,25,1,0,5,12,11,72,2,2,40,144,3,1,12,0,0,0,28,65,0,0,2387,1523
14,balanced,5,tower,星晶の塔,12,20,5,1,1,18,18,25,34,32,1,1,7,15,14,86,2,2,51,171,1,1,12,0,0,0,50,77,0,0,1181,2735
14,balanced,6,snowfield,霜降り雪原,16,25,4,1,1,25,26,27,4,3,1,0,4,1,0,11,2,2,7,39,0,0,11,0,0,0,6,0,0,0,2119,5841
14,balanced,7,thunder_ruins,雷鳴遺跡,21,31,5,1,1,27,28,33,17,16,1,0,5,7,6,112,2,2,26,158,0,0,83,1,0,0,28,133,0,0,4525,3608
14,balanced,8,prism_sanctuary,虹晶聖域,28,42,6,1,1,33,32,47,146,73,1,72,79,35,34,209,2,2,183,971,6,1,54,1,0,0,337,375,0,0,2795,5019
14,balanced,9,poison_bog,毒霧の沼地,34,48,5,1,1,47,48,49,5,4,1,0,3,1,0,11,2,2,8,36,0,0,11,0,0,0,8,0,0,0,3887,13803
14,balanced,10,machine_city,古代機械都市,39,57,6,1,1,49,50,63,67,61,1,5,13,29,28,215,2,2,98,395,14,1,18,0,0,0,113,653,0,0,10690,7999
14,balanced,11,deep_sea_temple,深海神殿,46,66,6,1,1,63,64,80,78,75,1,2,6,36,35,1118,2,2,116,1329,7,1,247,8,0,0,125,931,0,0,6196,15678
14,balanced,12,demon_gate,魔界門,54,76,7,1,1,80,82,100,87,84,1,2,6,40,39,11302,2,2,129,12298,33,1,311,45,0,0,143,1160,0,0,12142,30751
14,balanced,13,sky_ruins,天空遺跡,68,86,7,1,0,100,100,0,169,166,1,2,4,80,80,20160,0,0,249,20637,0,0,252,80,0,0,250,0,0,0,23814,0
15,collector,1,meadow,はじまり草原,1,4,2,1,1,1,3,6,8,7,1,0,5,3,2,28,3,1,14,76,4,1,11,0,0,0,9,1,0,0,230,1133
15,collector,2,cave,こだま洞くつ,3,7,2,1,1,8,8,11,8,6,2,0,3,3,2,42,1,0,12,66,6,1,17,0,0,0,9,8,0,0,2474,2579
15,collector,3,brook,しずく湖畔,5,10,3,1,1,11,9,10,3,1,2,0,7,1,0,9,5,5,9,40,3,1,9,0,0,0,17,0,0,0,2973,3626
15,collector,4,volcano,ほむら火山,8,14,4,1,1,10,10,17,19,17,2,0,8,6,5,47,5,5,30,163,3,1,13,0,0,0,36,34,0,0,1915,3390
15,collector,5,tower,星晶の塔,12,20,5,1,1,17,17,23,33,31,1,1,10,10,9,48,5,5,48,292,5,1,16,0,0,0,62,49,0,0,1790,2331
15,collector,6,snowfield,霜降り雪原,16,25,4,1,1,23,22,27,22,19,3,0,8,7,6,172,5,5,34,300,4,1,32,0,0,0,37,72,0,0,1232,3410
15,collector,7,thunder_ruins,雷鳴遺跡,21,31,5,1,1,27,27,35,35,33,2,0,8,11,10,204,5,5,51,307,2,1,40,0,0,0,47,111,0,0,1801,5885
15,collector,8,prism_sanctuary,虹晶聖域,28,42,6,1,1,35,36,61,158,156,0,2,10,51,50,461,5,5,214,1175,16,1,24,0,0,0,178,811,0,0,3108,5581
15,collector,9,poison_bog,毒霧の沼地,34,48,5,1,1,61,61,63,8,3,5,0,10,2,1,33,5,5,15,100,2,1,18,0,0,0,23,82,1,0,2948,11269
15,collector,10,machine_city,古代機械都市,39,57,6,1,1,63,63,66,18,15,3,0,8,5,4,140,5,5,28,247,7,1,64,1,0,0,40,167,0,0,5948,15231
15,collector,11,deep_sea_temple,深海神殿,46,66,6,1,1,66,53,94,202,190,2,10,14,63,62,6377,5,5,270,8514,56,1,301,45,0,0,289,2166,0,0,8040,11099
15,collector,12,demon_gate,魔界門,54,76,7,1,1,94,93,93,9,5,2,2,9,1,0,222,5,5,15,440,1,1,222,2,0,0,27,0,0,0,5860,25038
15,collector,13,sky_ruins,天空遺跡,68,86,7,1,1,93,94,100,105,94,3,8,18,31,30,7150,5,5,141,10695,42,1,241,67,0,0,170,475,0,0,13215,45889
16,rush,1,meadow,はじまり草原,1,4,2,1,1,1,3,6,5,1,2,2,4,2,1,14,0,0,7,29,0,0,8,0,0,0,7,5,0,0,230,761
16,rush,2,cave,こだま洞くつ,3,7,2,1,1,6,7,10,5,5,0,0,0,4,3,27,0,0,9,40,0,0,8,0,0,0,12,19,0,0,761,518
16,rush,3,brook,しずく湖畔,5,10,3,1,1,10,11,12,3,3,0,0,0,1,0,6,0,0,4,11,0,0,6,0,0,0,2,0,0,0,518,2506
16,rush,4,volcano,ほむら火山,8,14,4,1,1,12,13,21,33,33,0,0,0,30,29,140,0,0,63,228,0,0,6,0,0,0,92,88,0,0,2506,980
16,rush,5,tower,星晶の塔,12,20,5,1,1,21,21,32,79,79,0,0,0,75,74,317,0,0,154,496,0,0,6,0,0,0,244,183,0,0,980,1507
16,rush,6,snowfield,霜降り雪原,16,25,4,1,1,32,32,41,63,63,0,0,0,60,59,316,0,0,123,437,0,0,7,0,0,0,180,226,0,0,1507,2077
16,rush,7,thunder_ruins,雷鳴遺跡,21,31,5,1,0,41,41,0,85,85,0,0,0,80,80,379,0,0,165,582,0,0,6,0,0,0,246,352,0,0,2077,0
16,rush,8,prism_sanctuary,虹晶聖域,28,42,6,0,0,0,0,0,0,0,0,0,0,0,0,0,0,0,0,0,0,0,0,0,0,0,0,0,0,0,0,0
16,rush,9,poison_bog,毒霧の沼地,34,48,5,0,0,0,0,0,0,0,0,0,0,0,0,0,0,0,0,0,0,0,0,0,0,0,0,0,0,0,0,0
16,rush,10,machine_city,古代機械都市,39,57,6,0,0,0,0,0,0,0,0,0,0,0,0,0,0,0,0,0,0,0,0,0,0,0,0,0,0,0,0,0
16,rush,11,deep_sea_temple,深海神殿,46,66,6,0,0,0,0,0,0,0,0,0,0,0,0,0,0,0,0,0,0,0,0,0,0,0,0,0,0,0,0,0
16,rush,12,demon_gate,魔界門,54,76,7,0,0,0,0,0,0,0,0,0,0,0,0,0,0,0,0,0,0,0,0,0,0,0,0,0,0,0,0,0
16,rush,13,sky_ruins,天空遺跡,68,86,7,0,0,0,0,0,0,0,0,0,0,0,0,0,0,0,0,0,0,0,0,0,0,0,0,0,0,0,0,0
17,balanced,1,meadow,はじまり草原,1,4,2,1,1,1,2,6,6,5,1,0,3,3,2,24,2,0,11,64,2,1,13,0,0,0,7,6,0,0,230,861
17,balanced,2,cave,こだま洞くつ,3,7,2,1,1,8,8,10,4,3,1,0,3,2,1,15,2,2,8,41,1,1,9,0,0,0,10,7,0,0,1637,2330
17,balanced,3,brook,しずく湖畔,5,10,3,1,1,10,11,14,7,6,1,0,3,3,2,16,2,2,12,43,1,1,9,0,0,0,13,29,0,0,1805,1333
17,balanced,4,volcano,ほむら火山,8,14,4,1,1,14,14,18,18,17,1,0,5,8,7,52,2,2,28,103,7,1,10,0,0,0,30,27,0,0,1034,2439
17,balanced,5,tower,星晶の塔,12,20,5,1,1,18,18,24,29,28,1,0,3,13,12,103,2,2,44,181,7,1,20,0,0,0,45,81,0,0,1890,3337
17,balanced,6,snowfield,霜降り雪原,16,25,4,1,1,24,25,31,24,23,1,0,5,11,10,103,2,2,37,165,6,1,14,0,0,0,38,128,0,0,2585,2396
17,balanced,7,thunder_ruins,雷鳴遺跡,21,31,5,1,1,31,32,36,23,22,1,0,3,10,9,132,2,2,35,193,7,1,29,0,0,0,35,103,0,0,1856,3105
17,balanced,8,prism_sanctuary,虹晶聖域,28,42,6,1,1,36,37,56,115,109,1,5,10,53,52,330,2,2,170,761,5,1,22,0,0,0,199,627,0,0,2406,6998
17,balanced,9,poison_bog,毒霧の沼地,34,48,5,1,1,56,57,57,5,4,1,0,3,1,0,7,2,2,8,32,1,1,7,0,0,0,8,0,0,0,5420,12000
17,balanced,10,machine_city,古代機械都市,39,57,6,1,1,57,58,73,87,85,1,1,4,41,40,341,2,2,130,592,18,1,28,0,0,0,134,916,0,0,9293,12926
17,balanced,11,deep_sea_temple,深海神殿,46,66,6,1,1,73,72,87,79,75,1,3,6,36,35,1433,2,2,117,1779,13,1,61,23,0,0,127,976,0,0,10010,16866
17,balanced,12,demon_gate,魔界門,54,76,7,1,1,87,86,88,10,8,1,1,8,2,1,127,2,2,14,185,3,1,64,2,0,0,22,250,0,0,13062,20458
17,balanced,13,sky_ruins,天空遺跡,68,86,7,1,1,88,81,83,9,8,1,0,5,2,1,14,2,2,13,56,2,1,7,0,0,0,14,303,0,0,15844,21473
18,collector,1,meadow,はじまり草原,1,4,2,1,1,1,3,5,7,3,2,2,4,2,1,21,1,0,10,46,3,1,12,0,0,0,8,0,0,0,230,1220
18,collector,2,cave,こだま洞くつ,3,7,2,1,1,7,7,11,11,9,2,0,4,4,3,72,2,1,17,124,6,1,21,0,0,0,16,16,0,0,1718,2439
18,collector,3,brook,しずく湖畔,5,10,3,1,1,11,11,14,12,10,2,0,7,4,3,26,5,4,21,78,0,0,11,0,0,0,25,19,0,0,2281,1322
18,collector,4,volcano,ほむら火山,8,14,4,1,1,10,11,17,19,17,2,0,7,6,5,54,5,5,30,206,8,1,24,0,0,0,33,36,0,0,1001,2804
18,collector,5,tower,星晶の塔,12,20,5,1,1,17,15,22,40,35,3,2,10,12,11,161,5,5,57,307,0,0,62,1,0,0,58,50,0,0,1482,2292
18,collector,6,snowfield,霜降り雪原,16,25,4,1,1,22,23,30,32,30,1,1,8,10,9,873,5,5,47,961,9,1,98,10,0,0,50,99,0,0,1210,2933
18,collector,7,thunder_ruins,雷鳴遺跡,21,31,5,1,1,30,31,34,14,12,2,0,7,4,3,312,5,5,23,363,0,0,101,3,0,0,26,36,0,0,1550,5813
18,collector,8,prism_sanctuary,虹晶聖域,28,42,6,1,1,34,33,48,80,75,3,2,10,25,24,162,5,5,110,1670,11,1,101,19,0,0,109,397,0,0,3070,5685
18,collector,9,poison_bog,毒霧の沼地,34,48,5,1,1,48,49,58,64,60,4,0,10,15,14,109,5,5,84,320,7,1,18,0,0,0,72,338,1,17,3001,12206
18,collector,10,machine_city,古代機械都市,39,57,6,1,1,58,39,66,57,54,3,0,9,18,17,111,5,5,80,278,9,1,14,0,0,0,56,557,1,0,6443,16158
18,collector,11,deep_sea_temple,深海神殿,46,66,6,1,1,66,67,85,101,97,2,2,10,32,31,3195,5,5,138,6536,32,1,196,43,0,0,130,1236,0,0,8529,11167
18,collector,12,demon_gate,魔界門,54,76,7,1,1,85,86,89,34,25,3,6,14,8,7,1564,5,5,47,5103,27,1,207,32,0,0,74,341,0,0,5895,15741
18,collector,13,sky_ruins,天空遺跡,68,86,7,1,1,89,90,100,92,89,2,1,8,29,28,7779,5,5,126,8167,27,1,337,30,0,0,106,846,0,0,8309,44241
19,rush,1,meadow,はじまり草原,1,4,2,1,1,1,3,7,9,6,0,3,2,5,4,19,0,0,14,46,0,0,6,0,0,0,7,6,0,0,230,751
19,rush,2,cave,こだま洞くつ,3,7,2,1,1,7,7,11,9,6,2,1,3,7,6,57,0,0,16,79,0,0,10,0,0,0,21,17,0,0,751,1697
19,rush,3,brook,しずく湖畔,5,10,3,1,1,11,11,14,8,8,0,0,0,6,5,35,0,0,14,52,0,0,7,0,0,0,17,27,0,0,1697,1351
19,rush,4,volcano,ほむら火山,8,14,4,1,1,14,15,20,16,16,0,0,0,13,12,79,0,0,29,109,0,0,7,0,0,0,39,57,0,0,1351,1238
19,rush,5,tower,星晶の塔,12,20,5,1,1,20,20,30,64,64,0,0,0,60,59,283,0,0,124,437,0,0,7,0,0,0,186,145,0,0,1238,1554
19,rush,6,snowfield,霜降り雪原,16,25,4,1,0,30,31,0,84,84,0,0,0,80,80,409,0,0,164,594,0,0,8,0,0,0,246,292,0,0,1554,0
19,rush,7,thunder_ruins,雷鳴遺跡,21,31,5,0,0,0,0,0,0,0,0,0,0,0,0,0,0,0,0,0,0,0,0,0,0,0,0,0,0,0,0,0
19,rush,8,prism_sanctuary,虹晶聖域,28,42,6,0,0,0,0,0,0,0,0,0,0,0,0,0,0,0,0,0,0,0,0,0,0,0,0,0,0,0,0,0
19,rush,9,poison_bog,毒霧の沼地,34,48,5,0,0,0,0,0,0,0,0,0,0,0,0,0,0,0,0,0,0,0,0,0,0,0,0,0,0,0,0,0
19,rush,10,machine_city,古代機械都市,39,57,6,0,0,0,0,0,0,0,0,0,0,0,0,0,0,0,0,0,0,0,0,0,0,0,0,0,0,0,0,0
19,rush,11,deep_sea_temple,深海神殿,46,66,6,0,0,0,0,0,0,0,0,0,0,0,0,0,0,0,0,0,0,0,0,0,0,0,0,0,0,0,0,0
19,rush,12,demon_gate,魔界門,54,76,7,0,0,0,0,0,0,0,0,0,0,0,0,0,0,0,0,0,0,0,0,0,0,0,0,0,0,0,0,0
19,rush,13,sky_ruins,天空遺跡,68,86,7,0,0,0,0,0,0,0,0,0,0,0,0,0,0,0,0,0,0,0,0,0,0,0,0,0,0,0,0,0
20,balanced,1,meadow,はじまり草原,1,4,2,1,1,1,2,7,6,5,1,0,2,3,2,26,1,0,10,46,2,1,11,0,0,0,5,6,0,0,230,875
20,balanced,2,cave,こだま洞くつ,3,7,2,1,1,7,7,13,14,13,1,0,3,7,6,83,2,1,23,131,7,1,20,0,0,0,24,33,0,0,953,1177
20,balanced,3,brook,しずく湖畔,5,10,3,1,1,12,12,15,7,6,1,0,2,3,2,13,1,0,11,27,0,0,6,0,0,0,5,27,0,0,1410,954
20,balanced,4,volcano,ほむら火山,8,14,4,1,1,15,10,13,4,3,1,0,3,1,0,4,2,2,7,22,0,0,5,0,0,0,4,0,0,0,1161,3643
20,balanced,5,tower,星晶の塔,12,20,5,1,1,13,16,26,43,42,1,0,3,20,19,89,2,2,65,172,2,1,7,0,0,0,64,141,0,0,2822,1852
20,balanced,6,snowfield,霜降り雪原,16,25,4,1,1,26,26,29,18,17,1,0,3,8,7,96,2,2,28,134,5,1,27,0,0,0,28,56,0,0,1435,2847
20,balanced,7,thunder_ruins,雷鳴遺跡,21,31,5,1,1,29,31,37,29,28,1,0,6,13,12,70,2,2,44,147,4,1,8,0,0,0,49,159,0,0,2206,5286
20,balanced,8,prism_sanctuary,虹晶聖域,28,42,6,1,1,37,36,59,146,141,1,4,7,69,68,412,2,2,217,929,20,1,31,0,0,0,245,845,0,0,4094,4923
20,balanced,9,poison_bog,毒霧の沼地,34,48,5,1,1,59,59,60,7,6,1,0,3,2,1,22,2,2,11,52,0,0,15,0,0,0,12,81,0,0,3814,10703
20,balanced,10,machine_city,古代機械都市,39,57,6,1,1,60,61,68,34,33,1,0,3,15,14,162,2,2,51,247,7,1,20,0,0,0,50,439,0,0,8289,14180
20,balanced,11,deep_sea_temple,深海神殿,46,66,6,1,1,68,69,92,124,123,1,0,4,60,59,3136,2,2,186,3414,10,1,92,41,0,0,191,1655,0,0,10982,10188
20,balanced,12,demon_gate,魔界門,54,76,7,1,1,92,93,100,84,78,1,5,9,37,36,6779,2,2,123,7078,30,1,217,36,0,0,141,547,0,0,7891,28978
20,balanced,13,sky_ruins,天空遺跡,68,86,7,1,1,100,100,100,141,140,1,0,3,68,67,21285,2,2,211,21671,67,1,356,67,0,0,209,0,0,0,22441,38538
21,collector,1,meadow,はじまり草原,1,4,2,1,1,1,2,6,8,7,1,0,2,3,2,25,1,0,12,55,3,1,13,0,0,0,6,1,0,0,230,1119
21,collector,2,cave,こだま洞くつ,3,7,2,1,1,6,6,10,8,8,0,0,1,3,2,54,1,0,12,85,2,1,22,0,0,0,5,6,0,0,1197,2771
21,collector,3,brook,しずく湖畔,5,10,3,1,1,11,7,12,18,16,2,0,8,6,5,34,5,5,29,91,2,1,8,0,0,0,21,21,0,0,3085,1634
21,collector,4,volcano,ほむら火山,8,14,4,1,1,12,13,14,4,2,2,0,9,1,0,4,5,5,10,50,0,0,7,0,0,0,16,0,0,0,865,3456
21,collector,5,tower,星晶の塔,12,20,5,1,1,14,13,20,26,24,2,0,8,8,7,51,5,5,39,153,6,1,10,0,0,0,40,35,0,0,1826,3879
21,collector,6,snowfield,霜降り雪原,16,25,4,1,1,20,23,25,7,6,1,0,8,2,1,86,5,5,14,176,2,1,44,0,0,0,24,14,0,0,2049,6635
21,collector,7,thunder_ruins,雷鳴遺跡,21,31,5,1,1,25,25,30,20,17,3,0,10,6,5,95,5,5,31,274,4,1,32,0,0,0,41,74,1,0,3504,4122
21,collector,8,prism_sanctuary,虹晶聖域,28,42,6,1,1,30,32,53,111,107,1,3,14,35,34,268,5,5,151,1732,31,1,46,0,0,0,194,546,0,0,2177,7723
21,collector,9,poison_bog,毒霧の沼地,34,48,5,1,1,53,53,55,8,4,4,0,10,2,1,16,5,5,15,80,1,1,12,0,0,0,20,52,0,0,4078,6729
21,collector,10,machine_city,古代機械都市,39,57,6,1,1,55,55,59,15,13,2,0,11,4,3,40,5,5,24,115,1,1,15,0,0,0,26,164,0,0,3553,12820
21,collector,11,deep_sea_temple,深海神殿,46,66,6,1,1,59,53,82,149,130,2,17,26,43,42,4596,5,5,197,6956,28,1,332,39,0,0,218,1435,0,0,6768,18083
21,collector,12,demon_gate,魔界門,54,76,7,1,1,82,84,95,51,45,1,5,13,14,13,4944,5,5,70,10031,29,1,373,45,0,0,100,748,0,0,9545,16616
21,collector,13,sky_ruins,天空遺跡,68,86,7,1,0,95,96,0,33,29,2,2,4,9,8,3532,0,0,42,4218,1,1,400,14,0,1,36,399,0,0,8771,0
22,rush,1,meadow,はじまり草原,1,4,2,1,1,1,3,7,4,3,1,0,1,3,2,21,0,0,7,32,0,0,8,0,0,0,5,9,0,0,230,673
22,rush,2,cave,こだま洞くつ,3,7,2,1,1,7,7,12,18,16,1,1,3,16,15,120,0,0,34,164,0,0,9,0,0,0,50,24,0,0,673,1226
22,rush,3,brook,しずく湖畔,5,10,3,1,1,12,13,15,8,8,0,0,0,6,5,35,0,0,14,48,0,0,8,0,0,0,17,24,0,0,1226,1138
22,rush,4,volcano,ほむら火山,8,14,4,1,1,15,15,24,52,52,0,0,0,49,48,246,0,0,101,396,0,0,6,0,0,0,158,97,0,0,1138,979
22,rush,5,tower,星晶の塔,12,20,5,1,0,24,24,0,85,85,0,0,0,80,80,339,0,0,165,555,0,0,7,0,0,0,259,182,0,0,979,0
22,rush,6,snowfield,霜降り雪原,16,25,4,0,0,0,0,0,0,0,0,0,0,0,0,0,0,0,0,0,0,0,0,0,0,0,0,0,0,0,0,0
22,rush,7,thunder_ruins,雷鳴遺跡,21,31,5,0,0,0,0,0,0,0,0,0,0,0,0,0,0,0,0,0,0,0,0,0,0,0,0,0,0,0,0,0
22,rush,8,prism_sanctuary,虹晶聖域,28,42,6,0,0,0,0,0,0,0,0,0,0,0,0,0,0,0,0,0,0,0,0,0,0,0,0,0,0,0,0,0
22,rush,9,poison_bog,毒霧の沼地,34,48,5,0,0,0,0,0,0,0,0,0,0,0,0,0,0,0,0,0,0,0,0,0,0,0,0,0,0,0,0,0
22,rush,10,machine_city,古代機械都市,39,57,6,0,0,0,0,0,0,0,0,0,0,0,0,0,0,0,0,0,0,0,0,0,0,0,0,0,0,0,0,0
22,rush,11,deep_sea_temple,深海神殿,46,66,6,0,0,0,0,0,0,0,0,0,0,0,0,0,0,0,0,0,0,0,0,0,0,0,0,0,0,0,0,0
22,rush,12,demon_gate,魔界門,54,76,7,0,0,0,0,0,0,0,0,0,0,0,0,0,0,0,0,0,0,0,0,0,0,0,0,0,0,0,0,0
22,rush,13,sky_ruins,天空遺跡,68,86,7,0,0,0,0,0,0,0,0,0,0,0,0,0,0,0,0,0,0,0,0,0,0,0,0,0,0,0,0,0
23,balanced,1,meadow,はじまり草原,1,4,2,1,1,1,3,6,4,2,2,0,4,2,1,26,2,0,8,57,4,1,13,0,0,0,6,3,0,0,230,1066
23,balanced,2,cave,こだま洞くつ,3,7,2,1,1,7,7,11,6,5,1,0,3,3,2,28,2,0,11,72,0,0,19,0,0,0,12,19,0,0,2342,1928
23,balanced,3,brook,しずく湖畔,5,10,3,1,1,9,12,16,7,7,0,0,4,3,2,20,2,2,12,46,1,1,9,0,0,0,13,26,0,0,2496,2708
23,balanced,4,volcano,ほむら火山,8,14,4,1,1,16,16,21,18,17,1,0,3,8,7,47,2,2,28,102,6,1,8,0,0,0,31,72,0,0,2098,1172
23,balanced,5,tower,星晶の塔,12,20,5,1,1,21,20,23,17,16,1,0,3,7,6,46,2,2,26,95,1,1,12,0,0,0,24,34,0,0,909,1831
23,balanced,6,snowfield,霜降り雪原,16,25,4,1,1,23,23,27,11,9,1,1,6,4,3,22,2,2,17,65,0,0,11,0,0,0,22,75,0,0,1419,4708
23,balanced,7,thunder_ruins,雷鳴遺跡,21,31,5,1,1,27,28,34,29,28,1,0,4,13,12,155,2,2,44,216,1,1,37,0,0,0,43,149,0,0,3647,3075
23,balanced,8,prism_sanctuary,虹晶聖域,28,42,6,1,1,34,34,49,70,67,1,2,5,32,31,174,2,2,104,402,1,1,58,1,0,0,112,389,0,0,2382,9798
23,balanced,9,poison_bog,毒霧の沼地,34,48,5,1,1,49,49,52,7,6,1,0,6,2,1,13,2,2,11,41,1,1,9,0,0,0,10,144,0,0,7589,13458
23,balanced,10,machine_city,古代機械都市,39,57,6,1,1,52,52,61,42,41,1,0,3,19,18,123,2,2,63,213,15,1,9,0,0,0,64,540,0,0,10423,7192
23,balanced,11,deep_sea_temple,深海神殿,46,66,6,1,1,61,62,75,55,53,1,1,5,25,24,552,2,2,82,716,13,1,70,6,0,0,92,696,0,0,5570,10175
23,balanced,12,demon_gate,魔界門,54,76,7,1,1,75,77,90,57,48,1,8,13,22,21,2616,2,2,81,3752,15,1,217,29,0,0,113,788,0,0,7880,14025
23,balanced,13,sky_ruins,天空遺跡,68,86,7,1,0,90,88,0,54,52,1,1,2,24,23,8373,0,0,78,8533,2,1,400,24,0,1,74,1047,0,0,10861,0
24,collector,1,meadow,はじまり草原,1,4,2,1,1,1,2,6,8,6,2,0,3,3,2,47,1,0,12,77,6,1,21,0,0,0,9,1,0,0,230,1148
24,collector,2,cave,こだま洞くつ,3,7,2,1,1,6,5,10,8,6,2,0,3,3,2,42,1,0,12,102,1,1,18,0,0,0,6,8,0,0,1406,2869
24,collector,3,brook,しずく湖畔,5,10,3,1,1,10,11,14,12,11,1,0,7,4,3,32,5,5,21,90,2,1,12,0,0,0,26,25,0,0,3003,1639
24,collector,4,volcano,ほむら火山,8,14,4,1,1,14,14,17,10,8,2,0,8,3,2,23,5,5,18,84,2,1,11,0,0,0,26,14,0,0,866,2452
24,collector,5,tower,星晶の塔,12,20,5,1,1,17,14,21,29,27,2,0,10,9,8,68,5,5,43,179,2,1,14,0,0,0,46,38,0,0,1296,3853
24,collector,6,snowfield,霜降り雪原,16,25,4,1,1,21,22,33,55,53,2,0,7,18,17,477,5,5,78,733,20,1,30,0,0,0,73,167,1,0,2035,2885
24,collector,7,thunder_ruins,雷鳴遺跡,21,31,5,1,1,33,33,34,8,6,2,0,9,2,1,62,5,5,15,135,2,1,32,0,0,0,20,18,0,0,1524,3568
24,collector,8,prism_sanctuary,虹晶聖域,28,42,6,1,1,34,34,55,125,121,1,3,12,39,38,227,5,5,169,2702,60,1,38,0,0,0,217,593,0,2,1885,8639
24,collector,9,poison_bog,毒霧の沼地,34,48,5,1,1,55,56,62,55,51,4,0,9,12,11,80,5,5,72,250,8,1,12,0,0,0,55,301,1,17,4562,6747
24,collector,10,machine_city,古代機械都市,39,57,6,1,1,62,62,71,60,57,3,0,11,19,18,91,5,5,84,259,19,1,11,0,0,0,61,607,1,0,3563,12972
24,collector,11,deep_sea_temple,深海神殿,46,66,6,1,1,71,72,94,123,121,2,0,8,40,39,1880,5,5,168,3470,41,1,124,32,0,0,165,1508,0,0,6848,17968
24,collector,12,demon_gate,魔界門,54,76,7,1,0,94,95,0,233,229,1,3,9,75,75,10934,0,0,308,20202,96,1,154,156,0,0,346,348,0,0,9484,0
24,collector,13,sky_ruins,天空遺跡,68,86,7,0,0,0,0,0,0,0,0,0,0,0,0,0,0,0,0,0,0,0,0,0,0,0,0,0,0,0,0,0
25,rush,1,meadow,はじまり草原,1,4,2,1,1,1,3,7,5,3,1,1,2,3,2,23,0,0,8,35,0,0,9,0,0,0,6,8,0,0,230,704
25,rush,2,cave,こだま洞くつ,3,7,2,1,1,7,7,11,9,8,1,0,2,8,7,69,0,0,17,91,0,0,11,0,0,0,24,16,0,0,704,1700
25,rush,3,brook,しずく湖畔,5,10,3,1,1,11,11,14,8,8,0,0,0,6,5,37,0,0,14,52,0,0,7,0,0,0,17,27,0,0,1700,1332
25,rush,4,volcano,ほむら火山,8,14,4,1,1,14,15,20,22,22,0,0,0,19,18,107,0,0,41,149,0,0,7,0,0,0,56,62,0,0,1332,1240
25,rush,5,tower,星晶の塔,12,20,5,1,1,20,21,31,74,71,0,3,0,67,66,321,0,0,141,519,0,0,7,0,0,0,213,149,0,0,1240,1999
25,rush,6,snowfield,霜降り雪原,16,25,4,1,0,31,32,0,84,84,0,0,0,80,80,438,0,0,164,614,0,0,8,0,0,0,241,292,0,0,1999,0
25,rush,7,thunder_ruins,雷鳴遺跡,21,31,5,0,0,0,0,0,0,0,0,0,0,0,0,0,0,0,0,0,0,0,0,0,0,0,0,0,0,0,0,0
25,rush,8,prism_sanctuary,虹晶聖域,28,42,6,0,0,0,0,0,0,0,0,0,0,0,0,0,0,0,0,0,0,0,0,0,0,0,0,0,0,0,0,0
25,rush,9,poison_bog,毒霧の沼地,34,48,5,0,0,0,0,0,0,0,0,0,0,0,0,0,0,0,0,0,0,0,0,0,0,0,0,0,0,0,0,0
25,rush,10,machine_city,古代機械都市,39,57,6,0,0,0,0,0,0,0,0,0,0,0,0,0,0,0,0,0,0,0,0,0,0,0,0,0,0,0,0,0
25,rush,11,deep_sea_temple,深海神殿,46,66,6,0,0,0,0,0,0,0,0,0,0,0,0,0,0,0,0,0,0,0,0,0,0,0,0,0,0,0,0,0
25,rush,12,demon_gate,魔界門,54,76,7,0,0,0,0,0,0,0,0,0,0,0,0,0,0,0,0,0,0,0,0,0,0,0,0,0,0,0,0,0
25,rush,13,sky_ruins,天空遺跡,68,86,7,0,0,0,0,0,0,0,0,0,0,0,0,0,0,0,0,0,0,0,0,0,0,0,0,0,0,0,0,0
26,balanced,1,meadow,はじまり草原,1,4,2,1,1,1,3,6,6,5,1,0,2,3,2,26,1,0,10,56,5,1,14,0,0,0,7,6,0,0,230,883
26,balanced,2,cave,こだま洞くつ,3,7,2,1,1,7,7,11,6,5,1,0,2,3,2,42,1,0,10,77,4,1,21,0,0,0,4,20,0,0,961,1932
26,balanced,3,brook,しずく湖畔,5,10,3,1,1,12,12,15,7,7,0,0,4,3,2,20,2,2,12,45,2,1,10,0,0,0,9,27,0,0,2306,1526
26,balanced,4,volcano,ほむら火山,8,14,4,1,1,15,12,13,6,5,1,0,5,2,1,10,2,2,10,37,1,1,6,0,0,0,7,16,0,0,1182,1426
26,balanced,5,tower,星晶の塔,12,20,5,1,1,13,16,24,31,30,1,0,4,14,13,76,2,2,47,147,4,1,8,0,0,0,46,86,0,0,1105,3061
26,balanced,6,snowfield,霜降り雪原,16,25,4,1,1,24,24,28,12,11,1,0,4,5,4,59,2,2,19,117,3,1,24,0,0,0,23,101,1,0,2371,2446
26,balanced,7,thunder_ruins,雷鳴遺跡,21,31,5,1,1,28,29,35,31,30,1,0,6,14,13,228,2,2,47,293,5,1,33,0,0,0,48,133,0,0,1895,3038
26,balanced,8,prism_sanctuary,虹晶聖域,28,42,6,1,1,35,36,49,68,67,1,0,3,32,31,200,2,2,102,472,18,1,14,0,0,0,115,400,0,0,2354,7143
26,balanced,9,poison_bog,毒霧の沼地,34,48,5,1,1,49,50,52,13,12,1,0,4,5,4,33,2,2,20,79,6,1,8,0,0,0,21,168,0,0,5532,5792
26,balanced,10,machine_city,古代機械都市,39,57,6,1,1,52,54,65,56,55,1,0,3,26,25,211,2,2,84,325,15,1,23,0,0,0,84,591,0,0,4486,12952
26,balanced,11,deep_sea_temple,深海神殿,46,66,6,1,1,65,65,68,11,9,1,1,5,3,2,27,2,2,16,80,3,1,9,0,0,0,20,209,0,0,10031,17042
26,balanced,12,demon_gate,魔界門,54,76,7,1,1,68,70,84,45,42,1,2,7,19,18,2034,2,2,66,2169,13,1,141,18,0,0,70,817,0,0,13198,14134
26,balanced,13,sky_ruins,天空遺跡,68,86,7,1,1,84,84,85,8,6,1,1,4,1,0,73,2,2,11,112,0,0,73,1,0,0,11,0,0,0,10946,34869
27,collector,1,meadow,はじまり草原,1,4,2,1,1,1,2,7,15,13,1,1,5,5,4,44,3,2,23,116,7,1,13,0,0,0,16,0,0,0,230,1320
27,collector,2,cave,こだま洞くつ,3,7,2,1,1,7,7,11,11,10,1,0,5,4,3,68,3,2,18,140,4,1,23,0,0,0,12,11,0,0,1301,1841
27,collector,3,brook,しずく湖畔,5,10,3,1,1,12,12,15,12,11,1,0,6,4,3,28,5,5,21,78,2,1,11,0,0,0,17,17,0,0,2001,2240
27,collector,4,volcano,ほむら火山,8,14,4,1,1,15,15,18,13,11,2,0,7,4,3,25,5,5,22,84,4,1,9,0,0,0,25,19,0,0,1184,1634
27,collector,5,tower,星晶の塔,12,20,5,1,1,18,17,22,23,20,3,0,9,7,6,44,5,5,35,138,3,1,12,0,0,0,39,27,0,0,865,3888
27,collector,6,snowfield,霜降り雪原,16,25,4,1,1,22,21,28,29,25,3,1,9,9,8,480,5,5,43,578,6,1,69,7,0,0,44,86,0,0,2054,3391
27,collector,7,thunder_ruins,雷鳴遺跡,21,31,5,1,1,28,29,32,17,15,2,0,8,5,4,184,5,5,27,250,3,1,74,2,0,0,29,61,0,0,1791,3550
27,collector,8,prism_sanctuary,虹晶聖域,28,42,6,1,1,32,34,51,97,86,1,10,14,28,27,255,5,5,130,2048,24,1,103,20,0,0,156,407,0,0,1875,7833
27,collector,9,poison_bog,毒霧の沼地,34,48,5,1,1,51,50,57,44,41,3,0,8,14,13,155,5,5,63,627,3,1,42,0,0,0,62,341,1,0,4136,7544
27,collector,10,machine_city,古代機械都市,39,57,6,1,1,57,58,68,65,60,3,2,10,20,19,396,5,5,90,655,10,1,149,2,0,0,82,508,0,0,3982,13015
27,collector,11,deep_sea_temple,深海神殿,46,66,6,1,1,68,69,88,105,100,2,3,14,33,32,3491,5,5,143,4934,31,1,248,40,0,0,144,1128,0,0,6871,19385
27,collector,12,demon_gate,魔界門,54,76,7,1,1,88,90,100,48,42,1,5,14,13,12,3455,5,5,66,7323,11,1,277,41,0,0,84,656,0,0,10231,15715
27,collector,13,sky_ruins,天空遺跡,68,86,7,1,0,100,100,0,242,232,3,7,11,77,77,22567,0,0,319,27875,26,1,295,126,0,0,302,0,0,0,8295,0
28,rush,1,meadow,はじまり草原,1,4,2,1,1,1,3,7,4,2,2,0,2,3,2,33,0,0,7,45,0,0,15,0,0,0,8,8,0,0,230,717
28,rush,2,cave,こだま洞くつ,3,7,2,1,1,7,7,10,6,6,0,0,0,5,4,39,0,0,11,52,0,0,10,0,0,0,14,16,0,0,717,1405
28,rush,3,brook,しずく湖畔,5,10,3,1,1,10,11,14,5,5,0,0,0,3,2,17,0,0,8,26,0,0,7,0,0,0,6,25,0,0,1405,1181
28,rush,4,volcano,ほむら火山,8,14,4,1,1,14,15,22,37,37,0,0,0,34,33,179,0,0,71,277,0,0,6,0,0,0,104,80,0,0,1181,955
28,rush,5,tower,星晶の塔,12,20,5,1,1,22,23,32,77,77,0,0,0,73,72,315,0,0,150,507,0,0,7,0,0,0,227,172,0,0,955,1529
28,rush,6,snowfield,霜降り雪原,16,25,4,1,1,32,33,40,53,53,0,0,0,50,49,268,0,0,103,386,0,0,8,0,0,0,149,198,0,0,1529,2026
28,rush,7,thunder_ruins,雷鳴遺跡,21,31,5,1,0,40,41,0,85,85,0,0,0,80,80,382,0,0,165,608,0,0,7,0,0,0,248,352,0,0,2026,0
28,rush,8,prism_sanctuary,虹晶聖域,28,42,6,0,0,0,0,0,0,0,0,0,0,0,0,0,0,0,0,0,0,0,0,0,0,0,0,0,0,0,0,0
28,rush,9,poison_bog,毒霧の沼地,34,48,5,0,0,0,0,0,0,0,0,0,0,0,0,0,0,0,0,0,0,0,0,0,0,0,0,0,0,0,0,0
28,rush,10,machine_city,古代機械都市,39,57,6,0,0,0,0,0,0,0,0,0,0,0,0,0,0,0,0,0,0,0,0,0,0,0,0,0,0,0,0,0
28,rush,11,deep_sea_temple,深海神殿,46,66,6,0,0,0,0,0,0,0,0,0,0,0,0,0,0,0,0,0,0,0,0,0,0,0,0,0,0,0,0,0
28,rush,12,demon_gate,魔界門,54,76,7,0,0,0,0,0,0,0,0,0,0,0,0,0,0,0,0,0,0,0,0,0,0,0,0,0,0,0,0,0
28,rush,13,sky_ruins,天空遺跡,68,86,7,0,0,0,0,0,0,0,0,0,0,0,0,0,0,0,0,0,0,0,0,0,0,0,0,0,0,0,0,0
29,balanced,1,meadow,はじまり草原,1,4,2,1,1,1,2,6,7,4,2,1,3,3,2,24,1,0,11,56,1,1,14,0,0,0,10,5,0,0,230,886
29,balanced,2,cave,こだま洞くつ,3,7,2,1,1,7,7,11,6,5,1,0,2,3,2,30,1,0,10,56,3,1,11,0,0,0,9,18,0,0,1384,2519
29,balanced,3,brook,しずく湖畔,5,10,3,1,1,9,10,12,5,4,1,0,4,2,1,9,2,2,9,25,1,1,5,0,0,0,7,13,0,0,2913,2738
29,balanced,4,volcano,ほむら火山,8,14,4,1,1,12,13,15,6,5,1,0,5,2,1,10,2,2,10,33,1,1,7,0,0,0,7,21,0,0,2121,2414
29,balanced,5,tower,星晶の塔,12,20,5,1,1,15,16,24,36,34,1,1,7,16,15,110,2,2,54,231,8,1,19,0,0,0,55,93,0,0,1870,3039
29,balanced,6,snowfield,霜降り雪原,16,25,4,1,1,24,25,29,12,11,1,0,3,5,4,46,2,2,19,84,0,0,15,0,0,0,20,98,0,0,2354,2406
29,balanced,7,thunder_ruins,雷鳴遺跡,21,31,5,1,1,29,29,36,39,38,1,0,7,18,17,245,2,2,59,346,4,1,29,0,0,0,62,169,0,0,1864,3085
29,balanced,8,prism_sanctuary,虹晶聖域,28,42,6,1,1,36,36,56,112,110,0,2,10,53,52,341,2,2,167,783,3,1,16,0,0,0,188,652,0,0,2390,6982
29,balanced,9,poison_bog,毒霧の沼地,34,48,5,1,1,56,56,58,9,8,1,0,4,3,2,30,2,2,14,66,3,1,12,0,0,0,14,118,0,0,5408,5811
29,balanced,10,machine_city,古代機械都市,39,57,6,1,1,58,59,72,76,75,1,0,3,36,35,291,2,2,114,500,11,1,19,0,0,0,114,786,0,0,4501,11974
29,balanced,11,deep_sea_temple,深海神殿,46,66,6,1,1,72,72,87,76,75,1,0,3,36,35,2478,2,2,114,2646,23,1,125,33,0,0,115,1029,0,0,9274,17068
29,balanced,12,demon_gate,魔界門,54,76,7,1,1,87,88,100,116,108,1,7,10,52,51,6822,2,2,170,7232,26,1,160,52,0,0,186,902,0,0,13218,29362
29,balanced,13,sky_ruins,天空遺跡,68,86,7,1,1,100,100,100,113,110,1,2,8,53,52,13470,2,2,168,13791,0,0,332,53,0,0,178,0,0,0,22739,38142
30,collector,1,meadow,はじまり草原,1,4,2,1,1,1,2,6,8,7,1,0,6,3,2,25,4,2,15,94,4,1,14,0,0,0,12,1,0,0,230,1120
30,collector,2,cave,こだま洞くつ,3,7,2,1,1,7,8,11,8,7,1,0,6,3,2,51,5,5,16,120,3,1,22,0,0,0,22,12,0,0,1427,2282
30,collector,3,brook,しずく湖畔,5,10,3,1,1,11,11,13,12,11,1,0,6,4,3,29,5,5,21,83,2,1,9,0,0,0,26,7,0,0,1206,1339
30,collector,4,volcano,ほむら火山,8,14,4,1,1,13,13,17,16,14,2,0,8,5,4,29,5,5,26,158,6,1,13,0,0,0,36,25,0,0,709,1948
30,collector,5,tower,星晶の塔,12,20,5,1,1,17,16,24,46,43,1,2,10,14,13,124,5,5,65,482,8,1,57,1,0,0,77,44,0,0,1030,3507
30,collector,6,snowfield,霜降り雪原,16,25,4,1,1,24,24,31,31,29,2,0,8,10,9,594,5,5,46,695,10,1,91,6,0,0,46,107,0,0,1853,2990
30,collector,7,thunder_ruins,雷鳴遺跡,21,31,5,1,1,31,30,32,14,11,3,0,8,4,3,181,5,5,23,244,2,1,81,2,0,0,28,44,0,0,1580,3653
30,collector,8,prism_sanctuary,虹晶聖域,28,42,6,1,1,32,38,59,156,134,1,21,30,44,43,396,5,5,205,3340,31,1,112,35,0,0,252,668,0,0,1930,7818
30,collector,9,poison_bog,毒霧の沼地,34,48,5,1,1,59,60,61,8,6,2,0,7,2,1,40,5,5,15,85,0,0,20,0,0,0,20,80,0,0,4128,6762
30,collector,10,machine_city,古代機械都市,39,57,6,1,1,61,62,66,24,21,3,0,8,7,6,71,5,5,36,343,3,1,89,2,0,0,39,235,0,0,3570,12893
30,collector,11,deep_sea_temple,深海神殿,46,66,6,1,1,66,63,91,142,138,3,1,9,46,45,5740,5,5,193,7545,32,1,267,52,0,0,186,1639,0,0,6806,18102
30,collector,12,demon_gate,魔界門,54,76,7,1,1,91,90,90,16,5,2,9,17,1,0,212,5,5,22,879,3,1,212,5,0,0,51,0,0,0,9555,21991
30,collector,13,sky_ruins,天空遺跡,68,86,7,1,1,90,84,86,12,8,2,2,13,2,1,84,5,5,19,406,1,1,84,4,0,0,33,110,0,0,11608,26264
31,rush,1,meadow,はじまり草原,1,4,2,1,1,1,2,7,11,6,1,4,6,6,5,50,0,0,17,79,0,0,11,0,0,0,16,9,0,0,230,571
31,rush,2,cave,こだま洞くつ,3,7,2,1,1,7,7,15,32,31,0,1,3,30,29,154,0,0,62,226,0,0,7,0,0,0,62,40,0,0,571,1460
31,rush,3,brook,しずく湖畔,5,10,3,1,1,15,15,17,9,8,1,0,1,7,6,37,0,0,16,55,0,0,7,0,0,0,19,24,0,0,1460,1152
31,rush,4,volcano,ほむら火山,8,14,4,1,1,17,18,22,25,25,0,0,0,22,21,117,0,0,47,162,0,0,7,0,0,0,65,53,0,0,1152,967
31,rush,5,tower,星晶の塔,12,20,5,1,1,22,22,33,84,81,0,3,0,77,76,362,0,0,161,573,0,0,6,0,0,0,244,176,0,0,967,1493
31,rush,6,snowfield,霜降り雪原,16,25,4,1,0,33,33,0,84,84,0,0,0,80,80,428,0,0,164,649,0,0,8,0,0,0,248,293,0,0,1493,0
31,rush,7,thunder_ruins,雷鳴遺跡,21,31,5,0,0,0,0,0,0,0,0,0,0,0,0,0,0,0,0,0,0,0,0,0,0,0,0,0,0,0,0,0
31,rush,8,prism_sanctuary,虹晶聖域,28,42,6,0,0,0,0,0,0,0,0,0,0,0,0,0,0,0,0,0,0,0,0,0,0,0,0,0,0,0,0,0
31,rush,9,poison_bog,毒霧の沼地,34,48,5,0,0,0,0,0,0,0,0,0,0,0,0,0,0,0,0,0,0,0,0,0,0,0,0,0,0,0,0,0
31,rush,10,machine_city,古代機械都市,39,57,6,0,0,0,0,0,0,0,0,0,0,0,0,0,0,0,0,0,0,0,0,0,0,0,0,0,0,0,0,0
31,rush,11,deep_sea_temple,深海神殿,46,66,6,0,0,0,0,0,0,0,0,0,0,0,0,0,0,0,0,0,0,0,0,0,0,0,0,0,0,0,0,0
31,rush,12,demon_gate,魔界門,54,76,7,0,0,0,0,0,0,0,0,0,0,0,0,0,0,0,0,0,0,0,0,0,0,0,0,0,0,0,0,0
31,rush,13,sky_ruins,天空遺跡,68,86,7,0,0,0,0,0,0,0,0,0,0,0,0,0,0,0,0,0,0,0,0,0,0,0,0,0,0,0,0,0
32,balanced,1,meadow,はじまり草原,1,4,2,1,1,1,2,6,6,4,2,0,3,3,2,36,1,0,10,60,5,1,14,0,0,0,8,5,0,0,230,917
32,balanced,2,cave,こだま洞くつ,3,7,2,1,1,7,8,13,8,8,0,0,2,4,3,68,2,2,14,108,5,1,25,0,0,0,16,30,0,0,1415,1640
32,balanced,3,brook,しずく湖畔,5,10,3,1,1,13,13,15,7,6,1,0,3,3,2,22,2,2,12,48,0,0,12,0,0,0,14,16,0,0,1271,1194
32,balanced,4,volcano,ほむら火山,8,14,4,1,1,15,15,21,26,25,1,0,4,12,11,112,2,2,40,191,4,1,17,0,0,0,46,62,0,0,925,1259
32,balanced,5,tower,星晶の塔,12,20,5,1,1,21,20,24,25,24,1,0,3,11,10,50,2,2,38,120,1,1,6,0,0,0,38,54,0,0,976,1854
32,balanced,6,snowfield,霜降り雪原,16,25,4,1,1,24,26,32,31,29,1,1,7,14,13,89,2,2,47,188,8,1,21,0,0,0,53,116,0,0,1437,4155
32,balanced,7,thunder_ruins,雷鳴遺跡,21,31,5,1,1,32,31,33,11,10,1,0,3,4,3,30,2,2,17,65,6,1,8,0,0,0,18,73,0,0,3219,3016
32,balanced,8,prism_sanctuary,虹晶聖域,28,42,6,1,1,33,35,55,115,112,0,3,6,54,53,269,2,2,171,653,43,1,13,0,0,0,206,659,0,0,2337,4953
32,balanced,9,poison_bog,毒霧の沼地,34,48,5,1,1,55,56,58,7,6,1,0,6,2,1,15,2,2,11,44,1,1,8,0,0,0,11,120,0,0,3836,9151
32,balanced,10,machine_city,古代機械都市,39,57,6,1,1,58,59,67,46,45,1,0,3,21,20,133,2,2,69,242,13,1,11,0,0,0,69,502,0,0,7087,7400
32,balanced,11,deep_sea_temple,深海神殿,46,66,6,1,1,67,67,82,73,69,1,3,9,33,32,257,2,2,108,552,20,1,28,0,0,0,119,857,0,0,5731,14845
32,balanced,12,demon_gate,魔界門,54,76,7,1,0,82,84,0,169,166,1,2,6,80,80,11650,0,0,249,12255,19,1,207,59,0,0,263,1196,0,0,11497,0
32,balanced,13,sky_ruins,天空遺跡,68,86,7,0,0,0,0,0,0,0,0,0,0,0,0,0,0,0,0,0,0,0,0,0,0,0,0,0,0,0,0,0
33,collector,1,meadow,はじまり草原,1,4,2,1,1,1,3,5,6,3,2,1,3,2,1,19,1,0,9,41,3,1,12,0,0,0,8,0,0,0,230,1238
33,collector,2,cave,こだま洞くつ,3,7,2,1,1,6,6,11,8,6,2,0,7,3,2,31,5,2,16,111,3,1,19,0,0,0,20,10,0,0,1736,3160
33,collector,3,brook,しずく湖畔,5,10,3,1,1,9,12,15,9,8,1,0,6,3,2,23,5,5,17,81,2,1,13,0,0,0,23,16,0,0,2789,3169
33,collector,4,volcano,ほむら火山,8,14,4,1,1,15,13,18,19,17,2,0,8,6,5,29,5,5,30,126,3,1,12,0,0,0,35,37,0,0,1674,1616
33,collector,5,tower,星晶の塔,12,20,5,1,1,18,17,27,53,51,2,0,10,17,16,84,5,5,75,452,8,1,19,0,0,0,83,75,0,0,855,2290
33,collector,6,snowfield,霜降り雪原,16,25,4,1,1,27,27,33,31,30,1,0,7,10,9,81,5,5,46,179,0,0,15,0,0,0,47,86,0,0,1210,5109
33,collector,7,thunder_ruins,雷鳴遺跡,21,31,5,1,1,33,33,40,41,40,1,0,6,13,12,83,5,5,59,171,1,1,12,0,0,0,52,146,0,0,2699,3628
33,collector,8,prism_sanctuary,虹晶聖域,28,42,6,1,0,40,39,0,635,200,2,433,94,80,80,474,0,0,715,11307,214,1,64,7,0,0,1145,816,1,0,1916,0
33,collector,9,poison_bog,毒霧の沼地,34,48,5,0,0,0,0,0,0,0,0,0,0,0,0,0,0,0,0,0,0,0,0,0,0,0,0,0,0,0,0,0
33,collector,10,machine_city,古代機械都市,39,57,6,0,0,0,0,0,0,0,0,0,0,0,0,0,0,0,0,0,0,0,0,0,0,0,0,0,0,0,0,0
33,collector,11,deep_sea_temple,深海神殿,46,66,6,0,0,0,0,0,0,0,0,0,0,0,0,0,0,0,0,0,0,0,0,0,0,0,0,0,0,0,0,0
33,collector,12,demon_gate,魔界門,54,76,7,0,0,0,0,0,0,0,0,0,0,0,0,0,0,0,0,0,0,0,0,0,0,0,0,0,0,0,0,0
33,collector,13,sky_ruins,天空遺跡,68,86,7,0,0,0,0,0,0,0,0,0,0,0,0,0,0,0,0,0,0,0,0,0,0,0,0,0,0,0,0,0
34,rush,1,meadow,はじまり草原,1,4,2,1,1,1,2,7,4,3,1,0,1,3,2,23,0,0,7,35,0,0,9,0,0,0,5,9,0,0,230,662
34,rush,2,cave,こだま洞くつ,3,7,2,1,1,7,7,16,38,38,0,0,1,37,36,201,0,0,75,290,0,0,8,0,0,0,75,54,0,0,662,515
34,rush,3,brook,しずく湖畔,5,10,3,1,1,16,16,17,3,2,1,0,2,1,0,6,0,0,4,13,0,0,6,0,0,0,2,0,0,0,515,1798
34,rush,4,volcano,ほむら火山,8,14,4,1,1,17,17,21,20,20,0,0,0,17,16,93,0,0,37,139,0,0,7,0,0,0,54,48,0,0,1798,947
34,rush,5,tower,星晶の塔,12,20,5,1,1,21,22,31,70,70,0,0,0,66,65,302,0,0,136,447,0,0,6,0,0,0,199,166,0,0,947,1512
34,rush,6,snowfield,霜降り雪原,16,25,4,1,1,31,32,37,30,30,0,0,0,27,26,128,0,0,57,181,0,0,6,0,0,0,80,128,0,0,1512,2555
34,rush,7,thunder_ruins,雷鳴遺跡,21,31,5,1,0,37,37,0,85,85,0,0,0,80,80,376,0,0,165,531,0,0,7,0,0,0,241,351,0,0,2555,0
34,rush,8,prism_sanctuary,虹晶聖域,28,42,6,0,0,0,0,0,0,0,0,0,0,0,0,0,0,0,0,0,0,0,0,0,0,0,0,0,0,0,0,0
34,rush,9,poison_bog,毒霧の沼地,34,48,5,0,0,0,0,0,0,0,0,0,0,0,0,0,0,0,0,0,0,0,0,0,0,0,0,0,0,0,0,0
34,rush,10,machine_city,古代機械都市,39,57,6,0,0,0,0,0,0,0,0,0,0,0,0,0,0,0,0,0,0,0,0,0,0,0,0,0,0,0,0,0
34,rush,11,deep_sea_temple,深海神殿,46,66,6,0,0,0,0,0,0,0,0,0,0,0,0,0,0,0,0,0,0,0,0,0,0,0,0,0,0,0,0,0
34,rush,12,demon_gate,魔界門,54,76,7,0,0,0,0,0,0,0,0,0,0,0,0,0,0,0,0,0,0,0,0,0,0,0,0,0,0,0,0,0
34,rush,13,sky_ruins,天空遺跡,68,86,7,0,0,0,0,0,0,0,0,0,0,0,0,0,0,0,0,0,0,0,0,0,0,0,0,0,0,0,0,0
35,balanced,1,meadow,はじまり草原,1,4,2,1,1,1,2,6,6,4,2,0,4,3,2,37,2,0,11,71,4,1,14,0,0,0,8,5,0,0,230,916
35,balanced,2,cave,こだま洞くつ,3,7,2,1,1,8,9,11,4,3,1,0,3,2,1,24,2,2,8,51,2,1,13,0,0,0,11,12,0,0,2572,2580
35,balanced,3,brook,しずく湖畔,5,10,3,1,1,11,11,14,7,6,1,0,3,3,2,22,2,1,12,51,0,0,10,0,0,0,12,27,0,0,1999,1493
35,balanced,4,volcano,ほむら火山,8,14,4,1,1,11,13,16,6,5,1,0,4,2,1,12,2,2,10,40,1,1,7,0,0,0,11,19,0,0,1521,2519
35,balanced,5,tower,星晶の塔,12,20,5,1,1,16,17,22,19,17,0,2,9,7,6,36,2,2,28,111,3,1,8,0,0,0,36,69,0,0,1951,1805
35,balanced,6,snowfield,霜降り雪原,16,25,4,1,1,22,23,31,34,33,1,0,3,16,15,94,2,2,52,164,16,1,8,0,0,0,54,139,0,0,1399,2446
35,balanced,7,thunder_ruins,雷鳴遺跡,21,31,5,1,1,31,32,36,21,21,0,0,7,9,8,57,2,2,32,107,10,1,8,0,0,0,32,101,0,0,1895,5295
35,balanced,8,prism_sanctuary,虹晶聖域,28,42,6,1,1,36,38,49,62,59,1,2,8,28,27,140,2,2,92,320,19,1,7,0,0,0,102,372,0,0,4101,4873
35,balanced,9,poison_bog,毒霧の沼地,34,48,5,1,1,49,49,50,5,4,1,0,3,1,0,7,2,2,8,30,1,1,7,0,0,0,8,0,0,0,3775,15684
35,balanced,10,machine_city,古代機械都市,39,57,6,1,1,50,51,59,30,29,1,0,3,13,12,67,2,2,45,144,9,1,6,0,0,0,46,448,0,0,12146,14355
35,balanced,11,deep_sea_temple,深海神殿,46,66,6,1,1,59,60,82,101,97,1,3,6,47,46,289,2,2,150,580,77,1,8,0,0,0,166,1234,0,0,11118,9901
35,balanced,12,demon_gate,魔界門,54,76,7,1,1,82,84,91,30,28,1,1,4,12,11,74,2,2,44,169,4,1,7,0,0,0,49,504,0,0,7668,14292
35,balanced,13,sky_ruins,天空遺跡,68,86,7,1,1,91,91,93,9,8,1,0,3,2,1,15,2,2,13,49,2,1,8,0,0,0,12,303,0,0,11068,22337
36,collector,1,meadow,はじまり草原,1,4,2,1,1,1,2,6,9,6,2,1,4,3,2,34,1,0,13,66,5,1,13,0,0,0,10,0,0,0,230,1155
36,collector,2,cave,こだま洞くつ,3,7,2,1,1,6,5,10,8,7,1,0,2,3,2,46,1,0,12,86,5,1,17,0,0,0,6,6,0,0,1413,3029
36,collector,3,brook,しずく湖畔,5,10,3,1,1,10,7,9,6,4,2,0,7,2,1,11,5,5,13,45,0,0,6,0,0,0,13,4,0,0,3423,3443
36,collector,4,volcano,ほむら火山,8,14,4,1,1,9,9,13,11,7,3,1,10,3,2,22,5,5,19,93,1,1,9,0,0,0,28,13,0,0,1819,2391
36,collector,5,tower,星晶の塔,12,20,5,1,1,13,14,22,32,30,2,0,8,10,9,53,5,5,47,201,11,1,15,0,0,0,48,47,0,0,1264,3920
36,collector,6,snowfield,霜降り雪原,16,25,4,1,1,22,22,27,16,14,2,0,7,5,4,30,5,5,26,100,3,1,9,0,0,0,30,83,0,0,2070,2936
36,collector,7,thunder_ruins,雷鳴遺跡,21,31,5,1,1,27,28,32,17,16,1,0,8,5,4,28,5,5,27,84,5,1,6,0,0,0,28,56,0,0,1551,3630
36,collector,8,prism_sanctuary,虹晶聖域,28,42,6,1,1,32,32,43,50,47,1,2,11,15,14,75,5,5,70,250,11,1,8,0,0,0,73,235,0,0,1917,7815
36,collector,9,poison_bog,毒霧の沼地,34,48,5,1,1,43,44,44,5,3,2,0,8,1,0,7,5,5,11,57,2,1,7,0,0,0,17,0,0,0,4126,9894
36,collector,10,machine_city,古代機械都市,39,57,6,1,1,44,46,52,24,23,1,0,10,7,6,35,5,5,36,144,6,1,9,0,0,0,42,264,0,0,5223,12994
36,collector,11,deep_sea_temple,深海神殿,46,66,6,1,1,52,53,78,105,101,1,3,10,33,32,431,5,5,143,2006,46,1,65,28,0,0,157,1171,0,0,6859,18287
36,collector,12,demon_gate,魔界門,54,76,7,1,1,78,79,83,20,11,2,7,15,3,2,201,5,5,28,651,4,1,68,8,0,0,52,218,0,0,9652,15578
36,collector,13,sky_ruins,天空遺跡,68,86,7,1,1,83,79,100,79,75,1,3,15,24,23,1758,5,5,108,4343,62,1,81,59,0,0,138,1363,0,0,8222,20454
37,rush,1,meadow,はじまり草原,1,4,2,1,1,1,2,7,4,3,1,0,1,3,2,28,0,0,7,42,0,0,11,0,0,0,5,8,0,0,230,713
37,rush,2,cave,こだま洞くつ,3,7,2,1,1,7,7,11,10,9,1,0,1,9,8,89,0,0,19,111,0,0,14,0,0,0,26,17,0,0,713,1687
37,rush,3,brook,しずく湖畔,5,10,3,1,1,11,11,15,8,8,0,0,0,6,5,36,0,0,14,53,0,0,7,0,0,0,16,26,0,0,1687,1358
37,rush,4,volcano,ほむら火山,8,14,4,1,1,15,15,19,15,15,0,0,0,12,11,67,0,0,27,91,0,0,7,0,0,0,35,42,0,0,1358,1861
37,rush,5,tower,星晶の塔,12,20,5,1,0,19,20,0,85,85,0,0,0,80,80,393,0,0,165,587,0,0,8,0,0,0,246,204,0,0,1861,0
37,rush,6,snowfield,霜降り雪原,16,25,4,0,0,0,0,0,0,0,0,0,0,0,0,0,0,0,0,0,0,0,0,0,0,0,0,0,0,0,0,0
37,rush,7,thunder_ruins,雷鳴遺跡,21,31,5,0,0,0,0,0,0,0,0,0,0,0,0,0,0,0,0,0,0,0,0,0,0,0,0,0,0,0,0,0
37,rush,8,prism_sanctuary,虹晶聖域,28,42,6,0,0,0,0,0,0,0,0,0,0,0,0,0,0,0,0,0,0,0,0,0,0,0,0,0,0,0,0,0
37,rush,9,poison_bog,毒霧の沼地,34,48,5,0,0,0,0,0,0,0,0,0,0,0,0,0,0,0,0,0,0,0,0,0,0,0,0,0,0,0,0,0
37,rush,10,machine_city,古代機械都市,39,57,6,0,0,0,0,0,0,0,0,0,0,0,0,0,0,0,0,0,0,0,0,0,0,0,0,0,0,0,0,0
37,rush,11,deep_sea_temple,深海神殿,46,66,6,0,0,0,0,0,0,0,0,0,0,0,0,0,0,0,0,0,0,0,0,0,0,0,0,0,0,0,0,0
37,rush,12,demon_gate,魔界門,54,76,7,0,0,0,0,0,0,0,0,0,0,0,0,0,0,0,0,0,0,0,0,0,0,0,0,0,0,0,0,0
37,rush,13,sky_ruins,天空遺跡,68,86,7,0,0,0,0,0,0,0,0,0,0,0,0,0,0,0,0,0,0,0,0,0,0,0,0,0,0,0,0,0
38,balanced,1,meadow,はじまり草原,1,4,2,1,1,1,3,7,10,10,0,0,2,5,4,32,2,2,17,64,4,1,9,0,0,0,6,4,0,0,230,928
38,balanced,2,cave,こだま洞くつ,3,7,2,1,1,7,7,10,4,2,2,0,4,2,1,18,2,0,8,60,2,1,17,0,0,0,8,6,0,0,719,2382
38,balanced,3,brook,しずく湖畔,5,10,3,1,1,11,11,13,5,4,1,0,5,2,1,13,2,1,9,38,3,1,7,0,0,0,9,10,0,0,3070,3222
38,balanced,4,volcano,ほむら火山,8,14,4,1,1,11,12,14,4,3,1,0,3,1,0,5,2,2,7,22,0,0,5,0,0,0,4,0,0,0,3043,5739
38,balanced,5,tower,星晶の塔,12,20,5,1,1,14,14,18,12,10,1,1,4,4,3,27,2,2,18,67,1,1,14,0,0,0,13,45,0,0,4445,4207
38,balanced,6,snowfield,霜降り雪原,16,25,4,1,1,18,19,22,6,5,1,0,3,2,1,17,2,2,10,41,0,0,11,0,0,0,6,28,0,0,3259,5601
38,balanced,7,thunder_ruins,雷鳴遺跡,21,31,5,1,1,22,23,28,11,10,1,0,4,4,3,26,2,2,17,57,0,0,12,0,0,0,11,103,0,0,4338,5362
38,balanced,8,prism_sanctuary,虹晶聖域,28,42,6,1,1,28,30,46,77,68,0,9,14,32,31,140,2,2,111,343,0,0,11,0,0,0,88,382,0,0,4153,4871
38,balanced,9,poison_bog,毒霧の沼地,34,48,5,1,1,46,47,50,13,12,1,0,3,5,4,21,2,2,20,51,0,0,7,0,0,0,14,118,0,0,3773,10734
38,balanced,10,machine_city,古代機械都市,39,57,6,1,1,50,51,55,11,10,0,1,9,3,2,27,2,2,16,98,0,0,10,0,0,0,16,192,0,0,8313,15198
38,balanced,11,deep_sea_temple,深海神殿,46,66,6,1,1,55,56,90,193,163,1,29,37,80,79,2631,2,2,275,3369,18,1,89,34,0,0,320,1931,0,0,11770,9969
38,balanced,12,demon_gate,魔界門,54,76,7,1,0,90,91,0,169,166,1,2,4,80,80,26290,0,0,249,26864,16,1,360,80,0,0,250,722,0,0,7721,0
38,balanced,13,sky_ruins,天空遺跡,68,86,7,0,0,0,0,0,0,0,0,0,0,0,0,0,0,0,0,0,0,0,0,0,0,0,0,0,0,0,0,0
39,collector,1,meadow,はじまり草原,1,4,2,1,1,1,3,7,14,13,1,0,2,5,4,62,1,0,20,102,8,1,16,0,0,0,10,0,0,0,230,1299
39,collector,2,cave,こだま洞くつ,3,7,2,1,1,8,8,11,8,7,1,0,3,3,2,51,2,1,13,91,4,1,26,0,0,0,12,9,0,0,1577,2552
39,collector,3,brook,しずく湖畔,5,10,3,1,1,9,9,13,12,9,3,0,8,4,3,31,5,5,21,82,3,1,13,0,0,0,27,15,0,0,2380,1628
39,collector,4,volcano,ほむら火山,8,14,4,1,1,13,12,15,13,11,2,0,7,4,3,37,5,5,22,118,2,1,14,0,0,0,29,25,0,0,861,1655
39,collector,5,tower,星晶の塔,12,20,5,1,1,15,16,22,36,30,2,4,11,10,9,106,5,5,51,282,5,1,33,0,0,0,60,30,0,0,876,3489
39,collector,6,snowfield,霜降り雪原,16,25,4,1,1,22,23,33,55,51,4,0,9,18,17,541,5,5,78,719,11,1,51,1,0,0,69,161,0,0,1843,2910
39,collector,7,thunder_ruins,雷鳴遺跡,21,31,5,1,1,33,33,34,5,2,3,0,8,1,0,31,5,5,11,70,0,0,31,0,0,0,17,0,0,0,1537,4561
39,collector,8,prism_sanctuary,虹晶聖域,28,42,6,1,1,34,35,62,173,166,2,5,11,55,54,477,5,5,233,3296,45,1,45,0,0,0,258,824,0,0,2409,7776
39,collector,9,poison_bog,毒霧の沼地,34,48,5,1,1,62,61,64,23,19,4,0,10,7,6,47,5,5,35,295,4,1,28,0,0,0,48,201,1,0,4105,7544
39,collector,10,machine_city,古代機械都市,39,57,6,1,1,64,65,70,36,34,2,0,9,11,10,108,5,5,52,600,11,1,40,0,0,0,60,302,0,0,3982,13064
39,collector,11,deep_sea_temple,深海神殿,46,66,6,1,1,70,70,92,123,119,1,3,11,39,38,2576,5,5,167,3674,37,1,131,33,0,0,166,1379,0,0,6896,18090
39,collector,12,demon_gate,魔界門,54,76,7,1,1,92,89,93,24,19,3,2,11,6,5,825,5,5,35,1630,19,1,141,14,0,0,56,380,0,0,9548,15155
39,collector,13,sky_ruins,天空遺跡,68,86,7,1,1,93,79,83,27,18,1,8,16,5,4,386,5,5,37,688,7,1,78,7,0,0,60,274,0,0,8000,20620
40,rush,1,meadow,はじまり草原,1,4,2,1,1,1,3,7,4,3,1,0,1,3,2,21,0,0,7,32,0,0,8,0,0,0,5,9,0,0,230,673
40,rush,2,cave,こだま洞くつ,3,7,2,1,1,7,7,12,12,12,0,0,2,11,10,64,0,0,23,93,0,0,9,0,0,0,22,34,0,0,673,545
40,rush,3,brook,しずく湖畔,5,10,3,1,1,12,13,14,4,3,1,0,1,2,1,10,0,0,6,16,0,0,5,0,0,0,4,7,0,0,545,1159
40,rush,4,volcano,ほむら火山,8,14,4,1,1,14,15,21,33,33,0,0,0,30,29,152,0,0,63,222,0,0,7,0,0,0,94,77,0,0,1159,990
40,rush,5,tower,星晶の塔,12,20,5,1,0,21,22,0,85,85,0,0,0,80,80,346,0,0,165,556,0,0,7,0,0,0,250,186,0,0,990,0
40,rush,6,snowfield,霜降り雪原,16,25,4,0,0,0,0,0,0,0,0,0,0,0,0,0,0,0,0,0,0,0,0,0,0,0,0,0,0,0,0,0
40,rush,7,thunder_ruins,雷鳴遺跡,21,31,5,0,0,0,0,0,0,0,0,0,0,0,0,0,0,0,0,0,0,0,0,0,0,0,0,0,0,0,0,0
40,rush,8,prism_sanctuary,虹晶聖域,28,42,6,0,0,0,0,0,0,0,0,0,0,0,0,0,0,0,0,0,0,0,0,0,0,0,0,0,0,0,0,0
40,rush,9,poison_bog,毒霧の沼地,34,48,5,0,0,0,0,0,0,0,0,0,0,0,0,0,0,0,0,0,0,0,0,0,0,0,0,0,0,0,0,0
40,rush,10,machine_city,古代機械都市,39,57,6,0,0,0,0,0,0,0,0,0,0,0,0,0,0,0,0,0,0,0,0,0,0,0,0,0,0,0,0,0
40,rush,11,deep_sea_temple,深海神殿,46,66,6,0,0,0,0,0,0,0,0,0,0,0,0,0,0,0,0,0,0,0,0,0,0,0,0,0,0,0,0,0
40,rush,12,demon_gate,魔界門,54,76,7,0,0,0,0,0,0,0,0,0,0,0,0,0,0,0,0,0,0,0,0,0,0,0,0,0,0,0,0,0
40,rush,13,sky_ruins,天空遺跡,68,86,7,0,0,0,0,0,0,0,0,0,0,0,0,0,0,0,0,0,0,0,0,0,0,0,0,0,0,0,0,0
41,balanced,1,meadow,はじまり草原,1,4,2,1,1,1,2,6,6,4,2,0,3,3,2,39,1,0,10,70,6,1,15,0,0,0,9,5,0,0,230,920
41,balanced,2,cave,こだま洞くつ,3,7,2,1,1,7,8,12,8,7,1,0,3,4,3,44,2,0,14,80,3,1,16,0,0,0,12,30,0,0,1418,1742
41,balanced,3,brook,しずく湖畔,5,10,3,1,1,11,13,14,3,2,1,0,3,1,0,6,2,2,6,25,0,0,6,0,0,0,8,0,0,0,2270,3120
41,balanced,4,volcano,ほむら火山,8,14,4,1,1,14,14,19,14,13,1,0,3,6,5,36,2,2,22,73,3,1,7,0,0,0,23,50,0,0,2417,2683
41,balanced,5,tower,星晶の塔,12,20,5,1,1,19,18,22,11,10,1,0,3,4,3,33,2,2,17,83,1,1,23,0,0,0,17,51,0,0,2079,1855
41,balanced,6,snowfield,霜降り雪原,16,25,4,1,1,22,22,27,14,13,1,0,5,6,5,92,2,2,22,160,2,1,28,0,0,0,24,90,0,0,1438,2415
41,balanced,7,thunder_ruins,雷鳴遺跡,21,31,5,1,1,27,27,33,23,22,1,0,3,10,9,220,2,2,35,283,3,1,36,0,0,0,35,106,0,0,1871,5717
41,balanced,8,prism_sanctuary,虹晶聖域,28,42,6,1,1,33,35,55,121,110,0,11,19,53,52,434,2,2,176,1099,13,1,29,0,0,0,218,627,0,0,4428,4868
41,balanced,9,poison_bog,毒霧の沼地,34,48,5,1,1,55,55,59,15,14,1,0,5,6,5,64,2,2,23,119,3,1,12,0,0,0,24,191,0,0,3770,10611
41,balanced,10,machine_city,古代機械都市,39,57,6,1,1,59,60,68,44,43,1,0,3,20,19,269,2,2,66,426,8,1,41,0,0,0,65,498,0,0,8218,14328
41,balanced,11,deep_sea_temple,深海神殿,46,66,6,1,1,68,67,88,110,107,1,2,6,52,51,3693,2,2,164,4018,35,1,123,47,0,0,171,1392,0,0,11096,9943
41,balanced,12,demon_gate,魔界門,54,76,7,1,1,88,90,100,129,126,1,2,9,61,60,7583,2,2,192,8050,13,1,148,61,0,0,210,788,0,0,7700,29092
41,balanced,13,sky_ruins,天空遺跡,68,86,7,1,1,100,100,100,166,164,1,1,8,80,79,23201,2,2,248,23680,0,0,336,79,0,0,255,0,0,0,22529,38875
42,collector,1,meadow,はじまり草原,1,4,2,1,1,1,2,6,8,6,2,0,3,3,2,36,1,0,12,68,7,1,14,0,0,0,9,1,0,0,230,1153
42,collector,2,cave,こだま洞くつ,3,7,2,1,1,6,6,10,5,3,2,0,7,2,1,30,5,5,12,88,4,1,17,0,0,0,20,4,0,0,1411,3580
42,collector,3,brook,しずく湖畔,5,10,3,1,1,10,10,14,15,14,1,0,3,5,4,40,2,1,22,69,2,1,14,0,0,0,17,13,0,0,1892,1503
42,collector,4,volcano,ほむら火山,8,14,4,1,1,13,13,15,7,4,3,0,8,2,1,11,5,5,14,60,2,1,7,0,0,0,19,9,0,0,1530,3280
42,collector,5,tower,星晶の塔,12,20,5,1,1,15,14,19,19,16,1,2,11,5,4,20,5,5,29,103,2,1,9,0,0,0,36,25,0,0,1733,3540
42,collector,6,snowfield,霜降り雪原,16,25,4,1,1,19,23,34,61,59,2,0,8,20,19,1019,5,5,86,1218,20,1,61,13,0,0,78,150,0,0,1870,2962
42,collector,7,thunder_ruins,雷鳴遺跡,21,31,5,1,1,34,35,36,8,6,2,0,8,2,1,40,5,5,15,90,1,1,36,0,0,0,19,42,0,0,1565,4497
42,collector,8,prism_sanctuary,虹晶聖域,28,42,6,1,1,36,37,57,129,126,0,3,8,41,40,424,5,5,175,2494,29,1,69,4,0,0,176,628,0,0,2376,8659
42,collector,9,poison_bog,毒霧の沼地,34,48,5,1,1,57,57,58,8,6,2,0,10,2,1,13,5,5,15,110,1,1,26,0,0,0,30,76,1,0,4571,6557
42,collector,10,machine_city,古代機械都市,39,57,6,1,1,58,59,72,80,77,1,2,12,25,24,167,5,5,110,1444,17,1,54,4,0,0,169,674,0,0,3462,12995
42,collector,11,deep_sea_temple,深海神殿,46,66,6,1,1,72,70,95,146,141,3,2,11,47,46,7364,5,5,198,7930,55,1,276,49,0,0,171,1619,0,0,6860,18142
42,collector,12,demon_gate,魔界門,54,76,7,1,0,95,96,0,236,231,2,3,6,76,76,22704,0,0,312,36967,51,1,302,159,0,0,282,283,0,0,9576,0
42,collector,13,sky_ruins,天空遺跡,68,86,7,0,0,0,0,0,0,0,0,0,0,0,0,0,0,0,0,0,0,0,0,0,0,0,0,0,0,0,0,0
43,rush,1,meadow,はじまり草原,1,4,2,1,1,1,2,7,4,2,2,0,2,3,2,33,0,0,7,47,0,0,14,0,0,0,8,8,0,0,230,709
43,rush,2,cave,こだま洞くつ,3,7,2,1,1,7,7,11,10,10,0,0,0,9,8,66,0,0,19,87,0,0,9,0,0,0,26,17,0,0,709,1721
43,rush,3,brook,しずく湖畔,5,10,3,1,1,11,12,14,5,5,0,0,0,3,2,18,0,0,8,32,0,0,7,0,0,0,8,26,0,0,1721,1164
43,rush,4,volcano,ほむら火山,8,14,4,1,1,14,15,22,39,39,0,0,0,36,35,179,0,0,75,301,0,0,7,0,0,0,117,84,0,0,1164,979
43,rush,5,tower,星晶の塔,12,20,5,1,0,22,23,0,86,85,0,1,0,80,80,343,0,0,166,552,0,0,6,0,0,0,269,180,0,0,979,0
43,rush,6,snowfield,霜降り雪原,16,25,4,0,0,0,0,0,0,0,0,0,0,0,0,0,0,0,0,0,0,0,0,0,0,0,0,0,0,0,0,0
43,rush,7,thunder_ruins,雷鳴遺跡,21,31,5,0,0,0,0,0,0,0,0,0,0,0,0,0,0,0,0,0,0,0,0,0,0,0,0,0,0,0,0,0
43,rush,8,prism_sanctuary,虹晶聖域,28,42,6,0,0,0,0,0,0,0,0,0,0,0,0,0,0,0,0,0,0,0,0,0,0,0,0,0,0,0,0,0
43,rush,9,poison_bog,毒霧の沼地,34,48,5,0,0,0,0,0,0,0,0,0,0,0,0,0,0,0,0,0,0,0,0,0,0,0,0,0,0,0,0,0
43,rush,10,machine_city,古代機械都市,39,57,6,0,0,0,0,0,0,0,0,0,0,0,0,0,0,0,0,0,0,0,0,0,0,0,0,0,0,0,0,0
43,rush,11,deep_sea_temple,深海神殿,46,66,6,0,0,0,0,0,0,0,0,0,0,0,0,0,0,0,0,0,0,0,0,0,0,0,0,0,0,0,0,0
43,rush,12,demon_gate,魔界門,54,76,7,0,0,0,0,0,0,0,0,0,0,0,0,0,0,0,0,0,0,0,0,0,0,0,0,0,0,0,0,0
43,rush,13,sky_ruins,天空遺跡,68,86,7,0,0,0,0,0,0,0,0,0,0,0,0,0,0,0,0,0,0,0,0,0,0,0,0,0,0,0,0,0
44,balanced,1,meadow,はじまり草原,1,4,2,1,1,1,2,6,8,5,1,2,3,3,2,22,1,0,12,48,4,1,9,0,0,0,8,5,0,0,230,881
44,balanced,2,cave,こだま洞くつ,3,7,2,1,1,7,7,10,4,3,1,0,3,2,1,26,2,2,8,55,1,1,15,0,0,0,10,6,0,0,959,2711
44,balanced,3,brook,しずく湖畔,5,10,3,1,1,10,11,14,9,8,1,0,3,4,3,37,2,2,15,62,1,1,15,0,0,0,16,34,0,0,2100,1177
44,balanced,4,volcano,ほむら火山,8,14,4,1,1,14,13,16,10,9,1,0,3,4,3,49,2,2,16,80,1,1,15,0,0,0,17,19,0,0,912,1923
44,balanced,5,tower,星晶の塔,12,20,5,1,1,16,16,24,35,34,1,0,3,16,15,87,2,2,53,188,12,1,9,0,0,0,60,88,0,0,1490,2228
44,balanced,6,snowfield,霜降り雪原,16,25,4,1,1,24,25,34,43,42,0,1,7,20,19,200,2,2,65,317,16,1,32,0,0,0,70,174,0,0,1726,3579
44,balanced,7,thunder_ruins,雷鳴遺跡,21,31,5,1,1,34,34,37,13,12,1,0,4,5,4,40,2,2,20,77,4,1,9,0,0,0,21,72,0,0,2772,3093
44,balanced,8,prism_sanctuary,虹晶聖域,28,42,6,1,1,37,37,53,93,89,1,3,10,43,42,212,2,2,138,476,34,1,25,0,0,0,150,515,0,0,2396,4950
44,balanced,9,poison_bog,毒霧の沼地,34,48,5,1,1,53,53,54,5,5,0,0,7,1,0,6,2,2,8,30,1,1,8,0,0,0,8,0,0,0,3834,13287
44,balanced,10,machine_city,古代機械都市,39,57,6,1,1,54,55,58,14,13,1,0,5,5,4,29,2,2,21,74,4,1,7,0,0,0,21,286,0,0,10290,7402
44,balanced,11,deep_sea_temple,深海神殿,46,66,6,1,1,58,58,76,84,83,1,0,6,40,39,254,2,2,126,488,55,1,8,0,0,0,143,1063,0,0,5733,15901
44,balanced,12,demon_gate,魔界門,54,76,7,1,1,76,78,96,67,65,0,2,11,30,29,203,2,2,99,454,26,1,8,0,0,0,121,1071,0,0,12314,21577
44,balanced,13,sky_ruins,天空遺跡,68,86,7,1,1,96,98,100,95,94,1,0,4,45,44,6843,2,2,142,7126,39,1,186,39,0,0,142,488,0,0,16710,37672
45,collector,1,meadow,はじまり草原,1,4,2,1,1,1,2,6,12,10,1,1,3,4,3,36,1,0,17,79,8,1,12,0,0,0,11,1,0,0,230,1029
45,collector,2,cave,こだま洞くつ,3,7,2,1,1,6,5,10,8,7,1,0,2,3,2,48,1,0,12,83,3,1,18,0,0,0,4,7,0,0,1107,2724
45,collector,3,brook,しずく湖畔,5,10,3,1,1,10,10,15,18,15,3,0,4,6,5,62,1,0,25,98,3,1,14,0,0,0,19,27,0,0,3098,2191
45,collector,4,volcano,ほむら火山,8,14,4,1,1,13,14,16,7,6,1,0,7,2,1,37,5,5,14,75,0,0,24,0,0,0,12,11,0,0,2398,4530
45,collector,5,tower,星晶の塔,12,20,5,1,1,16,17,21,26,22,1,3,10,7,6,32,5,5,38,192,5,1,15,0,0,0,48,37,0,0,2392,2603
45,collector,6,snowfield,霜降り雪原,16,25,4,1,1,21,22,30,37,35,2,0,8,12,11,87,5,5,54,218,5,1,19,0,0,0,53,117,0,0,1375,2978
45,collector,7,thunder_ruins,雷鳴遺跡,21,31,5,1,1,30,30,32,8,6,2,0,8,2,1,13,5,5,15,54,0,0,7,0,0,0,20,27,0,0,1574,6079
45,collector,8,prism_sanctuary,虹晶聖域,28,42,6,1,1,32,33,62,186,177,0,9,11,58,57,291,5,5,249,871,32,1,25,0,0,0,240,906,0,0,3210,5649
45,collector,9,poison_bog,毒霧の沼地,34,48,5,1,1,62,62,63,5,4,1,0,9,1,0,5,5,5,11,50,0,0,7,0,0,0,17,0,0,0,2983,14120
45,collector,10,machine_city,古代機械都市,39,57,6,1,1,63,64,68,24,21,3,0,9,7,6,39,5,5,36,109,2,1,7,0,0,0,35,282,0,0,7453,16014
45,collector,11,deep_sea_temple,深海神殿,46,66,6,1,1,68,68,93,140,136,2,2,10,45,44,2140,5,5,190,2804,30,1,65,36,0,0,162,1589,0,0,8453,11008
45,collector,12,demon_gate,魔界門,54,76,7,1,1,93,93,94,11,8,2,1,9,2,1,134,5,5,18,277,1,1,67,3,0,0,28,136,0,0,5811,15533
45,collector,13,sky_ruins,天空遺跡,68,86,7,1,1,94,89,91,14,10,3,1,10,3,2,206,5,5,22,290,0,0,69,3,0,0,31,277,0,0,8199,20904
46,rush,1,meadow,はじまり草原,1,4,2,1,1,1,3,7,7,4,1,2,4,4,3,25,0,0,11,44,0,0,7,0,0,0,9,8,0,0,230,702
46,rush,2,cave,こだま洞くつ,3,7,2,1,1,7,7,10,5,4,1,0,1,4,3,27,0,0,9,43,0,0,7,0,0,0,11,15,0,0,702,1417
46,rush,3,brook,しずく湖畔,5,10,3,1,1,10,11,13,4,4,0,0,0,2,1,13,0,0,6,20,0,0,7,0,0,0,5,19,0,0,1417,1530
46,rush,4,volcano,ほむら火山,8,14,4,1,1,13,14,17,13,13,0,0,0,10,9,56,0,0,23,72,0,0,7,0,0,0,29,35,0,0,1530,960
46,rush,5,tower,星晶の塔,12,20,5,1,1,17,19,27,43,43,0,0,0,39,38,174,0,0,82,266,0,0,7,0,0,0,117,129,0,0,960,1895
46,rush,6,snowfield,霜降り雪原,16,25,4,1,0,27,28,0,84,84,0,0,0,80,80,387,0,0,164,572,0,0,7,0,0,0,242,288,0,0,1895,0
46,rush,7,thunder_ruins,雷鳴遺跡,21,31,5,0,0,0,0,0,0,0,0,0,0,0,0,0,0,0,0,0,0,0,0,0,0,0,0,0,0,0,0,0
46,rush,8,prism_sanctuary,虹晶聖域,28,42,6,0,0,0,0,0,0,0,0,0,0,0,0,0,0,0,0,0,0,0,0,0,0,0,0,0,0,0,0,0
46,rush,9,poison_bog,毒霧の沼地,34,48,5,0,0,0,0,0,0,0,0,0,0,0,0,0,0,0,0,0,0,0,0,0,0,0,0,0,0,0,0,0
46,rush,10,machine_city,古代機械都市,39,57,6,0,0,0,0,0,0,0,0,0,0,0,0,0,0,0,0,0,0,0,0,0,0,0,0,0,0,0,0,0
46,rush,11,deep_sea_temple,深海神殿,46,66,6,0,0,0,0,0,0,0,0,0,0,0,0,0,0,0,0,0,0,0,0,0,0,0,0,0,0,0,0,0
46,rush,12,demon_gate,魔界門,54,76,7,0,0,0,0,0,0,0,0,0,0,0,0,0,0,0,0,0,0,0,0,0,0,0,0,0,0,0,0,0
46,rush,13,sky_ruins,天空遺跡,68,86,7,0,0,0,0,0,0,0,0,0,0,0,0,0,0,0,0,0,0,0,0,0,0,0,0,0,0,0,0,0
47,balanced,1,meadow,はじまり草原,1,4,2,1,1,1,2,7,8,7,1,0,3,4,3,49,2,1,14,88,7,1,18,0,0,0,10,7,0,0,230,786
47,balanced,2,cave,こだま洞くつ,3,7,2,1,1,7,4,10,6,5,1,0,4,3,2,36,2,0,11,84,2,1,16,0,0,0,4,10,0,0,770,2691
47,balanced,3,brook,しずく湖畔,5,10,3,1,1,10,11,14,7,6,1,0,4,3,2,15,2,2,12,37,3,1,6,0,0,0,8,30,0,0,3199,2026
47,balanced,4,volcano,ほむら火山,8,14,4,1,1,14,14,17,6,5,1,0,5,2,1,10,2,2,10,36,1,1,7,0,0,0,7,22,0,0,1570,3062
47,balanced,5,tower,星晶の塔,12,20,5,1,1,17,18,23,21,20,1,0,4,9,8,49,2,2,32,97,5,1,9,0,0,0,31,75,0,0,2372,1797
47,balanced,6,snowfield,霜降り雪原,16,25,4,1,1,23,24,27,6,6,0,0,6,2,1,17,2,2,10,60,1,1,11,0,0,0,12,42,0,0,1393,4566
47,balanced,7,thunder_ruins,雷鳴遺跡,21,31,5,1,1,27,30,36,29,28,1,0,3,13,12,175,2,2,44,234,7,1,44,0,0,0,45,142,0,0,3537,5705
47,balanced,8,prism_sanctuary,虹晶聖域,28,42,6,1,1,36,38,48,63,51,1,11,15,24,23,107,2,2,89,326,5,1,9,0,0,0,116,303,0,0,4419,4946
47,balanced,9,poison_bog,毒霧の沼地,34,48,5,1,1,48,49,51,9,8,1,0,3,3,2,14,2,2,14,41,0,0,6,0,0,0,15,103,0,0,3831,10638
47,balanced,10,machine_city,古代機械都市,39,57,6,1,1,51,52,60,36,35,1,0,3,16,15,130,2,2,54,206,14,1,17,0,0,0,54,471,0,0,8239,14234
47,balanced,11,deep_sea_temple,深海神殿,46,66,6,1,1,60,61,81,86,85,1,0,3,41,40,312,2,2,129,568,49,1,26,0,0,0,132,1160,0,0,11023,10121
47,balanced,12,demon_gate,魔界門,54,76,7,1,1,81,83,99,66,62,1,3,9,29,28,3853,2,2,97,4785,36,1,157,32,0,0,116,1086,0,0,7839,14325
47,balanced,13,sky_ruins,天空遺跡,68,86,7,1,0,99,96,0,167,166,1,0,1,80,80,26915,0,0,247,27378,55,1,348,80,0,0,245,481,0,0,11094,0
48,collector,1,meadow,はじまり草原,1,4,2,1,1,1,2,6,8,6,2,0,6,3,2,33,4,0,15,107,5,1,16,0,0,0,14,1,0,0,230,1122
48,collector,2,cave,こだま洞くつ,3,7,2,1,1,9,9,11,8,6,2,0,3,3,2,45,1,0,12,73,5,1,17,0,0,0,10,10,0,0,3324,2851
48,collector,3,brook,しずく湖畔,5,10,3,1,1,13,10,12,9,7,2,0,7,3,2,20,5,5,17,70,3,1,9,0,0,0,23,10,0,0,4385,3336
48,collector,4,volcano,ほむら火山,8,14,4,1,1,12,13,15,7,5,2,0,7,2,1,17,5,5,14,66,2,1,11,0,0,0,21,9,0,0,1762,3540
48,collector,5,tower,星晶の塔,12,20,5,1,1,15,15,23,29,28,1,0,7,9,8,48,5,5,43,136,4,1,8,0,0,0,43,47,0,0,1870,4802
48,collector,6,snowfield,霜降り雪原,16,25,4,1,1,23,22,31,40,37,3,0,8,13,12,376,5,5,58,535,13,1,46,0,0,0,54,138,0,0,2536,2973
48,collector,7,thunder_ruins,雷鳴遺跡,21,31,5,1,1,31,32,35,14,13,1,0,7,4,3,75,5,5,23,124,1,1,31,0,0,0,26,39,0,0,1570,8488
48,collector,8,prism_sanctuary,虹晶聖域,28,42,6,1,1,35,33,62,279,195,2,82,40,59,58,1118,5,5,343,4306,51,1,67,15,0,0,374,799,1,18,4481,12745
48,collector,9,poison_bog,毒霧の沼地,34,48,5,1,1,62,62,66,49,45,4,0,9,9,8,184,5,5,63,456,4,1,54,1,0,0,47,275,1,20,6728,7659
48,collector,10,machine_city,古代機械都市,39,57,6,1,1,66,39,73,59,54,3,2,12,18,17,140,5,5,82,357,8,1,23,0,0,0,57,575,1,0,4044,9285
48,collector,11,deep_sea_temple,深海神殿,46,66,6,1,1,73,53,83,58,55,2,1,9,18,17,2580,5,5,81,2748,17,1,198,18,0,0,71,625,0,0,4902,11328
48,collector,12,demon_gate,魔界門,54,76,7,1,1,83,84,97,57,55,0,2,14,17,16,3785,5,5,79,4206,29,1,241,20,0,0,80,871,0,0,5980,15264
48,collector,13,sky_ruins,天空遺跡,68,86,7,1,1,97,86,94,31,28,3,0,10,9,8,1625,5,5,45,1767,13,1,187,9,0,0,44,536,0,0,8058,20542
49,rush,1,meadow,はじまり草原,1,4,2,1,1,1,2,6,13,4,1,8,9,4,3,32,0,0,17,68,0,0,11,0,0,0,16,6,0,0,230,703
49,rush,2,cave,こだま洞くつ,3,7,2,1,1,6,6,10,5,4,1,0,1,4,3,35,0,0,9,50,0,0,9,0,0,0,11,15,0,0,703,1411
49,rush,3,brook,しずく湖畔,5,10,3,1,1,10,11,14,6,6,0,0,0,4,3,21,0,0,10,35,0,0,6,0,0,0,10,26,0,0,1411,1149
49,rush,4,volcano,ほむら火山,8,14,4,1,1,14,14,19,20,20,0,0,0,17,16,106,0,0,37,142,0,0,7,0,0,0,50,48,0,0,1149,1862
49,rush,5,tower,星晶の塔,12,20,5,1,1,19,20,32,82,82,0,0,0,78,77,394,0,0,160,594,0,0,7,0,0,0,235,198,0,0,1862,1547
49,rush,6,snowfield,霜降り雪原,16,25,4,1,1,32,32,41,63,63,0,0,0,60,59,359,0,0,123,499,0,0,8,0,0,0,181,226,0,0,1547,2061
49,rush,7,thunder_ruins,雷鳴遺跡,21,31,5,1,1,41,41,48,56,56,0,0,0,52,51,283,0,0,108,387,0,0,8,0,0,0,155,242,0,0,2061,3869
49,rush,8,prism_sanctuary,虹晶聖域,28,42,6,1,0,48,49,0,88,86,0,2,0,80,80,329,0,0,168,649,0,0,7,0,0,0,278,543,0,0,3869,0
49,rush,9,poison_bog,毒霧の沼地,34,48,5,0,0,0,0,0,0,0,0,0,0,0,0,0,0,0,0,0,0,0,0,0,0,0,0,0,0,0,0,0
49,rush,10,machine_city,古代機械都市,39,57,6,0,0,0,0,0,0,0,0,0,0,0,0,0,0,0,0,0,0,0,0,0,0,0,0,0,0,0,0,0
49,rush,11,deep_sea_temple,深海神殿,46,66,6,0,0,0,0,0,0,0,0,0,0,0,0,0,0,0,0,0,0,0,0,0,0,0,0,0,0,0,0,0
49,rush,12,demon_gate,魔界門,54,76,7,0,0,0,0,0,0,0,0,0,0,0,0,0,0,0,0,0,0,0,0,0,0,0,0,0,0,0,0,0
49,rush,13,sky_ruins,天空遺跡,68,86,7,0,0,0,0,0,0,0,0,0,0,0,0,0,0,0,0,0,0,0,0,0,0,0,0,0,0,0,0,0
50,balanced,1,meadow,はじまり草原,1,4,2,1,1,1,3,6,5,2,2,1,4,2,1,21,2,1,9,57,4,1,12,0,0,0,11,3,0,0,230,1052
50,balanced,2,cave,こだま洞くつ,3,7,2,1,1,6,7,10,4,3,1,0,3,2,1,37,2,2,8,77,3,1,21,0,0,0,8,7,0,0,1184,3016
50,balanced,3,brook,しずく湖畔,5,10,3,1,1,10,10,14,7,6,1,0,3,3,2,18,2,2,12,43,0,0,10,0,0,0,9,27,0,0,2337,1578
50,balanced,4,volcano,ほむら火山,8,14,4,1,1,14,13,17,16,15,1,0,3,7,6,49,2,2,25,84,1,1,12,0,0,0,17,39,0,0,1223,1238
50,balanced,5,tower,星晶の塔,12,20,5,1,1,17,16,23,33,32,1,0,3,15,14,98,2,2,50,230,1,1,14,0,0,0,50,75,0,0,960,2266
50,balanced,6,snowfield,霜降り雪原,16,25,4,1,1,23,23,28,8,7,1,0,5,3,2,48,2,2,13,95,2,1,25,0,0,0,14,76,0,0,1756,3570
50,balanced,7,thunder_ruins,雷鳴遺跡,21,31,5,1,1,28,28,33,19,18,1,0,7,8,7,189,2,2,29,253,1,1,40,0,0,0,33,93,0,0,2765,3473
50,balanced,8,prism_sanctuary,虹晶聖域,28,42,6,1,1,33,34,52,92,89,1,2,6,43,42,297,2,2,137,765,8,1,33,0,0,0,156,539,0,0,2691,5423
50,balanced,9,poison_bog,毒霧の沼地,34,48,5,1,1,52,53,57,21,20,1,0,4,9,8,96,2,2,32,151,7,1,19,0,0,0,33,190,0,0,4201,11517
50,balanced,10,machine_city,古代機械都市,39,57,6,1,1,57,58,67,50,50,0,0,8,23,22,302,2,2,75,454,3,1,27,0,0,0,77,570,0,0,8919,7353
50,balanced,11,deep_sea_temple,深海神殿,46,66,6,1,1,67,66,87,103,101,1,1,4,49,48,1849,2,2,154,2297,11,1,75,24,0,0,165,1271,0,0,5695,14856
50,balanced,12,demon_gate,魔界門,54,76,7,1,1,87,86,97,47,44,1,2,9,20,19,1516,2,2,69,1700,25,1,88,19,0,0,83,838,0,0,11506,22373
50,balanced,13,sky_ruins,天空遺跡,68,86,7,1,0,97,99,0,167,166,1,0,1,80,80,18616,0,0,247,18983,60,1,242,80,0,0,243,210,0,0,17327,0
51,collector,1,meadow,はじまり草原,1,4,2,1,1,1,2,6,9,7,1,1,4,3,2,27,2,1,14,65,3,1,13,0,0,0,9,0,0,0,230,1122
51,collector,2,cave,こだま洞くつ,3,7,2,1,1,6,6,11,8,6,2,0,3,3,2,47,1,0,12,80,2,1,24,0,0,0,5,9,0,0,1066,2601
51,collector,3,brook,しずく湖畔,5,10,3,1,1,11,11,15,15,13,2,0,6,5,4,35,3,2,23,96,1,1,11,0,0,0,24,27,1,0,2995,1312
51,collector,4,volcano,ほむら火山,8,14,4,1,1,12,13,15,7,4,3,0,8,2,1,13,5,5,14,66,1,1,8,0,0,0,20,10,0,0,1224,4743
51,collector,5,tower,星晶の塔,12,20,5,1,1,15,16,22,31,29,0,2,10,9,8,42,5,5,45,205,5,1,17,0,0,0,53,41,0,0,2505,2686
51,collector,6,snowfield,霜降り雪原,16,25,4,1,1,22,22,33,58,55,3,0,9,19,18,579,5,5,82,720,14,1,51,2,0,0,74,165,0,0,1420,2943
51,collector,7,thunder_ruins,雷鳴遺跡,21,31,5,1,1,33,33,38,26,24,2,0,9,8,7,205,5,5,39,502,12,1,37,0,0,0,49,80,1,0,1555,5831
51,collector,8,prism_sanctuary,虹晶聖域,28,42,6,1,1,38,39,55,115,99,0,16,21,32,31,198,5,5,152,2287,30,1,80,20,0,0,209,465,0,0,3079,6424
51,collector,9,poison_bog,毒霧の沼地,34,48,5,1,1,55,55,56,5,3,2,0,10,1,0,5,5,5,11,55,0,0,6,0,0,0,19,0,0,0,3392,13894
51,collector,10,machine_city,古代機械都市,39,57,6,1,1,56,57,64,34,32,1,1,11,10,9,82,5,5,49,181,5,1,18,0,0,0,47,349,0,0,7334,15240
51,collector,11,deep_sea_temple,深海神殿,46,66,6,1,1,64,64,85,111,100,2,9,15,33,32,941,5,5,149,3278,40,1,152,31,0,0,172,1130,0,0,8045,11122
51,collector,12,demon_gate,魔界門,54,76,7,1,1,85,77,80,18,10,3,5,13,3,2,210,5,5,26,1631,4,1,141,13,0,0,52,191,0,0,5872,16789
51,collector,13,sky_ruins,天空遺跡,68,86,7,1,1,80,81,100,103,94,3,6,15,31,30,7208,5,5,139,7793,29,1,259,33,0,0,131,1242,0,0,8861,38259
52,rush,1,meadow,はじまり草原,1,4,2,1,1,1,2,5,3,1,2,0,2,2,1,23,0,0,5,33,0,0,12,0,0,0,5,3,0,0,230,925
52,rush,2,cave,こだま洞くつ,3,7,2,1,1,5,6,10,6,6,0,0,0,5,4,36,0,0,11,52,0,0,9,0,0,0,13,21,0,0,925,672
52,rush,3,brook,しずく湖畔,5,10,3,1,1,10,11,13,4,4,0,0,0,2,1,10,0,0,6,15,0,0,6,0,0,0,4,10,0,0,672,2160
52,rush,4,volcano,ほむら火山,8,14,4,1,1,13,14,23,53,52,0,1,0,49,48,252,0,0,102,412,0,0,6,0,0,0,165,99,0,0,2160,994
52,rush,5,tower,星晶の塔,12,20,5,1,0,23,24,0,85,85,0,0,0,80,80,349,0,0,165,547,0,0,7,0,0,0,242,197,0,0,994,0
52,rush,6,snowfield,霜降り雪原,16,25,4,0,0,0,0,0,0,0,0,0,0,0,0,0,0,0,0,0,0,0,0,0,0,0,0,0,0,0,0,0
52,rush,7,thunder_ruins,雷鳴遺跡,21,31,5,0,0,0,0,0,0,0,0,0,0,0,0,0,0,0,0,0,0,0,0,0,0,0,0,0,0,0,0,0
52,rush,8,prism_sanctuary,虹晶聖域,28,42,6,0,0,0,0,0,0,0,0,0,0,0,0,0,0,0,0,0,0,0,0,0,0,0,0,0,0,0,0,0
52,rush,9,poison_bog,毒霧の沼地,34,48,5,0,0,0,0,0,0,0,0,0,0,0,0,0,0,0,0,0,0,0,0,0,0,0,0,0,0,0,0,0
52,rush,10,machine_city,古代機械都市,39,57,6,0,0,0,0,0,0,0,0,0,0,0,0,0,0,0,0,0,0,0,0,0,0,0,0,0,0,0,0,0
52,rush,11,deep_sea_temple,深海神殿,46,66,6,0,0,0,0,0,0,0,0,0,0,0,0,0,0,0,0,0,0,0,0,0,0,0,0,0,0,0,0,0
52,rush,12,demon_gate,魔界門,54,76,7,0,0,0,0,0,0,0,0,0,0,0,0,0,0,0,0,0,0,0,0,0,0,0,0,0,0,0,0,0
52,rush,13,sky_ruins,天空遺跡,68,86,7,0,0,0,0,0,0,0,0,0,0,0,0,0,0,0,0,0,0,0,0,0,0,0,0,0,0,0,0,0
53,balanced,1,meadow,はじまり草原,1,4,2,1,1,1,2,7,6,5,1,0,3,3,2,24,2,1,11,62,4,1,11,0,0,0,8,6,0,0,230,875
53,balanced,2,cave,こだま洞くつ,3,7,2,1,1,7,7,10,4,3,1,0,3,2,1,28,2,2,8,61,3,1,15,0,0,0,12,7,0,0,839,2481
53,balanced,3,brook,しずく湖畔,5,10,3,1,1,10,11,14,7,7,0,0,3,3,2,18,2,1,12,47,0,0,12,0,0,0,12,29,0,0,1922,975
53,balanced,4,volcano,ほむら火山,8,14,4,1,1,14,14,17,6,5,1,0,4,2,1,16,2,2,10,41,2,1,11,0,0,0,12,25,0,0,1265,1809
53,balanced,5,tower,星晶の塔,12,20,5,1,1,17,17,23,20,19,0,1,8,8,7,37,2,2,30,100,5,1,8,0,0,0,34,59,0,0,1401,3047
53,balanced,6,snowfield,霜降り雪原,16,25,4,1,1,23,22,29,20,19,1,0,3,9,8,105,2,2,31,157,10,1,18,0,0,0,32,120,0,0,2361,2425
53,balanced,7,thunder_ruins,雷鳴遺跡,21,31,5,1,1,29,29,32,13,12,1,0,5,5,4,45,2,2,20,83,2,1,21,0,0,0,21,64,0,0,1878,3012
53,balanced,8,prism_sanctuary,虹晶聖域,28,42,6,1,1,32,33,50,105,82,0,23,30,39,38,197,2,2,146,762,23,1,28,0,0,0,222,439,0,0,2333,7120
53,balanced,9,poison_bog,毒霧の沼地,34,48,5,1,1,50,51,55,17,16,1,0,3,7,6,60,2,2,26,118,4,1,13,0,0,0,27,243,0,0,5515,5842
53,balanced,10,machine_city,古代機械都市,39,57,6,1,1,55,53,58,25,23,1,1,5,10,9,69,2,2,37,137,5,1,11,0,0,0,39,248,0,0,4525,12118
53,balanced,11,deep_sea_temple,深海神殿,46,66,6,1,1,58,59,83,109,105,1,3,8,51,50,1651,2,2,162,1961,38,1,66,24,0,0,182,1335,0,0,9385,18134
53,balanced,12,demon_gate,魔界門,54,76,7,1,1,83,84,98,53,52,1,0,5,24,23,2919,2,2,79,3086,25,1,135,24,0,0,88,1021,0,0,14044,13988
53,balanced,13,sky_ruins,天空遺跡,68,86,7,1,0,98,99,0,167,166,1,0,1,80,80,11485,0,0,247,11933,80,1,144,80,0,0,246,112,0,0,10833,0
54,collector,1,meadow,はじまり草原,1,4,2,1,1,1,3,6,8,7,1,0,2,3,2,24,1,0,12,48,2,1,12,0,0,0,6,1,0,0,230,1164
54,collector,2,cave,こだま洞くつ,3,7,2,1,1,7,7,12,11,9,2,0,7,4,3,91,5,4,20,168,6,1,27,0,0,0,24,17,0,0,1242,2098
54,collector,3,brook,しずく湖畔,5,10,3,1,1,11,11,14,9,7,2,0,7,3,2,17,5,5,17,65,0,0,8,0,0,0,23,12,0,0,1654,1348
54,collector,4,volcano,ほむら火山,8,14,4,1,1,14,10,17,28,26,2,0,7,9,8,147,5,5,42,349,5,1,28,0,0,0,44,29,0,0,713,1606
54,collector,5,tower,星晶の塔,12,20,5,1,1,17,17,24,35,33,2,0,8,11,10,240,5,5,51,407,3,1,80,2,0,0,50,43,0,0,850,3523
54,collector,6,snowfield,霜降り雪原,16,25,4,1,1,24,25,30,20,18,1,1,9,6,5,466,5,5,31,556,3,1,108,4,0,0,36,78,0,0,1861,2910
54,collector,7,thunder_ruins,雷鳴遺跡,21,31,5,1,1,30,30,32,44,41,3,0,10,4,3,172,5,5,53,299,5,1,66,1,0,0,30,45,0,30,1537,3673
54,collector,8,prism_sanctuary,虹晶聖域,28,42,6,1,1,32,34,51,130,122,2,6,16,30,29,257,5,5,165,2614,24,1,71,28,0,0,169,439,0,31,1941,7848
54,collector,9,poison_bog,毒霧の沼地,34,48,5,1,1,51,52,55,35,33,2,0,9,4,3,27,5,5,44,259,5,1,24,0,0,0,35,159,1,21,4144,6547
54,collector,10,machine_city,古代機械都市,39,57,6,1,1,55,39,63,61,58,2,1,11,19,18,538,5,5,85,772,12,1,56,5,0,0,74,660,1,0,3457,12935
54,collector,11,deep_sea_temple,深海神殿,46,66,6,1,1,63,58,79,94,88,2,4,10,29,28,2261,5,5,128,3265,22,1,135,27,0,0,147,1014,1,0,6828,17980
54,collector,12,demon_gate,魔界門,54,76,7,1,1,79,80,90,41,35,2,4,14,11,10,2534,5,5,57,3604,12,1,287,20,0,0,70,555,0,0,9490,15482
54,collector,13,sky_ruins,天空遺跡,68,86,7,1,0,90,91,0,224,216,2,6,9,71,71,23877,0,0,295,24582,39,1,346,72,0,0,232,730,0,0,8172,0
55,rush,1,meadow,はじまり草原,1,4,2,1,1,1,3,7,10,10,0,0,0,9,8,42,0,0,19,65,0,0,7,0,0,0,8,8,0,0,230,669
55,rush,2,cave,こだま洞くつ,3,7,2,1,1,7,8,13,29,21,1,7,8,21,20,104,0,0,50,177,0,0,6,0,0,0,48,22,0,0,669,1438
55,rush,3,brook,しずく湖畔,5,10,3,1,1,13,13,18,19,19,0,0,3,17,16,71,0,0,36,108,0,0,5,0,0,0,34,44,0,0,1438,1151
55,rush,4,volcano,ほむら火山,8,14,4,1,1,18,18,21,18,17,1,0,1,15,14,78,0,0,33,124,0,0,7,0,0,0,45,46,0,0,1151,978
55,rush,5,tower,星晶の塔,12,20,5,1,0,21,22,0,87,85,0,2,0,80,80,356,0,0,167,597,0,0,7,0,0,0,275,177,0,0,978,0
55,rush,6,snowfield,霜降り雪原,16,25,4,0,0,0,0,0,0,0,0,0,0,0,0,0,0,0,0,0,0,0,0,0,0,0,0,0,0,0,0,0
55,rush,7,thunder_ruins,雷鳴遺跡,21,31,5,0,0,0,0,0,0,0,0,0,0,0,0,0,0,0,0,0,0,0,0,0,0,0,0,0,0,0,0,0
55,rush,8,prism_sanctuary,虹晶聖域,28,42,6,0,0,0,0,0,0,0,0,0,0,0,0,0,0,0,0,0,0,0,0,0,0,0,0,0,0,0,0,0
55,rush,9,poison_bog,毒霧の沼地,34,48,5,0,0,0,0,0,0,0,0,0,0,0,0,0,0,0,0,0,0,0,0,0,0,0,0,0,0,0,0,0
55,rush,10,machine_city,古代機械都市,39,57,6,0,0,0,0,0,0,0,0,0,0,0,0,0,0,0,0,0,0,0,0,0,0,0,0,0,0,0,0,0
55,rush,11,deep_sea_temple,深海神殿,46,66,6,0,0,0,0,0,0,0,0,0,0,0,0,0,0,0,0,0,0,0,0,0,0,0,0,0,0,0,0,0
55,rush,12,demon_gate,魔界門,54,76,7,0,0,0,0,0,0,0,0,0,0,0,0,0,0,0,0,0,0,0,0,0,0,0,0,0,0,0,0,0
55,rush,13,sky_ruins,天空遺跡,68,86,7,0,0,0,0,0,0,0,0,0,0,0,0,0,0,0,0,0,0,0,0,0,0,0,0,0,0,0,0,0
56,balanced,1,meadow,はじまり草原,1,4,2,1,1,1,2,7,6,5,1,0,2,3,2,23,1,0,10,42,3,1,9,0,0,0,5,6,0,0,230,863
56,balanced,2,cave,こだま洞くつ,3,7,2,1,1,7,7,11,6,6,0,0,4,3,2,56,2,0,11,121,2,1,26,0,0,0,7,17,0,0,941,1989
56,balanced,3,brook,しずく湖畔,5,10,3,1,1,12,12,13,3,2,1,0,4,1,0,17,2,2,6,35,1,1,17,0,0,0,5,0,0,0,2257,3503
56,balanced,4,volcano,ほむら火山,8,14,4,1,1,13,12,18,22,20,0,2,8,9,8,120,2,2,33,201,1,1,21,0,0,0,24,41,0,0,2714,3639
56,balanced,5,tower,星晶の塔,12,20,5,1,1,18,17,27,49,48,1,0,3,23,22,186,2,2,74,326,0,0,20,0,0,0,72,139,0,0,2819,1802
56,balanced,6,snowfield,霜降り雪原,16,25,4,1,1,27,27,29,6,5,1,0,3,2,1,36,2,2,10,64,0,0,29,0,0,0,11,32,0,0,1396,2435
56,balanced,7,thunder_ruins,雷鳴遺跡,21,31,5,1,1,29,30,37,32,30,1,1,7,14,13,153,2,2,48,248,0,0,25,0,0,0,52,158,0,0,1886,5214
56,balanced,8,prism_sanctuary,虹晶聖域,28,42,6,1,1,37,38,55,119,101,1,17,25,49,48,316,2,2,170,850,0,0,18,0,0,0,217,566,0,0,4039,4897
56,balanced,9,poison_bog,毒霧の沼地,34,48,5,1,1,55,56,60,25,24,1,0,4,11,10,77,2,2,38,141,0,0,17,0,0,0,39,213,0,0,3793,11464
56,balanced,10,machine_city,古代機械都市,39,57,6,1,1,60,61,70,46,45,1,0,4,21,20,293,2,2,69,445,0,0,47,0,0,0,68,558,0,0,8879,14340
56,balanced,11,deep_sea_temple,深海神殿,46,66,6,1,1,70,68,89,112,107,1,4,11,52,51,1953,2,2,166,2462,33,1,67,30,0,0,183,1382,0,0,11106,10048
56,balanced,12,demon_gate,魔界門,54,76,7,1,1,89,90,100,69,68,1,0,7,32,31,3965,2,2,103,4344,61,1,144,34,0,0,122,740,0,0,7782,26848
56,balanced,13,sky_ruins,天空遺跡,68,86,7,1,0,100,100,0,167,167,0,0,7,80,80,11543,0,0,247,11950,107,1,146,80,0,0,249,0,0,0,20792,0
57,collector,1,meadow,はじまり草原,1,4,2,1,1,1,2,6,12,9,2,1,4,4,3,47,1,0,17,82,7,1,18,0,0,0,13,0,0,0,230,1029
57,collector,2,cave,こだま洞くつ,3,7,2,1,1,6,7,10,8,7,1,0,6,3,2,54,5,5,16,135,3,1,23,0,0,0,15,7,0,0,1287,2698
57,collector,3,brook,しずく湖畔,5,10,3,1,1,10,11,15,18,15,3,0,8,6,5,61,5,5,29,136,2,1,17,0,0,0,32,14,0,0,1426,2225
57,collector,4,volcano,ほむら火山,8,14,4,1,1,15,13,16,13,11,2,0,8,4,3,68,5,5,22,132,3,1,23,0,0,0,29,21,0,0,1176,1592
57,collector,5,tower,星晶の塔,12,20,5,1,1,16,16,22,35,29,3,3,12,10,9,151,5,5,50,293,3,1,58,1,0,0,56,35,0,0,842,2294
57,collector,6,snowfield,霜降り雪原,16,25,4,1,1,22,23,28,20,18,1,1,8,6,5,408,5,5,31,528,10,1,74,6,0,0,40,78,1,0,1212,4618
57,collector,7,thunder_ruins,雷鳴遺跡,21,31,5,1,1,28,28,33,25,21,2,2,11,7,6,252,5,5,37,360,5,1,84,2,0,0,45,61,0,0,2439,3695
57,collector,8,prism_sanctuary,虹晶聖域,28,42,6,1,1,33,34,53,114,110,1,3,9,36,35,306,5,5,155,2028,19,1,102,21,0,0,150,543,0,0,1951,5597
57,collector,9,poison_bog,毒霧の沼地,34,48,5,1,1,53,54,57,14,11,3,0,9,4,3,28,5,5,23,89,0,0,9,0,0,0,27,138,0,0,2956,9661
57,collector,10,machine_city,古代機械都市,39,57,6,1,1,57,57,69,73,70,2,1,11,23,22,235,5,5,101,1229,16,1,138,8,0,0,96,601,0,0,5100,8164
57,collector,11,deep_sea_temple,深海神殿,46,66,6,1,1,69,67,79,78,67,2,9,17,22,21,1984,5,5,105,3282,8,1,243,16,0,0,129,697,1,0,4311,16107
57,collector,12,demon_gate,魔界門,54,76,7,1,1,79,80,93,57,50,2,5,15,16,15,4436,5,5,78,5913,23,1,299,29,0,0,96,772,0,0,8502,22325
57,collector,13,sky_ruins,天空遺跡,68,86,7,1,1,93,94,96,10,7,3,0,9,2,1,477,5,5,17,555,4,1,240,2,0,0,23,201,0,0,11784,22589
58,rush,1,meadow,はじまり草原,1,4,2,1,1,1,2,7,8,5,1,2,4,5,4,33,0,0,13,53,0,0,8,0,0,0,11,9,0,0,230,597
58,rush,2,cave,こだま洞くつ,3,7,2,1,1,7,7,12,9,8,1,0,1,8,7,56,0,0,17,79,0,0,8,0,0,0,23,30,0,0,597,677
58,rush,3,brook,しずく湖畔,5,10,3,1,1,12,12,15,13,13,0,0,0,11,10,62,0,0,24,89,0,0,7,0,0,0,32,16,0,0,677,1328
58,rush,4,volcano,ほむら火山,8,14,4,1,1,15,16,24,56,56,0,0,0,53,52,266,0,0,109,412,0,0,6,0,0,0,165,103,0,0,1328,975
58,rush,5,tower,星晶の塔,12,20,5,1,0,24,24,0,85,85,0,0,0,80,80,351,0,0,165,559,0,0,7,0,0,0,260,181,0,0,975,0
58,rush,6,snowfield,霜降り雪原,16,25,4,0,0,0,0,0,0,0,0,0,0,0,0,0,0,0,0,0,0,0,0,0,0,0,0,0,0,0,0,0
58,rush,7,thunder_ruins,雷鳴遺跡,21,31,5,0,0,0,0,0,0,0,0,0,0,0,0,0,0,0,0,0,0,0,0,0,0,0,0,0,0,0,0,0
58,rush,8,prism_sanctuary,虹晶聖域,28,42,6,0,0,0,0,0,0,0,0,0,0,0,0,0,0,0,0,0,0,0,0,0,0,0,0,0,0,0,0,0
58,rush,9,poison_bog,毒霧の沼地,34,48,5,0,0,0,0,0,0,0,0,0,0,0,0,0,0,0,0,0,0,0,0,0,0,0,0,0,0,0,0,0
58,rush,10,machine_city,古代機械都市,39,57,6,0,0,0,0,0,0,0,0,0,0,0,0,0,0,0,0,0,0,0,0,0,0,0,0,0,0,0,0,0
58,rush,11,deep_sea_temple,深海神殿,46,66,6,0,0,0,0,0,0,0,0,0,0,0,0,0,0,0,0,0,0,0,0,0,0,0,0,0,0,0,0,0
58,rush,12,demon_gate,魔界門,54,76,7,0,0,0,0,0,0,0,0,0,0,0,0,0,0,0,0,0,0,0,0,0,0,0,0,0,0,0,0,0
58,rush,13,sky_ruins,天空遺跡,68,86,7,0,0,0,0,0,0,0,0,0,0,0,0,0,0,0,0,0,0,0,0,0,0,0,0,0,0,0,0,0
59,balanced,1,meadow,はじまり草原,1,4,2,1,1,1,2,6,8,4,2,2,5,3,2,34,1,0,12,61,3,1,14,0,0,0,11,5,0,0,230,869
59,balanced,2,cave,こだま洞くつ,3,7,2,1,1,7,7,11,6,5,1,0,2,3,2,42,1,0,10,67,3,1,22,0,0,0,4,16,0,0,2067,2479
59,balanced,3,brook,しずく湖畔,5,10,3,1,1,12,12,15,7,6,1,0,4,3,2,15,2,2,12,45,2,1,8,0,0,0,9,29,0,0,2873,1652
59,balanced,4,volcano,ほむら火山,8,14,4,1,1,15,12,14,6,5,1,0,4,2,1,12,2,2,10,39,1,1,7,0,0,0,7,11,0,0,1280,2300
59,balanced,5,tower,星晶の塔,12,20,5,1,1,14,15,26,49,46,1,2,7,22,21,108,2,2,73,228,10,1,7,0,0,0,74,124,0,0,1782,3073
59,balanced,6,snowfield,霜降り雪原,16,25,4,1,1,26,27,32,24,24,0,0,6,11,10,74,2,2,37,135,6,1,12,0,0,0,37,116,0,0,2381,2867
59,balanced,7,thunder_ruins,雷鳴遺跡,21,31,5,1,1,32,33,35,9,8,1,0,3,3,2,17,2,2,14,44,4,1,7,0,0,0,13,51,0,0,2221,3110
59,balanced,8,prism_sanctuary,虹晶聖域,28,42,6,1,1,35,36,57,123,118,0,5,9,57,56,264,2,2,182,658,50,1,9,0,0,0,221,693,0,0,2409,7145
59,balanced,9,poison_bog,毒霧の沼地,34,48,5,1,1,57,57,59,9,8,1,0,3,3,2,16,2,1,14,51,3,1,8,0,0,0,12,126,0,0,5534,6008
59,balanced,10,machine_city,古代機械都市,39,57,6,1,1,60,57,60,10,9,1,0,6,3,2,18,2,2,15,66,4,1,7,0,0,0,19,214,0,0,11992,18062
59,balanced,11,deep_sea_temple,深海神殿,46,66,6,1,1,60,61,84,108,106,0,2,10,51,50,300,2,2,161,640,103,1,9,0,0,0,207,1406,0,0,13988,9927
59,balanced,12,demon_gate,魔界門,54,76,7,1,1,84,86,96,45,42,1,2,4,19,18,114,2,2,66,253,15,1,7,0,0,0,82,674,0,0,7688,15438
59,balanced,13,sky_ruins,天空遺跡,68,86,7,1,0,96,97,0,167,166,1,0,3,80,80,481,0,0,247,894,16,1,7,0,0,0,269,429,0,0,11956,0
60,collector,1,meadow,はじまり草原,1,4,2,1,1,1,2,6,8,7,1,0,6,3,2,27,5,5,16,97,4,1,14,0,0,0,15,1,0,0,230,1119
60,collector,2,cave,こだま洞くつ,3,7,2,1,1,6,6,11,14,13,1,0,3,5,4,81,1,0,20,122,6,1,23,0,0,0,15,14,0,0,592,1205
60,collector,3,brook,しずく湖畔,5,10,3,1,1,11,12,12,3,1,2,0,8,1,0,7,5,5,9,44,1,1,7,0,0,0,18,0,0,0,2179,3089
60,collector,4,volcano,ほむら火山,8,14,4,1,1,12,12,14,7,4,3,0,8,2,1,11,5,5,14,67,1,1,7,0,0,0,24,9,0,0,1632,2327
60,collector,5,tower,星晶の塔,12,20,5,1,1,14,16,20,21,18,2,1,10,6,5,37,5,5,32,133,2,1,12,0,0,0,38,37,0,0,1230,2283
60,collector,6,snowfield,霜降り雪原,16,25,4,1,1,20,21,27,19,17,2,0,8,6,5,85,5,5,30,167,5,1,44,0,0,0,34,70,0,0,1207,4125
60,collector,7,thunder_ruins,雷鳴遺跡,21,31,5,1,1,27,30,30,16,13,3,0,9,1,0,7,5,5,22,66,0,0,7,0,0,0,19,0,0,11,2178,5442
60,collector,8,prism_sanctuary,虹晶聖域,28,42,6,1,1,30,31,47,120,105,0,15,16,24,23,121,5,5,149,2790,30,1,61,19,0,0,191,337,0,31,2874,5594
60,collector,9,poison_bog,毒霧の沼地,34,48,5,1,1,47,45,52,49,47,2,0,9,8,7,38,5,5,62,484,9,1,35,0,0,0,59,215,1,23,2955,9589
60,collector,10,machine_city,古代機械都市,39,57,6,1,1,52,39,51,44,39,3,2,12,13,12,208,5,5,62,352,7,1,46,0,0,0,44,454,1,0,5062,8479
60,collector,11,deep_sea_temple,深海神殿,46,66,6,1,1,51,53,80,117,113,1,3,11,37,36,1801,5,5,159,2374,15,1,85,29,0,0,144,1336,0,0,4476,16086
60,collector,12,demon_gate,魔界門,54,76,7,1,1,80,81,96,69,59,2,8,15,19,18,5011,5,5,93,12841,38,1,352,75,0,0,132,824,0,0,8492,22924
60,collector,13,sky_ruins,天空遺跡,68,86,7,1,0,96,97,0,249,244,3,2,5,80,80,30476,0,0,329,33640,30,1,384,107,0,0,276,308,0,0,12100,0
61,rush,1,meadow,はじまり草原,1,4,2,1,1,1,2,7,5,4,1,0,1,4,3,28,0,0,9,45,0,0,8,0,0,0,6,8,0,0,230,711
61,rush,2,cave,こだま洞くつ,3,7,2,1,1,7,7,11,10,9,1,0,1,9,8,69,0,0,19,91,0,0,10,0,0,0,26,21,0,0,711,1400
61,rush,3,brook,しずく湖畔,5,10,3,1,1,11,12,14,4,4,0,0,0,2,1,13,0,0,6,23,0,0,7,0,0,0,5,21,0,0,1400,1135
61,rush,4,volcano,ほむら火山,8,14,4,1,1,14,14,21,37,36,0,1,0,33,32,170,0,0,70,287,0,0,7,0,0,0,107,69,0,0,1135,1006
61,rush,5,tower,星晶の塔,12,20,5,1,0,21,22,0,85,85,0,0,0,80,80,340,0,0,165,563,0,0,7,0,0,0,262,196,0,0,1006,0
61,rush,6,snowfield,霜降り雪原,16,25,4,0,0,0,0,0,0,0,0,0,0,0,0,0,0,0,0,0,0,0,0,0,0,0,0,0,0,0,0,0
61,rush,7,thunder_ruins,雷鳴遺跡,21,31,5,0,0,0,0,0,0,0,0,0,0,0,0,0,0,0,0,0,0,0,0,0,0,0,0,0,0,0,0,0
61,rush,8,prism_sanctuary,虹晶聖域,28,42,6,0,0,0,0,0,0,0,0,0,0,0,0,0,0,0,0,0,0,0,0,0,0,0,0,0,0,0,0,0
61,rush,9,poison_bog,毒霧の沼地,34,48,5,0,0,0,0,0,0,0,0,0,0,0,0,0,0,0,0,0,0,0,0,0,0,0,0,0,0,0,0,0
61,rush,10,machine_city,古代機械都市,39,57,6,0,0,0,0,0,0,0,0,0,0,0,0,0,0,0,0,0,0,0,0,0,0,0,0,0,0,0,0,0
61,rush,11,deep_sea_temple,深海神殿,46,66,6,0,0,0,0,0,0,0,0,0,0,0,0,0,0,0,0,0,0,0,0,0,0,0,0,0,0,0,0,0
61,rush,12,demon_gate,魔界門,54,76,7,0,0,0,0,0,0,0,0,0,0,0,0,0,0,0,0,0,0,0,0,0,0,0,0,0,0,0,0,0
61,rush,13,sky_ruins,天空遺跡,68,86,7,0,0,0,0,0,0,0,0,0,0,0,0,0,0,0,0,0,0,0,0,0,0,0,0,0,0,0,0,0
62,balanced,1,meadow,はじまり草原,1,4,2,1,1,1,3,7,8,5,1,2,4,3,2,21,1,0,12,56,3,1,10,0,0,0,8,5,0,0,230,899
62,balanced,2,cave,こだま洞くつ,3,7,2,1,1,7,7,11,6,6,0,0,1,3,2,46,1,0,10,72,3,1,25,0,0,0,4,13,0,0,977,2568
62,balanced,3,brook,しずく湖畔,5,10,3,1,1,12,8,9,3,2,1,0,5,1,0,6,2,2,6,23,0,0,6,0,0,0,5,0,0,0,3122,3789
62,balanced,4,volcano,ほむら火山,8,14,4,1,1,9,12,18,16,15,1,0,4,7,6,70,2,2,25,119,5,1,15,0,0,0,26,60,0,0,2935,1226
62,balanced,5,tower,星晶の塔,12,20,5,1,1,18,18,26,39,34,1,4,7,16,15,86,2,2,57,212,3,1,15,0,0,0,67,76,0,0,950,4269
62,balanced,6,snowfield,霜降り雪原,16,25,4,1,1,26,27,32,28,27,1,0,4,13,12,148,2,2,43,239,5,1,29,0,0,0,45,136,0,0,3307,2975
62,balanced,7,thunder_ruins,雷鳴遺跡,21,31,5,1,1,32,33,37,23,23,0,0,3,10,9,197,2,2,35,262,6,1,30,0,0,0,37,104,0,0,2304,3053
62,balanced,8,prism_sanctuary,虹晶聖域,28,42,6,1,1,37,37,53,88,87,1,0,4,42,41,258,2,2,132,473,17,1,22,0,0,0,138,531,0,0,2365,7039
62,balanced,9,poison_bog,毒霧の沼地,34,48,5,1,1,53,54,55,5,4,1,0,4,1,0,5,2,2,8,27,0,0,7,0,0,0,8,0,0,0,5452,12067
62,balanced,10,machine_city,古代機械都市,39,57,6,1,1,55,55,60,24,23,1,0,3,10,9,68,2,2,36,128,13,1,13,0,0,0,35,374,0,0,9345,12950
62,balanced,11,deep_sea_temple,深海神殿,46,66,6,1,1,60,62,80,85,80,0,5,13,38,37,495,2,2,125,743,33,1,58,5,0,0,143,1007,0,0,10029,16803
62,balanced,12,demon_gate,魔界門,54,76,7,1,1,80,81,99,67,66,1,0,4,31,30,1954,2,2,100,2836,51,1,69,42,0,0,130,1248,0,0,13013,14379
62,balanced,13,sky_ruins,天空遺跡,68,86,7,1,0,99,100,0,167,166,1,0,2,80,80,5701,0,0,247,6088,121,1,73,80,0,0,250,0,0,0,11136,0
63,collector,1,meadow,はじまり草原,1,4,2,1,1,1,2,6,8,7,1,0,2,3,2,28,1,0,12,63,3,1,12,0,0,0,7,1,0,0,230,1130
63,collector,2,cave,こだま洞くつ,3,7,2,1,1,6,4,9,8,6,2,0,7,3,2,36,5,0,16,118,2,1,15,0,0,0,5,4,0,0,1208,3130
63,collector,3,brook,しずく湖畔,5,10,3,1,1,12,13,14,6,4,2,0,7,2,1,12,5,5,13,61,2,1,10,0,0,0,19,10,0,0,5200,4673
63,collector,4,volcano,ほむら火山,8,14,4,1,1,14,12,17,10,8,2,0,7,3,2,21,5,5,18,104,6,1,15,0,0,0,26,16,0,0,2468,5961
63,collector,5,tower,星晶の塔,12,20,5,1,1,17,17,19,11,10,1,0,7,3,2,15,5,5,19,110,0,0,17,0,0,0,27,31,0,0,3147,2778
63,collector,6,snowfield,霜降り雪原,16,25,4,1,1,19,21,30,36,33,1,2,11,11,10,294,5,5,52,483,9,1,71,2,0,0,61,107,0,0,1467,7619
63,collector,7,thunder_ruins,雷鳴遺跡,21,31,5,1,1,30,31,33,8,8,0,0,6,2,1,18,5,5,15,58,0,0,13,0,0,0,21,30,0,0,4022,13043
63,collector,8,prism_sanctuary,虹晶聖域,28,42,6,1,1,33,33,54,139,121,2,16,16,40,39,273,5,5,184,2568,27,1,83,24,0,0,184,598,1,0,6885,5652
63,collector,9,poison_bog,毒霧の沼地,34,48,5,1,1,54,54,54,5,3,2,0,9,1,0,20,5,5,11,72,0,0,20,0,0,0,21,0,0,0,2985,9617
63,collector,10,machine_city,古代機械都市,39,57,6,1,1,54,55,66,64,61,2,1,8,20,19,153,5,5,89,1227,8,1,102,10,0,0,82,583,0,0,5077,8320
63,collector,11,deep_sea_temple,深海神殿,46,66,6,1,1,66,66,86,117,105,3,9,17,35,34,3598,5,5,157,6086,30,1,248,41,0,0,168,1154,0,0,4393,11163
63,collector,12,demon_gate,魔界門,54,76,7,1,1,86,85,87,38,14,2,22,31,4,3,801,5,5,47,2588,13,1,202,15,0,0,104,167,0,0,5893,15596
63,collector,13,sky_ruins,天空遺跡,68,86,7,1,1,87,88,100,73,61,3,9,17,20,19,4343,5,5,98,7085,31,1,230,43,0,0,128,908,0,0,8232,29215
64,rush,1,meadow,はじまり草原,1,4,2,1,1,1,2,6,6,3,1,2,3,3,2,24,0,0,9,41,0,0,10,0,0,0,7,7,0,0,230,707
64,rush,2,cave,こだま洞くつ,3,7,2,1,1,6,6,10,5,4,1,0,1,4,3,30,0,0,9,40,0,0,9,0,0,0,10,15,0,0,707,1404
64,rush,3,brook,しずく湖畔,5,10,3,1,1,10,11,14,6,6,0,0,0,4,3,23,0,0,10,32,0,0,7,0,0,0,10,27,0,0,1404,1138
64,rush,4,volcano,ほむら火山,8,14,4,1,1,14,15,18,13,13,0,0,0,10,9,57,0,0,23,81,0,0,7,0,0,0,29,40,0,0,1138,977
64,rush,5,tower,星晶の塔,12,20,5,1,1,18,19,30,63,63,0,0,0,59,58,289,0,0,122,411,0,0,7,0,0,0,175,159,0,0,977,1519
64,rush,6,snowfield,霜降り雪原,16,25,4,1,1,30,30,38,48,48,0,0,0,45,44,260,0,0,93,347,0,0,7,0,0,0,134,182,0,0,1519,2113
64,rush,7,thunder_ruins,雷鳴遺跡,21,31,5,1,1,38,38,45,47,47,0,0,0,43,42,241,0,0,90,308,0,0,7,0,0,0,128,206,0,0,2113,3861
64,rush,8,prism_sanctuary,虹晶聖域,28,42,6,1,0,45,46,0,86,86,0,0,0,80,80,347,0,0,166,583,0,0,6,0,0,0,261,564,0,0,3861,0
64,rush,9,poison_bog,毒霧の沼地,34,48,5,0,0,0,0,0,0,0,0,0,0,0,0,0,0,0,0,0,0,0,0,0,0,0,0,0,0,0,0,0
64,rush,10,machine_city,古代機械都市,39,57,6,0,0,0,0,0,0,0,0,0,0,0,0,0,0,0,0,0,0,0,0,0,0,0,0,0,0,0,0,0
64,rush,11,deep_sea_temple,深海神殿,46,66,6,0,0,0,0,0,0,0,0,0,0,0,0,0,0,0,0,0,0,0,0,0,0,0,0,0,0,0,0,0
64,rush,12,demon_gate,魔界門,54,76,7,0,0,0,0,0,0,0,0,0,0,0,0,0,0,0,0,0,0,0,0,0,0,0,0,0,0,0,0,0
64,rush,13,sky_ruins,天空遺跡,68,86,7,0,0,0,0,0,0,0,0,0,0,0,0,0,0,0,0,0,0,0,0,0,0,0,0,0,0,0,0,0
65,balanced,1,meadow,はじまり草原,1,4,2,1,1,1,2,6,16,5,1,10,10,3,2,24,1,0,20,74,4,1,11,0,0,0,16,3,0,0,230,904
65,balanced,2,cave,こだま洞くつ,3,7,2,1,1,7,7,11,6,5,1,0,3,3,2,35,2,0,11,80,4,1,18,0,0,0,11,18,0,0,982,2348
65,balanced,3,brook,しずく湖畔,5,10,3,1,1,10,12,15,7,6,1,0,3,3,2,20,2,2,12,47,1,1,8,0,0,0,14,24,0,0,2856,2113
65,balanced,4,volcano,ほむら火山,8,14,4,1,1,15,15,18,6,5,1,0,3,2,1,12,2,2,10,38,0,0,8,0,0,0,11,18,0,0,1637,3396
65,balanced,5,tower,星晶の塔,12,20,5,1,1,18,19,27,41,41,0,0,7,19,18,104,2,2,62,207,12,1,9,0,0,0,66,134,0,0,2631,1895
65,balanced,6,snowfield,霜降り雪原,16,25,4,1,1,27,27,35,50,49,1,0,6,24,23,159,2,2,76,258,21,1,9,0,0,0,78,175,0,0,1468,2449
65,balanced,7,thunder_ruins,雷鳴遺跡,21,31,5,1,1,35,36,37,5,4,1,0,4,1,0,4,2,2,8,26,0,0,6,0,0,0,7,0,0,0,1898,7414
65,balanced,8,prism_sanctuary,虹晶聖域,28,42,6,1,1,37,40,47,39,35,1,3,7,16,15,80,2,2,57,202,12,1,10,0,0,0,64,248,0,0,5742,4934
65,balanced,9,poison_bog,毒霧の沼地,34,48,5,1,1,47,48,49,7,6,1,0,6,2,1,14,2,2,11,48,4,1,7,0,0,0,11,92,0,0,3821,10591
65,balanced,10,machine_city,古代機械都市,39,57,6,1,1,49,50,57,26,26,0,0,8,11,10,61,2,2,39,155,12,1,7,0,0,0,43,376,0,0,8203,14167
65,balanced,11,deep_sea_temple,深海神殿,46,66,6,1,1,57,57,81,106,106,0,0,8,51,50,303,2,2,159,580,68,1,8,0,0,0,177,1405,0,0,10971,9934
65,balanced,12,demon_gate,魔界門,54,76,7,1,1,81,82,93,46,42,1,3,11,19,18,126,2,2,67,294,13,1,8,0,0,0,83,741,0,0,7693,14347
65,balanced,13,sky_ruins,天空遺跡,68,86,7,1,1,93,94,100,77,77,0,0,9,36,35,238,2,2,115,438,23,1,8,0,0,0,120,618,0,0,11111,37762
66,collector,1,meadow,はじまり草原,1,4,2,1,1,1,2,7,14,13,1,0,2,5,4,55,1,0,20,99,5,1,14,0,0,0,9,1,0,0,230,1319
66,collector,2,cave,こだま洞くつ,3,7,2,1,1,8,8,12,11,9,2,0,7,4,3,83,5,3,20,188,6,1,27,0,0,0,14,14,0,0,1597,2055
66,collector,3,brook,しずく湖畔,5,10,3,1,1,12,7,9,6,3,3,0,8,2,1,11,5,5,13,52,2,1,6,0,0,0,20,5,0,0,1764,1925
66,collector,4,volcano,ほむら火山,8,14,4,1,1,9,10,17,21,17,2,2,9,6,5,34,5,5,32,180,3,1,11,0,0,0,43,27,1,0,1018,2806
66,collector,5,tower,星晶の塔,12,20,5,1,1,17,17,24,39,38,0,1,8,12,11,49,5,5,56,353,8,1,17,0,0,0,67,50,0,0,1483,2371
66,collector,6,snowfield,霜降り雪原,16,25,4,1,1,24,25,33,45,40,3,2,11,14,13,375,5,5,64,573,3,1,44,0,0,0,63,122,0,0,1253,2979
66,collector,7,thunder_ruins,雷鳴遺跡,21,31,5,1,1,33,31,40,47,45,2,0,10,15,14,643,5,5,67,931,7,1,99,3,0,0,71,157,1,0,1575,5856
66,collector,8,prism_sanctuary,虹晶聖域,28,42,6,1,1,40,40,53,92,88,2,2,10,29,28,294,5,5,126,2185,23,1,107,23,0,0,139,466,0,0,3092,5623
66,collector,9,poison_bog,毒霧の沼地,34,48,5,1,1,53,54,55,8,4,4,0,9,2,1,13,5,5,15,67,1,1,8,0,0,0,21,69,0,0,2970,13072
66,collector,10,machine_city,古代機械都市,39,57,6,1,1,55,56,64,46,43,2,1,9,14,13,160,5,5,65,546,9,1,88,3,0,0,62,406,0,0,6901,14980
66,collector,11,deep_sea_temple,深海神殿,46,66,6,1,1,64,65,87,112,108,3,1,10,36,35,4900,5,5,153,5995,20,1,254,30,0,0,138,1312,0,0,7907,11128
66,collector,12,demon_gate,魔界門,54,76,7,1,1,87,88,100,79,71,2,6,13,23,22,6267,5,5,107,14245,45,1,289,78,0,0,143,741,0,0,5874,28249
66,collector,13,sky_ruins,天空遺跡,68,86,7,1,1,100,100,100,39,34,3,2,10,11,10,2559,5,5,55,3042,0,0,236,15,0,0,57,0,0,0,14909,43797
67,rush,1,meadow,はじまり草原,1,4,2,1,1,1,2,6,13,3,1,9,7,3,2,20,0,0,16,51,0,0,9,0,0,0,14,7,0,0,230,660
67,rush,2,cave,こだま洞くつ,3,7,2,1,1,6,7,11,10,9,1,0,2,9,8,65,0,0,19,88,0,0,9,0,0,0,26,16,0,0,660,1709
67,rush,3,brook,しずく湖畔,5,10,3,1,1,11,11,13,4,4,0,0,0,2,1,10,0,0,6,17,0,0,5,0,0,0,5,21,0,0,1709,1401
67,rush,4,volcano,ほむら火山,8,14,4,1,1,13,14,22,47,47,0,0,0,44,43,207,0,0,91,353,0,0,6,0,0,0,147,83,0,0,1401,960
67,rush,5,tower,星晶の塔,12,20,5,1,0,22,23,0,85,85,0,0,0,80,80,345,0,0,165,527,0,0,7,0,0,0,260,193,0,0,960,0
67,rush,6,snowfield,霜降り雪原,16,25,4,0,0,0,0,0,0,0,0,0,0,0,0,0,0,0,0,0,0,0,0,0,0,0,0,0,0,0,0,0
67,rush,7,thunder_ruins,雷鳴遺跡,21,31,5,0,0,0,0,0,0,0,0,0,0,0,0,0,0,0,0,0,0,0,0,0,0,0,0,0,0,0,0,0
67,rush,8,prism_sanctuary,虹晶聖域,28,42,6,0,0,0,0,0,0,0,0,0,0,0,0,0,0,0,0,0,0,0,0,0,0,0,0,0,0,0,0,0
67,rush,9,poison_bog,毒霧の沼地,34,48,5,0,0,0,0,0,0,0,0,0,0,0,0,0,0,0,0,0,0,0,0,0,0,0,0,0,0,0,0,0
67,rush,10,machine_city,古代機械都市,39,57,6,0,0,0,0,0,0,0,0,0,0,0,0,0,0,0,0,0,0,0,0,0,0,0,0,0,0,0,0,0
67,rush,11,deep_sea_temple,深海神殿,46,66,6,0,0,0,0,0,0,0,0,0,0,0,0,0,0,0,0,0,0,0,0,0,0,0,0,0,0,0,0,0
67,rush,12,demon_gate,魔界門,54,76,7,0,0,0,0,0,0,0,0,0,0,0,0,0,0,0,0,0,0,0,0,0,0,0,0,0,0,0,0,0
67,rush,13,sky_ruins,天空遺跡,68,86,7,0,0,0,0,0,0,0,0,0,0,0,0,0,0,0,0,0,0,0,0,0,0,0,0,0,0,0,0,0
68,balanced,1,meadow,はじまり草原,1,4,2,1,1,1,3,6,6,4,2,0,4,3,2,29,2,0,11,61,5,1,13,0,0,0,10,5,0,0,230,907
68,balanced,2,cave,こだま洞くつ,3,7,2,1,1,7,8,9,2,1,1,0,3,1,0,13,2,2,5,32,1,1,13,0,0,0,8,0,0,0,2183,3115
68,balanced,3,brook,しずく湖畔,5,10,3,1,1,9,10,13,7,6,1,0,5,3,2,13,2,2,12,36,1,1,6,0,0,0,14,27,0,0,2413,1762
68,balanced,4,volcano,ほむら火山,8,14,4,1,1,13,14,19,24,21,1,2,6,10,9,66,1,0,35,134,7,1,11,0,0,0,37,57,0,0,1365,1524
68,balanced,5,tower,星晶の塔,12,20,5,1,1,20,19,23,21,20,1,0,3,9,8,71,2,2,32,137,5,1,14,0,0,0,32,69,0,0,2981,2148
68,balanced,6,snowfield,霜降り雪原,16,25,4,1,1,23,24,31,31,30,0,1,5,14,13,151,2,2,47,248,7,1,27,0,0,0,48,132,0,0,1665,2930
68,balanced,7,thunder_ruins,雷鳴遺跡,21,31,5,1,1,31,32,35,13,12,1,0,3,5,4,71,2,2,20,117,1,1,27,0,0,0,20,67,0,0,2270,5290
68,balanced,8,prism_sanctuary,虹晶聖域,28,42,6,1,1,35,36,55,106,104,0,2,6,50,49,326,2,2,158,743,10,1,21,0,0,0,166,631,0,0,4098,4898
68,balanced,9,poison_bog,毒霧の沼地,34,48,5,1,1,55,56,60,21,20,1,0,6,9,8,71,2,2,32,135,6,1,12,0,0,0,33,234,0,0,3794,10737
68,balanced,10,machine_city,古代機械都市,39,57,6,1,1,60,61,72,64,63,1,0,5,30,29,251,2,2,96,475,15,1,19,0,0,0,101,680,0,0,8316,14389
68,balanced,11,deep_sea_temple,深海神殿,46,66,6,1,1,72,70,82,61,59,1,1,5,28,27,1222,2,2,91,1534,21,1,62,20,0,0,97,833,0,0,11144,10175
68,balanced,12,demon_gate,魔界門,54,76,7,1,1,82,83,92,51,50,1,0,3,23,22,1512,2,2,76,1803,33,1,70,24,0,0,98,943,0,0,7880,14544
68,balanced,13,sky_ruins,天空遺跡,68,86,7,1,1,92,89,99,37,36,1,0,3,16,15,123,2,2,55,230,30,1,9,0,0,0,54,802,0,0,11264,19065
69,collector,1,meadow,はじまり草原,1,4,2,1,1,1,3,6,7,3,2,2,3,2,1,22,1,0,10,53,4,1,12,0,0,0,9,0,0,0,230,1221
69,collector,2,cave,こだま洞くつ,3,7,2,1,1,5,5,10,8,7,1,0,3,3,2,41,2,0,13,121,3,1,18,0,0,0,6,6,0,0,1479,3033
69,collector,3,brook,しずく湖畔,5,10,3,1,1,11,11,14,12,11,1,0,7,4,3,32,5,5,21,85,4,1,10,0,0,0,25,23,0,0,3801,2147
69,collector,4,volcano,ほむら火山,8,14,4,1,1,14,12,16,10,7,3,0,8,3,2,23,5,5,18,78,2,1,8,0,0,0,26,13,0,0,1136,4037
69,collector,5,tower,星晶の塔,12,20,5,1,1,16,17,22,27,24,2,1,9,8,7,94,5,5,40,189,2,1,47,0,0,0,41,42,0,0,2132,2581
69,collector,6,snowfield,霜降り雪原,16,25,4,1,1,22,23,30,31,29,2,0,8,10,9,846,5,5,46,935,11,1,93,10,0,0,46,96,0,0,1364,3355
69,collector,7,thunder_ruins,雷鳴遺跡,21,31,5,1,1,30,30,36,29,27,2,0,7,9,8,742,5,5,43,827,10,1,110,7,0,0,42,98,0,0,1773,5813
69,collector,8,prism_sanctuary,虹晶聖域,28,42,6,1,1,36,37,58,137,129,0,8,15,42,41,852,5,5,184,2684,14,1,167,20,0,0,182,643,0,0,3070,6433
69,collector,9,poison_bog,毒霧の沼地,34,48,5,1,1,58,58,65,41,38,3,0,8,13,12,157,5,5,59,229,0,0,25,0,0,0,54,326,0,0,3397,11452
69,collector,10,machine_city,古代機械都市,39,57,6,1,1,65,65,79,104,99,3,2,12,33,32,2046,5,5,142,3416,19,1,220,25,0,0,122,857,0,0,6045,15345
69,collector,11,deep_sea_temple,深海神殿,46,66,6,1,1,79,80,96,108,100,2,6,13,33,32,7976,5,5,146,9525,68,1,265,42,0,0,135,1169,0,0,8100,10986
69,collector,12,demon_gate,魔界門,54,76,7,1,1,96,96,96,8,4,3,1,10,1,0,216,5,5,14,737,1,1,216,4,0,0,27,0,0,0,5800,26031
69,collector,13,sky_ruins,天空遺跡,68,86,7,1,0,96,97,0,200,196,2,2,5,64,64,14413,0,0,264,14860,44,1,226,64,0,0,203,366,0,0,13740,0
70,rush,1,meadow,はじまり草原,1,4,2,1,1,1,3,6,14,2,1,11,8,2,1,15,0,0,16,58,0,0,10,0,0,0,15,5,0,0,230,679
70,rush,2,cave,こだま洞くつ,3,7,2,1,1,6,6,12,15,15,0,0,2,14,13,77,0,0,29,109,0,0,7,0,0,0,27,26,0,0,679,1277
70,rush,3,brook,しずく湖畔,5,10,3,1,1,12,12,14,4,3,1,0,1,2,1,12,0,0,6,20,0,0,7,0,0,0,4,18,0,0,1277,1364
70,rush,4,volcano,ほむら火山,8,14,4,1,1,14,15,21,31,31,0,0,0,28,27,147,0,0,59,214,0,0,6,0,0,0,85,76,0,0,1364,981
70,rush,5,tower,星晶の塔,12,20,5,1,1,21,22,32,79,78,0,1,0,74,73,337,0,0,153,552,0,0,9,0,0,0,236,170,0,0,981,1532
70,rush,6,snowfield,霜降り雪原,16,25,4,1,1,32,33,41,64,64,0,0,0,61,60,366,0,0,125,511,0,0,8,0,0,0,183,226,0,0,1532,2077
70,rush,7,thunder_ruins,雷鳴遺跡,21,31,5,1,0,41,42,0,85,85,0,0,0,80,80,428,0,0,165,606,0,0,7,0,0,0,240,347,0,0,2077,0
70,rush,8,prism_sanctuary,虹晶聖域,28,42,6,0,0,0,0,0,0,0,0,0,0,0,0,0,0,0,0,0,0,0,0,0,0,0,0,0,0,0,0,0
70,rush,9,poison_bog,毒霧の沼地,34,48,5,0,0,0,0,0,0,0,0,0,0,0,0,0,0,0,0,0,0,0,0,0,0,0,0,0,0,0,0,0
70,rush,10,machine_city,古代機械都市,39,57,6,0,0,0,0,0,0,0,0,0,0,0,0,0,0,0,0,0,0,0,0,0,0,0,0,0,0,0,0,0
70,rush,11,deep_sea_temple,深海神殿,46,66,6,0,0,0,0,0,0,0,0,0,0,0,0,0,0,0,0,0,0,0,0,0,0,0,0,0,0,0,0,0
70,rush,12,demon_gate,魔界門,54,76,7,0,0,0,0,0,0,0,0,0,0,0,0,0,0,0,0,0,0,0,0,0,0,0,0,0,0,0,0,0
70,rush,13,sky_ruins,天空遺跡,68,86,7,0,0,0,0,0,0,0,0,0,0,0,0,0,0,0,0,0,0,0,0,0,0,0,0,0,0,0,0,0
71,balanced,1,meadow,はじまり草原,1,4,2,1,1,1,3,6,11,4,2,5,8,3,2,32,1,0,15,72,5,1,12,0,0,0,13,4,0,0,230,883
71,balanced,2,cave,こだま洞くつ,3,7,2,1,1,7,8,11,6,6,0,0,1,3,2,47,1,0,10,79,1,1,19,0,0,0,5,17,0,0,1381,2417
71,balanced,3,brook,しずく湖畔,5,10,3,1,1,12,7,11,9,8,1,0,5,4,3,18,2,2,15,51,3,1,7,0,0,0,12,26,0,0,2551,1790
71,balanced,4,volcano,ほむら火山,8,14,4,1,1,11,13,19,22,21,1,0,3,10,9,80,2,2,34,134,2,1,14,0,0,0,36,51,0,0,1387,1923
71,balanced,5,tower,星晶の塔,12,20,5,1,1,19,19,23,21,20,1,0,3,9,8,40,2,2,32,93,0,0,9,0,0,0,34,49,0,0,1490,3387
71,balanced,6,snowfield,霜降り雪原,16,25,4,1,1,23,25,29,18,17,1,0,3,8,7,79,2,2,28,147,3,1,22,0,0,0,29,110,0,0,2624,2355
71,balanced,7,thunder_ruins,雷鳴遺跡,21,31,5,1,1,29,30,40,54,52,1,1,8,25,24,332,2,2,81,473,12,1,30,0,0,0,88,209,0,0,1825,3664
71,balanced,8,prism_sanctuary,虹晶聖域,28,42,6,1,1,40,39,56,107,99,1,7,11,48,47,269,2,2,157,768,11,1,31,0,0,0,183,572,0,0,2838,7118
71,balanced,9,poison_bog,毒霧の沼地,34,48,5,1,1,56,57,59,9,8,1,0,3,3,2,26,2,2,14,54,0,0,10,0,0,0,13,119,0,0,5513,10138
71,balanced,10,machine_city,古代機械都市,39,57,6,1,1,59,59,70,62,61,1,0,3,29,28,268,2,2,93,384,17,1,22,0,0,0,92,631,0,0,7852,12098
71,balanced,11,deep_sea_temple,深海神殿,46,66,6,1,1,70,68,83,75,69,1,5,12,33,32,1254,2,2,110,1518,22,1,85,19,0,0,126,866,0,0,9370,16926
71,balanced,12,demon_gate,魔界門,54,76,7,1,1,83,84,100,71,68,1,2,7,32,31,6028,2,2,105,6270,49,1,223,32,0,0,111,1149,0,0,13108,17485
71,balanced,13,sky_ruins,天空遺跡,68,86,7,1,0,100,100,0,169,166,1,2,4,80,80,16734,0,0,249,17219,0,0,227,80,0,0,248,0,0,0,13541,0
72,collector,1,meadow,はじまり草原,1,4,2,1,1,1,3,5,7,3,2,2,4,2,1,20,1,0,10,46,3,1,12,0,0,0,8,0,0,0,230,1211
72,collector,2,cave,こだま洞くつ,3,7,2,1,1,6,7,11,8,8,0,0,6,3,2,43,5,2,16,125,2,1,21,0,0,0,9,8,0,0,1709,3109
72,collector,3,brook,しずく湖畔,5,10,3,1,1,12,11,13,3,0,3,0,8,1,0,15,5,5,9,50,0,0,15,0,0,0,10,0,0,0,2780,4817
72,collector,4,volcano,ほむら火山,8,14,4,1,1,13,10,14,13,9,4,0,9,4,3,25,5,5,22,153,6,1,13,0,0,0,34,24,0,0,2544,2576
72,collector,5,tower,星晶の塔,12,20,5,1,1,14,15,24,49,46,1,2,8,15,14,66,5,5,69,343,10,1,17,0,0,0,80,60,0,0,1361,2303
72,collector,6,snowfield,霜降り雪原,16,25,4,1,1,24,23,33,52,50,2,0,9,17,16,425,5,5,74,643,13,1,37,0,0,0,68,145,0,0,1217,5089
72,collector,7,thunder_ruins,雷鳴遺跡,21,31,5,1,1,33,34,40,38,37,1,0,8,12,11,416,5,5,55,505,8,1,39,0,0,0,50,139,0,0,2687,3639
72,collector,8,prism_sanctuary,虹晶聖域,28,42,6,1,1,40,41,63,157,149,1,7,14,49,48,699,5,5,211,2810,29,1,50,3,0,0,206,739,0,0,1922,10444
72,collector,9,poison_bog,毒霧の沼地,34,48,5,1,1,63,63,65,8,5,3,0,9,2,1,19,5,5,15,72,0,0,10,0,0,0,22,80,0,0,5514,14607
72,collector,10,machine_city,古代機械都市,39,57,6,1,1,65,64,72,52,47,4,1,12,16,15,64,5,5,73,246,21,1,8,0,0,0,60,484,1,0,7711,8004
72,collector,11,deep_sea_temple,深海神殿,46,66,6,1,0,72,73,0,255,246,0,9,14,80,80,3717,0,0,335,5082,63,1,76,61,0,0,269,1903,0,0,4226,0
72,collector,12,demon_gate,魔界門,54,76,7,0,0,0,0,0,0,0,0,0,0,0,0,0,0,0,0,0,0,0,0,0,0,0,0,0,0,0,0,0
72,collector,13,sky_ruins,天空遺跡,68,86,7,0,0,0,0,0,0,0,0,0,0,0,0,0,0,0,0,0,0,0,0,0,0,0,0,0,0,0,0,0
73,rush,1,meadow,はじまり草原,1,4,2,1,1,1,3,8,13,10,0,3,3,9,8,41,0,0,22,76,0,0,7,0,0,0,11,10,0,0,230,650
73,rush,2,cave,こだま洞くつ,3,7,2,1,1,8,8,11,9,6,2,1,3,7,6,54,0,0,16,77,0,0,11,0,0,0,22,18,0,0,650,1258
73,rush,3,brook,しずく湖畔,5,10,3,1,1,11,12,15,13,13,0,0,0,11,10,65,0,0,24,87,0,0,8,0,0,0,32,27,0,0,1258,1188
73,rush,4,volcano,ほむら火山,8,14,4,1,1,15,15,18,12,12,0,0,0,9,8,52,0,0,21,73,0,0,7,0,0,0,26,40,0,0,1188,1272
73,rush,5,tower,星晶の塔,12,20,5,1,1,18,19,30,66,64,0,2,0,60,59,300,0,0,126,464,0,0,7,0,0,0,190,151,0,0,1272,1551
73,rush,6,snowfield,霜降り雪原,16,25,4,1,1,30,30,41,80,80,0,0,0,77,76,403,0,0,157,569,0,0,8,0,0,0,231,276,0,0,1551,2059
73,rush,7,thunder_ruins,雷鳴遺跡,21,31,5,1,1,41,42,48,49,49,0,0,0,45,44,248,0,0,94,329,0,0,8,0,0,0,134,215,0,0,2059,3888
73,rush,8,prism_sanctuary,虹晶聖域,28,42,6,1,0,48,49,0,91,86,0,5,0,80,80,350,0,0,171,643,0,0,7,0,0,0,268,533,0,0,3888,0
73,rush,9,poison_bog,毒霧の沼地,34,48,5,0,0,0,0,0,0,0,0,0,0,0,0,0,0,0,0,0,0,0,0,0,0,0,0,0,0,0,0,0
73,rush,10,machine_city,古代機械都市,39,57,6,0,0,0,0,0,0,0,0,0,0,0,0,0,0,0,0,0,0,0,0,0,0,0,0,0,0,0,0,0
73,rush,11,deep_sea_temple,深海神殿,46,66,6,0,0,0,0,0,0,0,0,0,0,0,0,0,0,0,0,0,0,0,0,0,0,0,0,0,0,0,0,0
73,rush,12,demon_gate,魔界門,54,76,7,0,0,0,0,0,0,0,0,0,0,0,0,0,0,0,0,0,0,0,0,0,0,0,0,0,0,0,0,0
73,rush,13,sky_ruins,天空遺跡,68,86,7,0,0,0,0,0,0,0,0,0,0,0,0,0,0,0,0,0,0,0,0,0,0,0,0,0,0,0,0,0
74,balanced,1,meadow,はじまり草原,1,4,2,1,1,1,2,7,6,5,1,0,2,3,2,25,1,0,10,45,3,1,10,0,0,0,4,6,0,0,230,870
74,balanced,2,cave,こだま洞くつ,3,7,2,1,1,7,7,11,6,6,0,0,2,3,2,43,1,0,10,96,2,1,19,0,0,0,5,13,0,0,948,2324
74,balanced,3,brook,しずく湖畔,5,10,3,1,1,11,8,13,9,8,1,0,3,4,3,17,2,2,15,44,3,1,8,0,0,0,11,36,0,0,2638,1180
74,balanced,4,volcano,ほむら火山,8,14,4,1,1,13,13,14,4,3,1,0,3,1,0,5,2,2,7,21,1,1,5,0,0,0,4,0,0,0,915,2400
74,balanced,5,tower,星晶の塔,12,20,5,1,1,14,16,23,29,28,1,0,4,13,12,68,2,2,44,137,1,1,12,0,0,0,45,95,0,0,1859,3015
74,balanced,6,snowfield,霜降り雪原,16,25,4,1,1,23,24,27,6,5,1,0,3,2,1,17,2,2,10,47,0,0,10,0,0,0,11,38,0,0,2336,5487
74,balanced,7,thunder_ruins,雷鳴遺跡,21,31,5,1,1,27,28,33,23,22,1,0,3,10,9,304,2,2,35,350,3,1,93,2,0,0,34,131,0,0,4250,3551
74,balanced,8,prism_sanctuary,虹晶聖域,28,42,6,1,1,33,34,48,76,65,1,10,14,31,30,164,2,2,109,431,1,1,17,0,0,0,136,369,0,0,2750,7136
74,balanced,9,poison_bog,毒霧の沼地,34,48,5,1,1,48,49,49,5,4,1,0,3,1,0,10,2,2,8,31,0,0,10,0,0,0,9,0,0,0,5527,12795
74,balanced,10,machine_city,古代機械都市,39,57,6,1,1,49,51,65,69,67,1,1,6,32,31,269,2,2,103,437,14,1,19,0,0,0,109,764,0,0,9909,12011
74,balanced,11,deep_sea_temple,深海神殿,46,66,6,1,1,65,65,81,68,67,1,0,3,32,31,1125,2,2,102,1340,11,1,76,17,0,0,107,913,0,0,9302,17141
74,balanced,12,demon_gate,魔界門,54,76,7,1,0,81,82,0,169,166,1,2,5,80,80,24739,0,0,249,25774,50,1,366,84,0,0,271,1223,0,0,13275,0
74,balanced,13,sky_ruins,天空遺跡,68,86,7,0,0,0,0,0,0,0,0,0,0,0,0,0,0,0,0,0,0,0,0,0,0,0,0,0,0,0,0,0
75,collector,1,meadow,はじまり草原,1,4,2,1,1,1,3,6,12,6,2,4,4,3,2,33,1,0,16,71,7,1,16,0,0,0,12,0,0,0,230,1144
75,collector,2,cave,こだま洞くつ,3,7,2,1,1,7,7,10,5,5,0,0,4,2,1,28,4,2,11,110,1,1,20,0,0,0,8,4,0,0,1642,3500
75,collector,3,brook,しずく湖畔,5,10,3,1,1,11,11,15,18,15,3,0,8,6,5,56,5,5,29,121,1,1,14,0,0,0,32,27,0,0,2949,1292
75,collector,4,volcano,ほむら火山,8,14,4,1,1,15,13,18,16,13,3,0,9,5,4,87,5,5,26,178,2,1,26,0,0,0,31,32,0,0,683,2787
75,collector,5,tower,星晶の塔,12,20,5,1,1,18,18,23,31,27,2,2,12,9,8,129,5,5,45,262,7,1,25,0,0,0,52,32,0,0,1472,2292
75,collector,6,snowfield,霜降り雪原,16,25,4,1,1,23,23,26,13,12,1,0,7,4,3,184,5,5,22,280,4,1,50,2,0,0,28,59,0,0,1210,2909
75,collector,7,thunder_ruins,雷鳴遺跡,21,31,5,1,1,26,27,32,20,19,1,0,9,6,5,156,5,5,31,235,5,1,34,0,0,0,32,73,0,0,1537,5824
75,collector,8,prism_sanctuary,虹晶聖域,28,42,6,1,1,32,33,52,100,99,0,1,12,32,31,286,5,5,137,1229,29,1,39,0,0,0,147,513,0,0,3075,5642
75,collector,9,poison_bog,毒霧の沼地,34,48,5,1,1,52,50,55,20,16,4,0,10,6,5,35,5,5,31,256,7,1,26,0,0,0,42,162,2,0,2979,11431
75,collector,10,machine_city,古代機械都市,39,57,6,1,1,55,55,64,45,44,1,0,11,14,13,160,5,5,64,541,8,1,36,0,0,0,75,421,0,0,6035,15185
75,collector,11,deep_sea_temple,深海神殿,46,66,6,1,1,64,64,83,97,92,1,4,12,30,29,1263,5,5,132,2145,20,1,185,22,0,0,128,1040,0,0,8016,11208
75,collector,12,demon_gate,魔界門,54,76,7,1,1,83,84,91,28,22,3,3,11,7,6,793,5,5,40,3642,13,1,196,27,0,0,64,358,0,0,5918,15792
75,collector,13,sky_ruins,天空遺跡,68,86,7,1,1,91,79,100,125,105,1,19,29,34,33,7598,5,5,164,8905,25,1,248,41,0,0,193,1362,0,0,8336,38041
76,rush,1,meadow,はじまり草原,1,4,2,1,1,1,2,6,6,3,1,2,3,3,2,22,0,0,9,39,0,0,9,0,0,0,7,8,0,0,230,668
76,rush,2,cave,こだま洞くつ,3,7,2,1,1,6,7,11,5,4,1,0,1,4,3,32,0,0,9,43,0,0,9,0,0,0,12,24,0,0,668,699
76,rush,3,brook,しずく湖畔,5,10,3,1,1,11,11,14,9,9,0,0,0,7,6,39,0,0,16,58,0,0,6,0,0,0,19,17,0,0,699,1144
76,rush,4,volcano,ほむら火山,8,14,4,1,1,14,15,20,20,20,0,0,0,17,16,100,0,0,37,139,0,0,7,0,0,0,50,60,0,0,1144,1266
76,rush,5,tower,星晶の塔,12,20,5,1,1,20,20,30,66,66,0,0,0,62,61,306,0,0,128,479,0,0,8,0,0,0,196,148,0,0,1266,1519
76,rush,6,snowfield,霜降り雪原,16,25,4,1,1,30,31,41,80,80,0,0,0,77,76,400,0,0,157,562,0,0,8,0,0,0,230,275,0,0,1519,2078
76,rush,7,thunder_ruins,雷鳴遺跡,21,31,5,1,1,41,42,46,33,33,0,0,0,29,28,147,0,0,62,211,0,0,8,0,0,0,86,155,0,0,2078,3850
76,rush,8,prism_sanctuary,虹晶聖域,28,42,6,1,0,46,47,0,92,86,0,6,0,80,80,304,0,0,172,656,0,0,7,0,0,0,297,546,0,0,3850,0
76,rush,9,poison_bog,毒霧の沼地,34,48,5,0,0,0,0,0,0,0,0,0,0,0,0,0,0,0,0,0,0,0,0,0,0,0,0,0,0,0,0,0
76,rush,10,machine_city,古代機械都市,39,57,6,0,0,0,0,0,0,0,0,0,0,0,0,0,0,0,0,0,0,0,0,0,0,0,0,0,0,0,0,0
76,rush,11,deep_sea_temple,深海神殿,46,66,6,0,0,0,0,0,0,0,0,0,0,0,0,0,0,0,0,0,0,0,0,0,0,0,0,0,0,0,0,0
76,rush,12,demon_gate,魔界門,54,76,7,0,0,0,0,0,0,0,0,0,0,0,0,0,0,0,0,0,0,0,0,0,0,0,0,0,0,0,0,0
76,rush,13,sky_ruins,天空遺跡,68,86,7,0,0,0,0,0,0,0,0,0,0,0,0,0,0,0,0,0,0,0,0,0,0,0,0,0,0,0,0,0
77,balanced,1,meadow,はじまり草原,1,4,2,1,1,1,2,6,4,2,2,0,3,2,1,19,1,0,7,39,2,1,12,0,0,0,6,2,0,0,230,1125
77,balanced,2,cave,こだま洞くつ,3,7,2,1,1,6,6,9,4,3,1,0,3,2,1,22,2,2,8,57,1,1,13,0,0,0,12,6,0,0,1383,3223
77,balanced,3,brook,しずく湖畔,5,10,3,1,1,9,10,12,5,5,0,0,4,2,1,18,2,2,9,45,0,0,11,0,0,0,11,14,0,0,2497,2465
77,balanced,4,volcano,ほむら火山,8,14,4,1,1,12,12,16,15,13,1,1,5,6,5,33,2,2,23,81,3,1,7,0,0,0,29,35,0,0,1910,1263
77,balanced,5,tower,星晶の塔,12,20,5,1,1,16,17,21,13,12,1,0,3,5,4,24,2,2,20,52,2,1,6,0,0,0,21,55,0,0,979,1891
77,balanced,6,snowfield,霜降り雪原,16,25,4,1,1,21,22,27,12,12,0,0,6,5,4,71,2,2,19,125,5,1,46,0,0,0,25,87,0,0,1466,3997
77,balanced,7,thunder_ruins,雷鳴遺跡,21,31,5,1,1,27,28,34,27,26,1,0,5,12,11,213,2,2,41,269,4,1,64,2,0,0,44,128,0,0,3096,3046
77,balanced,8,prism_sanctuary,虹晶聖域,28,42,6,1,1,34,35,49,72,65,1,6,9,31,30,156,2,2,105,311,14,1,24,0,0,0,117,386,0,0,2360,4880
77,balanced,9,poison_bog,毒霧の沼地,34,48,5,1,1,49,49,50,5,4,1,0,4,1,0,4,2,2,8,25,0,0,6,0,0,0,8,0,0,0,3780,12445
77,balanced,10,machine_city,古代機械都市,39,57,6,1,1,50,51,63,62,59,1,2,6,28,27,201,2,2,92,333,11,1,25,0,0,0,98,685,0,0,9638,7332
77,balanced,11,deep_sea_temple,深海神殿,46,66,6,1,1,63,64,82,80,79,1,0,3,38,37,2852,2,2,120,3040,28,1,206,16,0,0,119,1005,0,0,5679,14831
77,balanced,12,demon_gate,魔界門,54,76,7,1,1,82,81,83,31,10,1,20,26,3,2,636,2,2,36,978,4,1,214,4,0,0,81,111,0,0,11486,21365
77,balanced,13,sky_ruins,天空遺跡,68,86,7,1,1,83,85,91,29,24,1,4,8,10,9,2282,2,2,41,2399,22,1,234,10,0,0,53,615,0,0,16546,18953
78,collector,1,meadow,はじまり草原,1,4,2,1,1,1,2,6,9,6,2,1,3,3,2,38,1,0,13,66,7,1,15,0,0,0,10,0,0,0,230,1146
78,collector,2,cave,こだま洞くつ,3,7,2,1,1,6,6,11,8,6,2,0,7,3,2,52,5,5,16,122,6,1,24,0,0,0,23,11,0,0,1644,2805
78,collector,3,brook,しずく湖畔,5,10,3,1,1,11,10,14,21,19,2,0,7,7,6,64,4,3,32,131,3,1,14,0,0,0,31,9,0,0,1482,2227
78,collector,4,volcano,ほむら火山,8,14,4,1,1,13,15,18,13,11,2,0,8,4,3,36,5,5,22,125,5,1,22,0,0,0,31,34,1,0,1725,1609
78,collector,5,tower,星晶の塔,12,20,5,1,1,18,17,24,38,36,2,0,9,12,11,74,5,5,55,202,3,1,13,0,0,0,53,38,0,0,851,3532
78,collector,6,snowfield,霜降り雪原,16,25,4,1,1,24,25,32,34,33,1,0,7,11,10,287,5,5,50,427,10,1,32,0,0,0,48,122,0,0,1866,2882
78,collector,7,thunder_ruins,雷鳴遺跡,21,31,5,1,1,32,32,39,38,35,3,0,9,12,11,251,5,5,55,389,9,1,33,0,0,0,50,116,0,0,1524,3686
78,collector,8,prism_sanctuary,虹晶聖域,28,42,6,1,1,39,39,64,181,173,1,7,13,57,56,585,5,5,243,3036,44,1,54,1,0,0,248,871,0,0,1947,7834
78,collector,9,poison_bog,毒霧の沼地,34,48,5,1,1,64,65,69,32,30,2,0,5,10,9,180,2,1,44,264,5,1,32,0,0,0,34,283,0,0,4136,6561
78,collector,10,machine_city,古代機械都市,39,57,6,1,1,70,70,73,15,13,2,0,10,4,3,30,5,5,24,98,1,1,10,0,0,0,26,239,0,0,12478,15262
78,collector,11,deep_sea_temple,深海神殿,46,66,6,1,1,73,68,92,138,129,3,6,15,43,42,5422,5,5,186,7703,41,1,274,42,0,0,188,1463,0,0,8056,11407
78,collector,12,demon_gate,魔界門,54,76,7,1,0,92,93,0,198,190,2,6,9,62,62,19211,0,0,260,34960,133,1,320,144,0,0,269,468,1,0,6021,0
78,collector,13,sky_ruins,天空遺跡,68,86,7,0,0,0,0,0,0,0,0,0,0,0,0,0,0,0,0,0,0,0,0,0,0,0,0,0,0,0,0,0
79,rush,1,meadow,はじまり草原,1,4,2,1,1,1,2,6,15,3,1,11,11,3,2,21,0,0,18,60,0,0,8,0,0,0,16,6,0,0,230,700
79,rush,2,cave,こだま洞くつ,3,7,2,1,1,6,7,10,7,6,1,0,1,6,5,56,0,0,13,72,0,0,11,0,0,0,17,16,0,0,700,1383
79,rush,3,brook,しずく湖畔,5,10,3,1,1,10,11,14,7,7,0,0,0,5,4,28,0,0,12,39,0,0,6,0,0,0,13,27,0,0,1383,1145
79,rush,4,volcano,ほむら火山,8,14,4,1,1,14,15,18,10,10,0,0,0,7,6,44,0,0,17,62,0,0,7,0,0,0,20,37,0,0,1145,957
79,rush,5,tower,星晶の塔,12,20,5,1,1,18,19,29,62,62,0,0,0,58,57,287,0,0,120,438,0,0,7,0,0,0,174,156,0,0,957,1576
79,rush,6,snowfield,霜降り雪原,16,25,4,1,1,29,30,39,57,57,0,0,0,54,53,324,0,0,111,448,0,0,8,0,0,0,161,206,0,0,1576,2063
79,rush,7,thunder_ruins,雷鳴遺跡,21,31,5,1,0,39,39,0,85,85,0,0,0,80,80,476,0,0,165,633,0,0,7,0,0,0,240,358,0,0,2063,0
79,rush,8,prism_sanctuary,虹晶聖域,28,42,6,0,0,0,0,0,0,0,0,0,0,0,0,0,0,0,0,0,0,0,0,0,0,0,0,0,0,0,0,0
79,rush,9,poison_bog,毒霧の沼地,34,48,5,0,0,0,0,0,0,0,0,0,0,0,0,0,0,0,0,0,0,0,0,0,0,0,0,0,0,0,0,0
79,rush,10,machine_city,古代機械都市,39,57,6,0,0,0,0,0,0,0,0,0,0,0,0,0,0,0,0,0,0,0,0,0,0,0,0,0,0,0,0,0
79,rush,11,deep_sea_temple,深海神殿,46,66,6,0,0,0,0,0,0,0,0,0,0,0,0,0,0,0,0,0,0,0,0,0,0,0,0,0,0,0,0,0
79,rush,12,demon_gate,魔界門,54,76,7,0,0,0,0,0,0,0,0,0,0,0,0,0,0,0,0,0,0,0,0,0,0,0,0,0,0,0,0,0
79,rush,13,sky_ruins,天空遺跡,68,86,7,0,0,0,0,0,0,0,0,0,0,0,0,0,0,0,0,0,0,0,0,0,0,0,0,0,0,0,0,0
80,balanced,1,meadow,はじまり草原,1,4,2,1,1,1,3,7,8,5,1,2,5,3,2,26,2,1,13,67,4,1,11,0,0,0,9,5,0,0,230,898
80,balanced,2,cave,こだま洞くつ,3,7,2,1,1,7,7,12,8,7,1,0,3,4,3,53,2,0,14,96,5,1,18,0,0,0,13,28,0,0,869,1596
80,balanced,3,brook,しずく湖畔,5,10,3,1,1,13,13,15,5,4,1,0,3,2,1,11,2,2,9,35,0,0,8,0,0,0,11,19,0,0,2104,1878
80,balanced,4,volcano,ほむら火山,8,14,4,1,1,15,15,19,10,9,1,0,4,4,3,22,2,2,16,56,2,1,8,0,0,0,19,33,0,0,1455,2444
80,balanced,5,tower,星晶の塔,12,20,5,1,1,19,18,26,39,38,1,0,3,18,17,87,2,2,59,188,3,1,9,0,0,0,58,116,0,0,1893,1869
80,balanced,6,snowfield,霜降り雪原,16,25,4,1,1,26,26,29,6,5,1,0,3,2,1,41,2,2,10,69,0,0,22,0,0,0,10,55,0,0,1448,2461
80,balanced,7,thunder_ruins,雷鳴遺跡,21,31,5,1,1,29,30,37,38,37,0,1,3,17,16,134,2,2,57,209,4,1,30,0,0,0,59,150,0,0,1907,5304
80,balanced,8,prism_sanctuary,虹晶聖域,28,42,6,1,1,37,38,60,149,137,1,11,15,67,66,387,2,2,218,909,3,1,13,0,0,0,249,780,0,0,4108,5732
80,balanced,9,poison_bog,毒霧の沼地,34,48,5,1,1,60,61,64,19,18,1,0,3,8,7,90,2,2,29,139,2,1,18,0,0,0,29,191,0,0,4440,10577
80,balanced,10,machine_city,古代機械都市,39,57,6,1,1,64,65,70,30,29,1,0,4,13,12,99,2,2,45,178,1,1,18,0,0,0,46,417,0,0,8192,14324
80,balanced,11,deep_sea_temple,深海神殿,46,66,6,1,1,70,69,94,140,137,1,2,8,67,66,686,2,2,209,1097,28,1,70,3,0,0,236,1755,0,0,11094,10108
80,balanced,12,demon_gate,魔界門,54,76,7,1,1,94,96,100,73,72,1,0,3,34,33,4488,2,2,109,5444,78,1,136,45,0,0,120,467,0,0,7829,30232
80,balanced,13,sky_ruins,天空遺跡,68,86,7,1,0,100,100,0,143,143,0,0,7,69,69,9315,0,0,212,10085,207,1,135,73,0,0,235,0,0,0,23413,0
81,collector,1,meadow,はじまり草原,1,4,2,1,1,1,3,6,10,6,2,2,4,3,2,32,2,1,15,81,6,1,17,0,0,0,14,0,0,0,230,1127
81,collector,2,cave,こだま洞くつ,3,7,2,1,1,6,6,10,8,8,0,0,3,3,2,46,3,2,14,93,3,1,21,0,0,0,10,6,0,0,1250,2712
81,collector,3,brook,しずく湖畔,5,10,3,1,1,11,7,12,18,16,2,0,7,6,5,27,5,5,29,84,6,1,7,0,0,0,21,19,0,0,2475,1353
81,collector,4,volcano,ほむら火山,8,14,4,1,1,12,14,16,10,9,1,0,8,3,2,18,5,5,18,76,1,1,9,0,0,0,23,18,0,0,717,2148
81,collector,5,tower,星晶の塔,12,20,5,1,1,16,17,23,33,30,2,1,10,10,9,59,5,5,48,205,8,1,15,0,0,0,57,34,0,0,1137,3467
81,collector,6,snowfield,霜降り雪原,16,25,4,1,1,23,24,32,40,38,2,0,7,13,12,608,5,5,58,705,11,1,69,8,0,0,54,133,0,0,1831,2897
81,collector,7,thunder_ruins,雷鳴遺跡,21,31,5,1,1,32,32,33,5,3,2,0,9,1,0,54,5,5,11,99,0,0,54,1,0,0,18,0,0,0,1530,4375
81,collector,8,prism_sanctuary,虹晶聖域,28,42,6,1,1,33,34,54,121,110,1,10,17,36,35,202,5,5,162,3711,36,1,79,48,0,0,205,526,0,0,2310,7687
81,collector,9,poison_bog,毒霧の沼地,34,48,5,1,1,54,55,56,5,4,1,0,8,1,0,6,5,5,11,55,0,0,7,0,0,0,18,0,0,0,4059,10250
81,collector,10,machine_city,古代機械都市,39,57,6,1,1,56,57,69,67,65,1,1,10,21,20,154,5,5,93,2010,17,1,100,18,0,0,94,640,0,0,5411,12903
81,collector,11,deep_sea_temple,深海神殿,46,66,6,1,1,69,68,87,105,97,2,6,14,32,31,885,5,5,142,2393,26,1,153,25,0,0,149,1104,0,0,6811,18345
81,collector,12,demon_gate,魔界門,54,76,7,1,1,87,82,100,174,158,2,14,18,52,51,11693,5,5,231,25043,120,1,248,136,0,0,336,1374,1,0,9683,35963
81,collector,13,sky_ruins,天空遺跡,68,86,7,1,0,100,100,0,27,17,2,8,10,5,4,1428,0,0,32,1802,2,1,400,8,0,1,41,0,0,0,18980,0
82,rush,1,meadow,はじまり草原,1,4,2,1,1,1,2,6,5,3,1,1,2,3,2,20,0,0,8,35,0,0,8,0,0,0,6,8,0,0,230,686
82,rush,2,cave,こだま洞くつ,3,7,2,1,1,6,6,11,11,10,1,0,1,10,9,74,0,0,21,98,0,0,9,0,0,0,30,21,0,0,686,1363
82,rush,3,brook,しずく湖畔,5,10,3,1,1,11,12,12,3,3,0,0,0,1,0,8,0,0,4,12,0,0,8,0,0,0,2,0,0,0,1363,2492
82,rush,4,volcano,ほむら火山,8,14,4,1,1,12,13,23,50,50,0,0,0,47,46,236,0,0,97,378,0,0,7,0,0,0,151,111,0,0,2492,996
82,rush,5,tower,星晶の塔,12,20,5,1,0,23,23,0,85,85,0,0,0,80,80,335,0,0,165,550,0,0,6,0,0,0,270,185,0,0,996,0
82,rush,6,snowfield,霜降り雪原,16,25,4,0,0,0,0,0,0,0,0,0,0,0,0,0,0,0,0,0,0,0,0,0,0,0,0,0,0,0,0,0
82,rush,7,thunder_ruins,雷鳴遺跡,21,31,5,0,0,0,0,0,0,0,0,0,0,0,0,0,0,0,0,0,0,0,0,0,0,0,0,0,0,0,0,0
82,rush,8,prism_sanctuary,虹晶聖域,28,42,6,0,0,0,0,0,0,0,0,0,0,0,0,0,0,0,0,0,0,0,0,0,0,0,0,0,0,0,0,0
82,rush,9,poison_bog,毒霧の沼地,34,48,5,0,0,0,0,0,0,0,0,0,0,0,0,0,0,0,0,0,0,0,0,0,0,0,0,0,0,0,0,0
82,rush,10,machine_city,古代機械都市,39,57,6,0,0,0,0,0,0,0,0,0,0,0,0,0,0,0,0,0,0,0,0,0,0,0,0,0,0,0,0,0
82,rush,11,deep_sea_temple,深海神殿,46,66,6,0,0,0,0,0,0,0,0,0,0,0,0,0,0,0,0,0,0,0,0,0,0,0,0,0,0,0,0,0
82,rush,12,demon_gate,魔界門,54,76,7,0,0,0,0,0,0,0,0,0,0,0,0,0,0,0,0,0,0,0,0,0,0,0,0,0,0,0,0,0
82,rush,13,sky_ruins,天空遺跡,68,86,7,0,0,0,0,0,0,0,0,0,0,0,0,0,0,0,0,0,0,0,0,0,0,0,0,0,0,0,0,0
83,balanced,1,meadow,はじまり草原,1,4,2,1,1,1,3,7,7,4,2,1,3,3,2,33,1,0,11,67,5,1,13,0,0,0,10,5,0,0,230,918
83,balanced,2,cave,こだま洞くつ,3,7,2,1,1,7,7,12,8,8,0,0,2,4,3,55,2,2,14,92,3,1,24,0,0,0,15,16,0,0,1176,2578
83,balanced,3,brook,しずく湖畔,5,10,3,1,1,12,12,13,3,2,1,0,3,1,0,11,2,2,6,34,1,1,11,0,0,0,10,0,0,0,1997,2875
83,balanced,4,volcano,ほむら火山,8,14,4,1,1,13,13,19,24,23,1,0,3,11,10,66,2,2,37,132,4,1,12,0,0,0,43,64,0,0,2227,1541
83,balanced,5,tower,星晶の塔,12,20,5,1,1,19,18,27,43,42,1,0,3,20,19,94,2,2,65,186,5,1,8,0,0,0,66,109,0,0,1195,1826
83,balanced,6,snowfield,霜降り雪原,16,25,4,1,1,27,26,30,14,13,1,0,3,6,5,78,2,2,22,114,0,0,30,0,0,0,23,73,0,0,1415,4121
83,balanced,7,thunder_ruins,雷鳴遺跡,21,31,5,1,1,30,30,36,27,26,1,0,3,12,11,93,2,2,41,153,0,0,14,0,0,0,41,130,0,0,3192,3182
83,balanced,8,prism_sanctuary,虹晶聖域,28,42,6,1,1,36,36,56,139,119,1,19,22,58,57,320,2,2,199,930,21,1,28,0,0,0,252,683,0,0,2465,4923
83,balanced,9,poison_bog,毒霧の沼地,34,48,5,1,1,56,56,58,9,8,1,0,5,3,2,40,2,2,14,84,1,1,24,0,0,0,18,114,0,0,3814,8126
83,balanced,10,machine_city,古代機械都市,39,57,6,1,1,58,59,65,38,37,1,0,4,17,16,136,2,2,57,231,9,1,23,0,0,0,57,447,0,0,6293,7310
83,balanced,11,deep_sea_temple,深海神殿,46,66,6,1,1,65,66,92,134,131,1,2,5,64,63,1945,2,2,200,2332,46,1,83,25,0,0,211,1628,0,0,5662,14736
83,balanced,12,demon_gate,魔界門,54,76,7,1,0,92,93,0,167,166,1,0,3,80,80,10341,0,0,247,11103,149,1,137,85,0,0,262,664,0,0,11412,0
83,balanced,13,sky_ruins,天空遺跡,68,86,7,0,0,0,0,0,0,0,0,0,0,0,0,0,0,0,0,0,0,0,0,0,0,0,0,0,0,0,0,0
84,collector,1,meadow,はじまり草原,1,4,2,1,1,1,2,6,8,6,2,0,3,3,2,20,1,0,12,49,3,1,8,0,0,0,8,1,0,0,230,1124
84,collector,2,cave,こだま洞くつ,3,7,2,1,1,6,7,10,5,3,2,0,4,2,1,19,2,0,9,53,2,1,15,0,0,0,8,4,0,0,2082,3576
84,collector,3,brook,しずく湖畔,5,10,3,1,1,11,9,13,15,13,2,0,7,5,4,32,5,5,25,94,8,1,10,0,0,0,29,24,0,0,3844,1814
84,collector,4,volcano,ほむら火山,8,14,4,1,1,13,12,15,7,5,2,0,7,2,1,19,5,5,14,73,0,0,13,0,0,0,21,8,0,0,960,4791
84,collector,5,tower,星晶の塔,12,20,5,1,1,15,16,22,33,28,1,4,10,9,8,63,5,5,47,179,0,0,18,0,0,0,55,34,0,0,2530,2666
84,collector,6,snowfield,霜降り雪原,16,25,4,1,1,22,22,26,14,11,2,1,9,4,3,189,5,5,23,277,2,1,84,2,0,0,32,43,0,0,1409,3855
84,collector,7,thunder_ruins,雷鳴遺跡,21,31,5,1,1,26,27,31,41,40,1,0,6,4,3,117,5,5,50,208,0,0,71,1,0,0,26,58,0,27,2036,6252
84,collector,8,prism_sanctuary,虹晶聖域,28,42,6,1,1,31,32,60,216,190,1,25,33,55,54,875,5,5,276,3714,7,1,94,34,0,0,288,825,0,23,3300,5641
84,collector,9,poison_bog,毒霧の沼地,34,48,5,1,1,60,60,63,35,31,4,0,10,4,3,114,5,5,44,422,2,1,53,1,0,0,35,126,1,21,2979,11473
84,collector,10,machine_city,古代機械都市,39,57,6,1,1,63,60,68,30,29,1,0,9,9,8,170,5,5,44,297,1,1,40,0,0,0,47,547,1,0,6057,15026
84,collector,11,deep_sea_temple,深海神殿,46,66,6,1,1,68,67,84,94,91,2,1,8,30,29,2589,5,5,129,3361,22,1,319,21,0,0,121,1071,0,0,7932,11170
84,collector,12,demon_gate,魔界門,54,76,7,1,1,84,86,93,45,38,2,5,12,12,11,4051,5,5,62,7739,18,1,356,33,0,0,84,580,0,0,5896,15765
84,collector,13,sky_ruins,天空遺跡,68,86,7,1,0,93,89,0,34,26,2,6,9,8,7,3109,0,0,42,3715,0,0,400,12,0,1,46,446,0,0,8322,0
85,rush,1,meadow,はじまり草原,1,4,2,1,1,1,3,7,9,9,0,0,0,8,7,29,0,0,17,48,0,0,5,0,0,0,7,9,0,0,230,585
85,rush,2,cave,こだま洞くつ,3,7,2,1,1,7,8,13,17,16,1,0,2,16,15,80,0,0,33,118,0,0,8,0,0,0,31,32,0,0,585,525
85,rush,3,brook,しずく湖畔,5,10,3,1,1,13,13,15,4,3,1,0,1,2,1,10,0,0,6,19,0,0,6,0,0,0,5,13,0,0,525,1172
85,rush,4,volcano,ほむら火山,8,14,4,1,1,15,15,18,11,11,0,0,0,8,7,35,0,0,19,60,0,0,6,0,0,0,25,39,0,0,1172,1268
85,rush,5,tower,星晶の塔,12,20,5,1,1,18,19,28,47,46,0,1,0,42,41,173,0,0,89,273,0,0,6,0,0,0,133,120,0,0,1268,1509
85,rush,6,snowfield,霜降り雪原,16,25,4,1,1,28,28,35,38,38,0,0,0,35,34,164,0,0,73,223,0,0,6,0,0,0,105,158,0,0,1509,2076
85,rush,7,thunder_ruins,雷鳴遺跡,21,31,5,1,0,35,36,0,85,85,0,0,0,80,80,326,0,0,165,454,0,0,7,0,0,0,240,344,0,0,2076,0
85,rush,8,prism_sanctuary,虹晶聖域,28,42,6,0,0,0,0,0,0,0,0,0,0,0,0,0,0,0,0,0,0,0,0,0,0,0,0,0,0,0,0,0
85,rush,9,poison_bog,毒霧の沼地,34,48,5,0,0,0,0,0,0,0,0,0,0,0,0,0,0,0,0,0,0,0,0,0,0,0,0,0,0,0,0,0
85,rush,10,machine_city,古代機械都市,39,57,6,0,0,0,0,0,0,0,0,0,0,0,0,0,0,0,0,0,0,0,0,0,0,0,0,0,0,0,0,0
85,rush,11,deep_sea_temple,深海神殿,46,66,6,0,0,0,0,0,0,0,0,0,0,0,0,0,0,0,0,0,0,0,0,0,0,0,0,0,0,0,0,0
85,rush,12,demon_gate,魔界門,54,76,7,0,0,0,0,0,0,0,0,0,0,0,0,0,0,0,0,0,0,0,0,0,0,0,0,0,0,0,0,0
85,rush,13,sky_ruins,天空遺跡,68,86,7,0,0,0,0,0,0,0,0,0,0,0,0,0,0,0,0,0,0,0,0,0,0,0,0,0,0,0,0,0
86,balanced,1,meadow,はじまり草原,1,4,2,1,1,1,3,6,5,2,2,1,4,2,1,22,1,0,8,42,4,1,12,0,0,0,6,3,0,0,230,1048
86,balanced,2,cave,こだま洞くつ,3,7,2,1,1,6,5,10,6,5,1,0,2,3,2,39,1,0,10,69,3,1,19,0,0,0,4,13,0,0,1306,2468
86,balanced,3,brook,しずく湖畔,5,10,3,1,1,10,11,14,7,6,1,0,3,3,2,17,2,2,12,37,5,1,7,0,0,0,9,26,0,0,3102,2211
86,balanced,4,volcano,ほむら火山,8,14,4,1,1,14,12,14,6,5,1,0,5,2,1,9,2,2,10,35,1,1,6,0,0,0,7,16,0,0,1713,2380
86,balanced,5,tower,星晶の塔,12,20,5,1,1,14,15,21,17,16,1,0,3,7,6,39,2,2,26,94,10,1,7,0,0,0,28,63,0,0,1844,2998
86,balanced,6,snowfield,霜降り雪原,16,25,4,1,1,21,20,25,14,13,1,0,3,6,5,65,2,2,22,111,3,1,22,0,0,0,23,85,0,0,2323,3725
86,balanced,7,thunder_ruins,雷鳴遺跡,21,31,5,1,1,25,26,30,17,17,0,0,7,7,6,61,2,2,26,98,6,1,30,0,0,0,26,89,0,0,2885,3002
86,balanced,8,prism_sanctuary,虹晶聖域,28,42,6,1,1,30,32,49,83,82,0,1,6,39,38,187,2,2,124,471,16,1,34,0,0,0,147,495,0,0,2325,7189
86,balanced,9,poison_bog,毒霧の沼地,34,48,5,1,1,49,50,51,5,4,1,0,3,1,0,8,2,2,8,32,1,1,8,0,0,0,8,0,0,0,5568,12652
86,balanced,10,machine_city,古代機械都市,39,57,6,1,1,51,52,62,48,45,1,2,6,21,20,160,2,2,71,275,7,1,17,0,0,0,78,548,0,0,9798,12184
86,balanced,11,deep_sea_temple,深海神殿,46,66,6,1,1,62,62,85,109,107,1,1,5,52,51,442,2,2,163,873,22,1,20,0,0,0,174,1388,0,0,9436,16873
86,balanced,12,demon_gate,魔界門,54,76,7,1,1,85,85,86,8,6,1,1,7,1,0,11,2,2,11,80,1,1,13,0,0,0,19,0,0,0,13068,29678
86,balanced,13,sky_ruins,天空遺跡,68,86,7,1,1,86,81,99,63,62,1,0,4,29,28,4818,2,2,94,5045,15,1,324,25,0,0,94,1507,0,0,22983,20155
87,collector,1,meadow,はじまり草原,1,4,2,1,1,1,3,5,5,3,2,0,4,2,1,23,2,1,9,61,4,1,16,0,0,0,10,0,0,0,230,1271
87,collector,2,cave,こだま洞くつ,3,7,2,1,1,5,6,10,8,6,2,0,3,3,2,30,1,0,12,60,5,1,14,0,0,0,9,7,0,0,1377,2880
87,collector,3,brook,しずく湖畔,5,10,3,1,1,10,11,14,12,11,1,0,3,4,3,26,1,0,17,51,2,1,9,0,0,0,13,27,0,0,3254,1510
87,collector,4,volcano,ほむら火山,8,14,4,1,1,14,14,16,7,4,3,0,8,2,1,14,5,5,14,73,2,1,8,0,0,0,20,11,0,0,1717,3646
87,collector,5,tower,星晶の塔,12,20,5,1,1,16,14,20,23,20,3,0,10,7,6,47,5,5,35,164,6,1,35,0,0,0,37,57,0,0,1926,2306
87,collector,6,snowfield,霜降り雪原,16,25,4,1,1,20,21,28,25,24,1,0,6,8,7,234,5,5,38,320,4,1,50,1,0,0,39,88,0,0,1219,2980
87,collector,7,thunder_ruins,雷鳴遺跡,21,31,5,1,1,28,29,30,5,3,2,0,7,1,0,10,5,5,11,60,0,0,10,0,0,0,18,0,0,0,1575,6962
87,collector,8,prism_sanctuary,虹晶聖域,28,42,6,1,1,30,32,50,97,93,0,4,9,30,29,158,5,5,132,2618,24,1,72,36,0,0,152,462,0,0,3675,6220
87,collector,9,poison_bog,毒霧の沼地,34,48,5,1,1,50,51,56,26,23,3,0,10,8,7,56,5,5,39,185,15,1,14,0,0,0,55,164,1,0,3285,11520
87,collector,10,machine_city,古代機械都市,39,57,6,1,1,56,51,65,83,76,2,5,12,25,24,139,5,5,113,914,27,1,103,5,0,0,136,666,1,0,6081,15119
87,collector,11,deep_sea_temple,深海神殿,46,66,6,1,1,65,66,87,133,121,2,10,19,40,39,6987,5,5,178,10009,36,1,339,53,0,0,186,1339,0,0,7980,12428
87,collector,12,demon_gate,魔界門,54,76,7,1,1,87,87,100,195,176,2,17,28,58,57,18064,5,5,258,31297,82,1,400,136,0,0,366,872,1,0,6560,36673
87,collector,13,sky_ruins,天空遺跡,68,86,7,1,0,100,100,0,110,104,3,3,6,34,34,13566,0,0,144,15247,0,0,399,50,0,0,123,0,0,0,19355,0
88,rush,1,meadow,はじまり草原,1,4,2,1,1,1,3,10,16,16,0,0,0,15,14,69,0,0,31,104,0,0,7,0,0,0,14,18,0,0,230,477
88,rush,2,cave,こだま洞くつ,3,7,2,1,1,10,10,12,5,3,2,0,2,4,3,32,0,0,9,42,0,0,10,0,0,0,11,19,0,0,477,780
88,rush,3,brook,しずく湖畔,5,10,3,1,1,12,12,15,13,13,0,0,0,11,10,59,0,0,24,80,0,0,7,0,0,0,32,20,0,0,780,1161
88,rush,4,volcano,ほむら火山,8,14,4,1,1,15,16,18,10,10,0,0,0,7,6,36,0,0,17,55,0,0,7,0,0,0,20,37,0,0,1161,1301
88,rush,5,tower,星晶の塔,12,20,5,1,1,18,19,30,62,62,0,0,0,58,57,267,0,0,120,407,0,0,6,0,0,0,174,155,0,0,1301,1545
88,rush,6,snowfield,霜降り雪原,16,25,4,1,1,30,30,40,68,68,0,0,0,65,64,328,0,0,133,464,0,0,7,0,0,0,194,248,0,0,1545,2049
88,rush,7,thunder_ruins,雷鳴遺跡,21,31,5,1,1,40,41,48,54,54,0,0,0,50,49,251,0,0,104,338,0,0,7,0,0,0,149,232,0,0,2049,3905
88,rush,8,prism_sanctuary,虹晶聖域,28,42,6,1,0,48,48,0,90,86,0,4,0,80,80,311,0,0,170,597,0,0,6,0,0,0,280,540,0,0,3905,0
88,rush,9,poison_bog,毒霧の沼地,34,48,5,0,0,0,0,0,0,0,0,0,0,0,0,0,0,0,0,0,0,0,0,0,0,0,0,0,0,0,0,0
88,rush,10,machine_city,古代機械都市,39,57,6,0,0,0,0,0,0,0,0,0,0,0,0,0,0,0,0,0,0,0,0,0,0,0,0,0,0,0,0,0
88,rush,11,deep_sea_temple,深海神殿,46,66,6,0,0,0,0,0,0,0,0,0,0,0,0,0,0,0,0,0,0,0,0,0,0,0,0,0,0,0,0,0
88,rush,12,demon_gate,魔界門,54,76,7,0,0,0,0,0,0,0,0,0,0,0,0,0,0,0,0,0,0,0,0,0,0,0,0,0,0,0,0,0
88,rush,13,sky_ruins,天空遺跡,68,86,7,0,0,0,0,0,0,0,0,0,0,0,0,0,0,0,0,0,0,0,0,0,0,0,0,0,0,0,0,0
89,balanced,1,meadow,はじまり草原,1,4,2,1,1,1,3,7,15,12,0,3,3,6,5,41,2,2,23,89,7,1,9,0,0,0,10,4,0,0,230,847
89,balanced,2,cave,こだま洞くつ,3,7,2,1,1,7,8,11,8,6,2,0,4,4,3,63,2,2,14,110,6,1,22,0,0,0,18,19,0,0,657,1448
89,balanced,3,brook,しずく湖畔,5,10,3,1,1,11,10,13,7,6,1,0,3,3,2,21,2,2,12,51,2,1,9,0,0,0,13,19,0,0,1122,1578
89,balanced,4,volcano,ほむら火山,8,14,4,1,1,13,14,19,18,17,1,0,4,8,7,52,2,2,28,107,2,1,10,0,0,0,31,50,0,0,1223,1579
89,balanced,5,tower,星晶の塔,12,20,5,1,1,19,19,26,33,32,1,0,5,15,14,73,2,2,50,159,6,1,8,0,0,0,53,72,0,0,1224,2763
89,balanced,6,snowfield,霜降り雪原,16,25,4,1,1,26,25,27,8,7,1,0,3,3,2,74,2,2,13,111,2,1,29,0,0,0,14,64,0,0,2141,2417
89,balanced,7,thunder_ruins,雷鳴遺跡,21,31,5,1,1,27,28,33,21,20,1,0,4,9,8,110,2,2,32,175,5,1,23,0,0,0,31,96,0,0,1872,4295
89,balanced,8,prism_sanctuary,虹晶聖域,28,42,6,1,1,33,35,60,150,148,0,2,8,72,71,544,2,2,224,1157,16,1,24,0,0,0,230,873,0,0,3327,5718
89,balanced,9,poison_bog,毒霧の沼地,34,48,5,1,1,60,60,61,7,6,1,0,4,2,1,22,2,2,11,58,0,0,17,0,0,0,11,89,0,0,4429,5909
89,balanced,10,machine_city,古代機械都市,39,57,6,1,1,61,62,64,10,9,1,0,3,3,2,60,2,2,15,95,0,0,40,0,0,0,13,177,0,0,4576,9508
89,balanced,11,deep_sea_temple,深海神殿,46,66,6,1,1,64,65,89,120,119,1,0,3,58,57,2061,2,2,180,2386,41,1,68,29,0,0,185,1520,0,0,7364,10048
89,balanced,12,demon_gate,魔界門,54,76,7,1,1,89,89,96,31,30,1,0,4,13,12,934,2,2,46,1106,14,1,78,14,0,0,50,635,0,0,7782,18933
89,balanced,13,sky_ruins,天空遺跡,68,86,7,1,1,96,89,96,27,26,1,0,4,11,10,818,2,2,40,927,10,1,77,11,0,0,42,658,0,0,14663,26424
90,collector,1,meadow,はじまり草原,1,4,2,1,1,1,2,7,18,16,1,1,3,6,5,67,1,0,25,117,8,1,17,0,0,0,11,0,0,0,230,1877
90,collector,2,cave,こだま洞くつ,3,7,2,1,1,8,9,12,8,8,0,0,1,3,2,57,1,0,12,86,3,1,26,0,0,0,4,13,0,0,2305,1922
90,collector,3,brook,しずく湖畔,5,10,3,1,1,12,12,16,15,13,2,0,7,5,4,34,5,5,25,87,0,0,15,0,0,0,27,33,0,0,2676,1504
90,collector,4,volcano,ほむら火山,8,14,4,1,1,16,14,15,4,2,2,0,7,1,0,14,5,5,10,58,0,0,14,0,0,0,18,0,0,0,796,1862
90,collector,5,tower,星晶の塔,12,20,5,1,1,15,15,20,21,18,2,1,8,6,5,35,5,5,32,227,3,1,33,0,0,0,39,24,0,0,984,3526
90,collector,6,snowfield,霜降り雪原,16,25,4,1,1,20,21,29,31,28,3,0,8,10,9,365,5,5,46,540,10,1,68,4,0,0,48,107,0,0,1863,2913
90,collector,7,thunder_ruins,雷鳴遺跡,21,31,5,1,1,29,30,31,8,6,2,0,7,2,1,24,5,5,15,66,1,1,15,0,0,0,20,33,0,0,1540,3787
90,collector,8,prism_sanctuary,虹晶聖域,28,42,6,1,1,31,31,45,73,61,2,10,18,20,19,95,5,5,98,2122,16,1,70,29,0,0,144,279,0,0,2001,7919
90,collector,9,poison_bog,毒霧の沼地,34,48,5,1,1,45,46,47,8,6,2,0,10,2,1,11,5,5,15,149,2,1,70,1,0,0,24,64,0,0,4181,6952
90,collector,10,machine_city,古代機械都市,39,57,6,1,1,47,48,58,42,41,1,0,9,13,12,71,5,5,60,1274,11,1,90,13,0,0,66,400,0,0,3670,13097
90,collector,11,deep_sea_temple,深海神殿,46,66,6,1,1,58,58,83,117,109,2,6,14,36,35,1088,5,5,158,2809,30,1,140,28,0,0,177,1254,0,0,6913,18219
90,collector,12,demon_gate,魔界門,54,76,7,1,1,83,79,80,20,11,2,7,15,3,2,534,5,5,28,1993,6,1,198,13,0,0,55,210,0,0,9616,15831
90,collector,13,sky_ruins,天空遺跡,68,86,7,1,1,80,81,98,64,58,3,3,13,19,18,4233,5,5,88,4434,18,1,240,19,0,0,85,1068,0,0,8357,20593
91,rush,1,meadow,はじまり草原,1,4,2,1,1,1,3,7,8,4,1,3,4,4,3,30,0,0,12,51,0,0,9,0,0,0,10,8,0,0,230,681
91,rush,2,cave,こだま洞くつ,3,7,2,1,1,7,7,12,11,10,1,0,1,10,9,94,0,0,21,119,0,0,12,0,0,0,29,23,0,0,681,1273
91,rush,3,brook,しずく湖畔,5,10,3,1,1,12,12,15,5,5,0,0,0,3,2,16,0,0,8,26,0,0,6,0,0,0,7,20,0,0,1273,1147
91,rush,4,volcano,ほむら火山,8,14,4,1,1,15,15,21,28,28,0,0,0,25,24,137,0,0,53,205,0,0,7,0,0,0,75,62,0,0,1147,986
91,rush,5,tower,星晶の塔,12,20,5,1,0,21,22,0,85,85,0,0,0,80,80,383,0,0,165,603,0,0,8,0,0,0,245,192,0,0,986,0
91,rush,6,snowfield,霜降り雪原,16,25,4,0,0,0,0,0,0,0,0,0,0,0,0,0,0,0,0,0,0,0,0,0,0,0,0,0,0,0,0,0
91,rush,7,thunder_ruins,雷鳴遺跡,21,31,5,0,0,0,0,0,0,0,0,0,0,0,0,0,0,0,0,0,0,0,0,0,0,0,0,0,0,0,0,0
91,rush,8,prism_sanctuary,虹晶聖域,28,42,6,0,0,0,0,0,0,0,0,0,0,0,0,0,0,0,0,0,0,0,0,0,0,0,0,0,0,0,0,0
91,rush,9,poison_bog,毒霧の沼地,34,48,5,0,0,0,0,0,0,0,0,0,0,0,0,0,0,0,0,0,0,0,0,0,0,0,0,0,0,0,0,0
91,rush,10,machine_city,古代機械都市,39,57,6,0,0,0,0,0,0,0,0,0,0,0,0,0,0,0,0,0,0,0,0,0,0,0,0,0,0,0,0,0
91,rush,11,deep_sea_temple,深海神殿,46,66,6,0,0,0,0,0,0,0,0,0,0,0,0,0,0,0,0,0,0,0,0,0,0,0,0,0,0,0,0,0
91,rush,12,demon_gate,魔界門,54,76,7,0,0,0,0,0,0,0,0,0,0,0,0,0,0,0,0,0,0,0,0,0,0,0,0,0,0,0,0,0
91,rush,13,sky_ruins,天空遺跡,68,86,7,0,0,0,0,0,0,0,0,0,0,0,0,0,0,0,0,0,0,0,0,0,0,0,0,0,0,0,0,0
92,balanced,1,meadow,はじまり草原,1,4,2,1,1,1,3,6,9,2,2,5,8,2,1,24,1,0,12,57,3,1,13,0,0,0,11,3,0,0,230,961
92,balanced,2,cave,こだま洞くつ,3,7,2,1,1,6,6,10,4,3,1,0,3,2,1,36,2,2,8,83,1,1,24,0,0,0,7,8,0,0,1459,2968
92,balanced,3,brook,しずく湖畔,5,10,3,1,1,10,10,13,7,6,1,0,4,3,2,25,2,2,12,46,0,0,10,0,0,0,8,19,0,0,2299,2035
92,balanced,4,volcano,ほむら火山,8,14,4,1,1,13,13,19,24,23,1,0,3,11,10,74,2,2,37,128,2,1,16,0,0,0,24,62,0,0,1577,1518
92,balanced,5,tower,星晶の塔,12,20,5,1,1,19,19,31,86,84,1,1,6,41,40,197,2,2,129,385,14,1,15,0,0,0,136,177,0,0,1176,1827
92,balanced,6,snowfield,霜降り雪原,16,25,4,1,1,31,32,33,6,5,1,0,6,2,1,42,2,2,10,84,1,1,29,0,0,0,14,50,0,0,1416,3616
92,balanced,7,thunder_ruins,雷鳴遺跡,21,31,5,1,1,33,31,36,25,24,1,0,4,11,10,101,2,2,38,164,0,0,23,0,0,0,39,125,0,0,2802,3100
92,balanced,8,prism_sanctuary,虹晶聖域,28,42,6,1,1,36,37,53,97,89,1,7,12,43,42,288,2,2,142,564,19,1,12,0,0,0,166,515,0,0,2401,4828
92,balanced,9,poison_bog,毒霧の沼地,34,48,5,1,1,53,53,54,5,5,0,0,7,1,0,5,2,2,8,33,0,0,6,0,0,0,7,0,0,0,3740,13020
92,balanced,10,machine_city,古代機械都市,39,57,6,1,1,54,56,65,46,45,1,0,5,21,20,210,2,2,69,308,15,1,20,0,0,0,69,582,0,0,10084,7230
92,balanced,11,deep_sea_temple,深海神殿,46,66,6,1,1,65,64,82,83,81,1,1,5,39,38,304,2,2,124,530,25,1,14,0,0,0,134,1036,0,0,5600,14739
92,balanced,12,demon_gate,魔界門,54,76,7,1,1,82,82,83,8,6,1,1,6,1,0,9,2,2,11,61,2,1,10,0,0,0,16,0,0,0,11415,40345
92,balanced,13,sky_ruins,天空遺跡,68,86,7,1,1,83,84,100,81,80,1,0,5,38,37,4636,2,2,121,4866,23,1,194,25,0,0,126,1526,0,0,31244,32543
93,collector,1,meadow,はじまり草原,1,4,2,1,1,1,3,8,18,17,0,1,6,6,5,45,5,5,29,115,3,1,11,0,0,0,11,0,0,0,230,1398
93,collector,2,cave,こだま洞くつ,3,7,2,1,1,8,8,12,23,21,2,0,5,8,7,148,3,2,34,234,13,1,21,0,0,0,30,5,0,0,740,2702
93,collector,3,brook,しずく湖畔,5,10,3,1,1,12,7,13,21,19,2,0,8,7,6,35,5,5,33,98,4,1,9,0,0,0,22,25,0,0,2827,1357
93,collector,4,volcano,ほむら火山,8,14,4,1,1,13,14,15,7,5,2,0,8,2,1,12,5,5,14,56,1,1,7,0,0,0,13,8,0,0,718,1788
93,collector,5,tower,星晶の塔,12,20,5,1,1,15,16,23,41,36,2,3,12,12,11,82,5,5,58,217,7,1,10,0,0,0,56,39,0,0,946,2268
93,collector,6,snowfield,霜降り雪原,16,25,4,1,1,23,24,29,19,17,2,0,9,6,5,246,5,5,30,324,7,1,52,2,0,0,34,80,0,0,1199,4092
93,collector,7,thunder_ruins,雷鳴遺跡,21,31,5,1,1,29,28,30,11,8,3,0,10,3,2,26,5,5,19,99,1,1,15,0,0,0,24,43,0,0,2161,3709
93,collector,8,prism_sanctuary,虹晶聖域,28,42,6,1,1,30,30,52,114,111,0,3,14,36,35,276,5,5,155,3254,40,1,76,42,0,0,181,561,0,0,1959,5526
93,collector,9,poison_bog,毒霧の沼地,34,48,5,1,1,52,53,54,5,2,3,0,9,1,0,5,5,5,11,47,0,0,7,0,0,0,18,0,1,0,2918,14168
93,collector,10,machine_city,古代機械都市,39,57,6,1,1,54,55,63,46,43,2,1,8,14,13,76,5,5,65,294,24,1,9,0,0,0,99,418,1,0,7479,8361
93,collector,11,deep_sea_temple,深海神殿,46,66,6,1,1,63,64,90,144,135,0,9,20,44,43,343,5,5,193,5102,37,1,119,39,0,0,221,1488,0,0,4415,15971
93,collector,12,demon_gate,魔界門,54,76,7,1,1,90,91,95,19,17,2,0,9,5,4,41,5,5,29,1547,5,1,129,12,0,0,41,378,0,0,8430,22750
93,collector,13,sky_ruins,天空遺跡,68,86,7,1,1,95,96,100,73,69,4,0,11,23,22,3240,5,5,101,4116,32,1,157,27,0,0,97,423,0,0,12007,44393
94,rush,1,meadow,はじまり草原,1,4,2,1,1,1,2,7,5,4,1,0,1,4,3,31,0,0,9,45,0,0,10,0,0,0,7,8,0,0,230,703
94,rush,2,cave,こだま洞くつ,3,7,2,1,1,7,7,12,11,10,1,0,1,10,9,81,0,0,21,112,0,0,9,0,0,0,29,24,0,0,703,1276
94,rush,3,brook,しずく湖畔,5,10,3,1,1,12,12,15,6,6,0,0,0,4,3,24,0,0,10,38,0,0,7,0,0,0,11,20,0,0,1276,1360
94,rush,4,volcano,ほむら火山,8,14,4,1,1,15,15,20,19,19,0,0,0,16,15,86,0,0,35,133,0,0,7,0,0,0,48,59,0,0,1360,1258
94,rush,5,tower,星晶の塔,12,20,5,1,0,20,21,0,88,85,0,3,0,80,80,359,0,0,168,595,0,0,7,0,0,0,256,186,0,0,1258,0
94,rush,6,snowfield,霜降り雪原,16,25,4,0,0,0,0,0,0,0,0,0,0,0,0,0,0,0,0,0,0,0,0,0,0,0,0,0,0,0,0,0
94,rush,7,thunder_ruins,雷鳴遺跡,21,31,5,0,0,0,0,0,0,0,0,0,0,0,0,0,0,0,0,0,0,0,0,0,0,0,0,0,0,0,0,0
94,rush,8,prism_sanctuary,虹晶聖域,28,42,6,0,0,0,0,0,0,0,0,0,0,0,0,0,0,0,0,0,0,0,0,0,0,0,0,0,0,0,0,0
94,rush,9,poison_bog,毒霧の沼地,34,48,5,0,0,0,0,0,0,0,0,0,0,0,0,0,0,0,0,0,0,0,0,0,0,0,0,0,0,0,0,0
94,rush,10,machine_city,古代機械都市,39,57,6,0,0,0,0,0,0,0,0,0,0,0,0,0,0,0,0,0,0,0,0,0,0,0,0,0,0,0,0,0
94,rush,11,deep_sea_temple,深海神殿,46,66,6,0,0,0,0,0,0,0,0,0,0,0,0,0,0,0,0,0,0,0,0,0,0,0,0,0,0,0,0,0
94,rush,12,demon_gate,魔界門,54,76,7,0,0,0,0,0,0,0,0,0,0,0,0,0,0,0,0,0,0,0,0,0,0,0,0,0,0,0,0,0
94,rush,13,sky_ruins,天空遺跡,68,86,7,0,0,0,0,0,0,0,0,0,0,0,0,0,0,0,0,0,0,0,0,0,0,0,0,0,0,0,0,0
95,balanced,1,meadow,はじまり草原,1,4,2,1,1,1,2,6,8,5,1,2,4,3,2,26,2,2,13,67,5,1,12,0,0,0,11,4,0,0,230,912
95,balanced,2,cave,こだま洞くつ,3,7,2,1,1,6,6,11,11,9,1,1,4,5,4,80,2,2,18,130,6,1,23,0,0,0,23,24,0,0,707,1041
95,balanced,3,brook,しずく湖畔,5,10,3,1,1,11,12,14,7,6,1,0,3,3,2,21,2,2,12,48,1,1,9,0,0,0,12,15,0,0,807,1601
95,balanced,4,volcano,ほむら火山,8,14,4,1,1,14,15,19,14,13,1,0,3,6,5,46,2,2,22,86,3,1,12,0,0,0,25,34,0,0,1240,2148
95,balanced,5,tower,星晶の塔,12,20,5,1,1,19,19,27,45,44,1,0,4,21,20,104,2,2,68,203,2,1,12,0,0,0,70,117,0,0,1665,1899
95,balanced,6,snowfield,霜降り雪原,16,25,4,1,1,27,28,34,30,29,1,0,5,14,13,159,2,2,46,241,7,1,25,0,0,0,48,121,0,0,1472,2434
95,balanced,7,thunder_ruins,雷鳴遺跡,21,31,5,1,1,34,33,42,53,53,0,0,4,25,24,127,2,2,80,227,18,1,8,0,0,0,81,215,0,0,1885,4279
95,balanced,8,prism_sanctuary,虹晶聖域,28,42,6,1,1,42,42,45,21,19,1,1,5,8,7,59,2,2,31,114,0,0,26,0,0,0,24,134,0,0,3315,4897
95,balanced,9,poison_bog,毒霧の沼地,34,48,5,1,1,45,46,50,15,14,1,0,4,6,5,37,2,2,23,77,0,0,12,0,0,0,15,201,0,0,3793,5860
95,balanced,10,machine_city,古代機械都市,39,57,6,1,1,50,51,55,14,13,1,0,3,5,4,40,2,2,21,81,0,0,15,0,0,0,13,162,0,0,4539,9555
95,balanced,11,deep_sea_temple,深海神殿,46,66,6,1,1,55,56,81,145,111,1,33,35,54,53,349,2,2,201,947,13,1,17,0,0,0,250,1302,0,0,7400,10898
95,balanced,12,demon_gate,魔界門,54,76,7,1,0,81,83,0,167,166,1,0,1,80,80,14040,0,0,247,14562,26,1,224,66,0,0,248,1220,0,0,8441,0
95,balanced,13,sky_ruins,天空遺跡,68,86,7,0,0,0,0,0,0,0,0,0,0,0,0,0,0,0,0,0,0,0,0,0,0,0,0,0,0,0,0,0
96,collector,1,meadow,はじまり草原,1,4,2,1,1,1,3,6,8,6,2,0,3,3,2,42,1,0,12,65,6,1,18,0,0,0,9,1,0,0,230,1152
96,collector,2,cave,こだま洞くつ,3,7,2,1,1,6,7,10,5,5,0,0,2,2,1,31,1,0,8,61,0,0,19,0,0,0,3,4,0,0,2110,3227
96,collector,3,brook,しずく湖畔,5,10,3,1,1,10,8,12,12,10,2,0,7,4,3,26,5,5,21,76,2,1,10,0,0,0,17,17,0,0,3361,2455
96,collector,4,volcano,ほむら火山,8,14,4,1,1,12,12,18,28,26,2,0,8,9,8,75,5,5,42,220,8,1,23,0,0,0,43,37,0,0,1298,1594
96,collector,5,tower,星晶の塔,12,20,5,1,1,18,19,26,41,39,2,0,8,13,12,61,5,5,59,317,4,1,17,0,0,0,69,48,0,0,843,4409
96,collector,6,snowfield,霜降り雪原,16,25,4,1,1,26,27,32,32,30,1,1,10,10,9,95,5,5,47,240,1,1,28,0,0,0,52,99,0,0,2329,2901
96,collector,7,thunder_ruins,雷鳴遺跡,21,31,5,1,1,32,30,32,11,9,2,0,7,3,2,21,5,5,19,70,3,1,9,0,0,0,23,26,0,0,1533,3603
96,collector,8,prism_sanctuary,虹晶聖域,28,42,6,1,1,32,33,43,50,41,1,8,16,13,12,58,5,5,68,263,13,1,15,0,0,0,84,194,0,0,1904,7850
96,collector,9,poison_bog,毒霧の沼地,34,48,5,1,1,43,44,49,20,19,1,0,9,6,5,34,5,5,31,110,5,1,7,0,0,0,33,201,0,0,4144,6651
96,collector,10,machine_city,古代機械都市,39,57,6,1,1,49,53,55,12,10,2,0,11,3,2,19,5,5,20,94,3,1,8,0,0,0,29,96,0,0,3512,13016
96,collector,11,deep_sea_temple,深海神殿,46,66,6,1,1,55,56,75,84,76,2,6,14,25,24,173,5,5,114,2731,37,1,111,22,0,0,138,844,0,0,6872,18364
96,collector,12,demon_gate,魔界門,54,76,7,1,1,75,76,80,25,14,2,9,19,4,3,27,5,5,34,731,2,1,114,4,0,0,67,200,0,0,9694,15606
96,collector,13,sky_ruins,天空遺跡,68,86,7,1,1,80,79,99,75,69,4,2,13,23,22,3649,5,5,103,3894,12,1,196,20,0,0,103,1323,0,0,8237,20542
97,rush,1,meadow,はじまり草原,1,4,2,1,1,1,2,7,5,3,1,1,1,3,2,28,0,0,8,43,0,0,13,0,0,0,6,8,0,0,230,704
97,rush,2,cave,こだま洞くつ,3,7,2,1,1,7,7,10,8,7,1,0,1,7,6,57,0,0,15,76,0,0,10,0,0,0,21,16,0,0,704,1384
97,rush,3,brook,しずく湖畔,5,10,3,1,1,10,11,14,7,7,0,0,0,5,4,25,0,0,12,41,0,0,7,0,0,0,13,26,0,0,1384,1180
97,rush,4,volcano,ほむら火山,8,14,4,1,1,14,15,22,39,39,0,0,0,36,35,184,0,0,75,313,0,0,7,0,0,0,119,83,0,0,1180,966
97,rush,5,tower,星晶の塔,12,20,5,1,0,22,22,0,86,85,0,1,0,80,80,348,0,0,166,590,0,0,7,0,0,0,266,183,0,0,966,0
97,rush,6,snowfield,霜降り雪原,16,25,4,0,0,0,0,0,0,0,0,0,0,0,0,0,0,0,0,0,0,0,0,0,0,0,0,0,0,0,0,0
97,rush,7,thunder_ruins,雷鳴遺跡,21,31,5,0,0,0,0,0,0,0,0,0,0,0,0,0,0,0,0,0,0,0,0,0,0,0,0,0,0,0,0,0
97,rush,8,prism_sanctuary,虹晶聖域,28,42,6,0,0,0,0,0,0,0,0,0,0,0,0,0,0,0,0,0,0,0,0,0,0,0,0,0,0,0,0,0
97,rush,9,poison_bog,毒霧の沼地,34,48,5,0,0,0,0,0,0,0,0,0,0,0,0,0,0,0,0,0,0,0,0,0,0,0,0,0,0,0,0,0
97,rush,10,machine_city,古代機械都市,39,57,6,0,0,0,0,0,0,0,0,0,0,0,0,0,0,0,0,0,0,0,0,0,0,0,0,0,0,0,0,0
97,rush,11,deep_sea_temple,深海神殿,46,66,6,0,0,0,0,0,0,0,0,0,0,0,0,0,0,0,0,0,0,0,0,0,0,0,0,0,0,0,0,0
97,rush,12,demon_gate,魔界門,54,76,7,0,0,0,0,0,0,0,0,0,0,0,0,0,0,0,0,0,0,0,0,0,0,0,0,0,0,0,0,0
97,rush,13,sky_ruins,天空遺跡,68,86,7,0,0,0,0,0,0,0,0,0,0,0,0,0,0,0,0,0,0,0,0,0,0,0,0,0,0,0,0,0
98,balanced,1,meadow,はじまり草原,1,4,2,1,1,1,2,7,11,7,1,3,5,4,3,46,2,0,17,97,5,1,16,0,0,0,12,7,0,0,230,735
98,balanced,2,cave,こだま洞くつ,3,7,2,1,1,8,9,11,4,3,1,0,3,2,1,27,2,2,8,53,3,1,14,0,0,0,11,9,0,0,2211,2909
98,balanced,3,brook,しずく湖畔,5,10,3,1,1,11,12,15,11,11,0,0,4,5,4,26,2,2,18,64,3,1,8,0,0,0,19,32,0,0,2253,1199
98,balanced,4,volcano,ほむら火山,8,14,4,1,1,15,15,17,8,7,1,0,4,3,2,20,2,2,13,55,3,1,9,0,0,0,14,24,0,0,930,1225
98,balanced,5,tower,星晶の塔,12,20,5,1,1,17,17,27,44,42,1,1,8,20,19,99,2,2,66,229,17,1,8,0,0,0,73,113,0,0,949,3068
98,balanced,6,snowfield,霜降り雪原,16,25,4,1,1,27,28,34,34,33,1,0,6,16,15,108,2,2,52,198,19,1,9,0,0,0,55,147,0,0,2376,2374
98,balanced,7,thunder_ruins,雷鳴遺跡,21,31,5,1,1,34,33,34,5,4,1,0,5,1,0,8,2,2,8,30,1,1,8,0,0,0,8,0,0,0,1840,5102
98,balanced,8,prism_sanctuary,虹晶聖域,28,42,6,1,1,34,37,47,50,47,1,2,7,22,21,104,2,2,74,247,12,1,9,0,0,0,85,298,0,0,3952,7076
98,balanced,9,poison_bog,毒霧の沼地,34,48,5,1,1,47,47,49,7,6,1,0,4,2,1,10,2,2,11,36,1,1,7,0,0,0,11,136,0,0,5480,7512
98,balanced,10,machine_city,古代機械都市,39,57,6,1,1,49,50,55,22,21,1,0,7,9,8,47,2,2,33,116,5,1,8,0,0,0,36,273,0,0,5818,12076
98,balanced,11,deep_sea_temple,深海神殿,46,66,6,1,1,55,61,73,51,49,1,1,5,23,22,301,2,2,76,443,17,1,55,1,0,0,78,678,0,0,9352,17040
98,balanced,12,demon_gate,魔界門,54,76,7,1,1,73,74,94,88,80,1,7,16,38,37,5086,2,2,128,5670,27,1,165,35,0,0,157,1285,0,0,13197,14316
98,balanced,13,sky_ruins,天空遺跡,68,86,7,1,1,94,95,100,35,34,1,0,5,15,14,2401,2,2,52,2533,0,0,174,14,0,0,54,501,0,0,11088,30208
99,collector,1,meadow,はじまり草原,1,4,2,1,1,1,2,7,15,13,1,1,4,5,4,63,1,0,21,114,6,1,17,0,0,0,11,0,0,0,230,1298
99,collector,2,cave,こだま洞くつ,3,7,2,1,1,7,7,11,8,6,2,0,7,3,2,58,5,4,16,146,3,1,24,0,0,0,22,8,0,0,2076,2587
99,collector,3,brook,しずく湖畔,5,10,3,1,1,11,9,14,15,13,2,0,8,5,4,31,5,5,25,92,2,1,10,0,0,0,29,13,0,0,1687,2188
99,collector,4,volcano,ほむら火山,8,14,4,1,1,14,12,14,7,5,2,0,8,2,1,10,5,5,14,62,2,1,7,0,0,0,21,10,0,0,1156,2240
99,collector,5,tower,星晶の塔,12,20,5,1,1,14,15,19,14,12,2,0,7,4,3,24,5,5,23,89,6,1,9,0,0,0,28,20,0,0,1184,3443
99,collector,6,snowfield,霜降り雪原,16,25,4,1,1,19,19,27,31,29,2,0,7,10,9,57,5,5,46,307,4,1,23,0,0,0,59,106,1,0,1819,2975
99,collector,7,thunder_ruins,雷鳴遺跡,21,31,5,1,1,27,28,29,5,4,1,0,9,1,0,6,5,5,11,51,0,0,6,0,0,0,16,0,0,0,1571,5991
99,collector,8,prism_sanctuary,虹晶聖域,28,42,6,1,1,29,29,50,106,102,0,4,14,33,32,185,5,5,144,589,47,1,23,0,0,0,146,510,0,0,3164,7856
99,collector,9,poison_bog,毒霧の沼地,34,48,5,1,1,50,51,51,5,2,3,0,8,1,0,6,5,5,11,48,1,1,8,0,0,0,16,0,0,0,4148,9529
99,collector,10,machine_city,古代機械都市,39,57,6,1,1,51,53,56,14,12,0,2,13,3,2,17,5,5,22,98,1,1,8,0,0,0,31,144,0,0,5031,13049
99,collector,11,deep_sea_temple,深海神殿,46,66,6,1,1,56,57,86,135,129,0,6,17,42,41,232,5,5,182,698,39,1,11,0,0,0,181,1467,0,0,6888,18204
99,collector,12,demon_gate,魔界門,54,76,7,1,1,86,85,86,8,4,3,1,11,1,0,5,5,5,14,126,1,1,54,1,0,0,24,0,0,0,9609,28883
99,collector,13,sky_ruins,天空遺跡,68,86,7,1,1,86,75,79,17,13,3,1,13,4,3,57,5,5,26,291,4,1,138,1,0,0,36,334,0,0,15244,20171
100,rush,1,meadow,はじまり草原,1,4,2,1,1,1,3,8,14,10,0,4,3,9,8,39,0,0,23,73,0,0,6,0,0,0,12,10,0,0,230,688
100,rush,2,cave,こだま洞くつ,3,7,2,1,1,8,8,11,7,4,2,1,3,5,4,40,0,0,12,57,0,0,10,0,0,0,15,16,0,0,688,1397
100,rush,3,brook,しずく湖畔,5,10,3,1,1,11,12,14,8,8,0,0,0,6,5,33,0,0,14,45,0,0,7,0,0,0,16,23,0,0,1397,1381
100,rush,4,volcano,ほむら火山,8,14,4,1,1,14,15,19,16,16,0,0,0,13,12,69,0,0,29,98,0,0,7,0,0,0,39,57,0,0,1381,1276
100,rush,5,tower,星晶の塔,12,20,5,1,1,19,20,29,54,54,0,0,0,50,49,241,0,0,104,361,0,0,7,0,0,0,149,128,0,0,1276,1554
100,rush,6,snowfield,霜降り雪原,16,25,4,1,0,29,30,0,84,84,0,0,0,80,80,433,0,0,164,594,0,0,7,0,0,0,241,286,0,0,1554,0
100,rush,7,thunder_ruins,雷鳴遺跡,21,31,5,0,0,0,0,0,0,0,0,0,0,0,0,0,0,0,0,0,0,0,0,0,0,0,0,0,0,0,0,0
100,rush,8,prism_sanctuary,虹晶聖域,28,42,6,0,0,0,0,0,0,0,0,0,0,0,0,0,0,0,0,0,0,0,0,0,0,0,0,0,0,0,0,0
100,rush,9,poison_bog,毒霧の沼地,34,48,5,0,0,0,0,0,0,0,0,0,0,0,0,0,0,0,0,0,0,0,0,0,0,0,0,0,0,0,0,0
100,rush,10,machine_city,古代機械都市,39,57,6,0,0,0,0,0,0,0,0,0,0,0,0,0,0,0,0,0,0,0,0,0,0,0,0,0,0,0,0,0
100,rush,11,deep_sea_temple,深海神殿,46,66,6,0,0,0,0,0,0,0,0,0,0,0,0,0,0,0,0,0,0,0,0,0,0,0,0,0,0,0,0,0
100,rush,12,demon_gate,魔界門,54,76,7,0,0,0,0,0,0,0,0,0,0,0,0,0,0,0,0,0,0,0,0,0,0,0,0,0,0,0,0,0
100,rush,13,sky_ruins,天空遺跡,68,86,7,0,0,0,0,0,0,0,0,0,0,0,0,0,0,0,0,0,0,0,0,0,0,0,0,0,0,0,0,0
101,balanced,1,meadow,はじまり草原,1,4,2,1,1,1,2,7,11,7,1,3,6,4,3,38,1,0,16,72,5,1,13,0,0,0,10,6,0,0,230,797
101,balanced,2,cave,こだま洞くつ,3,7,2,1,1,7,7,11,6,5,1,0,3,3,2,41,2,2,11,76,5,1,19,0,0,0,14,14,0,0,875,2508
101,balanced,3,brook,しずく湖畔,5,10,3,1,1,11,11,14,7,6,1,0,3,3,2,21,2,2,12,47,0,0,10,0,0,0,13,20,0,0,1944,1415
101,balanced,4,volcano,ほむら火山,8,14,4,1,1,14,14,22,40,39,1,0,3,19,18,123,2,2,61,230,13,1,10,0,0,0,68,76,0,0,1097,1235
101,balanced,5,tower,星晶の塔,12,20,5,1,1,22,21,25,21,20,1,0,3,9,8,50,2,2,32,108,4,1,7,0,0,0,33,45,0,0,957,2772
101,balanced,6,snowfield,霜降り雪原,16,25,4,1,1,25,26,31,20,19,1,0,3,9,8,78,2,2,31,136,9,1,14,0,0,0,31,99,0,0,2148,4103
101,balanced,7,thunder_ruins,雷鳴遺跡,21,31,5,1,1,31,30,34,19,18,1,0,3,8,7,105,2,2,29,151,7,1,31,0,0,0,28,100,0,0,3178,3006
101,balanced,8,prism_sanctuary,虹晶聖域,28,42,6,1,1,34,35,53,93,91,1,1,5,44,43,278,2,2,139,572,36,1,22,0,0,0,156,547,0,0,2329,4937
101,balanced,9,poison_bog,毒霧の沼地,34,48,5,1,1,53,53,56,7,6,1,0,3,2,1,13,2,2,11,41,2,1,7,0,0,0,11,150,0,0,3824,8179
101,balanced,10,machine_city,古代機械都市,39,57,6,1,1,56,54,59,24,23,1,0,3,10,9,83,2,2,36,149,2,1,18,0,0,0,34,275,0,0,6335,8041
101,balanced,11,deep_sea_temple,深海神殿,46,66,6,1,1,59,61,81,99,91,1,7,13,44,43,259,2,2,145,598,33,1,11,0,0,0,169,1088,0,0,6228,14790
101,balanced,12,demon_gate,魔界門,54,76,7,1,1,81,83,100,77,74,1,2,11,35,34,1932,2,2,114,2185,40,1,79,25,0,0,133,1194,0,0,11455,27136
101,balanced,13,sky_ruins,天空遺跡,68,86,7,1,1,100,98,100,83,82,1,0,5,39,38,4000,2,2,124,4248,30,1,167,25,0,0,125,353,0,0,21015,37923
102,collector,1,meadow,はじまり草原,1,4,2,1,1,1,3,6,8,7,1,0,3,3,2,25,2,1,13,57,3,1,12,0,0,0,8,1,0,0,230,1165
102,collector,2,cave,こだま洞くつ,3,7,2,1,1,7,5,10,8,6,2,0,3,3,2,33,1,0,12,74,3,1,15,0,0,0,5,7,0,0,1104,2735
102,collector,3,brook,しずく湖畔,5,10,3,1,1,10,10,14,15,12,3,0,8,5,4,45,5,4,25,132,4,1,19,0,0,0,28,26,1,0,3129,1349
102,collector,4,volcano,ほむら火山,8,14,4,1,1,15,15,20,19,17,2,0,5,6,5,52,2,1,27,124,4,1,23,0,0,0,22,36,0,0,1018,2812
102,collector,5,tower,星晶の塔,12,20,5,1,1,20,19,25,32,30,2,0,9,10,9,119,5,5,47,242,4,1,26,0,0,0,47,66,0,0,2732,3146
102,collector,6,snowfield,霜降り雪原,16,25,4,1,1,25,26,31,25,23,2,0,7,8,7,236,5,5,38,368,10,1,33,0,0,0,39,82,0,0,1662,5150
102,collector,7,thunder_ruins,雷鳴遺跡,21,31,5,1,1,31,29,30,8,6,2,0,10,2,1,38,5,5,15,90,2,1,32,0,0,0,19,33,0,0,2720,3877
102,collector,8,prism_sanctuary,虹晶聖域,28,42,6,1,1,30,39,56,112,106,2,4,13,35,34,211,5,5,152,1229,23,1,39,0,0,0,165,530,0,0,2047,10504
102,collector,9,poison_bog,毒霧の沼地,34,48,5,1,1,56,51,54,8,5,3,0,10,2,1,13,5,5,15,72,2,1,7,0,0,0,23,70,1,0,5544,17294
102,collector,10,machine_city,古代機械都市,39,57,6,1,1,54,54,65,61,59,1,1,12,19,18,152,5,5,85,381,23,1,16,0,0,0,99,559,0,0,9128,8107
102,collector,11,deep_sea_temple,深海神殿,46,66,6,1,1,65,56,87,119,114,3,2,10,38,37,4501,5,5,162,5815,38,1,192,33,0,0,170,1314,1,0,4280,12161
102,collector,12,demon_gate,魔界門,54,76,7,1,1,87,89,100,68,65,2,1,11,21,20,4521,5,5,94,5049,26,1,234,25,0,0,86,805,0,0,6419,25747
102,collector,13,sky_ruins,天空遺跡,68,86,7,1,1,100,99,100,52,49,3,0,11,16,15,2689,5,5,73,2889,20,1,177,16,0,0,63,81,0,0,13590,45541
103,rush,1,meadow,はじまり草原,1,4,2,1,1,1,3,7,9,3,1,5,5,3,2,25,0,0,12,51,0,0,9,0,0,0,10,7,0,0,230,714
103,rush,2,cave,こだま洞くつ,3,7,2,1,1,7,7,10,7,5,1,1,3,5,4,45,0,0,12,68,0,0,10,0,0,0,16,15,0,0,714,1396
103,rush,3,brook,しずく湖畔,5,10,3,1,1,10,11,13,5,5,0,0,0,3,2,19,0,0,8,30,0,0,8,0,0,0,8,25,0,0,1396,1181
103,rush,4,volcano,ほむら火山,8,14,4,1,1,13,14,18,19,19,0,0,0,16,15,92,0,0,35,127,0,0,7,0,0,0,48,45,0,0,1181,1004
103,rush,5,tower,星晶の塔,12,20,5,1,1,18,20,32,82,82,0,0,0,78,77,394,0,0,160,568,0,0,8,0,0,0,233,196,0,0,1004,1488
103,rush,6,snowfield,霜降り雪原,16,25,4,1,1,32,33,40,52,52,0,0,0,49,48,313,0,0,101,451,0,0,8,0,0,0,146,197,0,0,1488,2090
103,rush,7,thunder_ruins,雷鳴遺跡,21,31,5,1,1,40,40,48,57,57,0,0,0,53,52,321,0,0,110,419,0,0,8,0,0,0,158,242,0,0,2090,3785
103,rush,8,prism_sanctuary,虹晶聖域,28,42,6,1,0,48,48,0,89,86,0,3,0,80,80,331,0,0,169,658,0,0,7,0,0,0,289,563,0,0,3785,0
103,rush,9,poison_bog,毒霧の沼地,34,48,5,0,0,0,0,0,0,0,0,0,0,0,0,0,0,0,0,0,0,0,0,0,0,0,0,0,0,0,0,0
103,rush,10,machine_city,古代機械都市,39,57,6,0,0,0,0,0,0,0,0,0,0,0,0,0,0,0,0,0,0,0,0,0,0,0,0,0,0,0,0,0
103,rush,11,deep_sea_temple,深海神殿,46,66,6,0,0,0,0,0,0,0,0,0,0,0,0,0,0,0,0,0,0,0,0,0,0,0,0,0,0,0,0,0
103,rush,12,demon_gate,魔界門,54,76,7,0,0,0,0,0,0,0,0,0,0,0,0,0,0,0,0,0,0,0,0,0,0,0,0,0,0,0,0,0
103,rush,13,sky_ruins,天空遺跡,68,86,7,0,0,0,0,0,0,0,0,0,0,0,0,0,0,0,0,0,0,0,0,0,0,0,0,0,0,0,0,0
104,balanced,1,meadow,はじまり草原,1,4,2,1,1,1,2,6,6,4,2,0,3,3,2,32,1,0,10,53,5,1,12,0,0,0,8,5,0,0,230,912
104,balanced,2,cave,こだま洞くつ,3,7,2,1,1,7,7,11,6,5,1,0,2,3,2,39,1,0,10,63,2,1,22,0,0,0,5,18,0,0,2110,2367
104,balanced,3,brook,しずく湖畔,5,10,3,1,1,12,12,15,9,9,0,0,4,4,3,14,2,2,15,36,0,0,6,0,0,0,10,36,0,0,2761,1171
104,balanced,4,volcano,ほむら火山,8,14,4,1,1,15,13,15,6,5,1,0,3,2,1,10,2,2,10,36,2,1,7,0,0,0,6,12,0,0,908,1218
104,balanced,5,tower,星晶の塔,12,20,5,1,1,15,17,23,21,20,1,0,4,9,8,56,2,2,32,116,2,1,14,0,0,0,32,68,0,0,944,3053
104,balanced,6,snowfield,霜降り雪原,16,25,4,1,1,23,23,28,16,15,1,0,3,7,6,105,2,2,25,194,3,1,51,1,0,0,29,112,1,0,2365,2403
104,balanced,7,thunder_ruins,雷鳴遺跡,21,31,5,1,1,28,29,32,15,14,1,0,3,6,5,109,2,2,23,140,3,1,28,0,0,0,23,65,0,0,1862,3101
104,balanced,8,prism_sanctuary,虹晶聖域,28,42,6,1,1,32,32,47,75,65,1,9,13,31,30,143,2,2,108,564,6,1,31,0,0,0,147,377,0,0,2402,7138
104,balanced,9,poison_bog,毒霧の沼地,34,48,5,1,1,47,47,52,19,18,1,0,5,8,7,46,2,2,29,114,7,1,8,0,0,0,32,241,0,0,5529,5856
104,balanced,10,machine_city,古代機械都市,39,57,6,1,1,52,53,64,56,55,1,0,5,26,25,167,2,2,84,293,15,1,12,0,0,0,89,558,0,0,4536,12078
104,balanced,11,deep_sea_temple,深海神殿,46,66,6,1,1,64,63,77,56,55,1,0,5,26,25,183,2,2,84,432,14,1,14,0,0,0,90,777,0,0,9354,16975
104,balanced,12,demon_gate,魔界門,54,76,7,1,0,77,79,0,169,166,1,2,4,80,80,13669,0,0,249,14481,104,1,235,82,0,0,271,1447,0,0,13146,0
104,balanced,13,sky_ruins,天空遺跡,68,86,7,0,0,0,0,0,0,0,0,0,0,0,0,0,0,0,0,0,0,0,0,0,0,0,0,0,0,0,0,0
105,collector,1,meadow,はじまり草原,1,4,2,1,1,1,2,6,12,9,2,1,4,4,3,52,1,0,17,91,8,1,14,0,0,0,12,0,0,0,230,1025
105,collector,2,cave,こだま洞くつ,3,7,2,1,1,7,8,10,5,4,1,0,6,2,1,28,5,5,12,78,4,1,16,0,0,0,20,4,0,0,1283,3206
105,collector,3,brook,しずく湖畔,5,10,3,1,1,10,11,12,6,5,1,0,6,2,1,18,5,5,13,59,1,1,10,0,0,0,20,8,0,0,1694,1976
105,collector,4,volcano,ほむら火山,8,14,4,1,1,12,10,17,25,22,3,0,5,8,7,47,2,1,35,122,8,1,8,0,0,0,31,22,0,0,1045,1598
105,collector,5,tower,星晶の塔,12,20,5,1,1,17,14,20,26,23,3,0,9,8,7,50,5,5,39,147,6,1,9,0,0,0,41,49,0,0,1664,3472
105,collector,6,snowfield,霜降り雪原,16,25,4,1,1,20,21,26,13,12,1,0,7,4,3,67,5,5,22,152,5,1,26,0,0,0,28,57,0,0,1834,3843
105,collector,7,thunder_ruins,雷鳴遺跡,21,31,5,1,1,26,27,27,7,6,1,0,9,1,0,7,5,5,13,62,1,1,7,0,0,0,17,0,0,0,2030,6339
105,collector,8,prism_sanctuary,虹晶聖域,28,42,6,1,1,27,29,47,83,78,0,5,9,25,24,128,5,5,113,909,29,1,36,0,0,0,133,390,0,0,3347,7744
105,collector,9,poison_bog,毒霧の沼地,34,48,5,1,1,47,46,51,26,23,3,0,10,8,7,46,5,5,39,418,3,1,31,0,0,0,50,233,1,0,4089,6634
105,collector,10,machine_city,古代機械都市,39,57,6,1,1,51,52,59,38,34,2,2,11,11,10,76,5,5,54,630,10,1,46,0,0,0,68,285,0,0,3503,13882
105,collector,11,deep_sea_temple,深海神殿,46,66,6,1,1,59,60,85,121,115,2,4,11,38,37,1353,5,5,164,2601,32,1,125,22,0,0,174,1317,0,0,7327,18028
105,collector,12,demon_gate,魔界門,54,76,7,1,1,85,87,96,42,35,2,5,13,11,10,1483,5,5,58,3018,31,1,141,26,0,0,83,550,0,0,9516,15544
105,collector,13,sky_ruins,天空遺跡,68,86,7,1,1,96,97,100,40,38,2,0,9,12,11,963,5,5,57,2547,16,1,84,31,0,0,72,347,0,0,8205,38064
106,rush,1,meadow,はじまり草原,1,4,2,1,1,1,2,6,6,3,1,2,2,3,2,20,0,0,9,37,0,0,9,0,0,0,7,7,0,0,230,724
106,rush,2,cave,こだま洞くつ,3,7,2,1,1,6,6,11,9,8,1,0,2,8,7,69,0,0,17,93,0,0,11,0,0,0,24,17,0,0,724,1672
106,rush,3,brook,しずく湖畔,5,10,3,1,1,11,11,14,7,7,0,0,0,5,4,31,0,0,12,46,0,0,8,0,0,0,14,26,0,0,1672,1164
106,rush,4,volcano,ほむら火山,8,14,4,1,1,14,15,20,20,20,0,0,0,17,16,92,0,0,37,132,0,0,7,0,0,0,50,61,0,0,1164,1277
106,rush,5,tower,星晶の塔,12,20,5,1,1,20,21,28,45,44,0,1,0,40,39,193,0,0,85,315,0,0,7,0,0,0,127,111,0,0,1277,1534
106,rush,6,snowfield,霜降り雪原,16,25,4,1,0,28,29,0,84,84,0,0,0,80,80,412,0,0,164,610,0,0,8,0,0,0,243,289,0,0,1534,0
106,rush,7,thunder_ruins,雷鳴遺跡,21,31,5,0,0,0,0,0,0,0,0,0,0,0,0,0,0,0,0,0,0,0,0,0,0,0,0,0,0,0,0,0
106,rush,8,prism_sanctuary,虹晶聖域,28,42,6,0,0,0,0,0,0,0,0,0,0,0,0,0,0,0,0,0,0,0,0,0,0,0,0,0,0,0,0,0
106,rush,9,poison_bog,毒霧の沼地,34,48,5,0,0,0,0,0,0,0,0,0,0,0,0,0,0,0,0,0,0,0,0,0,0,0,0,0,0,0,0,0
106,rush,10,machine_city,古代機械都市,39,57,6,0,0,0,0,0,0,0,0,0,0,0,0,0,0,0,0,0,0,0,0,0,0,0,0,0,0,0,0,0
106,rush,11,deep_sea_temple,深海神殿,46,66,6,0,0,0,0,0,0,0,0,0,0,0,0,0,0,0,0,0,0,0,0,0,0,0,0,0,0,0,0,0
106,rush,12,demon_gate,魔界門,54,76,7,0,0,0,0,0,0,0,0,0,0,0,0,0,0,0,0,0,0,0,0,0,0,0,0,0,0,0,0,0
106,rush,13,sky_ruins,天空遺跡,68,86,7,0,0,0,0,0,0,0,0,0,0,0,0,0,0,0,0,0,0,0,0,0,0,0,0,0,0,0,0,0
107,balanced,1,meadow,はじまり草原,1,4,2,1,1,1,3,6,4,2,2,0,4,2,1,18,2,0,8,50,2,1,13,0,0,0,9,3,0,0,230,1062
107,balanced,2,cave,こだま洞くつ,3,7,2,1,1,7,8,11,6,5,1,0,2,3,2,46,1,0,10,66,5,1,18,0,0,0,10,17,0,0,2518,2232
107,balanced,3,brook,しずく湖畔,5,10,3,1,1,9,11,15,9,8,1,0,3,4,3,27,2,2,15,55,0,0,9,0,0,0,17,36,0,0,2926,1164
107,balanced,4,volcano,ほむら火山,8,14,4,1,1,15,13,17,12,11,1,0,3,5,4,40,2,2,19,79,0,0,10,0,0,0,21,28,0,0,902,2710
107,balanced,5,tower,星晶の塔,12,20,5,1,1,17,18,21,10,8,1,1,5,3,2,17,2,2,15,57,0,0,9,0,0,0,21,45,0,0,2099,1874
107,balanced,6,snowfield,霜降り雪原,16,25,4,1,1,21,22,26,11,9,1,1,5,4,3,23,2,2,17,67,1,1,10,0,0,0,21,57,0,0,1452,3713
107,balanced,7,thunder_ruins,雷鳴遺跡,21,31,5,1,1,26,27,34,32,31,0,1,7,14,13,299,2,2,48,378,0,0,72,3,0,0,54,138,0,0,2876,5738
107,balanced,8,prism_sanctuary,虹晶聖域,28,42,6,1,1,34,34,49,73,67,1,5,8,32,31,171,2,2,107,355,7,1,15,0,0,0,118,406,0,0,4444,5014
107,balanced,9,poison_bog,毒霧の沼地,34,48,5,1,1,49,49,52,9,8,1,0,3,3,2,13,2,2,14,39,1,1,6,0,0,0,13,94,0,0,3884,10668
107,balanced,10,machine_city,古代機械都市,39,57,6,1,1,52,53,66,70,67,1,2,10,32,31,215,2,2,104,378,13,1,17,0,0,0,116,718,0,0,8262,14982
107,balanced,11,deep_sea_temple,深海神殿,46,66,6,1,1,66,65,81,74,73,1,0,5,35,34,3097,2,2,111,3288,33,1,242,19,0,0,116,1017,0,0,11603,11062
107,balanced,12,demon_gate,魔界門,54,76,7,1,0,81,83,0,169,166,1,2,3,80,80,21655,0,0,249,24007,85,1,316,93,0,0,266,1172,0,0,8567,0
107,balanced,13,sky_ruins,天空遺跡,68,86,7,0,0,0,0,0,0,0,0,0,0,0,0,0,0,0,0,0,0,0,0,0,0,0,0,0,0,0,0,0
108,collector,1,meadow,はじまり草原,1,4,2,1,1,1,2,6,12,9,2,1,3,4,3,60,1,0,17,102,9,1,19,0,0,0,14,0,0,0,230,1024
108,collector,2,cave,こだま洞くつ,3,7,2,1,1,6,7,10,5,4,1,0,6,2,1,30,5,5,12,107,1,1,20,0,0,0,12,4,0,0,1282,3217
108,collector,3,brook,しずく湖畔,5,10,3,1,1,10,9,13,12,10,2,0,7,4,3,50,5,5,21,94,0,0,19,0,0,0,16,12,0,0,1699,1533
108,collector,4,volcano,ほむら火山,8,14,4,1,1,13,11,15,10,6,4,0,9,3,2,18,5,5,18,81,3,1,7,0,0,0,25,12,0,0,811,3055
108,collector,5,tower,星晶の塔,12,20,5,1,1,15,15,21,26,24,2,0,10,8,7,64,5,5,39,183,4,1,28,0,0,0,42,32,0,0,1614,2351
108,collector,6,snowfield,霜降り雪原,16,25,4,1,1,21,22,28,23,22,0,1,10,7,6,196,5,5,35,287,5,1,47,0,0,0,42,78,0,0,1242,4100
108,collector,7,thunder_ruins,雷鳴遺跡,21,31,5,1,1,28,29,31,8,7,1,0,6,2,1,57,5,5,15,104,2,1,50,1,0,0,20,29,0,0,2165,4084
108,collector,8,prism_sanctuary,虹晶聖域,28,42,6,1,1,31,32,47,81,72,0,9,16,23,22,136,5,5,109,1621,25,1,68,17,0,0,143,335,0,0,2156,5661
108,collector,9,poison_bog,毒霧の沼地,34,48,5,1,1,47,47,49,8,4,4,0,10,2,1,10,5,5,15,77,1,1,9,0,0,0,24,37,0,0,2989,10063
108,collector,10,machine_city,古代機械都市,39,57,6,1,1,49,48,57,48,40,2,6,14,13,12,84,5,5,66,769,11,1,82,6,0,0,81,341,0,0,5312,8338
108,collector,11,deep_sea_temple,深海神殿,46,66,6,1,1,57,58,84,124,119,1,4,12,39,38,972,5,5,168,2590,29,1,158,24,0,0,185,1356,0,0,4402,15863
108,collector,12,demon_gate,魔界門,54,76,7,1,1,84,82,84,16,11,2,3,10,3,2,217,5,5,24,1013,5,1,129,10,0,0,40,253,0,0,8373,22554
108,collector,13,sky_ruins,天空遺跡,68,86,7,1,1,84,85,100,139,134,2,3,11,44,43,9782,5,5,188,10141,32,1,237,44,0,0,163,1130,0,0,11904,45487
109,rush,1,meadow,はじまり草原,1,4,2,1,1,1,3,6,3,2,1,0,1,2,1,15,0,0,5,24,0,0,8,0,0,0,3,5,0,0,230,823
109,rush,2,cave,こだま洞くつ,3,7,2,1,1,6,6,10,8,7,1,0,1,7,6,57,0,0,15,79,0,0,10,0,0,0,22,16,0,0,823,1382
109,rush,3,brook,しずく湖畔,5,10,3,1,1,10,11,15,9,9,0,0,0,7,6,42,0,0,16,60,0,0,7,0,0,0,20,30,0,0,1382,1155
109,rush,4,volcano,ほむら火山,8,14,4,1,1,15,15,19,13,13,0,0,0,10,9,58,0,0,23,78,0,0,7,0,0,0,29,41,0,0,1155,973
109,rush,5,tower,星晶の塔,12,20,5,1,1,19,20,29,57,57,0,0,0,53,52,266,0,0,110,397,0,0,7,0,0,0,159,146,0,0,973,1525
109,rush,6,snowfield,霜降り雪原,16,25,4,1,0,29,30,0,84,84,0,0,0,80,80,427,0,0,164,609,0,0,9,0,0,0,241,288,0,0,1525,0
109,rush,7,thunder_ruins,雷鳴遺跡,21,31,5,0,0,0,0,0,0,0,0,0,0,0,0,0,0,0,0,0,0,0,0,0,0,0,0,0,0,0,0,0
109,rush,8,prism_sanctuary,虹晶聖域,28,42,6,0,0,0,0,0,0,0,0,0,0,0,0,0,0,0,0,0,0,0,0,0,0,0,0,0,0,0,0,0
109,rush,9,poison_bog,毒霧の沼地,34,48,5,0,0,0,0,0,0,0,0,0,0,0,0,0,0,0,0,0,0,0,0,0,0,0,0,0,0,0,0,0
109,rush,10,machine_city,古代機械都市,39,57,6,0,0,0,0,0,0,0,0,0,0,0,0,0,0,0,0,0,0,0,0,0,0,0,0,0,0,0,0,0
109,rush,11,deep_sea_temple,深海神殿,46,66,6,0,0,0,0,0,0,0,0,0,0,0,0,0,0,0,0,0,0,0,0,0,0,0,0,0,0,0,0,0
109,rush,12,demon_gate,魔界門,54,76,7,0,0,0,0,0,0,0,0,0,0,0,0,0,0,0,0,0,0,0,0,0,0,0,0,0,0,0,0,0
109,rush,13,sky_ruins,天空遺跡,68,86,7,0,0,0,0,0,0,0,0,0,0,0,0,0,0,0,0,0,0,0,0,0,0,0,0,0,0,0,0,0
110,balanced,1,meadow,はじまり草原,1,4,2,1,1,1,2,6,6,4,2,0,4,3,2,33,2,0,11,67,5,1,14,0,0,0,7,5,0,0,230,911
110,balanced,2,cave,こだま洞くつ,3,7,2,1,1,8,9,11,4,3,1,0,3,2,1,43,2,2,8,70,4,1,28,0,0,0,10,12,0,0,1867,2579
110,balanced,3,brook,しずく湖畔,5,10,3,1,1,11,11,15,9,8,1,0,3,4,3,27,2,2,15,67,0,0,12,0,0,0,17,34,0,0,1998,1183
110,balanced,4,volcano,ほむら火山,8,14,4,1,1,15,15,22,38,37,1,0,3,18,17,170,2,2,58,251,5,1,18,0,0,0,59,69,0,0,917,1199
110,balanced,5,tower,星晶の塔,12,20,5,1,1,22,22,27,21,20,1,0,4,9,8,60,2,2,32,108,2,1,13,0,0,0,33,58,0,0,930,3020
110,balanced,6,snowfield,霜降り雪原,16,25,4,1,1,27,26,27,4,3,1,0,3,1,0,5,2,2,7,28,0,0,8,0,0,0,8,0,0,0,2340,6509
110,balanced,7,thunder_ruins,雷鳴遺跡,21,31,5,1,1,27,28,33,19,18,1,0,3,8,7,104,2,2,29,141,1,1,53,1,0,0,29,133,0,0,5041,3067
110,balanced,8,prism_sanctuary,虹晶聖域,28,42,6,1,1,33,32,47,81,67,1,13,17,32,31,183,2,2,115,480,5,1,14,0,0,0,153,384,0,0,2376,7076
110,balanced,9,poison_bog,毒霧の沼地,34,48,5,1,1,47,48,49,5,4,1,0,6,1,0,4,2,2,8,42,0,0,7,0,0,0,11,0,0,0,5480,12706
110,balanced,10,machine_city,古代機械都市,39,57,6,1,1,49,50,57,26,25,1,0,5,11,10,81,2,2,39,146,4,1,13,0,0,0,43,386,0,0,9841,11991
110,balanced,11,deep_sea_temple,深海神殿,46,66,6,1,1,57,58,83,116,110,0,6,14,53,52,336,2,2,171,767,18,1,21,0,0,0,206,1352,0,0,9287,17818
110,balanced,12,demon_gate,魔界門,54,76,7,1,1,83,85,98,56,54,1,1,4,25,24,4064,2,2,83,4832,42,1,204,29,0,0,90,956,0,0,13799,14214
110,balanced,13,sky_ruins,天空遺跡,68,86,7,1,0,98,100,0,167,166,1,0,1,80,80,17292,0,0,247,17720,80,1,217,80,0,0,248,0,0,0,11008,0
111,collector,1,meadow,はじまり草原,1,4,2,1,1,1,2,6,13,10,1,2,6,4,3,28,5,4,22,111,10,1,9,0,0,0,19,0,0,0,230,1014
111,collector,2,cave,こだま洞くつ,3,7,2,1,1,7,6,11,11,9,2,0,6,4,3,49,4,3,19,102,8,1,18,0,0,0,22,14,0,0,687,1808
111,collector,3,brook,しずく湖畔,5,10,3,1,1,11,10,12,9,7,2,0,7,3,2,23,5,5,17,70,2,1,13,0,0,0,23,11,0,0,1627,1355
111,collector,4,volcano,ほむら火山,8,14,4,1,1,12,13,17,13,11,2,0,9,4,3,40,5,5,22,171,3,1,14,0,0,0,33,22,0,0,717,1937
111,collector,5,tower,星晶の塔,12,20,5,1,1,17,16,23,35,34,1,0,7,11,10,50,5,5,51,155,6,1,8,0,0,0,51,47,0,0,1024,3538
111,collector,6,snowfield,霜降り雪原,16,25,4,1,1,23,24,26,7,4,3,0,8,2,1,76,5,5,14,144,3,1,48,0,0,0,22,21,0,0,1870,4975
111,collector,7,thunder_ruins,雷鳴遺跡,21,31,5,1,1,26,26,31,23,21,2,0,9,7,6,233,5,5,35,361,6,1,65,2,0,0,38,91,0,0,2627,3594
111,collector,8,prism_sanctuary,虹晶聖域,28,42,6,1,1,31,33,53,113,104,1,8,18,34,33,291,5,5,152,710,10,1,32,0,0,0,155,519,0,0,1898,7757
111,collector,9,poison_bog,毒霧の沼地,34,48,5,1,1,53,52,55,14,11,3,0,9,4,3,24,5,5,23,152,4,1,23,0,0,0,32,153,1,0,4096,6515
111,collector,10,machine_city,古代機械都市,39,57,6,1,1,55,56,70,85,83,1,1,10,27,26,516,5,5,117,1324,26,1,55,1,0,0,124,696,0,0,3440,12985
111,collector,11,deep_sea_temple,深海神殿,46,66,6,1,1,70,71,85,77,73,2,2,11,24,23,1954,5,5,106,2981,22,1,124,30,0,0,117,874,0,0,6854,18163
111,collector,12,demon_gate,魔界門,54,76,7,1,1,85,85,96,54,50,2,2,10,16,15,1981,5,5,75,3816,45,1,140,35,0,0,95,868,0,0,9587,15293
111,collector,13,sky_ruins,天空遺跡,68,86,7,1,1,96,97,100,119,116,2,1,11,38,37,5760,5,5,162,6146,24,1,157,39,0,0,136,251,0,0,8073,47649
112,rush,1,meadow,はじまり草原,1,4,2,1,1,1,2,7,6,4,1,1,3,4,3,30,0,0,10,48,0,0,9,0,0,0,8,8,0,0,230,697
112,rush,2,cave,こだま洞くつ,3,7,2,1,1,7,7,12,10,9,1,0,1,9,8,85,0,0,19,110,0,0,12,0,0,0,26,21,0,0,697,1380
112,rush,3,brook,しずく湖畔,5,10,3,1,1,12,12,13,3,3,0,0,0,1,0,7,0,0,4,12,0,0,7,0,0,0,2,0,0,0,1380,2520
112,rush,4,volcano,ほむら火山,8,14,4,1,1,13,14,20,22,22,0,0,0,19,18,109,0,0,41,166,0,0,7,0,0,0,57,80,0,0,2520,1261
112,rush,5,tower,星晶の塔,12,20,5,1,1,20,21,32,81,81,0,0,0,77,76,376,0,0,158,550,0,0,7,0,0,0,230,182,0,0,1261,1498
112,rush,6,snowfield,霜降り雪原,16,25,4,1,1,32,33,38,34,34,0,0,0,31,30,188,0,0,65,253,0,0,8,0,0,0,92,140,0,0,1498,2595
112,rush,7,thunder_ruins,雷鳴遺跡,21,31,5,1,0,38,38,0,85,85,0,0,0,80,80,437,0,0,165,596,0,0,7,0,0,0,240,355,0,0,2595,0
112,rush,8,prism_sanctuary,虹晶聖域,28,42,6,0,0,0,0,0,0,0,0,0,0,0,0,0,0,0,0,0,0,0,0,0,0,0,0,0,0,0,0,0
112,rush,9,poison_bog,毒霧の沼地,34,48,5,0,0,0,0,0,0,0,0,0,0,0,0,0,0,0,0,0,0,0,0,0,0,0,0,0,0,0,0,0
112,rush,10,machine_city,古代機械都市,39,57,6,0,0,0,0,0,0,0,0,0,0,0,0,0,0,0,0,0,0,0,0,0,0,0,0,0,0,0,0,0
112,rush,11,deep_sea_temple,深海神殿,46,66,6,0,0,0,0,0,0,0,0,0,0,0,0,0,0,0,0,0,0,0,0,0,0,0,0,0,0,0,0,0
112,rush,12,demon_gate,魔界門,54,76,7,0,0,0,0,0,0,0,0,0,0,0,0,0,0,0,0,0,0,0,0,0,0,0,0,0,0,0,0,0
112,rush,13,sky_ruins,天空遺跡,68,86,7,0,0,0,0,0,0,0,0,0,0,0,0,0,0,0,0,0,0,0,0,0,0,0,0,0,0,0,0,0
113,balanced,1,meadow,はじまり草原,1,4,2,1,1,1,3,7,6,5,1,0,2,3,2,21,1,0,10,40,4,1,8,0,0,0,5,6,0,0,230,876
113,balanced,2,cave,こだま洞くつ,3,7,2,1,1,7,7,11,6,5,1,0,2,3,2,48,1,0,10,98,5,1,23,0,0,0,5,15,0,0,954,2584
113,balanced,3,brook,しずく湖畔,5,10,3,1,1,12,12,15,9,8,1,0,5,4,3,18,2,2,15,45,3,1,6,0,0,0,10,38,0,0,2718,1202
113,balanced,4,volcano,ほむら火山,8,14,4,1,1,15,13,15,6,5,1,0,3,2,1,11,2,2,10,35,2,1,7,0,0,0,7,23,0,0,932,1266
113,balanced,5,tower,星晶の塔,12,20,5,1,1,15,16,22,22,20,1,1,5,9,8,48,2,2,33,119,2,1,7,0,0,0,36,56,0,0,982,3054
113,balanced,6,snowfield,霜降り雪原,16,25,4,1,1,22,22,27,12,11,1,0,3,5,4,80,2,2,19,124,6,1,30,0,0,0,20,96,0,0,2366,2451
113,balanced,7,thunder_ruins,雷鳴遺跡,21,31,5,1,1,27,27,30,11,10,1,0,5,4,3,33,2,2,17,72,4,1,12,0,0,0,17,53,0,0,1899,3142
113,balanced,8,prism_sanctuary,虹晶聖域,28,42,6,1,1,30,32,52,105,102,0,3,11,49,48,303,2,2,156,667,49,1,21,0,0,0,178,593,0,0,2434,7672
113,balanced,9,poison_bog,毒霧の沼地,34,48,5,1,1,52,51,56,25,24,1,0,4,11,10,87,2,2,38,273,3,1,20,0,0,0,46,305,1,0,5942,6015
113,balanced,10,machine_city,古代機械都市,39,57,6,1,1,56,57,58,6,5,1,0,6,1,0,8,2,2,9,60,1,1,9,0,0,0,15,0,0,0,4659,18378
113,balanced,11,deep_sea_temple,深海神殿,46,66,6,1,1,58,58,83,114,111,1,2,6,54,53,400,2,2,170,726,39,1,13,0,0,0,189,1465,0,0,14233,17072
113,balanced,12,demon_gate,魔界門,54,76,7,1,1,83,85,100,59,58,1,0,7,27,26,250,2,2,88,430,37,1,13,0,0,0,97,1102,0,0,13222,14143
113,balanced,13,sky_ruins,天空遺跡,68,86,7,1,0,100,100,0,167,166,1,0,1,80,80,625,0,0,247,1010,30,1,11,0,0,0,244,0,0,0,10953,0
114,collector,1,meadow,はじまり草原,1,4,2,1,1,1,3,6,9,7,1,1,4,3,2,26,2,1,14,70,4,1,11,0,0,0,10,0,0,0,230,1130
114,collector,2,cave,こだま洞くつ,3,7,2,1,1,6,6,11,12,10,1,1,6,4,3,73,4,1,20,173,5,1,27,0,0,0,14,11,0,0,1073,2053
114,collector,3,brook,しずく湖畔,5,10,3,1,1,12,8,14,15,12,3,0,8,5,4,41,5,5,25,104,1,1,13,0,0,0,29,20,0,0,2353,3425
114,collector,4,volcano,ほむら火山,8,14,4,1,1,14,14,17,13,10,3,0,8,4,3,42,5,5,22,103,2,1,17,0,0,0,26,29,0,0,1809,1745
114,collector,5,tower,星晶の塔,12,20,5,1,1,17,17,22,33,27,2,4,12,9,8,44,5,5,47,314,8,1,42,0,0,0,63,27,0,0,923,2255
114,collector,6,snowfield,霜降り雪原,16,25,4,1,1,22,23,31,31,31,0,0,9,10,9,340,5,5,46,485,8,1,64,2,0,0,50,101,0,0,1192,5151
114,collector,7,thunder_ruins,雷鳴遺跡,21,31,5,1,1,31,28,33,26,22,4,0,4,8,7,180,0,0,34,239,3,1,57,2,0,0,17,91,1,0,2721,4209
114,collector,8,prism_sanctuary,虹晶聖域,28,42,6,1,1,33,34,54,141,116,1,24,32,38,37,263,5,5,184,2841,25,1,86,30,0,0,199,554,0,0,4209,11320
114,collector,9,poison_bog,毒霧の沼地,34,48,5,1,1,54,53,56,11,8,3,0,9,3,2,18,5,5,19,141,0,0,22,0,0,0,27,132,1,0,5976,15163
114,collector,10,machine_city,古代機械都市,39,57,6,1,1,56,56,63,33,31,2,0,11,10,9,82,5,5,48,675,10,1,117,1,0,0,65,326,0,0,8003,8121
114,collector,11,deep_sea_temple,深海神殿,46,66,6,1,1,63,63,79,101,92,1,8,14,30,29,1992,5,5,136,5644,25,1,285,38,0,0,158,1023,0,0,4288,11311
114,collector,12,demon_gate,魔界門,54,76,7,1,1,79,80,80,27,5,2,20,30,1,0,134,5,5,33,600,1,1,134,3,0,0,85,0,0,0,5970,13545
114,collector,13,sky_ruins,天空遺跡,68,86,7,1,1,80,81,100,234,216,1,17,28,71,70,16526,5,5,310,17310,76,1,246,73,0,0,287,1218,0,0,7150,47995
115,rush,1,meadow,はじまり草原,1,4,2,1,1,1,3,6,4,1,2,1,3,2,1,19,0,0,6,32,0,0,10,0,0,0,5,5,0,0,230,780
115,rush,2,cave,こだま洞くつ,3,7,2,1,1,6,6,11,10,10,0,0,0,9,8,62,0,0,19,88,0,0,8,0,0,0,26,20,0,0,780,1670
115,rush,3,brook,しずく湖畔,5,10,3,1,1,11,12,14,5,5,0,0,0,3,2,18,0,0,8,30,0,0,7,0,0,0,9,25,0,0,1670,1150
115,rush,4,volcano,ほむら火山,8,14,4,1,1,14,15,24,54,53,0,1,0,50,49,249,0,0,104,402,0,0,7,0,0,0,164,95,0,0,1150,1317
115,rush,5,tower,星晶の塔,12,20,5,1,0,24,24,0,85,85,0,0,0,80,80,357,0,0,165,562,0,0,7,0,0,0,265,188,0,0,1317,0
115,rush,6,snowfield,霜降り雪原,16,25,4,0,0,0,0,0,0,0,0,0,0,0,0,0,0,0,0,0,0,0,0,0,0,0,0,0,0,0,0,0
115,rush,7,thunder_ruins,雷鳴遺跡,21,31,5,0,0,0,0,0,0,0,0,0,0,0,0,0,0,0,0,0,0,0,0,0,0,0,0,0,0,0,0,0
115,rush,8,prism_sanctuary,虹晶聖域,28,42,6,0,0,0,0,0,0,0,0,0,0,0,0,0,0,0,0,0,0,0,0,0,0,0,0,0,0,0,0,0
115,rush,9,poison_bog,毒霧の沼地,34,48,5,0,0,0,0,0,0,0,0,0,0,0,0,0,0,0,0,0,0,0,0,0,0,0,0,0,0,0,0,0
115,rush,10,machine_city,古代機械都市,39,57,6,0,0,0,0,0,0,0,0,0,0,0,0,0,0,0,0,0,0,0,0,0,0,0,0,0,0,0,0,0
115,rush,11,deep_sea_temple,深海神殿,46,66,6,0,0,0,0,0,0,0,0,0,0,0,0,0,0,0,0,0,0,0,0,0,0,0,0,0,0,0,0,0
115,rush,12,demon_gate,魔界門,54,76,7,0,0,0,0,0,0,0,0,0,0,0,0,0,0,0,0,0,0,0,0,0,0,0,0,0,0,0,0,0
115,rush,13,sky_ruins,天空遺跡,68,86,7,0,0,0,0,0,0,0,0,0,0,0,0,0,0,0,0,0,0,0,0,0,0,0,0,0,0,0,0,0
116,balanced,1,meadow,はじまり草原,1,4,2,1,1,1,2,7,6,5,1,0,3,3,2,27,2,0,11,59,4,1,12,0,0,0,7,6,0,0,230,868
116,balanced,2,cave,こだま洞くつ,3,7,2,1,1,8,8,10,4,3,1,0,4,2,1,17,2,2,8,45,0,0,12,0,0,0,11,7,0,0,1644,2634
116,balanced,3,brook,しずく湖畔,5,10,3,1,1,10,11,14,7,6,1,0,3,3,2,18,2,2,12,43,1,1,7,0,0,0,15,30,0,0,2040,1368
116,balanced,4,volcano,ほむら火山,8,14,4,1,1,14,13,16,8,7,1,0,4,3,2,33,2,2,13,65,3,1,15,0,0,0,16,30,0,0,1060,1211
116,balanced,5,tower,星晶の塔,12,20,5,1,1,16,15,21,17,16,1,0,4,7,6,36,2,2,26,84,5,1,7,0,0,0,29,51,0,0,939,3039
116,balanced,6,snowfield,霜降り雪原,16,25,4,1,1,21,22,24,6,5,1,0,4,2,1,61,2,2,10,97,2,1,31,0,0,0,12,33,0,0,2354,4267
116,balanced,7,thunder_ruins,雷鳴遺跡,21,31,5,1,1,24,25,31,19,18,1,0,5,8,7,82,2,2,29,134,8,1,20,0,0,0,30,114,0,0,3305,3179
116,balanced,8,prism_sanctuary,虹晶聖域,28,42,6,1,1,31,39,47,41,39,1,1,6,18,17,91,2,2,61,229,7,1,16,0,0,0,68,243,0,0,2463,7214
116,balanced,9,poison_bog,毒霧の沼地,34,48,5,1,1,47,47,49,7,7,0,0,7,2,1,14,2,2,11,46,2,1,7,0,0,0,11,82,0,0,5588,8495
116,balanced,10,machine_city,古代機械都市,39,57,6,1,1,49,49,59,44,43,1,0,7,20,19,189,2,2,66,302,13,1,18,0,0,0,70,511,0,0,6579,12797
116,balanced,11,deep_sea_temple,深海神殿,46,66,6,1,1,59,59,80,92,91,1,0,8,44,43,305,2,2,138,546,31,1,12,0,0,0,147,1210,0,0,9911,17033
116,balanced,12,demon_gate,魔界門,54,76,7,1,1,80,82,100,79,74,1,4,10,35,34,301,2,2,116,586,24,1,14,0,0,0,147,1243,0,0,13192,15405
116,balanced,13,sky_ruins,天空遺跡,68,86,7,1,1,100,100,100,81,80,1,0,3,38,37,5033,2,2,121,5288,0,0,167,32,0,0,121,0,0,0,11931,38382
117,collector,1,meadow,はじまり草原,1,4,2,1,1,1,2,6,9,7,1,1,3,3,2,19,1,0,13,48,2,1,9,0,0,0,7,1,0,0,230,1150
117,collector,2,cave,こだま洞くつ,3,7,2,1,1,6,5,10,8,6,2,0,5,3,2,45,3,2,14,124,4,1,20,0,0,0,10,7,0,0,1228,2555
117,collector,3,brook,しずく湖畔,5,10,3,1,1,10,11,13,9,7,2,0,8,3,2,24,5,5,17,88,2,1,11,0,0,0,24,17,0,0,2614,1942
117,collector,4,volcano,ほむら火山,8,14,4,1,1,13,13,18,23,20,2,1,10,7,6,45,5,5,35,133,5,1,11,0,0,0,43,29,0,0,1027,1603
117,collector,5,tower,星晶の塔,12,20,5,1,1,18,16,22,26,22,4,0,10,8,7,54,5,5,39,161,1,1,14,0,0,0,45,31,0,0,847,3509
117,collector,6,snowfield,霜降り雪原,16,25,4,1,1,22,22,29,27,24,1,2,9,8,7,403,5,5,40,503,8,1,73,6,0,0,45,97,0,0,1853,3479
117,collector,7,thunder_ruins,雷鳴遺跡,21,31,5,1,1,29,29,30,8,5,3,0,8,2,1,31,5,5,15,84,0,0,26,0,0,0,23,20,0,0,1838,3655
117,collector,8,prism_sanctuary,虹晶聖域,28,42,6,1,1,30,31,51,100,92,1,7,13,30,29,153,5,5,135,2969,21,1,84,40,0,0,158,444,0,0,1930,7833
117,collector,9,poison_bog,毒霧の沼地,34,48,5,1,1,51,49,55,26,24,2,0,10,8,7,56,5,5,39,444,8,1,30,0,0,0,56,230,1,0,4136,6539
117,collector,10,machine_city,古代機械都市,39,57,6,1,1,55,56,65,63,56,1,6,16,18,17,146,5,5,86,1170,12,1,109,1,0,0,115,450,0,0,3454,12810
117,collector,11,deep_sea_temple,深海神殿,46,66,6,1,1,65,63,83,113,107,1,5,12,35,34,5534,5,5,153,9054,31,1,335,44,0,0,152,1207,0,0,6762,18323
117,collector,12,demon_gate,魔界門,54,76,7,1,1,83,84,100,75,69,1,5,13,22,21,6131,5,5,102,16401,47,1,394,83,0,0,141,1079,0,0,9672,15439
117,collector,13,sky_ruins,天空遺跡,68,86,7,1,0,100,100,0,14,8,2,4,6,2,1,800,0,0,16,950,1,1,400,3,0,1,17,0,0,0,8150,0
118,rush,1,meadow,はじまり草原,1,4,2,1,1,1,3,9,15,15,0,0,1,14,13,66,0,0,29,95,0,0,5,0,0,0,13,11,0,0,230,972
118,rush,2,cave,こだま洞くつ,3,7,2,1,1,9,9,12,5,2,2,1,3,3,2,21,0,0,8,35,0,0,9,0,0,0,9,25,0,0,972,681
118,rush,3,brook,しずく湖畔,5,10,3,1,1,12,12,15,10,10,0,0,0,8,7,46,0,0,18,64,0,0,7,0,0,0,22,14,0,0,681,1372
118,rush,4,volcano,ほむら火山,8,14,4,1,1,15,15,20,21,21,0,0,0,18,17,96,0,0,39,143,0,0,7,0,0,0,53,65,0,0,1372,990
118,rush,5,tower,星晶の塔,12,20,5,1,1,20,21,32,84,83,0,1,0,79,78,383,0,0,163,610,0,0,7,0,0,0,247,182,0,0,990,1549
118,rush,6,snowfield,霜降り雪原,16,25,4,1,1,32,33,41,65,65,0,0,0,62,61,353,0,0,127,492,0,0,7,0,0,0,185,230,0,0,1549,2042
118,rush,7,thunder_ruins,雷鳴遺跡,21,31,5,1,0,41,42,0,85,85,0,0,0,80,80,406,0,0,165,568,0,0,7,0,0,0,240,346,0,0,2042,0
118,rush,8,prism_sanctuary,虹晶聖域,28,42,6,0,0,0,0,0,0,0,0,0,0,0,0,0,0,0,0,0,0,0,0,0,0,0,0,0,0,0,0,0
118,rush,9,poison_bog,毒霧の沼地,34,48,5,0,0,0,0,0,0,0,0,0,0,0,0,0,0,0,0,0,0,0,0,0,0,0,0,0,0,0,0,0
118,rush,10,machine_city,古代機械都市,39,57,6,0,0,0,0,0,0,0,0,0,0,0,0,0,0,0,0,0,0,0,0,0,0,0,0,0,0,0,0,0
118,rush,11,deep_sea_temple,深海神殿,46,66,6,0,0,0,0,0,0,0,0,0,0,0,0,0,0,0,0,0,0,0,0,0,0,0,0,0,0,0,0,0
118,rush,12,demon_gate,魔界門,54,76,7,0,0,0,0,0,0,0,0,0,0,0,0,0,0,0,0,0,0,0,0,0,0,0,0,0,0,0,0,0
118,rush,13,sky_ruins,天空遺跡,68,86,7,0,0,0,0,0,0,0,0,0,0,0,0,0,0,0,0,0,0,0,0,0,0,0,0,0,0,0,0,0
119,balanced,1,meadow,はじまり草原,1,4,2,1,1,1,2,6,6,4,2,0,3,3,2,37,1,0,10,60,6,1,14,0,0,0,8,5,0,0,230,914
119,balanced,2,cave,こだま洞くつ,3,7,2,1,1,7,7,10,4,3,1,0,3,2,1,32,2,2,8,61,2,1,17,0,0,0,11,6,0,0,1172,3036
119,balanced,3,brook,しずく湖畔,5,10,3,1,1,10,11,13,5,4,1,0,3,2,1,16,2,2,9,37,0,0,10,0,0,0,11,15,0,0,2352,2404
119,balanced,4,volcano,ほむら火山,8,14,4,1,1,13,13,19,20,19,1,0,3,9,8,51,2,2,31,101,5,1,7,0,0,0,31,51,0,0,1863,2462
119,balanced,5,tower,星晶の塔,12,20,5,1,1,19,18,23,23,22,1,0,5,10,9,52,2,2,35,114,3,1,9,0,0,0,34,57,0,0,1907,1865
119,balanced,6,snowfield,霜降り雪原,16,25,4,1,1,23,24,27,8,7,1,0,3,3,2,54,2,2,13,87,0,0,30,0,0,0,16,63,0,0,1445,4234
119,balanced,7,thunder_ruins,雷鳴遺跡,21,31,5,1,1,27,28,34,28,26,1,1,8,12,11,253,2,2,42,336,2,1,64,2,0,0,46,131,0,0,3279,3100
119,balanced,8,prism_sanctuary,虹晶聖域,28,42,6,1,1,34,35,50,86,77,1,8,15,37,36,267,2,2,125,590,3,1,35,0,0,0,150,433,0,0,2401,4896
119,balanced,9,poison_bog,毒霧の沼地,34,48,5,1,1,50,50,53,15,14,1,0,3,6,5,38,2,2,23,78,2,1,9,0,0,0,23,148,0,0,3792,8058
119,balanced,10,machine_city,古代機械都市,39,57,6,1,1,53,54,64,48,47,1,0,3,22,21,231,2,2,72,334,8,1,20,0,0,0,71,532,0,0,6241,7977
119,balanced,11,deep_sea_temple,深海神殿,46,66,6,1,1,64,65,86,102,101,1,0,3,49,48,3471,2,2,153,3736,14,1,274,26,0,0,155,1295,0,0,6178,14825
119,balanced,12,demon_gate,魔界門,54,76,7,1,1,86,86,88,11,8,1,2,5,2,1,408,2,2,15,732,3,1,205,4,0,0,18,226,0,0,11481,26273
119,balanced,13,sky_ruins,天空遺跡,68,86,7,1,1,88,89,100,103,102,1,0,4,49,48,11132,2,2,154,11383,31,1,237,49,0,0,157,1051,0,0,20347,36552
120,collector,1,meadow,はじまり草原,1,4,2,1,1,1,3,6,11,7,1,3,5,3,2,22,1,0,15,55,3,1,10,0,0,0,9,0,0,0,230,1117
120,collector,2,cave,こだま洞くつ,3,7,2,1,1,6,6,10,5,4,1,0,4,2,1,25,2,0,9,67,2,1,19,0,0,0,3,3,0,0,1195,3420
120,collector,3,brook,しずく湖畔,5,10,3,1,1,11,11,15,15,13,2,0,7,5,4,27,5,5,25,81,4,1,9,0,0,0,19,35,0,0,3688,1343
120,collector,4,volcano,ほむら火山,8,14,4,1,1,15,12,17,16,13,3,0,8,5,4,30,5,5,26,95,5,1,8,0,0,0,30,29,0,0,711,2771
120,collector,5,tower,星晶の塔,12,20,5,1,1,17,18,25,46,42,2,2,10,14,13,139,5,5,65,358,7,1,25,0,0,0,66,54,0,0,1465,3200
120,collector,6,snowfield,霜降り雪原,16,25,4,1,1,25,24,31,34,31,3,0,8,11,10,516,5,5,50,725,14,1,76,5,0,0,57,103,1,0,1691,2961
120,collector,7,thunder_ruins,雷鳴遺跡,21,31,5,1,1,31,31,37,32,30,2,0,7,10,9,332,5,5,47,447,3,1,48,0,0,0,44,101,0,0,1564,5815
120,collector,8,prism_sanctuary,虹晶聖域,28,42,6,1,1,37,38,61,150,149,1,0,11,49,48,567,5,5,204,2716,15,1,66,2,0,0,202,783,0,0,3071,5670
120,collector,9,poison_bog,毒霧の沼地,34,48,5,1,1,61,58,62,23,19,4,0,10,7,6,169,5,5,35,548,6,1,57,1,0,0,50,193,1,0,2994,11526
120,collector,10,machine_city,古代機械都市,39,57,6,1,1,62,63,64,6,4,2,0,10,1,0,62,5,5,12,166,1,1,62,1,0,0,22,0,0,0,6084,21976
120,collector,11,deep_sea_temple,深海神殿,46,66,6,1,1,64,65,98,190,185,1,4,12,61,60,6099,5,5,256,8820,62,1,246,69,0,0,269,2129,0,0,11599,11396
120,collector,12,demon_gate,魔界門,54,76,7,1,0,98,95,0,195,185,2,8,4,61,61,9424,0,0,256,17168,138,1,160,131,0,0,443,445,1,0,6015,0
120,collector,13,sky_ruins,天空遺跡,68,86,7,0,0,0,0,0,0,0,0,0,0,0,0,0,0,0,0,0,0,0,0,0,0,0,0,0,0,0,0,0
121,rush,1,meadow,はじまり草原,1,4,2,1,1,1,2,7,7,4,1,2,3,4,3,29,0,0,11,50,0,0,8,0,0,0,9,8,0,0,230,674
121,rush,2,cave,こだま洞くつ,3,7,2,1,1,7,7,13,19,19,0,0,2,18,17,81,0,0,37,114,0,0,7,0,0,0,35,37,0,0,674,508
121,rush,3,brook,しずく湖畔,5,10,3,1,1,13,13,14,5,4,1,0,1,3,2,17,0,0,8,25,0,0,6,0,0,0,8,10,0,0,508,1172
121,rush,4,volcano,ほむら火山,8,14,4,1,1,14,15,21,29,29,0,0,0,26,25,127,0,0,55,206,0,0,6,0,0,0,82,71,0,0,1172,974
121,rush,5,tower,星晶の塔,12,20,5,1,1,21,21,31,68,68,0,0,0,64,63,284,0,0,132,443,0,0,7,0,0,0,209,156,0,0,974,1539
121,rush,6,snowfield,霜降り雪原,16,25,4,1,1,31,32,40,62,62,0,0,0,59,58,320,0,0,121,446,0,0,7,0,0,0,176,222,0,0,1539,2086
121,rush,7,thunder_ruins,雷鳴遺跡,21,31,5,1,0,40,40,0,85,85,0,0,0,80,80,376,0,0,165,596,0,0,6,0,0,0,245,349,0,0,2086,0
121,rush,8,prism_sanctuary,虹晶聖域,28,42,6,0,0,0,0,0,0,0,0,0,0,0,0,0,0,0,0,0,0,0,0,0,0,0,0,0,0,0,0,0
121,rush,9,poison_bog,毒霧の沼地,34,48,5,0,0,0,0,0,0,0,0,0,0,0,0,0,0,0,0,0,0,0,0,0,0,0,0,0,0,0,0,0
121,rush,10,machine_city,古代機械都市,39,57,6,0,0,0,0,0,0,0,0,0,0,0,0,0,0,0,0,0,0,0,0,0,0,0,0,0,0,0,0,0
121,rush,11,deep_sea_temple,深海神殿,46,66,6,0,0,0,0,0,0,0,0,0,0,0,0,0,0,0,0,0,0,0,0,0,0,0,0,0,0,0,0,0
121,rush,12,demon_gate,魔界門,54,76,7,0,0,0,0,0,0,0,0,0,0,0,0,0,0,0,0,0,0,0,0,0,0,0,0,0,0,0,0,0
121,rush,13,sky_ruins,天空遺跡,68,86,7,0,0,0,0,0,0,0,0,0,0,0,0,0,0,0,0,0,0,0,0,0,0,0,0,0,0,0,0,0
122,balanced,1,meadow,はじまり草原,1,4,2,1,1,1,3,7,11,10,0,1,3,5,4,36,2,2,18,72,3,1,11,0,0,0,7,3,0,0,230,958
122,balanced,2,cave,こだま洞くつ,3,7,2,1,1,7,7,12,10,8,2,0,4,5,4,65,2,2,17,111,4,1,21,0,0,0,19,31,0,0,743,766
122,balanced,3,brook,しずく湖畔,5,10,3,1,1,12,12,15,13,12,1,0,3,6,5,49,2,2,21,88,8,1,10,0,0,0,22,19,0,0,594,1406
122,balanced,4,volcano,ほむら火山,8,14,4,1,1,15,16,19,12,11,1,0,5,5,4,35,2,2,19,80,4,1,11,0,0,0,20,42,0,0,1090,1505
122,balanced,5,tower,星晶の塔,12,20,5,1,1,19,19,26,39,38,1,0,3,18,17,90,2,2,59,174,13,1,8,0,0,0,58,96,0,0,1166,1789
122,balanced,6,snowfield,霜降り雪原,16,25,4,1,1,26,26,28,6,5,1,0,4,2,1,32,2,2,10,59,2,1,17,0,0,0,11,42,0,0,1386,2879
122,balanced,7,thunder_ruins,雷鳴遺跡,21,31,5,1,1,28,29,35,25,25,0,0,5,11,10,118,2,2,38,179,11,1,28,0,0,0,40,120,0,0,2230,4275
122,balanced,8,prism_sanctuary,虹晶聖域,28,42,6,1,1,35,36,57,128,124,0,4,9,60,59,327,2,2,190,795,26,1,28,0,0,0,213,727,0,0,3311,4882
122,balanced,9,poison_bog,毒霧の沼地,34,48,5,1,1,57,58,59,5,4,1,0,5,1,0,13,2,2,8,44,0,0,13,0,0,0,10,0,0,0,3782,10280
122,balanced,10,machine_city,古代機械都市,39,57,6,1,1,59,57,64,32,31,1,0,6,14,13,126,2,2,48,226,9,1,26,0,0,0,49,428,0,0,7962,9506
122,balanced,11,deep_sea_temple,深海神殿,46,66,6,1,1,64,65,82,82,81,1,0,3,39,38,244,2,2,123,521,52,1,11,0,0,0,139,1059,0,0,7363,10094
122,balanced,12,demon_gate,魔界門,54,76,7,1,1,82,84,100,120,118,1,1,6,57,56,3173,2,2,179,3838,64,1,74,49,0,0,206,1131,0,0,7818,34030
122,balanced,13,sky_ruins,天空遺跡,68,86,7,1,0,100,100,0,167,166,1,0,2,80,80,5786,0,0,247,6165,110,1,73,80,0,0,248,0,0,0,26354,0
123,collector,1,meadow,はじまり草原,1,4,2,1,1,1,3,8,21,20,0,1,2,7,6,64,1,0,29,122,4,1,13,0,0,0,7,1,0,0,230,1377
123,collector,2,cave,こだま洞くつ,3,7,2,1,1,9,4,10,11,9,2,0,6,4,3,50,4,0,19,119,6,1,16,0,0,0,9,8,0,0,2225,2234
123,collector,3,brook,しずく湖畔,5,10,3,1,1,12,13,14,6,3,3,0,8,2,1,14,5,5,13,63,0,0,9,0,0,0,21,8,1,0,3970,5092
123,collector,4,volcano,ほむら火山,8,14,4,1,1,14,9,13,10,7,3,0,8,3,2,26,5,5,18,84,3,1,14,0,0,0,24,14,0,0,2689,3236
123,collector,5,tower,星晶の塔,12,20,5,1,1,13,15,23,40,36,2,2,9,12,11,65,4,3,56,188,8,1,9,0,0,0,52,44,0,0,1710,4528
123,collector,6,snowfield,霜降り雪原,16,25,4,1,1,24,24,32,28,27,1,0,7,9,8,270,5,5,42,403,6,1,33,0,0,0,41,127,0,0,3535,7646
123,collector,7,thunder_ruins,雷鳴遺跡,21,31,5,1,1,32,32,34,5,4,1,0,9,1,0,6,5,5,11,50,1,1,7,0,0,0,17,0,0,0,4037,14055
123,collector,8,prism_sanctuary,虹晶聖域,28,42,6,1,1,34,35,51,93,89,1,3,12,29,28,202,5,5,127,806,18,1,37,0,0,0,127,492,0,0,7419,5651
123,collector,9,poison_bog,毒霧の沼地,34,48,5,1,1,51,52,52,5,1,4,0,9,1,0,5,5,5,11,51,0,0,8,0,0,0,17,0,0,0,2984,7736
123,collector,10,machine_city,古代機械都市,39,57,6,1,1,52,53,59,33,31,2,0,9,10,9,65,5,5,48,167,7,1,12,0,0,0,48,331,0,0,4085,8342
123,collector,11,deep_sea_temple,深海神殿,46,66,6,1,1,59,58,80,95,91,2,2,10,30,29,254,5,5,130,1510,25,1,59,7,0,0,140,1043,0,0,4404,11352
123,collector,12,demon_gate,魔界門,54,76,7,1,1,80,72,76,19,13,3,3,11,4,3,251,5,5,28,369,10,1,64,4,0,0,42,248,0,0,5992,15523
123,collector,13,sky_ruins,天空遺跡,68,86,7,1,1,76,77,83,23,17,2,4,14,5,4,263,5,5,33,500,4,1,67,6,0,0,47,267,0,0,8194,20878
124,rush,1,meadow,はじまり草原,1,4,2,1,1,1,2,7,5,4,1,0,1,4,3,33,0,0,9,49,0,0,10,0,0,0,8,8,0,0,230,711
124,rush,2,cave,こだま洞くつ,3,7,2,1,1,7,7,12,16,16,0,0,0,15,14,69,0,0,31,97,0,0,6,0,0,0,29,26,0,0,711,1241
124,rush,3,brook,しずく湖畔,5,10,3,1,1,12,13,15,9,8,1,0,1,7,6,39,0,0,16,54,0,0,7,0,0,0,19,24,0,0,1241,1145
124,rush,4,volcano,ほむら火山,8,14,4,1,1,15,16,21,24,24,0,0,0,21,20,112,0,0,45,158,0,0,6,0,0,0,64,67,0,0,1145,984
124,rush,5,tower,星晶の塔,12,20,5,1,0,21,22,0,85,85,0,0,0,80,80,363,0,0,165,569,0,0,6,0,0,0,262,186,0,0,984,0
124,rush,6,snowfield,霜降り雪原,16,25,4,0,0,0,0,0,0,0,0,0,0,0,0,0,0,0,0,0,0,0,0,0,0,0,0,0,0,0,0,0
124,rush,7,thunder_ruins,雷鳴遺跡,21,31,5,0,0,0,0,0,0,0,0,0,0,0,0,0,0,0,0,0,0,0,0,0,0,0,0,0,0,0,0,0
124,rush,8,prism_sanctuary,虹晶聖域,28,42,6,0,0,0,0,0,0,0,0,0,0,0,0,0,0,0,0,0,0,0,0,0,0,0,0,0,0,0,0,0
124,rush,9,poison_bog,毒霧の沼地,34,48,5,0,0,0,0,0,0,0,0,0,0,0,0,0,0,0,0,0,0,0,0,0,0,0,0,0,0,0,0,0
124,rush,10,machine_city,古代機械都市,39,57,6,0,0,0,0,0,0,0,0,0,0,0,0,0,0,0,0,0,0,0,0,0,0,0,0,0,0,0,0,0
124,rush,11,deep_sea_temple,深海神殿,46,66,6,0,0,0,0,0,0,0,0,0,0,0,0,0,0,0,0,0,0,0,0,0,0,0,0,0,0,0,0,0
124,rush,12,demon_gate,魔界門,54,76,7,0,0,0,0,0,0,0,0,0,0,0,0,0,0,0,0,0,0,0,0,0,0,0,0,0,0,0,0,0
124,rush,13,sky_ruins,天空遺跡,68,86,7,0,0,0,0,0,0,0,0,0,0,0,0,0,0,0,0,0,0,0,0,0,0,0,0,0,0,0,0,0
125,balanced,1,meadow,はじまり草原,1,4,2,1,1,1,2,6,6,4,2,0,3,3,2,29,1,0,10,52,3,1,10,0,0,0,8,5,0,0,230,920
125,balanced,2,cave,こだま洞くつ,3,7,2,1,1,7,7,10,4,3,1,0,3,2,1,33,2,2,8,71,1,1,21,0,0,0,11,8,0,0,1418,2914
125,balanced,3,brook,しずく湖畔,5,10,3,1,1,10,11,13,5,4,1,0,3,2,1,10,2,2,9,32,0,0,8,0,0,0,10,16,0,0,2258,2263
125,balanced,4,volcano,ほむら火山,8,14,4,1,1,13,12,19,26,25,1,0,3,12,11,95,2,2,40,149,9,1,16,0,0,0,41,67,0,0,1753,1511
125,balanced,5,tower,星晶の塔,12,20,5,1,1,19,19,26,35,34,1,0,3,16,15,109,2,2,53,175,1,1,13,0,0,0,54,86,0,0,1171,1874
125,balanced,6,snowfield,霜降り雪原,16,25,4,1,1,26,27,29,8,7,1,0,6,3,2,30,2,2,13,69,0,0,12,0,0,0,14,57,0,0,1452,3651
125,balanced,7,thunder_ruins,雷鳴遺跡,21,31,5,1,1,29,30,38,43,40,1,2,6,19,18,220,2,2,64,331,2,1,27,0,0,0,66,171,0,0,2828,3092
125,balanced,8,prism_sanctuary,虹晶聖域,28,42,6,1,1,38,38,54,104,87,1,16,22,42,41,253,2,2,148,690,8,1,16,0,0,0,194,502,0,0,2395,4869
125,balanced,9,poison_bog,毒霧の沼地,34,48,5,1,1,54,54,56,9,8,1,0,3,3,2,33,2,2,14,65,0,0,17,0,0,0,14,149,0,0,3771,8042
125,balanced,10,machine_city,古代機械都市,39,57,6,1,1,56,57,64,40,39,1,0,3,18,17,128,2,2,60,233,3,1,16,0,0,0,61,432,0,0,6228,7199
125,balanced,11,deep_sea_temple,深海神殿,46,66,6,1,1,64,64,79,70,67,1,2,5,32,31,922,2,2,104,1221,32,1,68,14,0,0,121,858,0,0,5576,14757
125,balanced,12,demon_gate,魔界門,54,76,7,1,1,79,78,91,57,48,1,8,15,22,21,1474,2,2,81,1965,33,1,137,24,0,0,116,813,0,0,11429,21064
125,balanced,13,sky_ruins,天空遺跡,68,86,7,1,1,91,83,97,51,50,1,0,5,23,22,7051,2,2,76,7190,20,1,356,22,0,0,75,1150,0,0,16313,19221
126,collector,1,meadow,はじまり草原,1,4,2,1,1,1,3,6,10,7,1,2,7,3,2,31,5,5,18,112,7,1,15,0,0,0,17,0,0,0,230,1153
126,collector,2,cave,こだま洞くつ,3,7,2,1,1,6,6,12,20,19,1,0,2,7,6,141,1,0,28,188,11,1,29,0,0,0,22,12,0,0,610,1244
126,collector,3,brook,しずく湖畔,5,10,3,1,1,11,11,14,9,6,3,0,8,3,2,22,5,5,17,74,3,1,9,0,0,0,22,12,0,0,2178,2791
126,collector,4,volcano,ほむら火山,8,14,4,1,1,14,15,17,10,8,2,0,7,3,2,18,5,5,18,69,2,1,7,0,0,0,24,20,0,0,1475,1966
126,collector,5,tower,星晶の塔,12,20,5,1,1,17,16,20,23,22,1,0,8,7,6,30,5,5,35,105,1,1,6,0,0,0,38,20,0,0,1040,2631
126,collector,6,snowfield,霜降り雪原,16,25,4,1,1,20,21,26,16,13,3,0,8,5,4,143,5,5,26,229,6,1,31,0,0,0,30,53,0,0,1391,5018
126,collector,7,thunder_ruins,雷鳴遺跡,21,31,5,1,1,26,26,32,26,24,2,0,9,8,7,181,5,5,39,288,8,1,42,0,0,0,38,101,0,0,2650,3685
126,collector,8,prism_sanctuary,虹晶聖域,28,42,6,1,1,32,36,52,93,91,2,0,7,30,29,218,5,5,128,461,12,1,24,0,0,0,109,471,0,0,1946,5612
126,collector,9,poison_bog,毒霧の沼地,34,48,5,1,1,52,53,53,5,4,1,0,7,1,0,24,5,5,11,67,0,0,24,0,0,0,17,0,0,0,2963,11388
126,collector,10,machine_city,古代機械都市,39,57,6,1,1,53,54,62,45,43,2,0,9,14,13,249,5,5,64,383,15,1,49,0,0,0,58,458,0,0,6012,7982
126,collector,11,deep_sea_temple,深海神殿,46,66,6,1,1,62,63,93,166,160,2,4,14,53,52,2788,5,5,224,3858,34,1,144,42,0,0,209,1792,0,0,4215,16173
126,collector,12,demon_gate,魔界門,54,76,7,1,1,93,94,97,15,11,2,2,10,3,2,224,5,5,23,600,6,1,76,7,0,0,37,246,0,0,8537,22761
126,collector,13,sky_ruins,天空遺跡,68,86,7,1,1,97,91,92,7,3,4,0,9,1,0,6,5,5,13,67,1,1,7,0,0,0,21,0,0,0,12013,31294
127,rush,1,meadow,はじまり草原,1,4,2,1,1,1,3,7,7,4,1,2,3,4,3,35,0,0,11,53,0,0,10,0,0,0,9,8,0,0,230,692
127,rush,2,cave,こだま洞くつ,3,7,2,1,1,7,7,11,11,10,1,0,2,10,9,82,0,0,21,112,0,0,11,0,0,0,30,20,0,0,692,1242
127,rush,3,brook,しずく湖畔,5,10,3,1,1,11,12,14,7,7,0,0,0,5,4,31,0,0,12,42,0,0,7,0,0,0,14,23,0,0,1242,1387
127,rush,4,volcano,ほむら火山,8,14,4,1,1,14,15,19,18,18,0,0,0,15,14,88,0,0,33,132,0,0,7,0,0,0,45,48,0,0,1387,1284
127,rush,5,tower,星晶の塔,12,20,5,1,1,19,20,29,59,57,0,2,0,53,52,254,0,0,112,423,0,0,7,0,0,0,190,141,0,0,1284,1501
127,rush,6,snowfield,霜降り雪原,16,25,4,1,0,29,30,0,84,84,0,0,0,80,80,412,0,0,164,625,0,0,7,0,0,0,244,285,0,0,1501,0
127,rush,7,thunder_ruins,雷鳴遺跡,21,31,5,0,0,0,0,0,0,0,0,0,0,0,0,0,0,0,0,0,0,0,0,0,0,0,0,0,0,0,0,0
127,rush,8,prism_sanctuary,虹晶聖域,28,42,6,0,0,0,0,0,0,0,0,0,0,0,0,0,0,0,0,0,0,0,0,0,0,0,0,0,0,0,0,0
127,rush,9,poison_bog,毒霧の沼地,34,48,5,0,0,0,0,0,0,0,0,0,0,0,0,0,0,0,0,0,0,0,0,0,0,0,0,0,0,0,0,0
127,rush,10,machine_city,古代機械都市,39,57,6,0,0,0,0,0,0,0,0,0,0,0,0,0,0,0,0,0,0,0,0,0,0,0,0,0,0,0,0,0
127,rush,11,deep_sea_temple,深海神殿,46,66,6,0,0,0,0,0,0,0,0,0,0,0,0,0,0,0,0,0,0,0,0,0,0,0,0,0,0,0,0,0
127,rush,12,demon_gate,魔界門,54,76,7,0,0,0,0,0,0,0,0,0,0,0,0,0,0,0,0,0,0,0,0,0,0,0,0,0,0,0,0,0
127,rush,13,sky_ruins,天空遺跡,68,86,7,0,0,0,0,0,0,0,0,0,0,0,0,0,0,0,0,0,0,0,0,0,0,0,0,0,0,0,0,0
128,balanced,1,meadow,はじまり草原,1,4,2,1,1,1,2,7,6,5,1,0,2,3,2,23,1,0,10,45,1,1,11,0,0,0,4,6,0,0,230,860
128,balanced,2,cave,こだま洞くつ,3,7,2,1,1,7,7,11,6,5,1,0,2,3,2,43,1,0,10,73,1,1,23,0,0,0,5,18,0,0,938,2166
128,balanced,3,brook,しずく湖畔,5,10,3,1,1,12,8,12,9,8,1,0,3,4,3,16,2,2,15,47,3,1,9,0,0,0,13,29,1,0,2300,1601
128,balanced,4,volcano,ほむら火山,8,14,4,1,1,12,12,14,6,5,1,0,6,2,1,12,2,2,10,42,3,1,6,0,0,0,7,12,0,0,1240,1533
128,balanced,5,tower,星晶の塔,12,20,5,1,1,14,16,20,13,10,1,2,6,4,3,21,2,2,19,66,1,1,7,0,0,0,21,49,0,0,1188,2990
128,balanced,6,snowfield,霜降り雪原,16,25,4,1,1,20,24,26,6,5,1,0,3,2,1,21,2,2,10,44,0,0,14,0,0,0,11,38,0,0,2317,5112
128,balanced,7,thunder_ruins,雷鳴遺跡,21,31,5,1,1,26,27,31,13,12,1,0,5,5,4,93,2,2,20,140,2,1,50,1,0,0,23,89,0,0,3960,3121
128,balanced,8,prism_sanctuary,虹晶聖域,28,42,6,1,1,31,32,47,157,69,1,87,90,33,32,195,2,2,192,1090,16,1,59,1,0,0,377,406,0,0,2418,7029
128,balanced,9,poison_bog,毒霧の沼地,34,48,5,1,1,47,48,50,7,6,1,0,3,2,1,19,2,2,11,49,0,0,12,0,0,0,12,102,0,0,5444,5835
128,balanced,10,machine_city,古代機械都市,39,57,6,1,1,50,51,62,59,56,0,3,11,26,25,260,2,2,87,449,12,1,28,0,0,0,103,563,0,0,4519,12074
128,balanced,11,deep_sea_temple,深海神殿,46,66,6,1,1,62,63,82,90,85,1,4,7,41,40,478,2,2,133,747,0,0,44,0,0,0,141,1089,0,0,9351,17234
128,balanced,12,demon_gate,魔界門,54,76,7,1,0,82,84,0,168,166,1,1,3,80,80,26652,0,0,248,27735,28,1,379,84,0,0,258,1256,0,0,13347,0
128,balanced,13,sky_ruins,天空遺跡,68,86,7,0,0,0,0,0,0,0,0,0,0,0,0,0,0,0,0,0,0,0,0,0,0,0,0,0,0,0,0,0
129,collector,1,meadow,はじまり草原,1,4,2,1,1,1,2,6,11,10,1,0,3,4,3,33,2,1,17,86,5,1,15,0,0,0,13,0,0,0,230,1069
129,collector,2,cave,こだま洞くつ,3,7,2,1,1,7,6,10,8,7,1,0,5,3,2,43,4,2,15,117,2,1,15,0,0,0,10,8,0,0,1019,2466
129,collector,3,brook,しずく湖畔,5,10,3,1,1,11,11,16,21,20,1,0,4,7,6,36,2,1,30,92,4,1,8,0,0,0,25,32,0,0,2363,1482
129,collector,4,volcano,ほむら火山,8,14,4,1,1,14,17,19,10,7,3,0,8,3,2,15,5,5,18,90,1,1,14,0,0,0,24,26,0,0,3012,1678
129,collector,5,tower,星晶の塔,12,20,5,1,1,19,17,20,21,19,1,1,8,6,5,30,5,5,32,220,7,1,16,0,0,0,42,36,0,0,887,2331
129,collector,6,snowfield,霜降り雪原,16,25,4,1,1,20,21,31,46,44,2,0,7,15,14,331,5,5,66,506,10,1,36,0,0,0,62,131,0,0,1232,5201
129,collector,7,thunder_ruins,雷鳴遺跡,21,31,5,1,1,31,32,35,14,12,2,0,8,4,3,65,5,5,23,118,1,1,29,0,0,0,25,67,0,0,2746,3644
129,collector,8,prism_sanctuary,虹晶聖域,28,42,6,1,1,35,39,56,103,100,2,1,9,33,32,189,5,5,141,1667,32,1,37,0,0,0,152,516,0,0,1925,10442
129,collector,9,poison_bog,毒霧の沼地,34,48,5,1,1,56,54,59,26,23,3,0,8,8,7,63,5,5,39,175,7,1,23,0,0,0,45,262,1,0,5512,13590
129,collector,10,machine_city,古代機械都市,39,57,6,1,1,59,60,62,15,14,1,0,9,4,3,25,5,5,24,108,4,1,8,0,0,0,29,179,0,0,7173,8163
129,collector,11,deep_sea_temple,深海神殿,46,66,6,1,1,62,62,83,115,103,2,10,17,34,33,2782,5,5,154,3417,22,1,252,33,0,0,160,1137,0,0,4310,11198
129,collector,12,demon_gate,魔界門,54,76,7,1,0,83,84,0,254,245,2,7,6,80,80,21170,0,0,334,33718,147,1,310,150,0,0,397,980,1,0,5912,0
129,collector,13,sky_ruins,天空遺跡,68,86,7,0,0,0,0,0,0,0,0,0,0,0,0,0,0,0,0,0,0,0,0,0,0,0,0,0,0,0,0,0
130,rush,1,meadow,はじまり草原,1,4,2,1,1,1,3,7,5,3,1,1,2,3,2,24,0,0,8,39,0,0,11,0,0,0,6,8,0,0,230,721
130,rush,2,cave,こだま洞くつ,3,7,2,1,1,7,7,10,5,4,1,0,1,4,3,32,0,0,9,44,0,0,9,0,0,0,11,16,0,0,721,1368
130,rush,3,brook,しずく湖畔,5,10,3,1,1,10,11,14,7,7,0,0,0,5,4,26,0,0,12,38,0,0,7,0,0,0,14,27,0,0,1368,1153
130,rush,4,volcano,ほむら火山,8,14,4,1,1,14,15,20,21,21,0,0,0,18,17,96,0,0,39,146,0,0,7,0,0,0,53,47,0,0,1153,2179
130,rush,5,tower,星晶の塔,12,20,5,1,1,20,20,30,66,66,0,0,0,62,61,297,0,0,128,449,0,0,7,0,0,0,190,158,0,0,2179,1539
130,rush,6,snowfield,霜降り雪原,16,25,4,1,1,30,31,40,59,59,0,0,0,56,55,289,0,0,115,409,0,0,8,0,0,0,167,223,0,0,1539,2035
130,rush,7,thunder_ruins,雷鳴遺跡,21,31,5,1,0,40,40,0,85,85,0,0,0,80,80,390,0,0,165,539,0,0,7,0,0,0,240,344,0,0,2035,0
130,rush,8,prism_sanctuary,虹晶聖域,28,42,6,0,0,0,0,0,0,0,0,0,0,0,0,0,0,0,0,0,0,0,0,0,0,0,0,0,0,0,0,0
130,rush,9,poison_bog,毒霧の沼地,34,48,5,0,0,0,0,0,0,0,0,0,0,0,0,0,0,0,0,0,0,0,0,0,0,0,0,0,0,0,0,0
130,rush,10,machine_city,古代機械都市,39,57,6,0,0,0,0,0,0,0,0,0,0,0,0,0,0,0,0,0,0,0,0,0,0,0,0,0,0,0,0,0
130,rush,11,deep_sea_temple,深海神殿,46,66,6,0,0,0,0,0,0,0,0,0,0,0,0,0,0,0,0,0,0,0,0,0,0,0,0,0,0,0,0,0
130,rush,12,demon_gate,魔界門,54,76,7,0,0,0,0,0,0,0,0,0,0,0,0,0,0,0,0,0,0,0,0,0,0,0,0,0,0,0,0,0
130,rush,13,sky_ruins,天空遺跡,68,86,7,0,0,0,0,0,0,0,0,0,0,0,0,0,0,0,0,0,0,0,0,0,0,0,0,0,0,0,0,0
131,balanced,1,meadow,はじまり草原,1,4,2,1,1,1,2,6,9,5,1,3,5,3,2,27,1,0,13,59,3,1,14,0,0,0,10,5,0,0,230,881
131,balanced,2,cave,こだま洞くつ,3,7,2,1,1,7,7,11,6,5,1,0,3,3,2,34,1,0,10,73,1,1,16,0,0,0,5,18,0,0,959,2235
131,balanced,3,brook,しずく湖畔,5,10,3,1,1,12,7,13,13,12,1,0,2,6,5,28,1,0,20,55,2,1,6,0,0,0,10,37,0,0,2609,985
131,balanced,4,volcano,ほむら火山,8,14,4,1,1,13,12,14,4,3,1,0,3,1,0,4,2,2,7,26,0,0,7,0,0,0,4,0,0,0,1192,3367
131,balanced,5,tower,星晶の塔,12,20,5,1,1,14,16,21,15,14,1,0,3,6,5,29,2,2,23,70,4,1,7,0,0,0,23,75,0,0,2608,1899
131,balanced,6,snowfield,霜降り雪原,16,25,4,1,1,21,21,28,22,21,1,0,3,10,9,77,2,2,34,157,5,1,14,0,0,0,35,113,0,0,1472,2503
131,balanced,7,thunder_ruins,雷鳴遺跡,21,31,5,1,1,28,29,33,15,14,1,0,5,6,5,59,2,2,23,98,4,1,29,0,0,0,24,76,0,0,1939,5795
131,balanced,8,prism_sanctuary,虹晶聖域,28,42,6,1,1,33,34,53,105,100,0,5,9,48,47,277,2,2,155,876,25,1,34,0,0,0,191,596,0,0,4488,4914
131,balanced,9,poison_bog,毒霧の沼地,34,48,5,1,1,53,54,56,7,6,1,0,4,2,1,15,2,2,11,48,1,1,8,0,0,0,12,79,0,0,3806,10677
131,balanced,10,machine_city,古代機械都市,39,57,6,1,1,56,57,68,60,59,1,0,3,28,27,245,2,2,90,361,18,1,29,0,0,0,91,695,0,0,8269,14247
131,balanced,11,deep_sea_temple,深海神殿,46,66,6,1,1,68,67,82,68,67,1,0,3,32,31,1994,2,2,102,2204,31,1,117,19,0,0,106,935,0,0,11034,9943
131,balanced,12,demon_gate,魔界門,54,76,7,1,1,82,82,96,55,52,1,2,5,24,23,2633,2,2,81,2890,46,1,137,23,0,0,134,941,1,0,7700,14117
131,balanced,13,sky_ruins,天空遺跡,68,86,7,1,0,96,97,0,172,166,1,5,6,80,80,12077,0,0,252,12574,55,1,153,80,0,0,284,329,0,0,10933,0
132,collector,1,meadow,はじまり草原,1,4,2,1,1,1,2,6,12,9,2,1,4,4,3,41,2,0,18,90,7,1,14,0,0,0,13,0,0,0,230,1034
132,collector,2,cave,こだま洞くつ,3,7,2,1,1,8,9,10,5,4,1,0,6,2,1,44,5,5,12,103,3,1,23,0,0,0,20,5,0,0,3080,2947
132,collector,3,brook,しずく湖畔,5,10,3,1,1,10,11,13,9,8,1,0,6,3,2,25,5,5,17,72,1,1,11,0,0,0,23,15,0,0,1557,1541
132,collector,4,volcano,ほむら火山,8,14,4,1,1,13,11,18,34,32,2,0,7,11,10,112,5,5,50,343,5,1,28,0,0,0,51,23,0,0,815,1583
132,collector,5,tower,星晶の塔,12,20,5,1,1,18,18,26,44,42,2,0,9,14,13,65,5,5,63,333,7,1,16,0,0,0,70,51,0,0,837,4375
132,collector,6,snowfield,霜降り雪原,16,25,4,1,1,26,26,33,37,36,1,0,7,12,11,97,5,5,54,214,5,1,17,0,0,0,52,129,0,0,2310,2904
132,collector,7,thunder_ruins,雷鳴遺跡,21,31,5,1,1,33,33,39,35,34,1,0,6,11,10,77,5,5,51,160,5,1,12,0,0,0,45,113,0,0,1534,3678
132,collector,8,prism_sanctuary,虹晶聖域,28,42,6,1,0,39,38,0,528,217,2,309,91,80,80,529,0,0,608,8262,147,1,58,3,0,0,888,1002,1,0,1944,0
132,collector,9,poison_bog,毒霧の沼地,34,48,5,0,0,0,0,0,0,0,0,0,0,0,0,0,0,0,0,0,0,0,0,0,0,0,0,0,0,0,0,0
132,collector,10,machine_city,古代機械都市,39,57,6,0,0,0,0,0,0,0,0,0,0,0,0,0,0,0,0,0,0,0,0,0,0,0,0,0,0,0,0,0
132,collector,11,deep_sea_temple,深海神殿,46,66,6,0,0,0,0,0,0,0,0,0,0,0,0,0,0,0,0,0,0,0,0,0,0,0,0,0,0,0,0,0
132,collector,12,demon_gate,魔界門,54,76,7,0,0,0,0,0,0,0,0,0,0,0,0,0,0,0,0,0,0,0,0,0,0,0,0,0,0,0,0,0
132,collector,13,sky_ruins,天空遺跡,68,86,7,0,0,0,0,0,0,0,0,0,0,0,0,0,0,0,0,0,0,0,0,0,0,0,0,0,0,0,0,0
133,rush,1,meadow,はじまり草原,1,4,2,1,1,1,3,7,4,3,1,0,1,3,2,25,0,0,7,36,0,0,9,0,0,0,5,9,0,0,230,667
133,rush,2,cave,こだま洞くつ,3,7,2,1,1,7,7,11,10,9,1,0,1,9,8,69,0,0,19,91,0,0,9,0,0,0,25,13,0,0,667,1682
133,rush,3,brook,しずく湖畔,5,10,3,1,1,11,12,14,6,6,0,0,0,4,3,20,0,0,10,28,0,0,6,0,0,0,10,29,0,0,1682,1165
133,rush,4,volcano,ほむら火山,8,14,4,1,1,14,15,19,16,16,0,0,0,13,12,64,0,0,29,98,0,0,7,0,0,0,38,32,0,0,1165,1875
133,rush,5,tower,星晶の塔,12,20,5,1,1,19,20,30,60,60,0,0,0,56,55,267,0,0,116,398,0,0,7,0,0,0,167,160,0,0,1875,1546
133,rush,6,snowfield,霜降り雪原,16,25,4,1,1,30,30,40,68,68,0,0,0,65,64,341,0,0,133,472,0,0,8,0,0,0,194,247,0,0,1546,2060
133,rush,7,thunder_ruins,雷鳴遺跡,21,31,5,1,0,40,41,0,85,85,0,0,0,80,80,397,0,0,165,534,0,0,7,0,0,0,240,351,0,0,2060,0
133,rush,8,prism_sanctuary,虹晶聖域,28,42,6,0,0,0,0,0,0,0,0,0,0,0,0,0,0,0,0,0,0,0,0,0,0,0,0,0,0,0,0,0
133,rush,9,poison_bog,毒霧の沼地,34,48,5,0,0,0,0,0,0,0,0,0,0,0,0,0,0,0,0,0,0,0,0,0,0,0,0,0,0,0,0,0
133,rush,10,machine_city,古代機械都市,39,57,6,0,0,0,0,0,0,0,0,0,0,0,0,0,0,0,0,0,0,0,0,0,0,0,0,0,0,0,0,0
133,rush,11,deep_sea_temple,深海神殿,46,66,6,0,0,0,0,0,0,0,0,0,0,0,0,0,0,0,0,0,0,0,0,0,0,0,0,0,0,0,0,0
133,rush,12,demon_gate,魔界門,54,76,7,0,0,0,0,0,0,0,0,0,0,0,0,0,0,0,0,0,0,0,0,0,0,0,0,0,0,0,0,0
133,rush,13,sky_ruins,天空遺跡,68,86,7,0,0,0,0,0,0,0,0,0,0,0,0,0,0,0,0,0,0,0,0,0,0,0,0,0,0,0,0,0
134,balanced,1,meadow,はじまり草原,1,4,2,1,1,1,2,6,8,4,2,2,5,3,2,40,1,0,12,76,6,1,15,0,0,0,12,5,0,0,230,871
134,balanced,2,cave,こだま洞くつ,3,7,2,1,1,6,7,10,4,3,1,0,3,2,1,29,2,2,8,62,1,1,17,0,0,0,11,8,0,0,1829,2572
134,balanced,3,brook,しずく湖畔,5,10,3,1,1,10,10,11,3,2,1,0,4,1,0,18,2,2,6,39,0,0,18,0,0,0,8,0,0,0,1993,3420
134,balanced,4,volcano,ほむら火山,8,14,4,1,1,11,11,16,18,17,1,0,4,8,7,103,2,2,28,149,6,1,20,0,0,0,30,48,0,0,2649,1204
134,balanced,5,tower,星晶の塔,12,20,5,1,1,16,17,24,37,36,1,0,3,17,16,106,2,2,56,237,9,1,10,0,0,0,57,91,0,0,933,2267
134,balanced,6,snowfield,霜降り雪原,16,25,4,1,1,24,25,29,10,9,1,0,4,4,3,51,2,2,16,95,0,0,16,0,0,0,18,80,0,0,1756,3665
134,balanced,7,thunder_ruins,雷鳴遺跡,21,31,5,1,1,29,28,35,33,32,1,0,3,15,14,339,2,2,50,423,5,1,37,0,0,0,50,150,0,0,2839,3113
134,balanced,8,prism_sanctuary,虹晶聖域,28,42,6,1,1,35,35,54,108,102,0,6,14,49,48,355,2,2,159,798,5,1,14,0,0,0,187,598,0,0,2412,4967
134,balanced,9,poison_bog,毒霧の沼地,34,48,5,1,1,54,54,57,17,16,1,0,3,7,6,72,2,2,26,124,3,1,19,0,0,0,26,161,0,0,3847,8054
134,balanced,10,machine_city,古代機械都市,39,57,6,1,1,57,59,65,36,35,1,0,4,16,15,182,2,2,54,294,2,1,25,0,0,0,53,454,0,0,6238,7267
134,balanced,11,deep_sea_temple,深海神殿,46,66,6,1,1,65,65,91,136,131,1,4,9,64,63,2060,2,2,202,2555,36,1,75,27,0,0,230,1581,0,0,5628,14842
134,balanced,12,demon_gate,魔界門,54,76,7,1,1,91,92,100,71,70,1,0,7,33,32,2461,2,2,106,2938,52,1,80,36,0,0,123,758,0,0,11494,34905
134,balanced,13,sky_ruins,天空遺跡,68,86,7,1,1,100,100,100,125,124,1,0,4,60,59,14527,2,2,187,14882,50,1,274,59,0,0,186,0,0,0,27031,38079
135,collector,1,meadow,はじまり草原,1,4,2,1,1,1,2,7,17,12,2,3,7,5,4,64,3,0,25,142,12,1,17,0,0,0,17,0,0,0,230,1290
135,collector,2,cave,こだま洞くつ,3,7,2,1,1,9,9,11,5,3,2,0,4,2,1,43,2,1,9,78,4,1,22,0,0,0,10,5,0,0,3414,3396
135,collector,3,brook,しずく湖畔,5,10,3,1,1,7,7,13,12,10,2,0,7,4,3,29,5,5,21,82,2,1,12,0,0,0,26,12,0,0,3323,3345
135,collector,4,volcano,ほむら火山,8,14,4,1,1,13,13,15,7,4,3,0,8,2,1,13,5,5,14,59,2,1,8,0,0,0,21,8,0,0,1768,4128
135,collector,5,tower,星晶の塔,12,20,5,1,1,15,16,20,23,21,2,0,8,7,6,39,5,5,35,150,7,1,28,0,0,0,39,37,0,0,2181,2657
135,collector,6,snowfield,霜降り雪原,16,25,4,1,1,20,21,31,44,41,2,1,10,14,13,290,5,5,63,812,19,1,31,0,0,0,81,131,1,0,1404,5098
135,collector,7,thunder_ruins,雷鳴遺跡,21,31,5,1,1,31,31,32,8,6,2,0,8,2,1,37,5,5,15,93,1,1,31,0,0,0,20,28,0,0,2692,4056
135,collector,8,prism_sanctuary,虹晶聖域,28,42,6,1,1,32,33,57,140,137,1,2,9,45,44,318,5,5,190,2651,52,1,39,0,0,0,219,687,0,0,2142,11122
135,collector,9,poison_bog,毒霧の沼地,34,48,5,1,1,57,56,60,14,11,3,0,10,4,3,23,5,5,23,181,3,1,26,0,0,0,38,176,1,0,5872,13713
135,collector,10,machine_city,古代機械都市,39,57,6,1,1,60,60,70,65,62,1,2,13,20,19,250,5,5,90,923,19,1,52,1,0,0,98,560,0,0,7238,7932
135,collector,11,deep_sea_temple,深海神殿,46,66,6,1,1,70,67,86,103,94,2,7,14,31,30,2652,5,5,139,3399,12,1,264,25,0,0,140,1051,0,0,4188,11204
135,collector,12,demon_gate,魔界門,54,76,7,1,1,86,88,100,64,57,1,6,13,18,17,5087,5,5,87,9843,31,1,305,45,0,0,116,813,0,0,5914,18673
135,collector,13,sky_ruins,天空遺跡,68,86,7,1,0,100,100,0,220,212,2,6,8,69,69,22824,0,0,289,26150,11,1,335,97,0,0,240,0,0,0,9856,0
136,rush,1,meadow,はじまり草原,1,4,2,1,1,1,3,7,10,9,0,1,3,8,7,30,0,0,18,51,0,0,6,0,0,0,8,9,0,0,230,566
136,rush,2,cave,こだま洞くつ,3,7,2,1,1,7,7,11,8,5,2,1,3,6,5,46,0,0,14,67,0,0,9,0,0,0,20,18,0,0,566,1422
136,rush,3,brook,しずく湖畔,5,10,3,1,1,11,11,13,5,5,0,0,0,3,2,17,0,0,8,26,0,0,7,0,0,0,8,21,0,0,1422,1183
136,rush,4,volcano,ほむら火山,8,14,4,1,1,13,14,17,11,11,0,0,0,8,7,43,0,0,19,68,0,0,7,0,0,0,23,39,0,0,1183,949
136,rush,5,tower,星晶の塔,12,20,5,1,1,17,19,30,73,72,0,1,0,68,67,325,0,0,141,523,0,0,7,0,0,0,215,169,0,0,949,1523
136,rush,6,snowfield,霜降り雪原,16,25,4,1,1,30,31,36,33,33,0,0,0,30,29,156,0,0,63,234,0,0,7,0,0,0,89,144,0,0,1523,2051
136,rush,7,thunder_ruins,雷鳴遺跡,21,31,5,1,0,36,37,0,85,85,0,0,0,80,80,380,0,0,165,550,0,0,7,0,0,0,240,352,0,0,2051,0
136,rush,8,prism_sanctuary,虹晶聖域,28,42,6,0,0,0,0,0,0,0,0,0,0,0,0,0,0,0,0,0,0,0,0,0,0,0,0,0,0,0,0,0
136,rush,9,poison_bog,毒霧の沼地,34,48,5,0,0,0,0,0,0,0,0,0,0,0,0,0,0,0,0,0,0,0,0,0,0,0,0,0,0,0,0,0
136,rush,10,machine_city,古代機械都市,39,57,6,0,0,0,0,0,0,0,0,0,0,0,0,0,0,0,0,0,0,0,0,0,0,0,0,0,0,0,0,0
136,rush,11,deep_sea_temple,深海神殿,46,66,6,0,0,0,0,0,0,0,0,0,0,0,0,0,0,0,0,0,0,0,0,0,0,0,0,0,0,0,0,0
136,rush,12,demon_gate,魔界門,54,76,7,0,0,0,0,0,0,0,0,0,0,0,0,0,0,0,0,0,0,0,0,0,0,0,0,0,0,0,0,0
136,rush,13,sky_ruins,天空遺跡,68,86,7,0,0,0,0,0,0,0,0,0,0,0,0,0,0,0,0,0,0,0,0,0,0,0,0,0,0,0,0,0
137,balanced,1,meadow,はじまり草原,1,4,2,1,1,1,2,6,6,4,2,0,3,3,2,28,1,0,10,54,4,1,12,0,0,0,9,5,0,0,230,918
137,balanced,2,cave,こだま洞くつ,3,7,2,1,1,7,6,10,6,5,1,0,3,3,2,45,2,2,11,78,2,1,19,0,0,0,15,13,0,0,1176,2649
137,balanced,3,brook,しずく湖畔,5,10,3,1,1,10,11,14,7,6,1,0,3,3,2,14,2,2,12,38,1,1,6,0,0,0,13,28,0,0,2053,1426
137,balanced,4,volcano,ほむら火山,8,14,4,1,1,14,14,18,18,17,1,0,3,8,7,73,2,2,28,113,4,1,15,0,0,0,29,36,0,0,1105,2423
137,balanced,5,tower,星晶の塔,12,20,5,1,1,18,19,24,23,22,1,0,3,10,9,48,2,2,35,110,8,1,7,0,0,0,38,58,0,0,1878,1898
137,balanced,6,snowfield,霜降り雪原,16,25,4,1,1,24,23,30,24,23,1,0,5,11,10,102,2,2,37,158,4,1,18,0,0,0,37,116,0,0,1471,3663
137,balanced,7,thunder_ruins,雷鳴遺跡,21,31,5,1,1,30,31,33,9,8,1,0,4,3,2,44,2,2,14,74,1,1,26,0,0,0,13,59,0,0,2838,3505
137,balanced,8,prism_sanctuary,虹晶聖域,28,42,6,1,1,33,34,47,56,55,1,0,3,26,25,145,2,2,84,303,19,1,16,0,0,0,92,348,0,0,2715,4897
137,balanced,9,poison_bog,毒霧の沼地,34,48,5,1,1,47,47,51,11,10,1,0,3,4,3,28,2,2,17,64,1,1,9,0,0,0,17,165,0,0,3793,8117
137,balanced,10,machine_city,古代機械都市,39,57,6,1,1,51,52,59,36,35,1,0,4,16,15,125,2,2,54,217,13,1,12,0,0,0,53,399,0,0,6286,7134
137,balanced,11,deep_sea_temple,深海神殿,46,66,6,1,1,59,58,76,70,69,1,0,4,33,32,2016,2,2,105,2201,37,1,118,25,0,0,107,909,0,0,5525,14895
137,balanced,12,demon_gate,魔界門,54,76,7,1,1,76,77,92,53,50,1,2,11,23,22,2970,2,2,78,3366,32,1,138,25,0,0,104,940,0,0,11536,21261
137,balanced,13,sky_ruins,天空遺跡,68,86,7,1,0,92,93,0,168,166,1,1,5,80,80,12202,0,0,248,12652,14,1,156,80,0,0,249,744,0,0,16465,0
138,collector,1,meadow,はじまり草原,1,4,2,1,1,1,3,7,14,13,1,0,2,5,4,48,1,0,20,92,6,1,14,0,0,0,11,0,0,0,230,1991
138,collector,2,cave,こだま洞くつ,3,7,2,1,1,7,8,10,5,4,1,0,6,2,1,42,5,5,12,94,2,1,24,0,0,0,13,4,0,0,2069,2932
138,collector,3,brook,しずく湖畔,5,10,3,1,1,10,8,12,12,10,2,0,3,4,3,51,1,0,17,78,0,0,26,0,0,0,8,16,0,0,1549,1331
138,collector,4,volcano,ほむら火山,8,14,4,1,1,11,12,15,10,7,3,0,8,3,2,21,5,5,18,87,3,1,11,0,0,0,24,15,1,0,1538,2978
138,collector,5,tower,星晶の塔,12,20,5,1,1,15,14,20,25,21,2,2,12,7,6,36,5,5,37,172,5,1,28,0,0,0,45,30,0,0,1574,3761
138,collector,6,snowfield,霜降り雪原,16,25,4,1,1,20,21,28,26,23,2,1,8,8,7,175,5,5,39,304,6,1,30,0,0,0,43,94,0,0,1987,2942
138,collector,7,thunder_ruins,雷鳴遺跡,21,31,5,1,1,28,29,29,5,5,0,0,9,1,0,5,5,5,11,52,0,0,7,0,0,0,19,0,0,0,1555,5347
138,collector,8,prism_sanctuary,虹晶聖域,28,42,6,1,1,29,39,52,80,73,2,5,13,24,23,152,5,5,109,385,7,1,14,0,0,0,106,364,0,0,2824,7718
138,collector,9,poison_bog,毒霧の沼地,34,48,5,1,1,52,53,53,5,2,3,0,10,1,0,11,5,5,11,59,1,1,11,0,0,0,17,0,0,0,4074,10021
138,collector,10,machine_city,古代機械都市,39,57,6,1,1,53,54,67,77,69,3,5,15,23,22,94,5,5,105,478,37,1,48,0,0,0,86,600,1,0,5290,12966
138,collector,11,deep_sea_temple,深海神殿,46,66,6,1,1,67,48,84,88,82,2,4,15,27,26,2909,5,5,120,3182,29,1,142,26,0,0,104,954,0,0,6844,17947
138,collector,12,demon_gate,魔界門,54,76,7,1,1,84,78,83,20,17,2,1,13,5,4,763,5,5,30,1077,5,1,156,7,0,0,37,344,0,0,9474,15459
138,collector,13,sky_ruins,天空遺跡,68,86,7,1,1,83,84,100,102,99,1,2,13,32,31,5725,5,5,139,6218,33,1,195,34,0,0,122,1133,0,0,8160,41908
139,rush,1,meadow,はじまり草原,1,4,2,1,1,1,3,9,16,15,0,1,2,14,13,79,0,0,30,111,0,0,8,0,0,0,14,10,0,0,230,984
139,rush,2,cave,こだま洞くつ,3,7,2,1,1,9,9,13,8,7,1,0,2,7,6,49,0,0,15,69,0,0,8,0,0,0,13,30,0,0,984,551
139,rush,3,brook,しずく湖畔,5,10,3,1,1,13,13,17,16,16,0,0,3,14,13,62,0,0,30,98,0,0,6,0,0,0,28,32,0,0,551,1153
139,rush,4,volcano,ほむら火山,8,14,4,1,1,17,17,19,5,4,1,0,1,2,1,11,0,0,7,21,0,0,6,0,0,0,4,30,0,0,1153,1257
139,rush,5,tower,星晶の塔,12,20,5,1,1,19,20,26,33,33,0,0,0,29,28,137,0,0,62,195,0,0,7,0,0,0,85,84,0,0,1257,1877
139,rush,6,snowfield,霜降り雪原,16,25,4,1,1,26,27,35,44,44,0,0,0,41,40,230,0,0,85,306,0,0,7,0,0,0,122,180,0,0,1877,2093
139,rush,7,thunder_ruins,雷鳴遺跡,21,31,5,1,1,35,36,38,12,12,0,0,0,8,7,47,0,0,20,66,0,0,7,0,0,0,22,70,0,0,2093,3864
139,rush,8,prism_sanctuary,虹晶聖域,28,42,6,1,0,38,39,0,89,86,0,3,0,80,80,315,0,0,169,549,0,0,6,0,0,0,267,559,0,0,3864,0
139,rush,9,poison_bog,毒霧の沼地,34,48,5,0,0,0,0,0,0,0,0,0,0,0,0,0,0,0,0,0,0,0,0,0,0,0,0,0,0,0,0,0
139,rush,10,machine_city,古代機械都市,39,57,6,0,0,0,0,0,0,0,0,0,0,0,0,0,0,0,0,0,0,0,0,0,0,0,0,0,0,0,0,0
139,rush,11,deep_sea_temple,深海神殿,46,66,6,0,0,0,0,0,0,0,0,0,0,0,0,0,0,0,0,0,0,0,0,0,0,0,0,0,0,0,0,0
139,rush,12,demon_gate,魔界門,54,76,7,0,0,0,0,0,0,0,0,0,0,0,0,0,0,0,0,0,0,0,0,0,0,0,0,0,0,0,0,0
139,rush,13,sky_ruins,天空遺跡,68,86,7,0,0,0,0,0,0,0,0,0,0,0,0,0,0,0,0,0,0,0,0,0,0,0,0,0,0,0,0,0
140,balanced,1,meadow,はじまり草原,1,4,2,1,1,1,2,7,6,4,2,0,3,3,2,30,1,0,10,55,4,1,12,0,0,0,8,6,0,0,230,856
140,balanced,2,cave,こだま洞くつ,3,7,2,1,1,7,7,11,6,5,1,0,3,3,2,50,2,2,11,84,2,1,23,0,0,0,13,15,0,0,1114,2673
140,balanced,3,brook,しずく湖畔,5,10,3,1,1,11,12,14,5,4,1,0,3,2,1,15,2,2,9,44,1,1,9,0,0,0,12,18,0,0,2071,1755
140,balanced,4,volcano,ほむら火山,8,14,4,1,1,14,14,20,26,25,1,0,3,12,11,106,2,2,40,183,1,1,16,0,0,0,44,62,0,0,1360,1563
140,balanced,5,tower,星晶の塔,12,20,5,1,1,20,21,28,45,45,0,0,4,21,20,105,2,2,68,215,7,1,10,0,0,0,73,106,0,0,1211,1891
140,balanced,6,snowfield,霜降り雪原,16,25,4,1,1,28,27,32,24,23,1,0,3,11,10,112,2,2,37,164,4,1,23,0,0,0,38,108,0,0,1466,3700
140,balanced,7,thunder_ruins,雷鳴遺跡,21,31,5,1,1,32,33,39,33,33,0,0,4,15,14,110,2,2,50,179,6,1,13,0,0,0,52,149,0,0,2866,3692
140,balanced,8,prism_sanctuary,虹晶聖域,28,42,6,1,1,39,39,62,161,151,1,9,12,74,73,412,2,2,237,1028,27,1,37,0,0,0,270,882,0,0,2860,5003
140,balanced,9,poison_bog,毒霧の沼地,34,48,5,1,1,62,60,65,35,34,1,0,3,16,15,152,2,2,53,391,6,1,33,0,0,0,59,346,1,0,3875,8083
140,balanced,10,machine_city,古代機械都市,39,57,6,1,1,65,66,66,6,5,1,0,6,1,0,7,2,2,9,39,1,1,7,0,0,0,7,0,0,0,6261,16653
140,balanced,11,deep_sea_temple,深海神殿,46,66,6,1,1,66,67,86,99,95,1,3,8,46,45,367,2,2,147,697,18,1,21,0,0,0,161,1241,0,0,12897,14871
140,balanced,12,demon_gate,魔界門,54,76,7,1,1,86,88,100,66,50,1,15,18,23,22,2857,2,2,91,3158,19,1,228,13,0,0,130,854,0,0,11517,21357
140,balanced,13,sky_ruins,天空遺跡,68,86,7,1,0,100,100,0,161,160,1,0,1,77,77,17463,0,0,238,17939,77,1,243,77,0,0,237,0,0,0,16540,0
141,collector,1,meadow,はじまり草原,1,4,2,1,1,1,2,5,5,3,2,0,5,2,1,17,3,2,10,66,2,1,14,0,0,0,13,0,0,0,230,1272
141,collector,2,cave,こだま洞くつ,3,7,2,1,1,6,6,10,8,7,1,0,7,3,2,55,5,4,16,135,5,1,22,0,0,0,24,9,0,0,1484,2825
141,collector,3,brook,しずく湖畔,5,10,3,1,1,10,10,13,12,10,2,0,8,4,3,31,5,5,21,94,2,1,11,0,0,0,28,17,0,0,2089,1327
141,collector,4,volcano,ほむら火山,8,14,4,1,1,13,14,18,23,20,2,1,9,7,6,134,5,5,35,266,3,1,30,0,0,0,42,29,0,0,702,1601
141,collector,5,tower,星晶の塔,12,20,5,1,1,18,17,22,29,27,2,0,8,9,8,54,5,5,43,228,4,1,32,0,0,0,51,37,0,0,846,3464
141,collector,6,snowfield,霜降り雪原,16,25,4,1,1,22,21,24,13,9,4,0,9,4,3,188,5,5,22,257,4,1,75,2,0,0,29,44,0,0,1830,3391
141,collector,7,thunder_ruins,雷鳴遺跡,21,31,5,1,1,24,25,30,17,15,2,0,8,5,4,157,5,5,27,240,1,1,71,1,0,0,31,64,0,0,1791,3562
141,collector,8,prism_sanctuary,虹晶聖域,28,42,6,1,1,30,31,59,164,156,0,8,14,51,50,741,5,5,220,4012,28,1,97,44,0,0,243,763,0,0,1881,7748
141,collector,9,poison_bog,毒霧の沼地,34,48,5,1,1,59,59,63,26,24,2,0,7,8,7,166,5,5,39,236,0,0,51,1,0,0,38,241,0,0,4091,6666
141,collector,10,machine_city,古代機械都市,39,57,6,1,1,63,59,72,95,82,2,11,18,27,26,462,5,5,127,1131,16,1,113,7,0,0,104,652,1,0,3520,13023
141,collector,11,deep_sea_temple,深海神殿,46,66,6,1,1,72,73,97,157,145,2,10,17,48,47,9413,5,5,210,10637,40,1,328,44,0,0,183,1697,0,0,6874,19503
141,collector,12,demon_gate,魔界門,54,76,7,1,0,97,98,0,176,166,2,8,11,54,54,17856,0,0,230,32557,41,1,360,136,0,0,250,187,0,0,10294,0
141,collector,13,sky_ruins,天空遺跡,68,86,7,0,0,0,0,0,0,0,0,0,0,0,0,0,0,0,0,0,0,0,0,0,0,0,0,0,0,0,0,0
142,rush,1,meadow,はじまり草原,1,4,2,1,1,1,2,7,4,3,1,0,1,3,2,21,0,0,7,31,0,0,8,0,0,0,5,8,0,0,230,719
142,rush,2,cave,こだま洞くつ,3,7,2,1,1,7,7,12,12,10,1,1,2,10,9,80,0,0,22,112,0,0,10,0,0,0,32,30,0,0,719,736
142,rush,3,brook,しずく湖畔,5,10,3,1,1,12,12,14,4,4,0,0,0,2,1,13,0,0,6,21,0,0,7,0,0,0,5,11,0,0,736,1171
142,rush,4,volcano,ほむら火山,8,14,4,1,1,14,15,19,20,20,0,0,0,17,16,93,0,0,37,131,0,0,7,0,0,0,50,50,0,0,1171,1266
142,rush,5,tower,星晶の塔,12,20,5,1,1,19,20,30,66,65,0,1,0,61,60,286,0,0,127,459,0,0,7,0,0,0,194,161,0,0,1266,1549
142,rush,6,snowfield,霜降り雪原,16,25,4,1,0,30,31,0,84,84,0,0,0,80,80,417,0,0,164,612,0,0,7,0,0,0,243,291,0,0,1549,0
142,rush,7,thunder_ruins,雷鳴遺跡,21,31,5,0,0,0,0,0,0,0,0,0,0,0,0,0,0,0,0,0,0,0,0,0,0,0,0,0,0,0,0,0
142,rush,8,prism_sanctuary,虹晶聖域,28,42,6,0,0,0,0,0,0,0,0,0,0,0,0,0,0,0,0,0,0,0,0,0,0,0,0,0,0,0,0,0
142,rush,9,poison_bog,毒霧の沼地,34,48,5,0,0,0,0,0,0,0,0,0,0,0,0,0,0,0,0,0,0,0,0,0,0,0,0,0,0,0,0,0
142,rush,10,machine_city,古代機械都市,39,57,6,0,0,0,0,0,0,0,0,0,0,0,0,0,0,0,0,0,0,0,0,0,0,0,0,0,0,0,0,0
142,rush,11,deep_sea_temple,深海神殿,46,66,6,0,0,0,0,0,0,0,0,0,0,0,0,0,0,0,0,0,0,0,0,0,0,0,0,0,0,0,0,0
142,rush,12,demon_gate,魔界門,54,76,7,0,0,0,0,0,0,0,0,0,0,0,0,0,0,0,0,0,0,0,0,0,0,0,0,0,0,0,0,0
142,rush,13,sky_ruins,天空遺跡,68,86,7,0,0,0,0,0,0,0,0,0,0,0,0,0,0,0,0,0,0,0,0,0,0,0,0,0,0,0,0,0
143,balanced,1,meadow,はじまり草原,1,4,2,1,1,1,3,6,8,2,2,4,6,2,1,25,2,2,12,75,6,1,15,0,0,0,15,3,0,0,230,986
143,balanced,2,cave,こだま洞くつ,3,7,2,1,1,6,7,10,6,5,1,0,4,3,2,34,2,2,11,76,6,1,17,0,0,0,18,19,0,0,764,1623
143,balanced,3,brook,しずく湖畔,5,10,3,1,1,10,10,12,3,2,1,0,3,1,0,7,2,2,6,29,0,0,8,0,0,0,7,0,0,0,1258,2619
143,balanced,4,volcano,ほむら火山,8,14,4,1,1,12,12,16,12,11,1,0,3,5,4,33,2,2,19,71,4,1,8,0,0,0,19,37,0,0,2029,1240
143,balanced,5,tower,星晶の塔,12,20,5,1,1,16,17,24,27,26,1,0,3,12,11,63,2,2,41,123,6,1,7,0,0,0,40,79,0,0,961,1885
143,balanced,6,snowfield,霜降り雪原,16,25,4,1,1,24,22,32,40,39,1,0,6,19,18,152,2,2,61,248,14,1,24,0,0,0,66,159,0,0,1460,2935
143,balanced,7,thunder_ruins,雷鳴遺跡,21,31,5,1,1,32,32,35,11,11,0,0,4,4,3,22,2,2,17,46,3,1,7,0,0,0,17,62,0,0,2274,4267
143,balanced,8,prism_sanctuary,虹晶聖域,28,42,6,1,1,35,35,60,149,146,0,3,11,71,70,349,2,2,222,764,55,1,28,0,0,0,255,862,0,0,3305,5764
143,balanced,9,poison_bog,毒霧の沼地,34,48,5,1,1,60,60,60,5,4,1,0,3,1,0,6,2,2,8,30,0,0,7,0,0,0,8,0,0,0,4465,10941
143,balanced,10,machine_city,古代機械都市,39,57,6,1,1,60,61,71,58,57,1,0,4,27,26,175,2,2,87,287,26,1,13,0,0,0,90,671,0,0,8474,10538
143,balanced,11,deep_sea_temple,深海神殿,46,66,6,1,1,71,72,85,70,69,1,0,3,33,32,1114,2,2,105,1265,20,1,70,15,0,0,108,928,0,0,8162,10144
143,balanced,12,demon_gate,魔界門,54,76,7,1,1,85,87,100,79,78,1,0,4,37,36,3876,2,2,118,4194,34,1,138,38,0,0,134,957,0,0,7856,30745
143,balanced,13,sky_ruins,天空遺跡,68,86,7,1,0,100,100,0,170,166,1,3,6,80,80,11481,0,0,250,12021,80,1,144,81,0,0,254,0,0,0,23810,0
144,collector,1,meadow,はじまり草原,1,4,2,1,1,1,2,6,9,6,2,1,4,3,2,35,1,0,13,62,7,1,14,0,0,0,8,0,0,0,230,1151
144,collector,2,cave,こだま洞くつ,3,7,2,1,1,6,6,10,5,5,0,0,2,2,1,24,1,0,8,72,1,1,12,0,0,0,3,3,0,0,2109,3271
144,collector,3,brook,しずく湖畔,5,10,3,1,1,10,7,13,18,15,3,0,8,6,5,43,5,4,29,109,1,1,13,0,0,0,30,28,0,0,3405,1440
144,collector,4,volcano,ほむら火山,8,14,4,1,1,13,14,18,13,11,2,0,7,4,3,46,5,5,22,105,1,1,20,0,0,0,26,37,0,0,1073,2826
144,collector,5,tower,星晶の塔,12,20,5,1,1,18,18,20,14,12,2,0,7,4,3,22,5,5,23,129,4,1,15,0,0,0,30,19,0,0,1493,2203
144,collector,6,snowfield,霜降り雪原,16,25,4,1,1,20,20,25,16,14,2,0,7,5,4,39,5,5,26,118,4,1,10,0,0,0,29,63,0,0,1165,3790
144,collector,7,thunder_ruins,雷鳴遺跡,21,31,5,1,1,25,26,31,17,16,1,0,7,5,4,33,5,5,27,101,4,1,9,0,0,0,30,54,0,0,2002,6192
144,collector,8,prism_sanctuary,虹晶聖域,28,42,6,1,1,31,32,47,73,71,1,1,8,23,22,121,5,5,101,403,19,1,27,0,0,0,94,363,0,0,3270,5678
144,collector,9,poison_bog,毒霧の沼地,34,48,5,1,1,47,46,51,20,17,3,0,8,6,5,37,5,5,31,263,6,1,24,0,0,0,48,131,1,0,2999,11401
144,collector,10,machine_city,古代機械都市,39,57,6,1,1,51,51,61,49,47,1,1,12,15,14,92,5,5,69,800,28,1,42,0,0,0,98,454,1,0,6019,15962
144,collector,11,deep_sea_temple,深海神殿,46,66,6,1,1,61,59,84,110,107,1,2,10,35,34,1089,5,5,150,2656,23,1,154,19,0,0,148,1270,0,0,8426,11053
144,collector,12,demon_gate,魔界門,54,76,7,1,1,84,82,87,40,32,2,6,16,10,9,970,5,5,55,3907,13,1,209,28,0,0,87,518,0,0,5835,15768
144,collector,13,sky_ruins,天空遺跡,68,86,7,1,1,87,88,100,121,112,3,6,15,37,36,8566,5,5,163,8905,24,1,244,37,0,0,148,825,0,0,8323,46317
145,rush,1,meadow,はじまり草原,1,4,2,1,1,1,2,6,6,2,2,2,4,3,2,28,0,0,9,49,0,0,13,0,0,0,9,8,0,0,230,660
145,rush,2,cave,こだま洞くつ,3,7,2,1,1,6,7,12,13,13,0,0,0,12,11,95,0,0,25,128,0,0,10,0,0,0,36,24,0,0,660,1240
145,rush,3,brook,しずく湖畔,5,10,3,1,1,12,12,15,6,6,0,0,0,4,3,22,0,0,10,35,0,0,6,0,0,0,11,20,0,0,1240,1356
145,rush,4,volcano,ほむら火山,8,14,4,1,1,15,15,23,39,39,0,0,0,36,35,184,0,0,75,291,0,0,7,0,0,0,113,83,0,0,1356,990
145,rush,5,tower,星晶の塔,12,20,5,1,0,23,23,0,85,85,0,0,0,80,80,339,0,0,165,571,0,0,7,0,0,0,267,185,0,0,990,0
145,rush,6,snowfield,霜降り雪原,16,25,4,0,0,0,0,0,0,0,0,0,0,0,0,0,0,0,0,0,0,0,0,0,0,0,0,0,0,0,0,0
145,rush,7,thunder_ruins,雷鳴遺跡,21,31,5,0,0,0,0,0,0,0,0,0,0,0,0,0,0,0,0,0,0,0,0,0,0,0,0,0,0,0,0,0
145,rush,8,prism_sanctuary,虹晶聖域,28,42,6,0,0,0,0,0,0,0,0,0,0,0,0,0,0,0,0,0,0,0,0,0,0,0,0,0,0,0,0,0
145,rush,9,poison_bog,毒霧の沼地,34,48,5,0,0,0,0,0,0,0,0,0,0,0,0,0,0,0,0,0,0,0,0,0,0,0,0,0,0,0,0,0
145,rush,10,machine_city,古代機械都市,39,57,6,0,0,0,0,0,0,0,0,0,0,0,0,0,0,0,0,0,0,0,0,0,0,0,0,0,0,0,0,0
145,rush,11,deep_sea_temple,深海神殿,46,66,6,0,0,0,0,0,0,0,0,0,0,0,0,0,0,0,0,0,0,0,0,0,0,0,0,0,0,0,0,0
145,rush,12,demon_gate,魔界門,54,76,7,0,0,0,0,0,0,0,0,0,0,0,0,0,0,0,0,0,0,0,0,0,0,0,0,0,0,0,0,0
145,rush,13,sky_ruins,天空遺跡,68,86,7,0,0,0,0,0,0,0,0,0,0,0,0,0,0,0,0,0,0,0,0,0,0,0,0,0,0,0,0,0
146,balanced,1,meadow,はじまり草原,1,4,2,1,1,1,2,6,8,5,1,2,5,3,2,24,2,2,13,65,3,1,11,0,0,0,11,5,0,0,230,893
146,balanced,2,cave,こだま洞くつ,3,7,2,1,1,6,7,10,6,5,1,0,3,3,2,32,2,2,11,65,2,1,18,0,0,0,13,12,0,0,692,1618
146,balanced,3,brook,しずく湖畔,5,10,3,1,1,10,11,14,7,6,1,0,3,3,2,11,2,2,12,34,0,0,7,0,0,0,12,25,0,0,1254,1406
146,balanced,4,volcano,ほむら火山,8,14,4,1,1,14,14,17,12,11,1,0,3,5,4,35,2,2,19,68,1,1,11,0,0,0,19,32,0,0,1090,1237
146,balanced,5,tower,星晶の塔,12,20,5,1,1,17,18,24,27,27,0,0,3,12,11,52,2,2,41,114,3,1,6,0,0,0,43,68,0,0,959,1883
146,balanced,6,snowfield,霜降り雪原,16,25,4,1,1,24,25,30,24,23,1,0,3,11,10,111,2,2,37,183,1,1,19,0,0,0,41,118,0,0,1460,2416
146,balanced,7,thunder_ruins,雷鳴遺跡,21,31,5,1,1,30,30,36,29,28,1,0,3,13,12,180,2,2,44,260,6,1,28,0,0,0,45,126,0,0,1872,4222
146,balanced,8,prism_sanctuary,虹晶聖域,28,42,6,1,1,36,37,52,87,83,1,3,8,40,39,257,2,2,129,712,4,1,30,0,0,0,146,494,0,0,3271,4899
146,balanced,9,poison_bog,毒霧の沼地,34,48,5,1,1,52,53,55,11,10,1,0,4,4,3,33,2,2,17,75,1,1,10,0,0,0,18,161,0,0,3795,5911
146,balanced,10,machine_city,古代機械都市,39,57,6,1,1,55,55,68,66,65,1,0,6,31,30,221,2,2,99,441,12,1,20,0,0,0,106,648,0,0,4578,9409
146,balanced,11,deep_sea_temple,深海神殿,46,66,6,1,1,68,68,89,108,107,1,0,5,52,51,3174,2,2,162,3471,24,1,164,42,0,0,166,1388,0,0,7287,10138
146,balanced,12,demon_gate,魔界門,54,76,7,1,1,89,91,100,110,104,1,5,13,50,49,8473,2,2,162,8968,30,1,197,52,0,0,192,748,0,0,7852,33871
146,balanced,13,sky_ruins,天空遺跡,68,86,7,1,0,100,100,0,169,166,1,2,3,80,80,15760,0,0,249,16216,80,1,197,80,0,0,249,0,0,0,26231,0
147,collector,1,meadow,はじまり草原,1,4,2,1,1,1,3,6,11,10,1,0,2,4,3,48,1,0,16,88,6,1,16,0,0,0,8,1,0,0,230,1055
147,collector,2,cave,こだま洞くつ,3,7,2,1,1,6,7,12,11,9,2,0,4,4,3,68,2,1,17,107,4,1,21,0,0,0,15,16,0,0,1133,1904
147,collector,3,brook,しずく湖畔,5,10,3,1,1,10,12,15,12,11,1,0,7,4,3,22,5,5,21,79,1,1,10,0,0,0,26,17,0,0,2070,1326
147,collector,4,volcano,ほむら火山,8,14,4,1,1,15,14,16,7,4,3,0,9,2,1,13,5,5,14,67,3,1,7,0,0,0,22,7,0,0,701,2783
147,collector,5,tower,星晶の塔,12,20,5,1,1,16,14,20,31,28,1,2,12,9,8,45,5,5,45,162,4,1,7,0,0,0,51,36,0,0,1471,3828
147,collector,6,snowfield,霜降り雪原,16,25,4,1,1,20,21,27,19,17,2,0,9,6,5,229,5,5,30,351,10,1,52,2,0,0,32,83,0,0,2022,2929
147,collector,7,thunder_ruins,雷鳴遺跡,21,31,5,1,1,27,28,30,14,12,2,0,8,4,3,93,5,5,23,164,4,1,39,0,0,0,27,58,0,0,1548,3715
147,collector,8,prism_sanctuary,虹晶聖域,28,42,6,1,1,30,31,53,111,108,0,3,12,35,34,262,5,5,151,996,13,1,29,0,0,0,134,541,0,0,1963,7767
147,collector,9,poison_bog,毒霧の沼地,34,48,5,1,1,53,53,55,8,6,2,0,8,2,1,79,5,5,15,143,1,1,61,1,0,0,20,53,0,0,4100,7492
147,collector,10,machine_city,古代機械都市,39,57,6,1,1,55,55,61,24,22,2,0,8,7,6,39,5,5,36,156,16,1,8,0,0,0,60,259,1,0,3955,13054
147,collector,11,deep_sea_temple,深海神殿,46,66,6,1,1,61,62,87,140,122,1,17,21,40,39,1107,5,5,185,2290,74,1,62,23,0,0,281,1306,0,0,6891,18122
147,collector,12,demon_gate,魔界門,54,76,7,1,1,87,77,80,19,10,3,6,15,3,2,190,5,5,27,435,4,1,64,5,0,0,48,127,0,0,9565,15730
147,collector,13,sky_ruins,天空遺跡,68,86,7,1,1,80,82,86,18,13,3,2,11,4,3,206,5,5,27,300,4,1,68,3,0,0,34,324,0,0,8303,21983
148,rush,1,meadow,はじまり草原,1,4,2,1,1,1,3,8,13,10,0,3,3,9,8,39,0,0,22,68,0,0,7,0,0,0,11,10,0,0,230,686
148,rush,2,cave,こだま洞くつ,3,7,2,1,1,8,8,11,5,2,2,1,3,3,2,30,0,0,8,44,0,0,11,0,0,0,9,11,0,0,686,1680
148,rush,3,brook,しずく湖畔,5,10,3,1,1,11,11,14,6,6,0,0,0,4,3,21,0,0,10,33,0,0,6,0,0,0,11,25,0,0,1680,1180
148,rush,4,volcano,ほむら火山,8,14,4,1,1,14,14,17,8,8,0,0,0,5,4,27,0,0,13,47,0,0,6,0,0,0,14,36,0,0,1180,957
148,rush,5,tower,星晶の塔,12,20,5,1,1,17,18,29,65,63,0,2,0,59,58,291,0,0,124,472,0,0,8,0,0,0,195,154,0,0,957,1543
148,rush,6,snowfield,霜降り雪原,16,25,4,1,1,29,30,38,58,58,0,0,0,55,54,313,0,0,113,436,0,0,7,0,0,0,164,205,0,0,1543,2641
148,rush,7,thunder_ruins,雷鳴遺跡,21,31,5,1,1,38,39,44,37,37,0,0,0,33,32,182,0,0,70,251,0,0,7,0,0,0,98,169,0,0,2641,3786
148,rush,8,prism_sanctuary,虹晶聖域,28,42,6,1,0,44,45,0,88,86,0,2,0,80,80,323,0,0,168,621,0,0,6,0,0,0,283,562,0,0,3786,0
148,rush,9,poison_bog,毒霧の沼地,34,48,5,0,0,0,0,0,0,0,0,0,0,0,0,0,0,0,0,0,0,0,0,0,0,0,0,0,0,0,0,0
148,rush,10,machine_city,古代機械都市,39,57,6,0,0,0,0,0,0,0,0,0,0,0,0,0,0,0,0,0,0,0,0,0,0,0,0,0,0,0,0,0
148,rush,11,deep_sea_temple,深海神殿,46,66,6,0,0,0,0,0,0,0,0,0,0,0,0,0,0,0,0,0,0,0,0,0,0,0,0,0,0,0,0,0
148,rush,12,demon_gate,魔界門,54,76,7,0,0,0,0,0,0,0,0,0,0,0,0,0,0,0,0,0,0,0,0,0,0,0,0,0,0,0,0,0
148,rush,13,sky_ruins,天空遺跡,68,86,7,0,0,0,0,0,0,0,0,0,0,0,0,0,0,0,0,0,0,0,0,0,0,0,0,0,0,0,0,0
149,balanced,1,meadow,はじまり草原,1,4,2,1,1,1,3,6,9,5,1,3,4,3,2,28,1,0,13,59,4,1,11,0,0,0,9,5,0,0,230,881
149,balanced,2,cave,こだま洞くつ,3,7,2,1,1,7,6,11,6,5,1,0,2,3,2,38,1,0,10,69,3,1,16,0,0,0,5,15,0,0,959,2533
149,balanced,3,brook,しずく湖畔,5,10,3,1,1,11,11,15,11,10,1,0,3,5,4,26,2,2,18,54,6,1,7,0,0,0,13,37,0,0,2667,1177
149,balanced,4,volcano,ほむら火山,8,14,4,1,1,15,15,16,4,3,1,0,6,1,0,6,2,2,7,28,1,1,6,0,0,0,5,0,0,0,912,1899
149,balanced,5,tower,星晶の塔,12,20,5,1,1,16,17,23,25,24,1,0,3,11,10,54,2,2,38,124,3,1,7,0,0,0,40,80,0,0,1472,3020
149,balanced,6,snowfield,霜降り雪原,16,25,4,1,1,23,24,31,26,26,0,0,6,12,11,75,2,2,40,133,15,1,8,0,0,0,40,139,0,0,2340,2450
149,balanced,7,thunder_ruins,雷鳴遺跡,21,31,5,1,1,31,32,35,19,19,0,0,7,8,7,46,2,2,29,83,6,1,6,0,0,0,29,92,0,0,1898,3089
149,balanced,8,prism_sanctuary,虹晶聖域,28,42,6,1,1,35,36,49,60,59,1,0,3,28,27,131,2,2,90,299,23,1,6,0,0,0,91,366,0,0,2393,7041
149,balanced,9,poison_bog,毒霧の沼地,34,48,5,1,1,49,48,51,15,14,1,0,4,6,5,34,2,2,23,78,3,1,7,0,0,0,22,160,0,0,5454,6443
149,balanced,10,machine_city,古代機械都市,39,57,6,1,1,51,52,55,12,11,1,0,3,4,3,27,2,2,18,65,5,1,8,0,0,0,17,204,0,0,4990,12013
149,balanced,11,deep_sea_temple,深海神殿,46,66,6,1,1,55,55,81,113,106,0,7,15,51,50,300,2,2,166,703,88,1,9,0,0,0,205,1307,0,0,9304,17049
149,balanced,12,demon_gate,魔界門,54,76,7,1,1,81,80,84,13,12,1,0,4,4,3,26,2,2,19,81,8,1,7,0,0,0,21,422,0,0,13204,15083
149,balanced,13,sky_ruins,天空遺跡,68,86,7,1,1,84,85,100,81,80,1,0,3,38,37,6699,2,2,121,6971,23,1,196,38,0,0,123,1214,0,0,11682,33773
150,collector,1,meadow,はじまり草原,1,4,2,1,1,1,3,7,14,13,1,0,2,5,4,52,1,0,20,90,7,1,13,0,0,0,10,0,0,0,230,1290
150,collector,2,cave,こだま洞くつ,3,7,2,1,1,8,8,11,8,7,1,0,2,3,2,51,1,0,12,97,2,1,19,0,0,0,5,10,0,0,1568,2313
150,collector,3,brook,しずく湖畔,5,10,3,1,1,11,12,16,15,13,2,0,8,5,4,29,5,5,25,89,1,1,10,0,0,0,27,25,0,0,2447,2253
150,collector,4,volcano,ほむら火山,8,14,4,1,1,16,13,14,4,1,3,0,8,1,0,12,5,5,10,51,0,0,12,0,0,0,18,0,0,0,1191,2805
150,collector,5,tower,星晶の塔,12,20,5,1,1,14,15,20,28,25,1,2,9,8,7,38,5,5,41,170,7,1,14,0,0,0,50,35,0,0,1482,3828
150,collector,6,snowfield,霜降り雪原,16,25,4,1,1,20,20,26,16,14,2,0,8,5,4,118,5,5,26,212,5,1,30,0,0,0,31,62,0,0,2022,3861
150,collector,7,thunder_ruins,雷鳴遺跡,21,31,5,1,1,26,26,30,17,15,2,0,9,5,4,25,5,5,27,242,6,1,33,0,0,0,39,70,1,0,2040,3630
150,collector,8,prism_sanctuary,虹晶聖域,28,42,6,1,1,30,31,54,135,122,1,12,18,40,39,192,5,5,180,2697,42,1,61,8,0,0,272,586,0,0,1917,7767
150,collector,9,poison_bog,毒霧の沼地,34,48,5,1,1,54,53,56,15,11,3,1,10,4,3,20,5,5,24,181,3,1,22,0,0,0,40,143,1,0,4100,6497
150,collector,10,machine_city,古代機械都市,39,57,6,1,1,56,57,66,56,53,1,2,13,17,16,159,5,5,78,921,17,1,116,2,0,0,94,442,0,0,3431,12944
150,collector,11,deep_sea_temple,深海神殿,46,66,6,1,1,66,68,80,77,60,0,17,22,19,18,323,5,5,101,1854,17,1,109,16,0,0,140,600,0,0,6833,18403
150,collector,12,demon_gate,魔界門,54,76,7,1,1,80,69,73,28,23,2,3,11,7,6,411,5,5,40,1329,5,1,114,15,0,0,66,422,0,0,9713,15533
150,collector,13,sky_ruins,天空遺跡,68,86,7,1,1,73,75,89,68,48,1,19,26,15,14,2891,5,5,88,3308,22,1,206,16,0,0,119,811,0,0,8199,20551
151,rush,1,meadow,はじまり草原,1,4,2,1,1,1,2,7,4,3,1,0,2,3,2,22,0,0,7,35,0,0,10,0,0,0,5,9,0,0,230,659
151,rush,2,cave,こだま洞くつ,3,7,2,1,1,7,7,11,9,8,1,0,1,8,7,66,0,0,17,87,0,0,11,0,0,0,23,16,0,0,659,1685
151,rush,3,brook,しずく湖畔,5,10,3,1,1,11,11,13,5,5,0,0,0,3,2,15,0,0,8,25,0,0,7,0,0,0,8,25,0,0,1685,1133
151,rush,4,volcano,ほむら火山,8,14,4,1,1,13,14,23,52,51,0,1,0,48,47,244,0,0,100,395,0,0,7,0,0,0,152,91,0,0,1133,939
151,rush,5,tower,星晶の塔,12,20,5,1,0,23,23,0,85,85,0,0,0,80,80,349,0,0,165,549,0,0,7,0,0,0,258,180,0,0,939,0
151,rush,6,snowfield,霜降り雪原,16,25,4,0,0,0,0,0,0,0,0,0,0,0,0,0,0,0,0,0,0,0,0,0,0,0,0,0,0,0,0,0
151,rush,7,thunder_ruins,雷鳴遺跡,21,31,5,0,0,0,0,0,0,0,0,0,0,0,0,0,0,0,0,0,0,0,0,0,0,0,0,0,0,0,0,0
151,rush,8,prism_sanctuary,虹晶聖域,28,42,6,0,0,0,0,0,0,0,0,0,0,0,0,0,0,0,0,0,0,0,0,0,0,0,0,0,0,0,0,0
151,rush,9,poison_bog,毒霧の沼地,34,48,5,0,0,0,0,0,0,0,0,0,0,0,0,0,0,0,0,0,0,0,0,0,0,0,0,0,0,0,0,0
151,rush,10,machine_city,古代機械都市,39,57,6,0,0,0,0,0,0,0,0,0,0,0,0,0,0,0,0,0,0,0,0,0,0,0,0,0,0,0,0,0
151,rush,11,deep_sea_temple,深海神殿,46,66,6,0,0,0,0,0,0,0,0,0,0,0,0,0,0,0,0,0,0,0,0,0,0,0,0,0,0,0,0,0
151,rush,12,demon_gate,魔界門,54,76,7,0,0,0,0,0,0,0,0,0,0,0,0,0,0,0,0,0,0,0,0,0,0,0,0,0,0,0,0,0
151,rush,13,sky_ruins,天空遺跡,68,86,7,0,0,0,0,0,0,0,0,0,0,0,0,0,0,0,0,0,0,0,0,0,0,0,0,0,0,0,0,0
152,balanced,1,meadow,はじまり草原,1,4,2,1,1,1,3,6,9,5,1,3,5,3,2,27,1,0,13,60,4,1,12,0,0,0,9,5,0,0,230,873
152,balanced,2,cave,こだま洞くつ,3,7,2,1,1,7,6,10,6,5,1,0,3,3,2,34,2,0,11,75,3,1,15,0,0,0,5,14,0,0,951,2598
152,balanced,3,brook,しずく湖畔,5,10,3,1,1,10,11,14,9,8,1,0,3,4,3,20,2,0,15,46,0,0,7,0,0,0,8,40,0,0,2866,957
152,balanced,4,volcano,ほむら火山,8,14,4,1,1,16,17,21,14,13,1,0,3,6,5,35,2,2,22,75,8,1,8,0,0,0,24,72,0,0,2571,1282
152,balanced,5,tower,星晶の塔,12,20,5,1,1,21,21,27,27,26,1,0,4,12,11,51,2,2,41,132,1,1,8,0,0,0,44,71,0,0,994,4037
152,balanced,6,snowfield,霜降り雪原,16,25,4,1,1,27,25,30,24,23,1,0,4,11,10,134,2,2,37,196,2,1,27,0,0,0,40,121,0,0,3127,2885
152,balanced,7,thunder_ruins,雷鳴遺跡,21,31,5,1,1,30,31,37,25,24,1,0,3,11,10,75,2,2,38,142,5,1,13,0,0,0,37,107,0,0,2235,7889
152,balanced,8,prism_sanctuary,虹晶聖域,28,42,6,1,1,37,37,55,97,93,1,3,7,45,44,265,2,2,144,529,19,1,12,0,0,0,155,595,0,0,6110,11881
152,balanced,9,poison_bog,毒霧の沼地,34,48,5,1,1,55,55,57,7,6,1,0,5,2,1,12,2,2,11,42,2,1,7,0,0,0,10,105,0,0,9202,13170
152,balanced,10,machine_city,古代機械都市,39,57,6,1,1,57,57,67,56,55,1,0,5,26,25,222,2,2,84,429,34,1,19,0,0,0,124,623,1,0,10200,7185
152,balanced,11,deep_sea_temple,深海神殿,46,66,6,1,1,67,66,79,64,63,1,0,5,30,29,173,2,2,96,394,25,1,11,0,0,0,126,816,0,0,5565,10148
152,balanced,12,demon_gate,魔界門,54,76,7,1,1,79,81,98,68,67,0,1,10,31,30,468,2,2,101,688,37,1,73,4,0,0,121,1174,0,0,7860,14097
152,balanced,13,sky_ruins,天空遺跡,68,86,7,1,0,98,99,0,167,166,1,0,1,80,80,5949,0,0,247,6352,119,1,76,80,0,0,244,81,0,0,10918,0
153,collector,1,meadow,はじまり草原,1,4,2,1,1,1,3,7,15,13,1,1,4,5,4,55,2,0,22,105,9,1,15,0,0,0,11,1,0,0,230,1311
153,collector,2,cave,こだま洞くつ,3,7,2,1,1,9,9,11,8,7,1,0,4,3,2,51,2,1,13,107,4,1,23,0,0,0,8,10,0,0,2937,2271
153,collector,3,brook,しずく湖畔,5,10,3,1,1,12,12,16,15,13,2,0,8,5,4,64,5,5,25,134,0,0,21,0,0,0,27,23,0,0,2333,2225
153,collector,4,volcano,ほむら火山,8,14,4,1,1,16,13,16,10,7,3,0,9,3,2,21,5,5,18,98,1,1,9,0,0,0,26,18,0,0,1176,2809
153,collector,5,tower,星晶の塔,12,20,5,1,1,16,16,22,33,28,4,1,10,10,9,202,5,5,48,327,2,1,65,1,0,0,49,40,0,0,1484,2256
153,collector,6,snowfield,霜降り雪原,16,25,4,1,1,22,23,28,22,19,3,0,8,7,6,392,5,5,34,501,7,1,77,5,0,0,37,86,1,0,1193,3327
153,collector,7,thunder_ruins,雷鳴遺跡,21,31,5,1,1,28,29,32,14,13,1,0,7,4,3,222,5,5,23,278,0,0,72,2,0,0,26,43,0,0,1757,5816
153,collector,8,prism_sanctuary,虹晶聖域,28,42,6,1,1,32,33,46,93,75,0,18,25,24,23,150,5,5,122,2024,15,1,94,18,0,0,177,340,0,0,3072,6280
153,collector,9,poison_bog,毒霧の沼地,34,48,5,1,1,46,47,51,17,14,3,0,8,5,4,41,5,5,27,116,3,1,13,0,0,0,30,154,0,0,3316,11496
153,collector,10,machine_city,古代機械都市,39,57,6,1,1,51,52,66,76,73,2,1,9,24,23,205,5,5,105,1469,9,1,119,12,0,0,103,652,0,0,6068,15191
153,collector,11,deep_sea_temple,深海神殿,46,66,6,1,1,66,66,86,112,99,3,10,19,33,32,3612,5,5,150,4468,28,1,233,31,0,0,155,1099,0,0,8019,11341
153,collector,12,demon_gate,魔界門,54,76,7,1,0,86,87,0,251,245,2,4,9,80,80,21794,0,0,331,46003,117,1,281,253,0,0,373,928,0,0,5987,0
153,collector,13,sky_ruins,天空遺跡,68,86,7,0,0,0,0,0,0,0,0,0,0,0,0,0,0,0,0,0,0,0,0,0,0,0,0,0,0,0,0,0
154,rush,1,meadow,はじまり草原,1,4,2,1,1,1,2,7,8,4,1,3,3,4,3,33,0,0,12,59,0,0,9,0,0,0,10,8,0,0,230,667
154,rush,2,cave,こだま洞くつ,3,7,2,1,1,7,7,16,36,36,0,0,1,35,34,172,0,0,71,253,0,0,7,0,0,0,71,57,0,0,667,538
154,rush,3,brook,しずく湖畔,5,10,3,1,1,16,16,17,4,3,1,0,2,2,1,10,0,0,6,17,0,0,5,0,0,0,5,7,0,0,538,1152
154,rush,4,volcano,ほむら火山,8,14,4,1,1,17,17,21,20,20,0,0,0,17,16,76,0,0,37,118,0,0,6,0,0,0,51,39,0,0,1152,963
154,rush,5,tower,星晶の塔,12,20,5,1,1,21,22,28,46,44,0,2,0,40,39,186,0,0,86,285,0,0,7,0,0,0,126,111,0,0,963,1509
154,rush,6,snowfield,霜降り雪原,16,25,4,1,1,28,29,35,36,36,0,0,0,33,32,163,0,0,69,225,0,0,7,0,0,0,98,151,0,0,1509,2067
154,rush,7,thunder_ruins,雷鳴遺跡,21,31,5,1,0,35,36,0,85,85,0,0,0,80,80,358,0,0,165,511,0,0,6,0,0,0,245,356,0,0,2067,0
154,rush,8,prism_sanctuary,虹晶聖域,28,42,6,0,0,0,0,0,0,0,0,0,0,0,0,0,0,0,0,0,0,0,0,0,0,0,0,0,0,0,0,0
154,rush,9,poison_bog,毒霧の沼地,34,48,5,0,0,0,0,0,0,0,0,0,0,0,0,0,0,0,0,0,0,0,0,0,0,0,0,0,0,0,0,0
154,rush,10,machine_city,古代機械都市,39,57,6,0,0,0,0,0,0,0,0,0,0,0,0,0,0,0,0,0,0,0,0,0,0,0,0,0,0,0,0,0
154,rush,11,deep_sea_temple,深海神殿,46,66,6,0,0,0,0,0,0,0,0,0,0,0,0,0,0,0,0,0,0,0,0,0,0,0,0,0,0,0,0,0
154,rush,12,demon_gate,魔界門,54,76,7,0,0,0,0,0,0,0,0,0,0,0,0,0,0,0,0,0,0,0,0,0,0,0,0,0,0,0,0,0
154,rush,13,sky_ruins,天空遺跡,68,86,7,0,0,0,0,0,0,0,0,0,0,0,0,0,0,0,0,0,0,0,0,0,0,0,0,0,0,0,0,0
155,balanced,1,meadow,はじまり草原,1,4,2,1,1,1,3,7,6,5,1,0,2,3,2,24,1,0,10,45,1,1,9,0,0,0,4,6,0,0,230,888
155,balanced,2,cave,こだま洞くつ,3,7,2,1,1,7,7,11,7,5,1,1,3,3,2,38,1,0,11,90,3,1,24,0,0,0,6,16,0,0,966,2345
155,balanced,3,brook,しずく湖畔,5,10,3,1,1,12,8,14,21,20,1,0,3,10,9,57,2,1,33,95,3,1,9,0,0,0,21,45,0,0,2479,999
155,balanced,4,volcano,ほむら火山,8,14,4,1,1,14,15,20,14,13,1,0,3,6,5,66,2,2,22,109,4,1,20,0,0,0,25,52,1,0,1087,2416
155,balanced,5,tower,星晶の塔,12,20,5,1,1,20,20,24,17,16,1,0,4,7,6,36,2,2,26,84,2,1,8,0,0,0,27,47,0,0,1872,2219
155,balanced,6,snowfield,霜降り雪原,16,25,4,1,1,24,22,25,12,11,1,0,4,5,4,134,2,2,19,185,5,1,32,0,0,0,20,69,0,0,1719,3350
155,balanced,7,thunder_ruins,雷鳴遺跡,21,31,5,1,1,25,30,36,25,24,1,0,4,11,10,103,2,2,38,160,13,1,16,0,0,0,39,120,0,0,2595,5329
155,balanced,8,prism_sanctuary,虹晶聖域,28,42,6,1,1,36,37,56,111,109,1,1,7,53,52,305,2,2,166,741,20,1,25,0,0,0,179,680,0,0,4128,4997
155,balanced,9,poison_bog,毒霧の沼地,34,48,5,1,1,56,57,58,5,4,1,0,4,1,0,6,2,2,8,36,0,0,7,0,0,0,8,0,0,0,3871,15106
155,balanced,10,machine_city,古代機械都市,39,57,6,1,1,58,56,59,12,11,1,0,5,4,3,37,2,2,18,79,4,1,12,0,0,0,18,280,0,0,11699,14201
155,balanced,11,deep_sea_temple,深海神殿,46,66,6,1,1,59,61,83,101,99,1,1,6,48,47,418,2,2,151,824,27,1,15,0,0,0,162,1344,0,0,10998,10042
155,balanced,12,demon_gate,魔界門,54,76,7,1,1,83,84,100,80,78,1,1,4,37,36,2351,2,2,119,2610,3,1,165,13,0,0,128,1136,0,0,7777,23759
155,balanced,13,sky_ruins,天空遺跡,68,86,7,1,1,100,100,100,121,120,1,0,5,58,57,15564,2,2,181,15924,2,1,336,57,0,0,183,0,0,0,18400,37690
156,collector,1,meadow,はじまり草原,1,4,2,1,1,1,3,6,12,9,2,1,6,4,3,47,3,0,19,104,7,1,13,0,0,0,15,0,0,0,230,1072
156,collector,2,cave,こだま洞くつ,3,7,2,1,1,9,9,11,8,7,1,0,7,3,2,64,5,5,16,125,6,1,26,0,0,0,22,12,0,0,3256,2476
156,collector,3,brook,しずく湖畔,5,10,3,1,1,11,11,16,24,21,3,0,8,8,7,63,5,5,37,140,2,1,18,0,0,0,38,22,0,0,1308,1324
156,collector,4,volcano,ほむら火山,8,14,4,1,1,16,14,17,7,4,3,0,8,2,1,14,5,5,14,66,2,1,8,0,0,0,21,11,0,0,701,3402
156,collector,5,tower,星晶の塔,12,20,5,1,1,17,16,23,42,38,3,1,10,13,12,200,5,5,60,301,3,1,65,2,0,0,56,49,0,0,1797,2262
156,collector,6,snowfield,霜降り雪原,16,25,4,1,1,23,24,28,20,18,1,1,9,6,5,456,5,5,31,545,5,1,92,5,0,0,38,79,0,0,1196,2966
156,collector,7,thunder_ruins,雷鳴遺跡,21,31,5,1,1,28,29,33,20,18,2,0,7,6,5,225,5,5,31,293,3,1,85,2,0,0,33,55,0,0,1568,5885
156,collector,8,prism_sanctuary,虹晶聖域,28,42,6,1,1,33,34,53,122,109,2,11,17,36,35,306,5,5,163,2853,15,1,111,30,0,0,180,537,0,0,3108,5673
156,collector,9,poison_bog,毒霧の沼地,34,48,5,1,1,53,53,56,14,10,4,0,9,4,3,40,5,5,23,105,0,0,14,0,0,0,27,125,0,0,2995,12345
156,collector,10,machine_city,古代機械都市,39,57,6,1,1,56,57,68,60,57,3,0,8,19,18,224,5,5,84,1522,14,1,105,12,0,0,78,525,0,0,6517,15238
156,collector,11,deep_sea_temple,深海神殿,46,66,6,1,1,68,68,90,125,119,1,5,13,39,38,6245,5,5,169,9285,40,1,344,50,0,0,161,1372,0,0,8043,11086
156,collector,12,demon_gate,魔界門,54,76,7,1,1,90,92,100,90,81,1,8,15,26,25,8946,5,5,121,20640,63,1,389,100,0,0,165,552,0,0,5852,33837
156,collector,13,sky_ruins,天空遺跡,68,86,7,1,1,100,100,100,57,53,2,2,11,17,16,5352,5,5,79,5552,16,1,326,17,0,0,76,0,0,0,17858,46530
157,rush,1,meadow,はじまり草原,1,4,2,1,1,1,3,7,6,4,1,1,2,4,3,35,0,0,10,54,0,0,9,0,0,0,8,8,0,0,230,709
157,rush,2,cave,こだま洞くつ,3,7,2,1,1,7,7,11,9,8,1,0,1,8,7,58,0,0,17,84,0,0,9,0,0,0,22,17,0,0,709,1703
157,rush,3,brook,しずく湖畔,5,10,3,1,1,11,12,15,7,7,0,0,0,5,4,26,0,0,12,39,0,0,6,0,0,0,13,27,0,0,1703,1158
157,rush,4,volcano,ほむら火山,8,14,4,1,1,15,15,20,20,20,0,0,0,17,16,91,0,0,37,137,0,0,7,0,0,0,49,61,0,0,1158,1270
157,rush,5,tower,星晶の塔,12,20,5,1,1,20,21,32,84,83,0,1,0,79,78,368,0,0,163,594,0,0,7,0,0,0,247,184,0,0,1270,1557
157,rush,6,snowfield,霜降り雪原,16,25,4,1,1,32,33,40,49,49,0,0,0,46,45,249,0,0,95,354,0,0,7,0,0,0,138,188,0,0,1557,2045
157,rush,7,thunder_ruins,雷鳴遺跡,21,31,5,1,0,40,40,0,85,85,0,0,0,80,80,398,0,0,165,572,0,0,7,0,0,0,241,345,0,0,2045,0
157,rush,8,prism_sanctuary,虹晶聖域,28,42,6,0,0,0,0,0,0,0,0,0,0,0,0,0,0,0,0,0,0,0,0,0,0,0,0,0,0,0,0,0
157,rush,9,poison_bog,毒霧の沼地,34,48,5,0,0,0,0,0,0,0,0,0,0,0,0,0,0,0,0,0,0,0,0,0,0,0,0,0,0,0,0,0
157,rush,10,machine_city,古代機械都市,39,57,6,0,0,0,0,0,0,0,0,0,0,0,0,0,0,0,0,0,0,0,0,0,0,0,0,0,0,0,0,0
157,rush,11,deep_sea_temple,深海神殿,46,66,6,0,0,0,0,0,0,0,0,0,0,0,0,0,0,0,0,0,0,0,0,0,0,0,0,0,0,0,0,0
157,rush,12,demon_gate,魔界門,54,76,7,0,0,0,0,0,0,0,0,0,0,0,0,0,0,0,0,0,0,0,0,0,0,0,0,0,0,0,0,0
157,rush,13,sky_ruins,天空遺跡,68,86,7,0,0,0,0,0,0,0,0,0,0,0,0,0,0,0,0,0,0,0,0,0,0,0,0,0,0,0,0,0
158,balanced,1,meadow,はじまり草原,1,4,2,1,1,1,3,6,6,2,2,2,5,2,1,20,1,0,9,53,2,1,14,0,0,0,10,3,0,0,230,972
158,balanced,2,cave,こだま洞くつ,3,7,2,1,1,6,5,10,6,5,1,0,3,3,2,34,2,1,11,82,3,1,18,0,0,0,7,13,0,0,1230,2605
158,balanced,3,brook,しずく湖畔,5,10,3,1,1,10,11,13,5,4,1,0,3,2,1,20,2,1,9,43,0,0,10,0,0,0,5,16,0,0,2411,2616
158,balanced,4,volcano,ほむら火山,8,14,4,1,1,13,14,18,12,11,1,0,3,5,4,33,2,2,19,69,3,1,12,0,0,0,19,49,0,0,2510,2397
158,balanced,5,tower,星晶の塔,12,20,5,1,1,18,19,25,27,26,1,0,5,12,11,60,2,2,41,126,10,1,8,0,0,0,41,78,0,0,1857,2753
158,balanced,6,snowfield,霜降り雪原,16,25,4,1,1,25,26,31,24,23,1,0,3,11,10,75,2,2,37,132,19,1,9,0,0,0,38,116,0,0,2133,2380
158,balanced,7,thunder_ruins,雷鳴遺跡,21,31,5,1,1,31,32,36,15,14,1,0,3,6,5,31,2,2,23,70,3,1,7,0,0,0,23,75,0,0,1844,5268
158,balanced,8,prism_sanctuary,虹晶聖域,28,42,6,1,1,36,37,56,112,112,0,0,7,54,53,236,2,2,168,542,31,1,7,0,0,0,187,688,0,0,4080,5014
158,balanced,9,poison_bog,毒霧の沼地,34,48,5,1,1,56,57,59,9,8,1,0,7,3,2,18,2,2,14,51,3,1,7,0,0,0,14,104,0,0,3884,10688
158,balanced,10,machine_city,古代機械都市,39,57,6,1,1,59,60,68,40,39,1,0,3,18,17,96,2,2,60,177,14,1,7,0,0,0,58,503,0,0,8278,14389
158,balanced,11,deep_sea_temple,深海神殿,46,66,6,1,1,68,67,82,74,71,1,2,8,34,33,243,2,2,110,497,18,1,15,0,0,0,118,950,0,0,11144,10032
158,balanced,12,demon_gate,魔界門,54,76,7,1,1,82,82,90,35,32,1,2,9,14,13,148,2,2,51,301,7,1,15,0,0,0,62,612,0,0,7770,14135
158,balanced,13,sky_ruins,天空遺跡,68,86,7,1,1,90,85,98,51,50,1,0,3,23,22,3743,2,2,76,3877,19,1,177,23,0,0,77,1094,0,0,10947,19149
159,collector,1,meadow,はじまり草原,1,4,2,1,1,1,3,7,14,13,1,0,3,5,4,51,2,1,21,102,6,1,14,0,0,0,11,1,0,0,230,2035
159,collector,2,cave,こだま洞くつ,3,7,2,1,1,8,8,11,8,6,2,0,7,3,2,58,5,5,16,121,3,1,24,0,0,0,23,8,0,0,2069,2233
159,collector,3,brook,しずく湖畔,5,10,3,1,1,11,8,14,18,16,2,0,7,6,5,42,5,5,29,112,4,1,10,0,0,0,31,15,0,0,1181,1657
159,collector,4,volcano,ほむら火山,8,14,4,1,1,14,12,16,14,10,3,1,9,4,3,41,5,5,23,116,5,1,15,0,0,0,33,18,1,0,876,1608
159,collector,5,tower,星晶の塔,12,20,5,1,1,16,16,22,44,36,2,6,14,12,11,104,5,5,61,422,12,1,25,0,0,0,83,36,0,0,851,2302
159,collector,6,snowfield,霜降り雪原,16,25,4,1,1,22,23,29,25,23,2,0,8,8,7,222,5,5,38,336,2,1,31,0,0,0,38,88,0,0,1217,4121
159,collector,7,thunder_ruins,雷鳴遺跡,21,31,5,1,1,29,29,32,14,12,2,0,7,4,3,124,5,5,23,183,4,1,32,0,0,0,26,54,0,0,2176,3715
159,collector,8,prism_sanctuary,虹晶聖域,28,42,6,1,1,32,39,49,58,55,2,1,9,18,17,109,5,5,81,271,10,1,19,0,0,0,75,275,0,0,1963,5664
159,collector,9,poison_bog,毒霧の沼地,34,48,5,1,1,49,49,51,8,6,2,0,9,2,1,12,5,5,15,67,2,1,8,0,0,0,21,39,0,0,2991,13725
159,collector,10,machine_city,古代機械都市,39,57,6,1,1,51,51,69,103,100,2,1,9,33,32,249,5,5,141,631,53,1,22,0,0,0,189,883,1,0,7245,8032
159,collector,11,deep_sea_temple,深海神殿,46,66,6,1,1,69,70,80,51,48,3,0,10,16,15,1330,5,5,72,1557,14,1,134,17,0,0,67,577,0,0,4240,15714
159,collector,12,demon_gate,魔界門,54,76,7,1,1,80,79,86,26,24,1,1,12,7,6,934,5,5,38,1533,11,1,147,12,0,0,50,436,0,0,8294,22847
159,collector,13,sky_ruins,天空遺跡,68,86,7,1,1,86,87,100,151,149,2,0,10,49,48,8679,5,5,205,9142,78,1,189,49,0,0,164,1067,0,0,12059,48742
160,rush,1,meadow,はじまり草原,1,4,2,1,1,1,2,7,13,5,1,7,8,5,4,41,0,0,18,71,0,0,11,0,0,0,16,9,0,0,230,542
160,rush,2,cave,こだま洞くつ,3,7,2,1,1,7,7,12,12,11,1,0,1,11,10,87,0,0,23,113,0,0,10,0,0,0,33,23,0,0,542,1223
160,rush,3,brook,しずく湖畔,5,10,3,1,1,12,12,14,5,5,0,0,0,3,2,15,0,0,8,24,0,0,7,0,0,0,8,19,0,0,1223,1350
160,rush,4,volcano,ほむら火山,8,14,4,1,1,14,15,19,14,14,0,0,0,11,10,62,0,0,25,86,0,0,7,0,0,0,32,41,0,0,1350,1861
160,rush,5,tower,星晶の塔,12,20,5,1,1,19,20,30,65,65,0,0,0,61,60,277,0,0,126,432,0,0,7,0,0,0,187,159,0,0,1861,1574
160,rush,6,snowfield,霜降り雪原,16,25,4,1,0,30,31,0,84,84,0,0,0,80,80,405,0,0,164,590,0,0,7,0,0,0,240,287,0,0,1574,0
160,rush,7,thunder_ruins,雷鳴遺跡,21,31,5,0,0,0,0,0,0,0,0,0,0,0,0,0,0,0,0,0,0,0,0,0,0,0,0,0,0,0,0,0
160,rush,8,prism_sanctuary,虹晶聖域,28,42,6,0,0,0,0,0,0,0,0,0,0,0,0,0,0,0,0,0,0,0,0,0,0,0,0,0,0,0,0,0
160,rush,9,poison_bog,毒霧の沼地,34,48,5,0,0,0,0,0,0,0,0,0,0,0,0,0,0,0,0,0,0,0,0,0,0,0,0,0,0,0,0,0
160,rush,10,machine_city,古代機械都市,39,57,6,0,0,0,0,0,0,0,0,0,0,0,0,0,0,0,0,0,0,0,0,0,0,0,0,0,0,0,0,0
160,rush,11,deep_sea_temple,深海神殿,46,66,6,0,0,0,0,0,0,0,0,0,0,0,0,0,0,0,0,0,0,0,0,0,0,0,0,0,0,0,0,0
160,rush,12,demon_gate,魔界門,54,76,7,0,0,0,0,0,0,0,0,0,0,0,0,0,0,0,0,0,0,0,0,0,0,0,0,0,0,0,0,0
160,rush,13,sky_ruins,天空遺跡,68,86,7,0,0,0,0,0,0,0,0,0,0,0,0,0,0,0,0,0,0,0,0,0,0,0,0,0,0,0,0,0
161,balanced,1,meadow,はじまり草原,1,4,2,1,1,1,2,6,7,4,2,1,5,3,2,34,2,0,12,67,5,1,13,0,0,0,11,5,0,0,230,900
161,balanced,2,cave,こだま洞くつ,3,7,2,1,1,8,8,10,4,3,1,0,3,2,1,33,2,2,8,65,2,1,19,0,0,0,11,8,0,0,2096,2916
161,balanced,3,brook,しずく湖畔,5,10,3,1,1,10,11,14,7,6,1,0,3,3,2,21,2,2,12,46,2,1,10,0,0,0,13,29,0,0,2259,1572
161,balanced,4,volcano,ほむら火山,8,14,4,1,1,14,14,21,30,29,1,0,5,14,13,97,2,2,46,185,9,1,9,0,0,0,49,67,0,0,1218,1245
161,balanced,5,tower,星晶の塔,12,20,5,1,1,21,21,32,77,77,0,0,7,37,36,213,2,2,116,430,30,1,11,0,0,0,128,164,0,0,965,3058
161,balanced,6,snowfield,霜降り雪原,16,25,4,1,1,32,32,33,6,5,1,0,3,2,1,14,2,2,10,38,0,0,7,0,0,0,11,65,0,0,2369,2452
161,balanced,7,thunder_ruins,雷鳴遺跡,21,31,5,1,1,33,34,41,41,40,1,0,5,19,18,152,2,2,62,231,11,1,27,0,0,0,63,169,0,0,1900,3146
161,balanced,8,prism_sanctuary,虹晶聖域,28,42,6,1,1,41,41,63,149,147,1,1,4,72,71,405,2,2,223,829,36,1,14,0,0,0,237,877,0,0,2437,7246
161,balanced,9,poison_bog,毒霧の沼地,34,48,5,1,1,63,63,64,5,4,1,0,3,1,0,12,2,2,8,37,0,0,12,0,0,0,7,0,0,0,5612,12786
161,balanced,10,machine_city,古代機械都市,39,57,6,1,1,64,61,64,14,13,1,0,8,5,4,40,2,2,21,90,4,1,14,0,0,0,21,299,0,0,9902,12122
161,balanced,11,deep_sea_temple,深海神殿,46,66,6,1,1,64,65,90,122,121,1,0,5,59,58,2194,2,2,183,2530,36,1,120,24,0,0,197,1607,0,0,9388,16964
161,balanced,12,demon_gate,魔界門,54,76,7,1,1,90,91,95,13,12,1,0,3,4,3,273,2,2,19,390,7,1,70,5,0,0,22,417,0,0,13138,14370
161,balanced,13,sky_ruins,天空遺跡,68,86,7,1,1,95,96,100,55,54,1,0,4,25,24,1847,2,2,82,2028,19,1,79,25,0,0,84,510,0,0,11129,36654
162,collector,1,meadow,はじまり草原,1,4,2,1,1,1,2,6,9,7,1,1,4,3,2,34,3,1,15,100,6,1,18,0,0,0,10,0,0,0,230,1122
162,collector,2,cave,こだま洞くつ,3,7,2,1,1,7,7,11,8,7,1,0,7,3,2,63,5,5,16,137,5,1,23,0,0,0,24,8,0,0,1564,2632
162,collector,3,brook,しずく湖畔,5,10,3,1,1,11,9,13,18,16,2,0,7,6,5,50,5,5,29,120,4,1,14,0,0,0,34,12,0,0,1391,1339
162,collector,4,volcano,ほむら火山,8,14,4,1,1,13,12,15,14,11,2,1,9,4,3,35,5,5,23,155,3,1,23,0,0,0,33,21,0,0,709,1634
162,collector,5,tower,星晶の塔,12,20,5,1,1,15,15,25,63,59,0,4,13,19,18,85,5,5,87,413,7,1,30,0,0,0,98,56,0,0,865,4417
162,collector,6,snowfield,霜降り雪原,16,25,4,1,1,25,26,30,19,16,3,0,8,6,5,265,5,5,30,382,2,1,55,1,0,0,33,80,0,0,2332,2879
162,collector,7,thunder_ruins,雷鳴遺跡,21,31,5,1,1,30,27,33,29,27,2,0,10,9,8,233,5,5,43,373,3,1,42,0,0,0,43,90,0,0,1521,3679
162,collector,8,prism_sanctuary,虹晶聖域,28,42,6,1,1,33,36,60,159,154,2,3,12,51,50,508,5,5,215,2333,29,1,41,0,0,0,214,767,0,0,1944,7776
162,collector,9,poison_bog,毒霧の沼地,34,48,5,1,1,60,61,61,5,2,3,0,8,1,0,8,5,5,11,54,2,1,8,0,0,0,19,0,1,0,4105,13250
162,collector,10,machine_city,古代機械都市,39,57,6,1,1,61,62,65,18,16,2,0,10,5,4,64,5,5,28,179,12,1,20,0,0,0,46,191,0,0,6994,14161
162,collector,11,deep_sea_temple,深海神殿,46,66,6,1,1,65,62,80,91,79,2,10,13,26,25,1880,5,5,122,2894,41,1,139,19,0,0,162,873,1,0,7474,18195
162,collector,12,demon_gate,魔界門,54,76,7,1,1,80,81,89,36,32,2,2,12,10,9,1543,5,5,51,2837,19,1,162,22,0,0,66,574,0,0,9604,15490
162,collector,13,sky_ruins,天空遺跡,68,86,7,1,1,89,89,100,68,64,3,1,13,21,20,3823,5,5,94,4240,28,1,197,23,0,0,90,830,0,0,8177,37832
163,rush,1,meadow,はじまり草原,1,4,2,1,1,1,2,7,6,3,1,2,3,3,2,21,0,0,9,39,0,0,8,0,0,0,7,8,0,0,230,675
163,rush,2,cave,こだま洞くつ,3,7,2,1,1,7,7,10,3,2,1,0,1,2,1,18,0,0,5,29,0,0,9,0,0,0,5,12,0,0,675,1431
163,rush,3,brook,しずく湖畔,5,10,3,1,1,10,10,14,6,6,0,0,0,4,3,26,0,0,10,36,0,0,7,0,0,0,11,24,0,0,1431,1424
163,rush,4,volcano,ほむら火山,8,14,4,1,1,14,14,17,7,7,0,0,0,4,3,24,0,0,11,37,0,0,7,0,0,0,11,35,0,0,1424,1187
163,rush,5,tower,星晶の塔,12,20,5,1,1,17,18,29,63,63,0,0,0,59,58,287,0,0,122,420,0,0,7,0,0,0,180,159,0,0,1187,1559
163,rush,6,snowfield,霜降り雪原,16,25,4,1,1,29,30,37,47,47,0,0,0,44,43,259,0,0,91,356,0,0,8,0,0,0,132,184,0,0,1559,2051
163,rush,7,thunder_ruins,雷鳴遺跡,21,31,5,1,1,37,38,46,59,59,0,0,0,55,54,315,0,0,114,404,0,0,7,0,0,0,164,252,0,0,2051,3813
163,rush,8,prism_sanctuary,虹晶聖域,28,42,6,1,0,46,47,0,86,86,0,0,0,80,80,342,0,0,166,590,0,0,6,0,0,0,257,564,0,0,3813,0
163,rush,9,poison_bog,毒霧の沼地,34,48,5,0,0,0,0,0,0,0,0,0,0,0,0,0,0,0,0,0,0,0,0,0,0,0,0,0,0,0,0,0
163,rush,10,machine_city,古代機械都市,39,57,6,0,0,0,0,0,0,0,0,0,0,0,0,0,0,0,0,0,0,0,0,0,0,0,0,0,0,0,0,0
163,rush,11,deep_sea_temple,深海神殿,46,66,6,0,0,0,0,0,0,0,0,0,0,0,0,0,0,0,0,0,0,0,0,0,0,0,0,0,0,0,0,0
163,rush,12,demon_gate,魔界門,54,76,7,0,0,0,0,0,0,0,0,0,0,0,0,0,0,0,0,0,0,0,0,0,0,0,0,0,0,0,0,0
163,rush,13,sky_ruins,天空遺跡,68,86,7,0,0,0,0,0,0,0,0,0,0,0,0,0,0,0,0,0,0,0,0,0,0,0,0,0,0,0,0,0
164,balanced,1,meadow,はじまり草原,1,4,2,1,1,1,3,7,9,5,1,3,4,3,2,31,2,0,14,74,6,1,11,0,0,0,9,5,0,0,230,880
164,balanced,2,cave,こだま洞くつ,3,7,2,1,1,8,9,11,4,3,1,0,3,2,1,18,2,2,8,49,1,1,12,0,0,0,11,12,0,0,1656,2274
164,balanced,3,brook,しずく湖畔,5,10,3,1,1,11,11,14,9,8,1,0,3,4,3,29,2,2,15,64,4,1,10,0,0,0,18,29,0,0,1762,1164
164,balanced,4,volcano,ほむら火山,8,14,4,1,1,14,13,17,12,11,1,0,3,5,4,31,2,2,19,71,5,1,10,0,0,0,21,28,0,0,902,1241
164,balanced,5,tower,星晶の塔,12,20,5,1,1,17,17,21,15,14,1,0,3,6,5,29,2,2,23,79,2,1,6,0,0,0,24,50,0,0,962,3066
164,balanced,6,snowfield,霜降り雪原,16,25,4,1,1,21,22,31,34,33,1,0,3,16,15,87,2,2,52,165,5,1,12,0,0,0,54,154,0,0,2376,2433
164,balanced,7,thunder_ruins,雷鳴遺跡,21,31,5,1,1,31,31,36,27,26,1,0,3,12,11,62,2,2,41,106,2,1,8,0,0,0,41,114,0,0,1885,3042
164,balanced,8,prism_sanctuary,虹晶聖域,28,42,6,1,1,36,36,50,79,75,1,3,6,36,35,168,2,2,117,438,26,1,11,0,0,0,146,444,0,0,2356,7136
164,balanced,9,poison_bog,毒霧の沼地,34,48,5,1,1,50,51,52,5,4,1,0,4,1,0,10,2,2,8,36,1,1,10,0,0,0,9,0,0,0,5527,15947
164,balanced,10,machine_city,古代機械都市,39,57,6,1,1,52,53,60,34,31,1,2,6,14,13,74,2,2,50,172,7,1,11,0,0,0,55,395,0,0,12350,12114
164,balanced,11,deep_sea_temple,深海神殿,46,66,6,1,1,60,61,81,86,85,1,0,3,41,40,308,2,2,129,578,27,1,16,0,0,0,128,1151,0,0,9382,17786
164,balanced,12,demon_gate,魔界門,54,76,7,1,0,81,83,0,168,166,1,1,2,80,80,15408,0,0,248,15865,20,1,239,73,0,0,246,1259,0,0,13774,0
164,balanced,13,sky_ruins,天空遺跡,68,86,7,0,0,0,0,0,0,0,0,0,0,0,0,0,0,0,0,0,0,0,0,0,0,0,0,0,0,0,0,0
165,collector,1,meadow,はじまり草原,1,4,2,1,1,1,3,6,8,7,1,0,3,3,2,24,2,1,13,58,2,1,12,0,0,0,8,1,0,0,230,1126
165,collector,2,cave,こだま洞くつ,3,7,2,1,1,6,6,10,8,6,2,0,4,3,2,41,2,1,13,88,4,1,15,0,0,0,7,7,0,0,1069,2667
165,collector,3,brook,しずく湖畔,5,10,3,1,1,10,11,13,9,7,2,0,7,3,2,14,5,5,17,58,2,1,8,0,0,0,15,15,0,0,2741,2169
165,collector,4,volcano,ほむら火山,8,14,4,1,1,13,14,18,13,11,2,0,8,4,3,24,5,5,22,93,5,1,9,0,0,0,27,24,0,0,1146,2150
165,collector,5,tower,星晶の塔,12,20,5,1,1,18,17,21,21,17,3,1,9,6,5,30,5,5,32,110,2,1,8,0,0,0,36,23,0,0,1137,3484
165,collector,6,snowfield,霜降り雪原,16,25,4,1,1,21,21,28,28,27,1,0,9,9,8,233,5,5,42,355,7,1,50,1,0,0,45,107,1,0,1841,2969
165,collector,7,thunder_ruins,雷鳴遺跡,21,31,5,1,1,28,28,32,17,14,3,0,8,5,4,105,5,5,27,202,4,1,55,1,0,0,30,49,0,0,1569,3703
165,collector,8,prism_sanctuary,虹晶聖域,28,42,6,1,1,32,32,50,89,86,1,2,10,28,27,147,5,5,122,2406,22,1,73,32,0,0,147,430,0,0,1956,7868
165,collector,9,poison_bog,毒霧の沼地,34,48,5,1,1,50,50,55,26,24,2,0,10,8,7,58,5,5,39,442,7,1,29,0,0,0,55,231,1,0,4154,6589
165,collector,10,machine_city,古代機械都市,39,57,6,1,1,55,56,64,48,44,1,3,11,14,13,189,5,5,67,925,10,1,130,3,0,0,80,367,0,0,3479,12848
165,collector,11,deep_sea_temple,深海神殿,46,66,6,1,1,64,65,82,87,77,1,9,17,25,24,920,5,5,117,2443,27,1,144,25,0,0,136,854,0,0,6783,17766
165,collector,12,demon_gate,魔界門,54,76,7,1,1,82,77,79,19,8,2,9,16,2,1,70,5,5,26,191,1,1,66,1,0,0,49,85,0,0,9378,17425
165,collector,13,sky_ruins,天空遺跡,68,86,7,1,1,79,76,100,112,104,2,6,13,34,33,8090,5,5,151,8406,18,1,269,34,0,0,138,1581,0,0,9196,34363
166,rush,1,meadow,はじまり草原,1,4,2,1,1,1,3,6,11,4,1,6,7,4,3,36,0,0,15,66,0,0,11,0,0,0,13,7,0,0,230,688
166,rush,2,cave,こだま洞くつ,3,7,2,1,1,6,7,11,8,7,1,0,1,7,6,59,0,0,15,78,0,0,10,0,0,0,20,16,0,0,688,1711
166,rush,3,brook,しずく湖畔,5,10,3,1,1,11,11,14,5,5,0,0,0,3,2,20,0,0,8,30,0,0,8,0,0,0,8,25,0,0,1711,1148
166,rush,4,volcano,ほむら火山,8,14,4,1,1,14,15,20,21,21,0,0,0,18,17,112,0,0,39,148,0,0,7,0,0,0,53,61,0,0,1148,1266
166,rush,5,tower,星晶の塔,12,20,5,1,1,20,21,30,61,59,0,2,0,55,54,265,0,0,116,426,0,0,7,0,0,0,171,136,0,0,1266,1524
166,rush,6,snowfield,霜降り雪原,16,25,4,1,1,30,30,41,74,74,0,0,0,71,70,435,0,0,145,613,0,0,8,0,0,0,212,269,0,0,1524,2040
166,rush,7,thunder_ruins,雷鳴遺跡,21,31,5,1,1,41,41,50,68,68,0,0,0,64,63,379,0,0,132,496,0,0,8,0,0,0,191,285,0,0,2040,3881
166,rush,8,prism_sanctuary,虹晶聖域,28,42,6,1,0,50,50,0,87,86,0,1,0,80,80,351,0,0,167,660,0,0,7,0,0,0,274,548,0,0,3881,0
166,rush,9,poison_bog,毒霧の沼地,34,48,5,0,0,0,0,0,0,0,0,0,0,0,0,0,0,0,0,0,0,0,0,0,0,0,0,0,0,0,0,0
166,rush,10,machine_city,古代機械都市,39,57,6,0,0,0,0,0,0,0,0,0,0,0,0,0,0,0,0,0,0,0,0,0,0,0,0,0,0,0,0,0
166,rush,11,deep_sea_temple,深海神殿,46,66,6,0,0,0,0,0,0,0,0,0,0,0,0,0,0,0,0,0,0,0,0,0,0,0,0,0,0,0,0,0
166,rush,12,demon_gate,魔界門,54,76,7,0,0,0,0,0,0,0,0,0,0,0,0,0,0,0,0,0,0,0,0,0,0,0,0,0,0,0,0,0
166,rush,13,sky_ruins,天空遺跡,68,86,7,0,0,0,0,0,0,0,0,0,0,0,0,0,0,0,0,0,0,0,0,0,0,0,0,0,0,0,0,0
167,balanced,1,meadow,はじまり草原,1,4,2,1,1,1,2,6,6,5,1,0,3,3,2,24,2,0,11,66,3,1,15,0,0,0,7,6,0,0,230,863
167,balanced,2,cave,こだま洞くつ,3,7,2,1,1,7,8,11,6,5,1,0,3,3,2,68,2,2,11,101,3,1,33,0,0,0,13,16,0,0,1439,2146
167,balanced,3,brook,しずく湖畔,5,10,3,1,1,11,12,15,9,8,1,0,4,4,3,30,2,2,15,62,2,1,12,0,0,0,16,28,0,0,1663,1176
167,balanced,4,volcano,ほむら火山,8,14,4,1,1,15,15,22,38,37,1,0,2,18,17,170,1,0,57,257,14,1,25,0,0,0,55,68,0,0,911,1230
167,balanced,5,tower,星晶の塔,12,20,5,1,1,23,23,33,71,71,0,0,7,34,33,188,2,2,107,364,28,1,9,0,0,0,110,181,0,0,2947,1897
167,balanced,6,snowfield,霜降り雪原,16,25,4,1,1,33,32,41,70,69,1,0,6,34,33,241,2,2,106,434,21,1,12,0,0,0,108,231,0,0,1470,2470
167,balanced,7,thunder_ruins,雷鳴遺跡,21,31,5,1,1,41,41,48,47,46,1,0,4,22,21,182,2,2,71,284,17,1,17,0,0,0,71,194,0,0,1914,5304
167,balanced,8,prism_sanctuary,虹晶聖域,28,42,6,1,1,48,43,53,59,57,1,1,3,27,26,153,2,2,88,377,1,1,27,0,0,0,70,377,1,0,4108,4847
167,balanced,9,poison_bog,毒霧の沼地,34,48,5,1,1,53,54,55,5,4,1,0,3,1,0,11,2,2,8,27,0,0,11,0,0,0,5,0,0,0,3755,18779
167,balanced,10,machine_city,古代機械都市,39,57,6,1,1,55,56,60,16,14,0,2,10,5,4,36,2,2,23,104,0,0,14,0,0,0,19,257,0,0,14543,14320
167,balanced,11,deep_sea_temple,深海神殿,46,66,6,1,1,60,56,71,59,55,1,3,7,26,25,408,2,2,87,576,4,1,59,4,0,0,62,769,0,0,11090,9896
167,balanced,12,demon_gate,魔界門,54,76,7,1,1,71,73,92,66,63,0,3,12,29,28,3657,2,2,97,3878,10,1,151,28,0,0,70,1023,0,0,7664,14124
167,balanced,13,sky_ruins,天空遺跡,68,86,7,1,1,92,93,95,9,8,1,0,3,2,1,80,2,2,13,109,0,0,72,1,0,0,6,277,0,0,10939,19260
168,collector,1,meadow,はじまり草原,1,4,2,1,1,1,3,6,8,7,1,0,2,3,2,28,1,0,12,52,3,1,12,0,0,0,6,1,0,0,230,1119
168,collector,2,cave,こだま洞くつ,3,7,2,1,1,7,4,9,9,7,1,1,7,3,2,43,5,5,17,156,3,1,18,0,0,0,17,7,0,0,1197,2605
168,collector,3,brook,しずく湖畔,5,10,3,1,1,9,10,13,18,16,2,0,7,6,5,43,5,5,29,106,4,1,12,0,0,0,32,15,0,0,1376,1343
168,collector,4,volcano,ほむら火山,8,14,4,1,1,13,14,16,7,5,2,0,8,2,1,17,5,5,14,98,1,1,14,0,0,0,23,8,0,0,711,2151
168,collector,5,tower,星晶の塔,12,20,5,1,1,16,16,24,50,46,1,3,11,15,14,183,5,5,70,585,8,1,25,0,0,0,86,55,0,0,1137,2276
168,collector,6,snowfield,霜降り雪原,16,25,4,1,1,24,24,35,65,63,1,1,10,21,20,766,5,5,91,989,9,1,91,4,0,0,83,162,0,0,1203,4666
168,collector,7,thunder_ruins,雷鳴遺跡,21,31,5,1,1,35,36,43,50,47,3,0,8,16,15,936,5,5,71,1161,8,1,123,6,0,0,67,162,1,0,2465,3565
168,collector,8,prism_sanctuary,虹晶聖域,28,42,6,1,1,43,43,61,130,124,2,4,11,41,40,1124,5,5,176,3029,12,1,190,24,0,0,168,633,0,0,1884,5577
168,collector,9,poison_bog,毒霧の沼地,34,48,5,1,1,61,61,66,32,29,3,0,8,10,9,225,5,5,47,302,0,0,58,1,0,0,44,215,0,0,2945,8636
168,collector,10,machine_city,古代機械都市,39,57,6,1,1,66,66,78,88,84,3,1,10,28,27,1032,5,5,121,1446,6,1,242,5,0,0,106,775,0,0,4559,8268
168,collector,11,deep_sea_temple,深海神殿,46,66,6,1,1,78,72,84,73,66,3,4,14,22,21,3304,5,5,100,5713,25,1,269,28,0,0,142,733,1,0,4364,15981
168,collector,12,demon_gate,魔界門,54,76,7,1,1,84,86,100,128,116,2,10,16,38,37,10546,5,5,171,12939,68,1,351,61,0,0,231,917,1,0,8435,41921
168,collector,13,sky_ruins,天空遺跡,68,86,7,1,1,100,100,100,47,43,3,1,12,14,13,3949,5,5,66,4150,14,1,299,14,0,0,63,0,0,0,22125,46078
169,rush,1,meadow,はじまり草原,1,4,2,1,1,1,3,7,7,4,1,2,3,4,3,30,0,0,11,54,0,0,9,0,0,0,10,8,0,0,230,662
169,rush,2,cave,こだま洞くつ,3,7,2,1,1,7,7,12,11,10,1,0,1,10,9,74,0,0,21,100,0,0,9,0,0,0,29,33,0,0,662,549
169,rush,3,brook,しずく湖畔,5,10,3,1,1,12,13,14,5,5,0,0,0,3,2,19,0,0,8,27,0,0,7,0,0,0,8,9,0,0,549,1139
169,rush,4,volcano,ほむら火山,8,14,4,1,1,14,15,21,25,25,0,0,0,22,21,118,0,0,47,178,0,0,7,0,0,0,66,70,0,0,1139,1006
169,rush,5,tower,星晶の塔,12,20,5,1,0,21,21,0,85,85,0,0,0,80,80,381,0,0,165,621,0,0,8,0,0,0,259,187,0,0,1006,0
169,rush,6,snowfield,霜降り雪原,16,25,4,0,0,0,0,0,0,0,0,0,0,0,0,0,0,0,0,0,0,0,0,0,0,0,0,0,0,0,0,0
169,rush,7,thunder_ruins,雷鳴遺跡,21,31,5,0,0,0,0,0,0,0,0,0,0,0,0,0,0,0,0,0,0,0,0,0,0,0,0,0,0,0,0,0
169,rush,8,prism_sanctuary,虹晶聖域,28,42,6,0,0,0,0,0,0,0,0,0,0,0,0,0,0,0,0,0,0,0,0,0,0,0,0,0,0,0,0,0
169,rush,9,poison_bog,毒霧の沼地,34,48,5,0,0,0,0,0,0,0,0,0,0,0,0,0,0,0,0,0,0,0,0,0,0,0,0,0,0,0,0,0
169,rush,10,machine_city,古代機械都市,39,57,6,0,0,0,0,0,0,0,0,0,0,0,0,0,0,0,0,0,0,0,0,0,0,0,0,0,0,0,0,0
169,rush,11,deep_sea_temple,深海神殿,46,66,6,0,0,0,0,0,0,0,0,0,0,0,0,0,0,0,0,0,0,0,0,0,0,0,0,0,0,0,0,0
169,rush,12,demon_gate,魔界門,54,76,7,0,0,0,0,0,0,0,0,0,0,0,0,0,0,0,0,0,0,0,0,0,0,0,0,0,0,0,0,0
169,rush,13,sky_ruins,天空遺跡,68,86,7,0,0,0,0,0,0,0,0,0,0,0,0,0,0,0,0,0,0,0,0,0,0,0,0,0,0,0,0,0
170,balanced,1,meadow,はじまり草原,1,4,2,1,1,1,3,7,7,5,1,1,3,3,2,22,2,2,12,61,7,1,10,0,0,0,11,6,0,0,230,870
170,balanced,2,cave,こだま洞くつ,3,7,2,1,1,7,7,9,5,3,1,1,4,2,1,21,2,2,9,50,4,1,14,0,0,0,14,7,0,0,675,1140
170,balanced,3,brook,しずく湖畔,5,10,3,1,1,9,10,14,13,12,1,0,4,6,5,59,2,2,21,96,6,1,15,0,0,0,24,29,0,0,884,1609
170,balanced,4,volcano,ほむら火山,8,14,4,1,1,14,13,16,8,7,1,0,4,3,2,18,2,2,13,51,2,1,7,0,0,0,16,31,0,0,1247,1264
170,balanced,5,tower,星晶の塔,12,20,5,1,1,16,17,19,7,6,1,0,3,2,1,12,2,2,11,39,1,1,8,0,0,0,12,19,0,0,980,3013
170,balanced,6,snowfield,霜降り雪原,16,25,4,1,1,19,21,27,22,21,1,0,4,10,9,64,2,2,34,118,6,1,9,0,0,0,36,117,0,0,2334,2722
170,balanced,7,thunder_ruins,雷鳴遺跡,21,31,5,1,1,27,28,33,19,19,0,0,7,8,7,146,2,2,29,195,2,1,54,2,0,0,32,86,0,0,2109,4352
170,balanced,8,prism_sanctuary,虹晶聖域,28,42,6,1,1,33,34,51,88,81,1,6,10,39,38,225,2,2,129,502,16,1,45,0,0,0,148,486,0,0,3371,5071
170,balanced,9,poison_bog,毒霧の沼地,34,48,5,1,1,51,51,54,11,10,1,0,3,4,3,19,2,2,17,51,4,1,6,0,0,0,17,159,0,0,3928,6519
170,balanced,10,machine_city,古代機械都市,39,57,6,1,1,54,53,68,78,77,1,0,3,37,36,305,2,2,117,449,18,1,22,0,0,0,117,759,0,0,5049,9500
170,balanced,11,deep_sea_temple,深海神殿,46,66,6,1,1,68,68,82,74,73,1,0,3,35,34,1373,2,2,111,1553,17,1,141,8,0,0,112,986,0,0,7357,10117
170,balanced,12,demon_gate,魔界門,54,76,7,1,1,82,84,84,7,6,1,0,3,1,0,135,2,2,10,295,1,1,135,2,0,0,9,0,0,0,7835,36169
170,balanced,13,sky_ruins,天空遺跡,68,86,7,1,1,84,86,100,82,80,1,1,7,38,37,7705,2,2,122,7923,34,1,303,38,0,0,126,1316,0,0,28010,41601
171,collector,1,meadow,はじまり草原,1,4,2,1,1,1,3,6,9,6,2,1,4,3,2,41,2,1,14,90,7,1,15,0,0,0,13,0,0,0,230,1144
171,collector,2,cave,こだま洞くつ,3,7,2,1,1,7,7,11,8,7,1,0,5,3,2,38,4,3,15,95,3,1,16,0,0,0,17,11,0,0,1505,2613
171,collector,3,brook,しずく湖畔,5,10,3,1,1,9,11,12,3,1,2,0,7,1,0,11,5,5,9,41,1,1,11,0,0,0,17,0,0,0,2176,2812
171,collector,4,volcano,ほむら火山,8,14,4,1,1,12,12,16,16,13,3,0,8,5,4,32,5,5,26,89,5,1,9,0,0,0,31,27,0,0,1485,2838
171,collector,5,tower,星晶の塔,12,20,5,1,1,16,17,23,36,34,1,1,10,11,10,58,5,5,52,215,1,1,36,0,0,0,57,45,0,0,1500,3475
171,collector,6,snowfield,霜降り雪原,16,25,4,1,1,23,23,32,46,44,2,0,9,15,14,964,5,5,66,1083,13,1,91,13,0,0,59,139,0,0,1835,2944
171,collector,7,thunder_ruins,雷鳴遺跡,21,31,5,1,1,32,32,37,26,26,0,0,6,8,7,616,5,5,39,681,8,1,104,6,0,0,39,80,0,0,1556,4152
171,collector,8,prism_sanctuary,虹晶聖域,28,42,6,1,1,37,37,52,111,84,3,24,29,28,27,434,5,5,144,1869,15,1,91,10,0,0,155,383,1,0,2193,7810
171,collector,9,poison_bog,毒霧の沼地,34,48,5,1,1,52,53,55,14,13,1,0,10,4,3,148,5,5,23,200,1,1,48,0,0,0,16,115,0,0,4124,6539
171,collector,10,machine_city,古代機械都市,39,57,6,1,1,55,56,67,57,55,2,0,11,18,17,1049,5,5,80,1258,7,1,93,19,0,0,46,523,0,0,3454,12864
171,collector,11,deep_sea_temple,深海神殿,46,66,6,1,1,67,67,79,73,70,2,1,9,23,22,198,5,5,101,4174,18,1,226,33,0,0,111,835,0,0,6791,18205
171,collector,12,demon_gate,魔界門,54,76,7,1,1,79,79,83,49,35,2,12,21,11,10,815,5,5,65,4526,19,1,243,34,0,0,115,466,0,0,9610,16420
171,collector,13,sky_ruins,天空遺跡,68,86,7,1,1,83,84,85,13,5,2,6,16,1,0,5,5,5,19,117,0,0,9,0,0,0,42,0,0,0,8668,24856
172,rush,1,meadow,はじまり草原,1,4,2,1,1,1,2,5,3,1,2,0,2,2,1,16,0,0,5,25,0,0,9,0,0,0,4,3,0,0,230,927
172,rush,2,cave,こだま洞くつ,3,7,2,1,1,5,6,10,5,5,0,0,0,4,3,28,0,0,9,42,0,0,7,0,0,0,12,17,0,0,927,1458
172,rush,3,brook,しずく湖畔,5,10,3,1,1,10,11,14,6,6,0,0,0,4,3,21,0,0,10,32,0,0,6,0,0,0,10,29,0,0,1458,1182
172,rush,4,volcano,ほむら火山,8,14,4,1,1,14,15,21,27,27,0,0,0,24,23,105,0,0,51,172,0,0,6,0,0,0,74,66,0,0,1182,1250
172,rush,5,tower,星晶の塔,12,20,5,1,0,21,21,0,85,85,0,0,0,80,80,336,0,0,165,552,0,0,6,0,0,0,263,185,0,0,1250,0
172,rush,6,snowfield,霜降り雪原,16,25,4,0,0,0,0,0,0,0,0,0,0,0,0,0,0,0,0,0,0,0,0,0,0,0,0,0,0,0,0,0
172,rush,7,thunder_ruins,雷鳴遺跡,21,31,5,0,0,0,0,0,0,0,0,0,0,0,0,0,0,0,0,0,0,0,0,0,0,0,0,0,0,0,0,0
172,rush,8,prism_sanctuary,虹晶聖域,28,42,6,0,0,0,0,0,0,0,0,0,0,0,0,0,0,0,0,0,0,0,0,0,0,0,0,0,0,0,0,0
172,rush,9,poison_bog,毒霧の沼地,34,48,5,0,0,0,0,0,0,0,0,0,0,0,0,0,0,0,0,0,0,0,0,0,0,0,0,0,0,0,0,0
172,rush,10,machine_city,古代機械都市,39,57,6,0,0,0,0,0,0,0,0,0,0,0,0,0,0,0,0,0,0,0,0,0,0,0,0,0,0,0,0,0
172,rush,11,deep_sea_temple,深海神殿,46,66,6,0,0,0,0,0,0,0,0,0,0,0,0,0,0,0,0,0,0,0,0,0,0,0,0,0,0,0,0,0
172,rush,12,demon_gate,魔界門,54,76,7,0,0,0,0,0,0,0,0,0,0,0,0,0,0,0,0,0,0,0,0,0,0,0,0,0,0,0,0,0
172,rush,13,sky_ruins,天空遺跡,68,86,7,0,0,0,0,0,0,0,0,0,0,0,0,0,0,0,0,0,0,0,0,0,0,0,0,0,0,0,0,0
173,balanced,1,meadow,はじまり草原,1,4,2,1,1,1,2,6,9,4,2,3,6,3,2,34,2,0,14,70,6,1,13,0,0,0,14,4,0,0,230,915
173,balanced,2,cave,こだま洞くつ,3,7,2,1,1,7,8,11,4,3,1,0,3,2,1,17,2,2,8,48,0,0,11,0,0,0,12,12,0,0,1491,2600
173,balanced,3,brook,しずく湖畔,5,10,3,1,1,11,10,12,5,4,1,0,3,2,1,12,2,2,9,33,1,1,7,0,0,0,11,9,0,0,2014,2259
173,balanced,4,volcano,ほむら火山,8,14,4,1,1,12,11,18,22,21,1,0,2,10,9,64,1,0,33,112,4,1,9,0,0,0,32,67,0,0,1750,1536
173,balanced,5,tower,星晶の塔,12,20,5,1,1,19,19,22,11,10,1,0,3,4,3,25,2,2,17,62,4,1,9,0,0,0,18,51,0,0,2993,1877
173,balanced,6,snowfield,霜降り雪原,16,25,4,1,1,22,23,28,20,19,1,0,4,9,8,60,2,2,31,120,7,1,9,0,0,0,32,105,0,0,1454,2430
173,balanced,7,thunder_ruins,雷鳴遺跡,21,31,5,1,1,28,29,32,11,10,1,0,4,4,3,25,2,2,17,60,4,1,7,0,0,0,17,53,0,0,1883,5678
173,balanced,8,prism_sanctuary,虹晶聖域,28,42,6,1,1,32,33,55,113,112,0,1,6,54,53,271,2,2,169,607,33,1,8,0,0,0,183,694,0,0,4398,4918
173,balanced,9,poison_bog,毒霧の沼地,34,48,5,1,1,55,55,57,5,4,1,0,6,1,0,6,2,2,8,37,1,1,7,0,0,0,8,0,0,0,3809,15729
173,balanced,10,machine_city,古代機械都市,39,57,6,1,1,57,58,62,18,17,1,0,5,7,6,43,2,2,27,97,4,1,8,0,0,0,27,348,0,0,12181,14387
173,balanced,11,deep_sea_temple,深海神殿,46,66,6,1,1,62,62,84,105,101,1,3,7,49,48,347,2,2,156,753,43,1,18,0,0,0,172,1320,0,0,11142,9909
173,balanced,12,demon_gate,魔界門,54,76,7,1,1,84,85,99,63,58,1,4,11,27,26,290,2,2,92,589,22,1,22,0,0,0,113,980,0,0,7674,14415
173,balanced,13,sky_ruins,天空遺跡,68,86,7,1,0,99,98,0,168,166,1,1,4,80,80,11065,0,0,248,11519,84,1,155,72,0,0,258,250,0,0,11164,0
174,collector,1,meadow,はじまり草原,1,4,2,1,1,1,3,6,8,7,1,0,6,3,2,24,5,5,16,87,4,1,11,0,0,0,15,1,0,0,230,1127
174,collector,2,cave,こだま洞くつ,3,7,2,1,1,6,6,11,14,12,2,0,7,5,4,79,5,4,24,175,5,1,23,0,0,0,27,15,0,0,596,1198
174,collector,3,brook,しずく湖畔,5,10,3,1,1,11,12,14,9,7,2,0,7,3,2,17,5,5,17,59,1,1,7,0,0,0,15,14,0,0,1274,1342
174,collector,4,volcano,ほむら火山,8,14,4,1,1,14,12,14,7,5,2,0,8,2,1,10,5,5,14,56,1,1,8,0,0,0,13,0,0,0,711,3525
174,collector,5,tower,星晶の塔,12,20,5,1,1,14,14,20,29,26,3,0,9,9,8,104,5,5,43,298,5,1,50,1,0,0,47,42,0,0,1862,2679
174,collector,6,snowfield,霜降り雪原,16,25,4,1,1,20,21,28,23,21,1,1,8,7,6,430,5,5,35,527,8,1,74,5,0,0,38,80,0,0,1416,4162
174,collector,7,thunder_ruins,雷鳴遺跡,21,31,5,1,1,28,28,33,23,19,4,0,9,7,6,387,5,5,35,470,9,1,85,4,0,0,37,82,0,0,2199,3620
174,collector,8,prism_sanctuary,虹晶聖域,28,42,6,1,1,33,34,56,137,125,1,11,17,41,40,621,5,5,183,2518,23,1,128,21,0,0,198,613,0,0,1912,5534
174,collector,9,poison_bog,毒霧の沼地,34,48,5,1,1,56,56,58,8,5,3,0,8,2,1,12,5,5,15,63,0,0,8,0,0,0,21,42,0,0,2922,9561
174,collector,10,machine_city,古代機械都市,39,57,6,1,1,58,57,73,117,106,2,9,17,35,34,1120,5,5,157,1654,35,1,176,6,0,0,219,887,1,0,5047,8133
174,collector,11,deep_sea_temple,深海神殿,46,66,6,1,1,73,74,89,92,84,3,5,14,28,27,4835,5,5,125,5471,24,1,268,29,0,0,121,954,0,0,4294,15916
174,collector,12,demon_gate,魔界門,54,76,7,1,1,89,91,100,61,53,2,6,14,17,16,4902,5,5,83,9462,28,1,301,43,0,0,102,682,0,0,8402,30752
174,collector,13,sky_ruins,天空遺跡,68,86,7,1,0,100,99,0,192,184,3,5,8,61,61,23523,0,0,253,25076,12,1,393,73,0,0,212,23,0,0,16231,0
175,rush,1,meadow,はじまり草原,1,4,2,1,1,1,3,6,3,1,2,0,2,2,1,21,0,0,5,33,0,0,12,0,0,0,6,5,0,0,230,804
175,rush,2,cave,こだま洞くつ,3,7,2,1,1,6,6,10,6,6,0,0,0,5,4,39,0,0,11,59,0,0,10,0,0,0,15,19,0,0,804,663
175,rush,3,brook,しずく湖畔,5,10,3,1,1,10,11,14,6,6,0,0,0,4,3,25,0,0,10,38,0,0,7,0,0,0,11,26,0,0,663,1144
175,rush,4,volcano,ほむら火山,8,14,4,1,1,14,15,23,47,45,0,2,0,42,41,213,0,0,89,360,0,0,7,0,0,0,137,84,0,0,1144,956
175,rush,5,tower,星晶の塔,12,20,5,1,0,23,23,0,85,85,0,0,0,80,80,375,0,0,165,608,0,0,7,0,0,0,250,188,0,0,956,0
175,rush,6,snowfield,霜降り雪原,16,25,4,0,0,0,0,0,0,0,0,0,0,0,0,0,0,0,0,0,0,0,0,0,0,0,0,0,0,0,0,0
175,rush,7,thunder_ruins,雷鳴遺跡,21,31,5,0,0,0,0,0,0,0,0,0,0,0,0,0,0,0,0,0,0,0,0,0,0,0,0,0,0,0,0,0
175,rush,8,prism_sanctuary,虹晶聖域,28,42,6,0,0,0,0,0,0,0,0,0,0,0,0,0,0,0,0,0,0,0,0,0,0,0,0,0,0,0,0,0
175,rush,9,poison_bog,毒霧の沼地,34,48,5,0,0,0,0,0,0,0,0,0,0,0,0,0,0,0,0,0,0,0,0,0,0,0,0,0,0,0,0,0
175,rush,10,machine_city,古代機械都市,39,57,6,0,0,0,0,0,0,0,0,0,0,0,0,0,0,0,0,0,0,0,0,0,0,0,0,0,0,0,0,0
175,rush,11,deep_sea_temple,深海神殿,46,66,6,0,0,0,0,0,0,0,0,0,0,0,0,0,0,0,0,0,0,0,0,0,0,0,0,0,0,0,0,0
175,rush,12,demon_gate,魔界門,54,76,7,0,0,0,0,0,0,0,0,0,0,0,0,0,0,0,0,0,0,0,0,0,0,0,0,0,0,0,0,0
175,rush,13,sky_ruins,天空遺跡,68,86,7,0,0,0,0,0,0,0,0,0,0,0,0,0,0,0,0,0,0,0,0,0,0,0,0,0,0,0,0,0
176,balanced,1,meadow,はじまり草原,1,4,2,1,1,1,2,7,6,5,1,0,3,3,2,27,2,1,11,58,4,1,14,0,0,0,8,6,0,0,230,876
176,balanced,2,cave,こだま洞くつ,3,7,2,1,1,7,7,11,6,5,1,0,2,3,2,55,1,0,10,91,3,1,27,0,0,0,5,13,0,0,849,2343
176,balanced,3,brook,しずく湖畔,5,10,3,1,1,11,12,15,7,6,1,0,3,3,2,13,2,2,12,33,0,0,6,0,0,0,9,34,0,0,2477,1592
176,balanced,4,volcano,ほむら火山,8,14,4,1,1,15,12,16,12,11,1,0,4,5,4,24,2,2,19,61,5,1,7,0,0,0,13,31,0,0,1233,1246
176,balanced,5,tower,星晶の塔,12,20,5,1,1,16,16,27,51,50,1,0,3,24,23,121,2,2,77,227,13,1,9,0,0,0,78,125,0,0,966,3083
176,balanced,6,snowfield,霜降り雪原,16,25,4,1,1,27,28,33,28,27,1,0,3,13,12,83,2,2,43,167,16,1,11,0,0,0,49,129,1,0,2389,2418
176,balanced,7,thunder_ruins,雷鳴遺跡,21,31,5,1,1,33,33,37,21,20,1,0,4,9,8,51,2,2,32,98,8,1,8,0,0,0,33,89,0,0,1873,3126
176,balanced,8,prism_sanctuary,虹晶聖域,28,42,6,1,1,37,38,60,139,138,0,1,7,67,66,302,2,2,208,667,32,1,8,0,0,0,222,822,0,0,2421,7151
176,balanced,9,poison_bog,毒霧の沼地,34,48,5,1,1,60,61,62,7,6,1,0,3,2,1,29,2,2,11,53,1,1,24,0,0,0,11,112,0,0,5538,5682
176,balanced,10,machine_city,古代機械都市,39,57,6,1,1,62,63,71,46,45,1,0,3,21,20,124,2,2,69,225,15,1,11,0,0,0,69,498,0,0,4401,13145
176,balanced,11,deep_sea_temple,深海神殿,46,66,6,1,1,71,69,92,125,121,1,3,11,59,58,391,2,2,186,771,48,1,15,0,0,0,212,1509,0,0,10180,16981
176,balanced,12,demon_gate,魔界門,54,76,7,1,1,92,93,100,61,60,1,0,3,28,27,2508,2,2,91,2668,23,1,139,18,0,0,94,668,0,0,13151,27062
176,balanced,13,sky_ruins,天空遺跡,68,86,7,1,0,100,100,0,156,155,1,0,2,75,75,10363,0,0,231,10733,90,1,139,75,0,0,231,0,0,0,20958,0
177,collector,1,meadow,はじまり草原,1,4,2,1,1,1,2,5,5,3,2,0,3,2,1,22,1,0,8,46,2,1,13,0,0,0,7,0,0,0,230,1268
177,collector,2,cave,こだま洞くつ,3,7,2,1,1,6,4,9,8,6,2,0,3,3,2,31,1,0,12,70,2,1,12,0,0,0,5,6,0,0,2466,3238
177,collector,3,brook,しずく湖畔,5,10,3,1,1,10,10,15,18,15,3,0,8,6,5,68,5,5,29,137,4,1,18,0,0,0,31,29,0,0,3372,1297
177,collector,4,volcano,ほむら火山,8,14,4,1,1,15,15,19,16,15,1,0,7,5,4,107,5,4,26,221,0,0,31,0,0,0,30,34,0,0,686,1629
177,collector,5,tower,星晶の塔,12,20,5,1,1,19,16,22,26,23,3,0,8,8,7,158,5,5,39,299,5,1,47,0,0,0,40,54,0,0,2435,2255
177,collector,6,snowfield,霜降り雪原,16,25,4,1,1,22,23,29,29,27,1,1,8,9,8,759,5,5,43,853,8,1,91,9,0,0,46,88,0,0,1192,2902
177,collector,7,thunder_ruins,雷鳴遺跡,21,31,5,1,1,29,29,36,32,30,2,0,7,10,9,659,5,5,47,738,9,1,107,6,0,0,45,91,0,0,1533,6333
177,collector,8,prism_sanctuary,虹晶聖域,28,42,6,1,1,36,36,49,72,64,2,6,13,21,20,394,5,5,98,1424,16,1,107,7,0,0,117,329,1,0,3344,5611
177,collector,9,poison_bog,毒霧の沼地,34,48,5,1,1,49,49,52,11,8,3,0,9,3,2,120,5,5,19,181,1,1,43,0,0,0,23,113,0,0,2963,11507
177,collector,10,machine_city,古代機械都市,39,57,6,1,1,52,53,56,12,11,1,0,10,3,2,97,5,5,20,251,1,1,91,1,0,0,24,133,0,0,6074,15259
177,collector,11,deep_sea_temple,深海神殿,46,66,6,1,1,56,56,71,61,56,4,1,12,19,18,2424,5,5,85,2598,11,1,231,19,0,0,74,692,0,0,8054,11004
177,collector,12,demon_gate,魔界門,54,76,7,1,1,71,72,78,22,16,3,3,15,5,4,721,5,5,32,1201,3,1,149,8,0,0,47,271,0,0,5808,16518
177,collector,13,sky_ruins,天空遺跡,68,86,7,1,1,78,73,92,64,63,1,0,11,20,19,3375,5,5,89,3708,35,1,187,21,0,0,82,1174,0,0,8719,20930
178,rush,1,meadow,はじまり草原,1,4,2,1,1,1,3,6,3,2,1,0,1,2,1,16,0,0,5,25,0,0,9,0,0,0,3,5,0,0,230,826
178,rush,2,cave,こだま洞くつ,3,7,2,1,1,6,7,14,30,30,0,0,1,29,28,167,0,0,59,241,0,0,8,0,0,0,59,40,0,0,826,743
178,rush,3,brook,しずく湖畔,5,10,3,1,1,14,14,16,5,4,1,0,1,3,2,20,0,0,8,33,0,0,8,0,0,0,8,14,0,0,743,2075
178,rush,4,volcano,ほむら火山,8,14,4,1,1,16,17,22,32,32,0,0,0,29,28,155,0,0,61,214,0,0,7,0,0,0,88,74,0,0,2075,955
178,rush,5,tower,星晶の塔,12,20,5,1,0,22,23,0,87,85,0,2,0,80,80,355,0,0,167,549,0,0,8,0,0,0,249,180,0,0,955,0
178,rush,6,snowfield,霜降り雪原,16,25,4,0,0,0,0,0,0,0,0,0,0,0,0,0,0,0,0,0,0,0,0,0,0,0,0,0,0,0,0,0
178,rush,7,thunder_ruins,雷鳴遺跡,21,31,5,0,0,0,0,0,0,0,0,0,0,0,0,0,0,0,0,0,0,0,0,0,0,0,0,0,0,0,0,0
178,rush,8,prism_sanctuary,虹晶聖域,28,42,6,0,0,0,0,0,0,0,0,0,0,0,0,0,0,0,0,0,0,0,0,0,0,0,0,0,0,0,0,0
178,rush,9,poison_bog,毒霧の沼地,34,48,5,0,0,0,0,0,0,0,0,0,0,0,0,0,0,0,0,0,0,0,0,0,0,0,0,0,0,0,0,0
178,rush,10,machine_city,古代機械都市,39,57,6,0,0,0,0,0,0,0,0,0,0,0,0,0,0,0,0,0,0,0,0,0,0,0,0,0,0,0,0,0
178,rush,11,deep_sea_temple,深海神殿,46,66,6,0,0,0,0,0,0,0,0,0,0,0,0,0,0,0,0,0,0,0,0,0,0,0,0,0,0,0,0,0
178,rush,12,demon_gate,魔界門,54,76,7,0,0,0,0,0,0,0,0,0,0,0,0,0,0,0,0,0,0,0,0,0,0,0,0,0,0,0,0,0
178,rush,13,sky_ruins,天空遺跡,68,86,7,0,0,0,0,0,0,0,0,0,0,0,0,0,0,0,0,0,0,0,0,0,0,0,0,0,0,0,0,0
179,balanced,1,meadow,はじまり草原,1,4,2,1,1,1,2,6,8,4,2,2,4,3,2,35,1,0,12,71,5,1,15,0,0,0,10,5,0,0,230,865
179,balanced,2,cave,こだま洞くつ,3,7,2,1,1,7,7,10,4,3,1,0,3,2,1,40,2,2,8,71,0,0,22,0,0,0,10,9,0,0,1123,2621
179,balanced,3,brook,しずく湖畔,5,10,3,1,1,10,11,11,3,2,1,0,3,1,0,6,2,2,6,28,0,0,7,0,0,0,9,0,0,0,2031,3475
179,balanced,4,volcano,ほむら火山,8,14,4,1,1,11,12,20,35,31,1,3,6,15,14,122,2,2,52,226,4,1,19,0,0,0,60,69,0,0,2692,1257
179,balanced,5,tower,星晶の塔,12,20,5,1,1,20,19,22,11,10,1,0,3,4,3,20,2,2,17,50,0,0,6,0,0,0,19,35,0,0,975,1855
179,balanced,6,snowfield,霜降り雪原,16,25,4,1,1,22,23,28,12,11,1,0,4,5,4,44,2,2,19,77,0,0,16,0,0,0,19,85,0,0,1438,3629
179,balanced,7,thunder_ruins,雷鳴遺跡,21,31,5,1,1,28,29,35,30,28,1,1,5,13,12,366,2,2,45,428,2,1,106,3,0,0,51,132,0,0,2811,3028
179,balanced,8,prism_sanctuary,虹晶聖域,28,42,6,1,1,35,35,48,77,63,1,13,16,30,29,193,2,2,109,423,3,1,17,0,0,0,137,372,0,0,2346,4875
179,balanced,9,poison_bog,毒霧の沼地,34,48,5,1,1,48,49,52,13,12,1,0,3,5,4,32,2,2,20,66,2,1,8,0,0,0,21,124,0,0,3776,8772
179,balanced,10,machine_city,古代機械都市,39,57,6,1,1,52,53,65,64,63,1,0,5,30,29,250,2,2,96,359,13,1,26,0,0,0,94,695,0,0,6794,7828
179,balanced,11,deep_sea_temple,深海神殿,46,66,6,1,1,65,65,80,69,67,1,1,6,32,31,1206,2,2,103,1429,29,1,119,8,0,0,108,855,0,0,6063,15952
179,balanced,12,demon_gate,魔界門,54,76,7,1,1,80,82,100,84,80,1,3,7,38,37,6595,2,2,124,7941,37,1,307,47,0,0,149,1228,0,0,12354,26948
179,balanced,13,sky_ruins,天空遺跡,68,86,7,1,1,100,99,100,55,54,1,0,3,25,24,7472,2,2,82,7612,24,1,320,25,0,0,82,212,0,0,20870,37708
180,collector,1,meadow,はじまり草原,1,4,2,1,1,1,2,5,5,3,2,0,3,2,1,19,1,0,8,48,2,1,13,0,0,0,8,0,0,0,230,1266
180,collector,2,cave,こだま洞くつ,3,7,2,1,1,6,6,10,8,7,1,0,6,3,2,45,5,2,16,144,4,1,17,0,0,0,11,7,0,0,1764,3206
180,collector,3,brook,しずく湖畔,5,10,3,1,1,11,11,16,18,15,3,0,8,6,5,38,5,5,29,95,4,1,10,0,0,0,31,25,0,0,2824,2518
180,collector,4,volcano,ほむら火山,8,14,4,1,1,16,17,17,4,2,2,0,9,1,0,5,5,5,10,57,0,0,9,0,0,0,18,0,0,0,1330,3922
180,collector,5,tower,星晶の塔,12,20,5,1,1,17,17,21,23,21,2,0,9,7,6,46,5,5,35,136,4,1,17,0,0,0,39,41,0,0,2072,2617
180,collector,6,snowfield,霜降り雪原,16,25,4,1,1,21,22,31,40,37,3,0,9,13,12,584,5,5,58,683,12,1,64,5,0,0,55,125,0,0,1382,5135
180,collector,7,thunder_ruins,雷鳴遺跡,21,31,5,1,1,31,31,33,11,10,1,0,7,3,2,125,5,5,19,170,1,1,64,2,0,0,23,48,0,0,2711,3667
180,collector,8,prism_sanctuary,虹晶聖域,28,42,6,1,1,33,33,46,63,58,2,3,12,19,18,102,5,5,87,1343,18,1,64,19,0,0,105,286,0,0,1936,10509
180,collector,9,poison_bog,毒霧の沼地,34,48,5,1,1,46,46,53,26,23,3,0,10,8,7,56,5,5,39,185,8,1,15,0,0,0,49,252,1,0,5548,13454
180,collector,10,machine_city,古代機械都市,39,57,6,1,1,53,53,60,34,31,2,1,12,10,9,66,5,5,49,239,11,1,12,0,0,0,58,301,0,0,7102,8267
180,collector,11,deep_sea_temple,深海神殿,46,66,6,1,1,60,58,82,125,109,2,14,25,36,35,948,5,5,166,3025,25,1,142,31,0,0,199,1189,0,0,4364,11239
180,collector,12,demon_gate,魔界門,54,76,7,1,1,82,81,83,18,11,2,5,14,3,2,241,5,5,26,1411,5,1,121,12,0,0,47,170,0,0,5933,15417
180,collector,13,sky_ruins,天空遺跡,68,86,7,1,1,83,84,100,90,87,1,2,11,28,27,5766,5,5,123,6026,39,1,225,28,0,0,112,1167,0,0,8138,38340
181,rush,1,meadow,はじまり草原,1,4,2,1,1,1,2,7,6,4,1,1,2,4,3,29,0,0,10,48,0,0,10,0,0,0,8,8,0,0,230,706
181,rush,2,cave,こだま洞くつ,3,7,2,1,1,7,7,10,4,3,1,0,1,3,2,29,0,0,7,42,0,0,11,0,0,0,9,12,0,0,706,675
181,rush,3,brook,しずく湖畔,5,10,3,1,1,10,10,14,5,5,0,0,0,3,2,18,0,0,8,29,0,0,7,0,0,0,8,28,0,0,675,1194
181,rush,4,volcano,ほむら火山,8,14,4,1,1,14,14,19,24,24,0,0,0,21,20,113,0,0,45,164,0,0,7,0,0,0,62,54,0,0,1194,1250
181,rush,5,tower,星晶の塔,12,20,5,1,1,19,20,31,68,67,0,1,0,63,62,301,0,0,131,466,0,0,7,0,0,0,196,161,0,0,1250,1513
181,rush,6,snowfield,霜降り雪原,16,25,4,1,1,31,31,37,39,39,0,0,0,36,35,225,0,0,75,308,0,0,8,0,0,0,107,156,0,0,1513,2051
181,rush,7,thunder_ruins,雷鳴遺跡,21,31,5,1,0,37,38,0,85,85,0,0,0,80,80,451,0,0,165,604,0,0,7,0,0,0,240,361,0,0,2051,0
181,rush,8,prism_sanctuary,虹晶聖域,28,42,6,0,0,0,0,0,0,0,0,0,0,0,0,0,0,0,0,0,0,0,0,0,0,0,0,0,0,0,0,0
181,rush,9,poison_bog,毒霧の沼地,34,48,5,0,0,0,0,0,0,0,0,0,0,0,0,0,0,0,0,0,0,0,0,0,0,0,0,0,0,0,0,0
181,rush,10,machine_city,古代機械都市,39,57,6,0,0,0,0,0,0,0,0,0,0,0,0,0,0,0,0,0,0,0,0,0,0,0,0,0,0,0,0,0
181,rush,11,deep_sea_temple,深海神殿,46,66,6,0,0,0,0,0,0,0,0,0,0,0,0,0,0,0,0,0,0,0,0,0,0,0,0,0,0,0,0,0
181,rush,12,demon_gate,魔界門,54,76,7,0,0,0,0,0,0,0,0,0,0,0,0,0,0,0,0,0,0,0,0,0,0,0,0,0,0,0,0,0
181,rush,13,sky_ruins,天空遺跡,68,86,7,0,0,0,0,0,0,0,0,0,0,0,0,0,0,0,0,0,0,0,0,0,0,0,0,0,0,0,0,0
182,balanced,1,meadow,はじまり草原,1,4,2,1,1,1,3,7,9,8,0,1,2,4,3,25,2,2,15,56,2,1,11,0,0,0,6,3,0,0,230,961
182,balanced,2,cave,こだま洞くつ,3,7,2,1,1,7,7,11,14,10,2,2,6,6,5,55,2,2,22,111,7,1,15,0,0,0,25,19,0,0,789,1481
182,balanced,3,brook,しずく湖畔,5,10,3,1,1,11,12,15,15,14,1,0,3,7,6,51,2,2,24,98,2,1,10,0,0,0,26,24,0,0,1148,1398
182,balanced,4,volcano,ほむら火山,8,14,4,1,1,15,15,18,8,7,1,0,3,3,2,42,2,2,13,72,2,1,23,0,0,0,14,38,0,0,1084,1517
182,balanced,5,tower,星晶の塔,12,20,5,1,1,18,17,26,47,46,1,0,5,22,21,216,2,2,71,356,4,1,21,0,0,0,73,111,0,0,1175,1912
182,balanced,6,snowfield,霜降り雪原,16,25,4,1,1,26,27,30,14,13,1,0,3,6,5,59,2,2,22,105,1,1,15,0,0,0,21,71,0,0,1482,2868
182,balanced,7,thunder_ruins,雷鳴遺跡,21,31,5,1,1,30,30,35,25,24,1,0,4,11,10,129,2,2,38,195,5,1,28,0,0,0,39,111,0,0,2222,4280
182,balanced,8,prism_sanctuary,虹晶聖域,28,42,6,1,1,35,37,52,85,83,1,1,6,40,39,224,2,2,127,641,16,1,30,0,0,0,143,510,0,0,3315,4865
182,balanced,9,poison_bog,毒霧の沼地,34,48,5,1,1,52,53,54,7,6,1,0,3,2,1,12,2,2,11,37,1,1,7,0,0,0,11,81,0,0,3769,5863
182,balanced,10,machine_city,古代機械都市,39,57,6,1,1,54,55,66,56,55,1,0,5,26,25,217,2,2,84,391,18,1,19,0,0,0,88,606,0,0,4541,9417
182,balanced,11,deep_sea_temple,深海神殿,46,66,6,1,1,66,67,88,108,106,0,2,10,51,50,1784,2,2,161,2377,72,1,58,30,0,0,185,1325,0,0,7293,10243
182,balanced,12,demon_gate,魔界門,54,76,7,1,0,88,89,0,168,166,1,1,3,80,80,5270,0,0,248,6144,52,1,71,84,0,0,295,872,0,0,7933,0
182,balanced,13,sky_ruins,天空遺跡,68,86,7,0,0,0,0,0,0,0,0,0,0,0,0,0,0,0,0,0,0,0,0,0,0,0,0,0,0,0,0,0
183,collector,1,meadow,はじまり草原,1,4,2,1,1,1,3,7,14,13,1,0,2,5,4,62,1,0,20,99,7,1,19,0,0,0,8,1,0,0,230,1321
183,collector,2,cave,こだま洞くつ,3,7,2,1,1,8,8,11,8,7,1,0,3,3,2,49,1,0,12,96,4,1,21,0,0,0,5,13,0,0,1599,2231
183,collector,3,brook,しずく湖畔,5,10,3,1,1,12,12,17,18,17,1,0,3,6,5,33,1,0,25,71,0,0,10,0,0,0,12,31,0,0,2605,1653
183,collector,4,volcano,ほむら火山,8,14,4,1,1,17,17,19,7,6,1,0,8,2,1,21,5,5,14,73,0,0,15,0,0,0,14,10,0,0,1860,3414
183,collector,5,tower,星晶の塔,12,20,5,1,1,19,16,21,26,23,3,0,9,8,7,151,5,5,39,254,9,1,46,0,0,0,40,52,0,0,1804,2303
183,collector,6,snowfield,霜降り雪原,16,25,4,1,1,21,22,28,22,21,1,0,7,7,6,499,5,5,34,638,14,1,75,7,0,0,38,83,1,0,1217,3353
183,collector,7,thunder_ruins,雷鳴遺跡,21,31,5,1,1,28,27,35,32,29,3,0,5,10,9,360,0,0,42,447,6,1,61,6,0,0,24,97,1,0,1771,5924
183,collector,8,prism_sanctuary,虹晶聖域,28,42,6,1,1,35,35,50,93,86,1,6,14,28,27,199,5,5,126,1464,9,1,80,15,0,0,125,441,0,0,5924,5624
183,collector,9,poison_bog,毒霧の沼地,34,48,5,1,1,50,51,54,17,14,3,0,10,5,4,30,5,5,27,247,4,1,27,0,0,0,39,155,1,0,2970,11539
183,collector,10,machine_city,古代機械都市,39,57,6,1,1,54,55,59,21,20,1,0,9,6,5,58,5,5,32,392,7,1,33,0,0,0,45,220,0,0,6092,15331
183,collector,11,deep_sea_temple,深海神殿,46,66,6,1,1,59,60,82,114,102,0,12,18,33,32,1257,5,5,152,6587,48,1,180,58,0,0,189,1116,0,0,8093,10992
183,collector,12,demon_gate,魔界門,54,76,7,1,1,82,78,78,14,5,2,7,19,1,0,186,5,5,20,325,3,1,186,1,0,0,47,0,0,0,5802,20222
183,collector,13,sky_ruins,天空遺跡,68,86,7,1,0,78,80,0,96,77,2,17,19,25,24,9098,0,0,121,15545,40,1,400,56,0,1,169,1303,0,0,10674,0
184,rush,1,meadow,はじまり草原,1,4,2,1,1,1,2,6,5,3,1,1,2,3,2,19,0,0,8,34,0,0,8,0,0,0,6,8,0,0,230,696
184,rush,2,cave,こだま洞くつ,3,7,2,1,1,6,7,11,12,10,1,1,2,10,9,72,0,0,22,104,0,0,10,0,0,0,31,20,0,0,696,1379
184,rush,3,brook,しずく湖畔,5,10,3,1,1,11,12,14,4,4,0,0,0,2,1,10,0,0,6,19,0,0,6,0,0,0,4,21,0,0,1379,1142
184,rush,4,volcano,ほむら火山,8,14,4,1,1,14,15,24,61,60,0,1,0,57,56,299,0,0,118,474,0,0,7,0,0,0,186,96,0,0,1142,977
184,rush,5,tower,星晶の塔,12,20,5,1,1,24,24,34,78,78,0,0,0,74,73,331,0,0,152,505,0,0,7,0,0,0,236,175,0,0,977,1535
184,rush,6,snowfield,霜降り雪原,16,25,4,1,1,34,34,40,41,41,0,0,0,38,37,216,0,0,79,295,0,0,7,0,0,0,113,163,0,0,1535,2086
184,rush,7,thunder_ruins,雷鳴遺跡,21,31,5,1,0,40,40,0,85,85,0,0,0,80,80,379,0,0,165,612,0,0,6,0,0,0,252,360,0,0,2086,0
184,rush,8,prism_sanctuary,虹晶聖域,28,42,6,0,0,0,0,0,0,0,0,0,0,0,0,0,0,0,0,0,0,0,0,0,0,0,0,0,0,0,0,0
184,rush,9,poison_bog,毒霧の沼地,34,48,5,0,0,0,0,0,0,0,0,0,0,0,0,0,0,0,0,0,0,0,0,0,0,0,0,0,0,0,0,0
184,rush,10,machine_city,古代機械都市,39,57,6,0,0,0,0,0,0,0,0,0,0,0,0,0,0,0,0,0,0,0,0,0,0,0,0,0,0,0,0,0
184,rush,11,deep_sea_temple,深海神殿,46,66,6,0,0,0,0,0,0,0,0,0,0,0,0,0,0,0,0,0,0,0,0,0,0,0,0,0,0,0,0,0
184,rush,12,demon_gate,魔界門,54,76,7,0,0,0,0,0,0,0,0,0,0,0,0,0,0,0,0,0,0,0,0,0,0,0,0,0,0,0,0,0
184,rush,13,sky_ruins,天空遺跡,68,86,7,0,0,0,0,0,0,0,0,0,0,0,0,0,0,0,0,0,0,0,0,0,0,0,0,0,0,0,0,0
185,balanced,1,meadow,はじまり草原,1,4,2,1,1,1,3,7,6,5,1,0,2,3,2,24,1,0,10,42,3,1,9,0,0,0,4,6,0,0,230,872
185,balanced,2,cave,こだま洞くつ,3,7,2,1,1,7,8,10,4,3,1,0,2,2,1,25,1,0,7,47,2,1,19,0,0,0,2,8,0,0,950,2770
185,balanced,3,brook,しずく湖畔,5,10,3,1,1,11,12,15,7,7,0,0,4,3,2,18,2,2,12,51,3,1,8,0,0,0,9,34,0,0,2904,1649
185,balanced,4,volcano,ほむら火山,8,14,4,1,1,15,13,15,8,7,1,0,3,3,2,15,2,2,13,42,2,1,6,0,0,0,9,22,0,0,1278,1254
185,balanced,5,tower,星晶の塔,12,20,5,1,1,15,17,20,10,8,1,1,7,3,2,22,2,2,15,70,1,1,10,0,0,0,11,31,0,0,972,3977
185,balanced,6,snowfield,霜降り雪原,16,25,4,1,1,20,22,25,7,5,1,1,5,2,1,33,2,2,11,76,0,0,26,0,0,0,13,46,0,0,3080,4913
185,balanced,7,thunder_ruins,雷鳴遺跡,21,31,5,1,1,25,26,32,25,24,1,0,4,11,10,246,2,2,38,306,8,1,74,1,0,0,38,137,0,0,3806,3134
185,balanced,8,prism_sanctuary,虹晶聖域,28,42,6,1,1,32,35,46,50,47,1,2,5,22,21,128,2,2,74,359,3,1,59,1,0,0,92,285,0,0,2428,7607
185,balanced,9,poison_bog,毒霧の沼地,34,48,5,1,1,46,46,49,13,12,1,0,4,5,4,28,2,2,20,74,0,0,8,0,0,0,22,160,0,0,5892,5856
185,balanced,10,machine_city,古代機械都市,39,57,6,1,1,49,51,63,58,57,1,0,4,27,26,253,2,2,87,380,12,1,23,0,0,0,88,623,0,0,4536,12092
185,balanced,11,deep_sea_temple,深海神殿,46,66,6,1,1,63,62,77,64,63,1,0,4,30,29,1008,2,2,96,1229,8,1,122,10,0,0,98,871,0,0,9365,17205
185,balanced,12,demon_gate,魔界門,54,76,7,1,1,77,78,97,90,72,1,17,26,34,33,7485,2,2,126,8553,48,1,284,39,0,0,180,1069,0,0,13325,14155
185,balanced,13,sky_ruins,天空遺跡,68,86,7,1,0,97,98,0,170,166,1,3,7,80,80,24130,0,0,250,24590,0,0,303,80,0,0,256,251,0,0,10963,0
186,collector,1,meadow,はじまり草原,1,4,2,1,1,1,2,7,16,13,1,2,3,5,4,61,1,0,22,113,7,1,17,0,0,0,12,0,0,0,230,1333
186,collector,2,cave,こだま洞くつ,3,7,2,1,1,7,7,12,11,11,0,0,3,4,3,85,2,1,17,153,4,1,26,0,0,0,11,16,0,0,1411,1636
186,collector,3,brook,しずく湖畔,5,10,3,1,1,12,12,17,21,19,2,0,7,7,6,101,5,5,33,171,2,1,39,0,0,0,35,28,0,0,1954,1648
186,collector,4,volcano,ほむら火山,8,14,4,1,1,17,15,17,10,7,3,0,9,3,2,44,5,5,18,109,2,1,20,0,0,0,25,11,0,0,872,1601
186,collector,5,tower,星晶の塔,12,20,5,1,1,17,17,23,35,34,1,0,9,11,10,59,5,5,51,177,10,1,9,0,0,0,52,38,0,0,846,3479
186,collector,6,snowfield,霜降り雪原,16,25,4,1,1,23,23,26,11,7,3,1,10,3,2,86,5,5,19,172,4,1,30,0,0,0,26,42,0,0,1838,4716
186,collector,7,thunder_ruins,雷鳴遺跡,21,31,5,1,1,26,27,29,11,9,2,0,10,3,2,33,5,5,19,94,4,1,18,0,0,0,23,52,0,0,2491,3572
186,collector,8,prism_sanctuary,虹晶聖域,28,42,6,1,1,29,30,52,104,102,0,2,11,33,32,224,5,5,142,940,16,1,34,0,0,0,132,521,0,0,1886,7831
186,collector,9,poison_bog,毒霧の沼地,34,48,5,1,1,52,52,55,20,17,3,0,10,6,5,78,5,5,31,204,11,1,18,0,0,0,43,193,1,0,4135,6744
186,collector,10,machine_city,古代機械都市,39,57,6,1,1,55,56,64,48,47,1,0,10,15,14,224,5,5,68,441,17,1,35,0,0,0,80,411,0,0,3561,13028
186,collector,11,deep_sea_temple,深海神殿,46,66,6,1,1,64,65,83,84,84,0,0,11,27,26,242,5,5,116,732,27,1,30,0,0,0,104,1003,0,0,6878,18304
186,collector,12,demon_gate,魔界門,54,76,7,1,1,83,84,100,125,120,1,4,12,39,38,354,5,5,169,1103,53,1,26,0,0,0,240,1054,1,0,9661,34296
186,collector,13,sky_ruins,天空遺跡,68,86,7,1,0,100,100,0,223,220,3,0,4,72,72,12272,0,0,295,14960,11,1,185,81,0,0,229,0,0,0,18101,0
187,rush,1,meadow,はじまり草原,1,4,2,1,1,1,3,7,5,3,1,1,1,3,2,22,0,0,8,36,0,0,9,0,0,0,5,8,0,0,230,705
187,rush,2,cave,こだま洞くつ,3,7,2,1,1,7,7,11,9,8,1,0,2,8,7,59,0,0,17,81,0,0,8,0,0,0,23,16,0,0,705,1718
187,rush,3,brook,しずく湖畔,5,10,3,1,1,11,11,14,6,6,0,0,0,4,3,22,0,0,10,34,0,0,6,0,0,0,11,25,0,0,1718,1173
187,rush,4,volcano,ほむら火山,8,14,4,1,1,14,14,23,45,45,0,0,0,42,41,206,0,0,87,332,0,0,7,0,0,0,131,88,0,0,1173,963
187,rush,5,tower,星晶の塔,12,20,5,1,0,23,23,0,85,85,0,0,0,80,80,343,0,0,165,566,0,0,7,0,0,0,257,184,0,0,963,0
187,rush,6,snowfield,霜降り雪原,16,25,4,0,0,0,0,0,0,0,0,0,0,0,0,0,0,0,0,0,0,0,0,0,0,0,0,0,0,0,0,0
187,rush,7,thunder_ruins,雷鳴遺跡,21,31,5,0,0,0,0,0,0,0,0,0,0,0,0,0,0,0,0,0,0,0,0,0,0,0,0,0,0,0,0,0
187,rush,8,prism_sanctuary,虹晶聖域,28,42,6,0,0,0,0,0,0,0,0,0,0,0,0,0,0,0,0,0,0,0,0,0,0,0,0,0,0,0,0,0
187,rush,9,poison_bog,毒霧の沼地,34,48,5,0,0,0,0,0,0,0,0,0,0,0,0,0,0,0,0,0,0,0,0,0,0,0,0,0,0,0,0,0
187,rush,10,machine_city,古代機械都市,39,57,6,0,0,0,0,0,0,0,0,0,0,0,0,0,0,0,0,0,0,0,0,0,0,0,0,0,0,0,0,0
187,rush,11,deep_sea_temple,深海神殿,46,66,6,0,0,0,0,0,0,0,0,0,0,0,0,0,0,0,0,0,0,0,0,0,0,0,0,0,0,0,0,0
187,rush,12,demon_gate,魔界門,54,76,7,0,0,0,0,0,0,0,0,0,0,0,0,0,0,0,0,0,0,0,0,0,0,0,0,0,0,0,0,0
187,rush,13,sky_ruins,天空遺跡,68,86,7,0,0,0,0,0,0,0,0,0,0,0,0,0,0,0,0,0,0,0,0,0,0,0,0,0,0,0,0,0
188,balanced,1,meadow,はじまり草原,1,4,2,1,1,1,2,6,8,5,1,2,3,3,2,27,1,0,12,56,3,1,12,0,0,0,8,5,0,0,230,887
188,balanced,2,cave,こだま洞くつ,3,7,2,1,1,7,7,11,6,6,0,0,3,3,2,45,2,2,11,89,2,1,24,0,0,0,8,16,0,0,965,2347
188,balanced,3,brook,しずく湖畔,5,10,3,1,1,11,11,11,3,2,1,0,3,1,0,9,2,2,6,28,0,0,9,0,0,0,5,0,0,0,1819,2658
188,balanced,4,volcano,ほむら火山,8,14,4,1,1,11,12,17,20,19,1,0,4,9,8,78,2,2,31,139,1,1,13,0,0,0,31,45,0,0,2060,2446
188,balanced,5,tower,星晶の塔,12,20,5,1,1,17,17,19,8,6,1,1,5,2,1,10,2,2,12,60,2,1,12,0,0,0,16,26,0,0,1895,2698
188,balanced,6,snowfield,霜降り雪原,16,25,4,1,1,19,20,27,22,21,1,0,3,10,9,100,2,2,34,166,3,1,25,0,0,0,35,96,0,0,2090,5379
188,balanced,7,thunder_ruins,雷鳴遺跡,21,31,5,1,1,27,28,34,27,26,1,0,3,12,11,222,2,2,41,273,5,1,34,0,0,0,41,146,0,0,4166,3148
188,balanced,8,prism_sanctuary,虹晶聖域,28,42,6,1,1,34,34,45,46,45,1,0,3,21,20,123,2,2,69,278,10,1,10,0,0,0,76,276,0,0,2439,4826
188,balanced,9,poison_bog,毒霧の沼地,34,48,5,1,1,45,45,47,7,6,1,0,6,2,1,13,2,2,11,55,1,1,8,0,0,0,13,75,0,0,3738,8239
188,balanced,10,machine_city,古代機械都市,39,57,6,1,1,47,48,61,60,59,1,0,7,28,27,168,2,2,90,410,57,1,8,0,0,0,133,663,1,0,6381,7205
188,balanced,11,deep_sea_temple,深海神殿,46,66,6,1,1,61,62,84,102,98,0,4,12,47,46,286,2,2,151,572,42,1,12,0,0,0,180,1197,0,0,5581,15607
188,balanced,12,demon_gate,魔界門,54,76,7,1,1,84,85,100,66,64,1,1,5,30,29,1809,2,2,98,2729,50,1,71,38,0,0,134,1083,0,0,12087,21217
188,balanced,13,sky_ruins,天空遺跡,68,86,7,1,1,100,100,100,47,46,1,0,3,21,20,140,2,2,70,260,17,1,8,0,0,0,70,0,0,0,16431,38750
189,collector,1,meadow,はじまり草原,1,4,2,1,1,1,2,7,16,13,1,2,3,5,4,47,1,0,22,97,6,1,13,0,0,0,12,0,0,0,230,1328
189,collector,2,cave,こだま洞くつ,3,7,2,1,1,7,5,9,8,6,2,0,5,3,2,40,3,2,14,88,5,1,19,0,0,0,9,8,0,0,1406,2606
189,collector,3,brook,しずく湖畔,5,10,3,1,1,9,9,14,18,16,2,0,7,6,5,50,5,5,29,103,0,0,15,0,0,0,31,25,0,0,2413,1594
189,collector,4,volcano,ほむら火山,8,14,4,1,1,14,13,17,16,13,3,0,8,5,4,59,5,5,26,136,4,1,17,0,0,0,30,23,0,0,843,1646
189,collector,5,tower,星晶の塔,12,20,5,1,1,17,17,19,11,8,3,0,8,3,2,13,5,5,19,107,1,1,16,0,0,0,30,4,0,0,871,3796
189,collector,6,snowfield,霜降り雪原,16,25,4,1,1,19,21,25,16,15,1,0,9,5,4,150,5,5,26,259,7,1,35,0,0,0,34,67,0,0,2006,3829
189,collector,7,thunder_ruins,雷鳴遺跡,21,31,5,1,1,25,26,31,23,21,2,0,8,7,6,70,5,5,35,153,7,1,13,0,0,0,36,76,0,0,2023,3704
189,collector,8,prism_sanctuary,虹晶聖域,28,42,6,1,1,31,32,55,120,120,0,0,9,39,38,285,5,5,164,715,36,1,40,0,0,0,152,613,0,0,1956,7910
189,collector,9,poison_bog,毒霧の沼地,34,48,5,1,1,55,55,56,8,5,3,0,9,2,1,12,5,5,15,91,3,1,19,0,0,0,23,66,1,0,4176,9595
189,collector,10,machine_city,古代機械都市,39,57,6,1,1,56,57,65,45,41,1,3,14,13,12,82,5,5,63,716,21,1,34,0,0,0,88,356,0,0,5066,13136
189,collector,11,deep_sea_temple,深海神殿,46,66,6,1,1,65,62,87,131,121,2,8,17,40,39,1230,5,5,176,3115,26,1,174,28,0,0,195,1348,0,0,6934,18357
189,collector,12,demon_gate,魔界門,54,76,7,1,1,87,89,99,44,39,1,4,14,12,11,922,5,5,61,4499,19,1,190,37,0,0,91,638,0,0,9689,15521
189,collector,13,sky_ruins,天空遺跡,68,86,7,1,1,99,88,95,30,26,2,2,11,8,7,1320,5,5,43,1459,7,1,205,8,0,0,50,492,0,0,8192,20329
190,rush,1,meadow,はじまり草原,1,4,2,1,1,1,2,7,5,4,1,0,1,4,3,30,0,0,9,43,0,0,9,0,0,0,7,8,0,0,230,697
190,rush,2,cave,こだま洞くつ,3,7,2,1,1,7,7,11,11,9,1,1,2,9,8,66,0,0,20,95,0,0,8,0,0,0,29,20,0,0,697,1360
190,rush,3,brook,しずく湖畔,5,10,3,1,1,11,12,14,5,5,0,0,0,3,2,21,0,0,8,30,0,0,7,0,0,0,8,21,0,0,1360,1163
190,rush,4,volcano,ほむら火山,8,14,4,1,1,14,15,20,22,22,0,0,0,19,18,111,0,0,41,166,0,0,7,0,0,0,58,62,0,0,1163,1253
190,rush,5,tower,星晶の塔,12,20,5,1,0,20,21,0,88,85,0,3,0,80,80,381,0,0,168,608,0,0,7,0,0,0,257,185,0,0,1253,0
190,rush,6,snowfield,霜降り雪原,16,25,4,0,0,0,0,0,0,0,0,0,0,0,0,0,0,0,0,0,0,0,0,0,0,0,0,0,0,0,0,0
190,rush,7,thunder_ruins,雷鳴遺跡,21,31,5,0,0,0,0,0,0,0,0,0,0,0,0,0,0,0,0,0,0,0,0,0,0,0,0,0,0,0,0,0
190,rush,8,prism_sanctuary,虹晶聖域,28,42,6,0,0,0,0,0,0,0,0,0,0,0,0,0,0,0,0,0,0,0,0,0,0,0,0,0,0,0,0,0
190,rush,9,poison_bog,毒霧の沼地,34,48,5,0,0,0,0,0,0,0,0,0,0,0,0,0,0,0,0,0,0,0,0,0,0,0,0,0,0,0,0,0
190,rush,10,machine_city,古代機械都市,39,57,6,0,0,0,0,0,0,0,0,0,0,0,0,0,0,0,0,0,0,0,0,0,0,0,0,0,0,0,0,0
190,rush,11,deep_sea_temple,深海神殿,46,66,6,0,0,0,0,0,0,0,0,0,0,0,0,0,0,0,0,0,0,0,0,0,0,0,0,0,0,0,0,0
190,rush,12,demon_gate,魔界門,54,76,7,0,0,0,0,0,0,0,0,0,0,0,0,0,0,0,0,0,0,0,0,0,0,0,0,0,0,0,0,0
190,rush,13,sky_ruins,天空遺跡,68,86,7,0,0,0,0,0,0,0,0,0,0,0,0,0,0,0,0,0,0,0,0,0,0,0,0,0,0,0,0,0
191,balanced,1,meadow,はじまり草原,1,4,2,1,1,1,3,7,6,5,1,0,3,3,2,25,2,0,11,55,1,1,10,0,0,0,5,6,0,0,230,875
191,balanced,2,cave,こだま洞くつ,3,7,2,1,1,9,9,12,6,5,1,0,3,3,2,30,2,2,11,65,2,1,13,0,0,0,13,24,0,0,2351,1941
191,balanced,3,brook,しずく湖畔,5,10,3,1,1,12,12,15,9,8,1,0,3,4,3,37,2,2,15,73,3,1,14,0,0,0,17,20,0,0,1504,1177
191,balanced,4,volcano,ほむら火山,8,14,4,1,1,15,15,16,4,3,1,0,3,1,0,5,2,2,7,28,0,0,7,0,0,0,8,0,0,0,912,2161
191,balanced,5,tower,星晶の塔,12,20,5,1,1,16,16,21,13,12,1,0,3,5,4,31,2,2,20,75,3,1,7,0,0,0,21,64,0,0,1674,3091
191,balanced,6,snowfield,霜降り雪原,16,25,4,1,1,21,24,28,8,7,1,0,5,3,2,23,2,2,13,61,0,0,10,0,0,0,13,82,0,0,2395,2416
191,balanced,7,thunder_ruins,雷鳴遺跡,21,31,5,1,1,28,26,32,27,26,1,0,7,12,11,163,2,2,41,236,10,1,35,0,0,0,44,115,0,0,1872,3125
191,balanced,8,prism_sanctuary,虹晶聖域,28,42,6,1,1,32,32,48,82,69,1,12,17,33,32,169,2,2,117,502,16,1,46,0,0,0,153,387,0,0,2420,7127
191,balanced,9,poison_bog,毒霧の沼地,34,48,5,1,1,48,48,49,5,4,1,0,5,1,0,5,2,2,8,33,0,0,7,0,0,0,9,0,0,0,5520,16234
191,balanced,10,machine_city,古代機械都市,39,57,6,1,1,49,50,60,46,45,1,0,8,21,20,138,2,2,69,264,7,1,14,0,0,0,74,569,0,0,12572,12138
191,balanced,11,deep_sea_temple,深海神殿,46,66,6,1,1,60,61,81,84,83,1,0,3,40,39,1413,2,2,126,1648,29,1,72,21,0,0,136,1088,0,0,9401,17222
191,balanced,12,demon_gate,魔界門,54,76,7,1,1,81,82,92,38,34,1,3,7,15,14,1704,2,2,55,2667,16,1,191,22,0,0,72,678,0,0,13338,13951
191,balanced,13,sky_ruins,天空遺跡,68,86,7,1,1,92,88,100,89,88,1,0,3,42,41,9027,2,2,133,9268,38,1,223,42,0,0,133,990,0,0,10804,37068
192,collector,1,meadow,はじまり草原,1,4,2,1,1,1,3,6,11,6,2,3,8,3,2,32,4,1,18,110,3,1,14,0,0,0,20,0,0,0,230,1159
192,collector,2,cave,こだま洞くつ,3,7,2,1,1,8,9,11,8,7,1,0,6,3,2,62,5,5,16,109,5,1,23,0,0,0,23,12,0,0,3144,2512
192,collector,3,brook,しずく湖畔,5,10,3,1,1,11,11,13,9,7,2,0,7,3,2,27,5,5,17,79,1,1,13,0,0,0,23,11,0,0,1328,1376
192,collector,4,volcano,ほむら火山,8,14,4,1,1,13,13,20,28,27,1,0,3,9,8,199,1,0,38,261,8,1,36,0,0,0,29,33,0,0,728,2818
192,collector,5,tower,星晶の塔,12,20,5,1,1,20,16,22,33,29,3,1,11,10,9,184,5,5,48,302,6,1,46,0,0,0,51,62,0,0,3075,2281
192,collector,6,snowfield,霜降り雪原,16,25,4,1,1,22,23,30,28,25,3,0,9,9,8,540,5,5,42,659,13,1,74,7,0,0,44,104,1,0,1206,5128
192,collector,7,thunder_ruins,雷鳴遺跡,21,31,5,1,1,30,30,31,8,4,4,0,9,2,1,112,5,5,15,165,2,1,79,1,0,0,20,28,0,0,2708,3686
192,collector,8,prism_sanctuary,虹晶聖域,28,42,6,1,1,31,32,59,226,158,1,67,59,52,51,881,5,5,283,3152,26,1,131,23,0,0,336,766,1,0,1947,10545
192,collector,9,poison_bog,毒霧の沼地,34,48,5,1,1,59,59,66,50,47,3,0,10,16,15,296,5,5,71,477,9,1,63,2,0,0,69,407,1,0,5566,14675
192,collector,10,machine_city,古代機械都市,39,57,6,1,1,66,67,73,48,44,4,0,10,15,14,361,5,5,68,606,8,1,135,2,0,0,65,431,0,0,7746,8029
192,collector,11,deep_sea_temple,深海神殿,46,66,6,1,1,73,74,95,141,133,2,6,13,44,43,7180,5,5,190,8303,26,1,269,40,0,0,169,1507,0,0,4239,11086
192,collector,12,demon_gate,魔界門,54,76,7,1,0,95,96,0,150,136,2,12,16,44,44,12740,0,0,194,24878,57,1,294,120,0,0,220,365,0,0,5852,0
192,collector,13,sky_ruins,天空遺跡,68,86,7,0,0,0,0,0,0,0,0,0,0,0,0,0,0,0,0,0,0,0,0,0,0,0,0,0,0,0,0,0
193,rush,1,meadow,はじまり草原,1,4,2,1,1,1,2,6,5,2,2,1,3,3,2,30,0,0,8,44,0,0,12,0,0,0,9,8,0,0,230,681
193,rush,2,cave,こだま洞くつ,3,7,2,1,1,6,7,12,11,11,0,0,0,10,9,75,0,0,21,101,0,0,9,0,0,0,28,31,0,0,681,723
193,rush,3,brook,しずく湖畔,5,10,3,1,1,12,12,15,9,9,0,0,0,7,6,39,0,0,16,56,0,0,6,0,0,0,20,13,0,0,723,1378
193,rush,4,volcano,ほむら火山,8,14,4,1,1,15,15,23,42,42,0,0,0,39,38,198,0,0,81,315,0,0,6,0,0,0,123,85,0,0,1378,950
193,rush,5,tower,星晶の塔,12,20,5,1,0,23,23,0,85,85,0,0,0,80,80,336,0,0,165,534,0,0,7,0,0,0,262,187,0,0,950,0
193,rush,6,snowfield,霜降り雪原,16,25,4,0,0,0,0,0,0,0,0,0,0,0,0,0,0,0,0,0,0,0,0,0,0,0,0,0,0,0,0,0
193,rush,7,thunder_ruins,雷鳴遺跡,21,31,5,0,0,0,0,0,0,0,0,0,0,0,0,0,0,0,0,0,0,0,0,0,0,0,0,0,0,0,0,0
193,rush,8,prism_sanctuary,虹晶聖域,28,42,6,0,0,0,0,0,0,0,0,0,0,0,0,0,0,0,0,0,0,0,0,0,0,0,0,0,0,0,0,0
193,rush,9,poison_bog,毒霧の沼地,34,48,5,0,0,0,0,0,0,0,0,0,0,0,0,0,0,0,0,0,0,0,0,0,0,0,0,0,0,0,0,0
193,rush,10,machine_city,古代機械都市,39,57,6,0,0,0,0,0,0,0,0,0,0,0,0,0,0,0,0,0,0,0,0,0,0,0,0,0,0,0,0,0
193,rush,11,deep_sea_temple,深海神殿,46,66,6,0,0,0,0,0,0,0,0,0,0,0,0,0,0,0,0,0,0,0,0,0,0,0,0,0,0,0,0,0
193,rush,12,demon_gate,魔界門,54,76,7,0,0,0,0,0,0,0,0,0,0,0,0,0,0,0,0,0,0,0,0,0,0,0,0,0,0,0,0,0
193,rush,13,sky_ruins,天空遺跡,68,86,7,0,0,0,0,0,0,0,0,0,0,0,0,0,0,0,0,0,0,0,0,0,0,0,0,0,0,0,0,0
194,balanced,1,meadow,はじまり草原,1,4,2,1,1,1,2,6,11,4,2,5,6,3,2,31,2,1,16,85,6,1,15,0,0,0,17,4,0,0,230,899
194,balanced,2,cave,こだま洞くつ,3,7,2,1,1,7,7,12,8,8,0,0,3,4,3,67,2,2,14,105,4,1,24,0,0,0,18,25,0,0,1570,1601
194,balanced,3,brook,しずく湖畔,5,10,3,1,1,12,12,16,21,20,1,0,3,10,9,66,2,2,33,120,3,1,9,0,0,0,35,29,0,0,1240,1000
194,balanced,4,volcano,ほむら火山,8,14,4,1,1,16,16,24,50,49,1,0,4,24,23,205,2,2,76,336,11,1,21,0,0,0,84,88,0,0,775,1243
194,balanced,5,tower,星晶の塔,12,20,5,1,1,24,24,27,21,20,1,0,3,9,8,51,2,2,32,102,2,1,9,0,0,0,32,58,0,0,963,1852
194,balanced,6,snowfield,霜降り雪原,16,25,4,1,1,27,25,29,14,13,1,0,3,6,5,88,2,2,22,133,4,1,19,0,0,0,24,76,0,0,1435,3631
194,balanced,7,thunder_ruins,雷鳴遺跡,21,31,5,1,1,29,27,30,11,10,1,0,3,4,3,58,2,2,17,91,1,1,22,0,0,0,18,65,0,0,2813,3056
194,balanced,8,prism_sanctuary,虹晶聖域,28,42,6,1,1,30,34,49,80,75,1,4,10,36,35,199,2,2,118,546,7,1,32,0,0,0,143,447,0,0,2368,4954
194,balanced,9,poison_bog,毒霧の沼地,34,48,5,1,1,49,50,50,5,4,1,0,5,1,0,6,2,2,8,42,1,1,7,0,0,0,10,0,0,0,3837,12474
194,balanced,10,machine_city,古代機械都市,39,57,6,1,1,50,51,62,54,53,1,0,5,25,24,306,2,2,81,455,12,1,22,0,0,0,85,641,0,0,9661,7342
194,balanced,11,deep_sea_temple,深海神殿,46,66,6,1,1,62,63,82,86,85,1,0,4,41,40,350,2,2,129,639,6,1,16,0,0,0,136,1101,0,0,5686,14780
194,balanced,12,demon_gate,魔界門,54,76,7,1,1,82,83,100,92,88,1,3,12,42,41,3628,2,2,136,4536,28,1,147,28,0,0,174,1128,0,0,11447,32279
194,balanced,13,sky_ruins,天空遺跡,68,86,7,1,0,100,100,0,167,166,1,0,2,80,80,12036,0,0,247,12473,67,1,151,80,0,0,250,0,0,0,24998,0
195,collector,1,meadow,はじまり草原,1,4,2,1,1,1,3,8,18,17,0,1,5,6,5,53,2,1,26,116,6,1,12,0,0,0,7,0,0,0,230,1408
195,collector,2,cave,こだま洞くつ,3,7,2,1,1,8,9,12,8,8,0,0,3,3,2,59,1,0,12,101,3,1,27,0,0,0,5,13,0,0,2238,1863
195,collector,3,brook,しずく湖畔,5,10,3,1,1,12,12,16,15,12,3,0,8,5,4,54,5,5,25,112,1,1,23,0,0,0,28,33,0,0,2197,1407
195,collector,4,volcano,ほむら火山,8,14,4,1,1,16,15,17,13,11,2,0,9,4,3,42,5,5,22,113,4,1,17,0,0,0,27,16,0,0,745,1591
195,collector,5,tower,星晶の塔,12,20,5,1,1,17,18,22,27,22,1,4,10,7,6,45,5,5,39,161,5,1,15,0,0,0,50,22,0,0,842,3461
195,collector,6,snowfield,霜降り雪原,16,25,4,1,1,22,21,28,31,27,4,0,9,10,9,347,5,5,46,431,9,1,68,4,0,0,44,100,0,0,1828,3377
195,collector,7,thunder_ruins,雷鳴遺跡,21,31,5,1,1,28,29,32,14,13,1,0,10,4,3,72,5,5,23,169,4,1,53,1,0,0,38,57,1,0,1784,3673
195,collector,8,prism_sanctuary,虹晶聖域,28,42,6,1,1,32,33,51,112,95,1,16,20,31,30,172,5,5,148,2546,31,1,71,34,0,0,226,452,0,0,1941,7806
195,collector,9,poison_bog,毒霧の沼地,34,48,5,1,1,51,52,53,8,6,2,0,7,2,1,9,5,5,15,53,1,1,7,0,0,0,20,67,0,0,4122,10294
195,collector,10,machine_city,古代機械都市,39,57,6,1,1,53,54,60,33,32,1,0,10,10,9,80,5,5,48,616,2,1,86,5,0,0,51,307,0,0,5434,13203
195,collector,11,deep_sea_temple,深海神殿,46,66,6,1,1,60,61,73,48,44,1,3,12,14,13,890,5,5,67,1260,9,1,97,16,0,0,70,503,0,0,6969,18346
195,collector,12,demon_gate,魔界門,54,76,7,1,1,73,72,79,26,23,2,1,9,7,6,524,5,5,38,983,6,1,79,12,0,0,42,464,0,0,9684,15883
195,collector,13,sky_ruins,天空遺跡,68,86,7,1,1,79,79,93,54,50,2,2,12,16,15,4054,5,5,75,4275,23,1,272,16,0,0,74,916,0,0,8383,20568
196,rush,1,meadow,はじまり草原,1,4,2,1,1,1,2,5,5,1,2,2,3,2,1,19,0,0,7,35,0,0,10,0,0,0,6,3,0,0,230,882
196,rush,2,cave,こだま洞くつ,3,7,2,1,1,5,6,12,13,13,0,0,0,12,11,97,0,0,25,131,0,0,10,0,0,0,36,29,0,0,882,1265
196,rush,3,brook,しずく湖畔,5,10,3,1,1,12,12,15,7,7,0,0,0,5,4,32,0,0,12,45,0,0,8,0,0,0,14,21,0,0,1265,1333
196,rush,4,volcano,ほむら火山,8,14,4,1,1,15,15,24,60,59,0,1,0,56,55,286,0,0,116,462,0,0,6,0,0,0,185,106,0,0,1333,983
196,rush,5,tower,星晶の塔,12,20,5,1,0,24,25,0,85,85,0,0,0,80,80,368,0,0,165,577,0,0,7,0,0,0,255,181,0,0,983,0
196,rush,6,snowfield,霜降り雪原,16,25,4,0,0,0,0,0,0,0,0,0,0,0,0,0,0,0,0,0,0,0,0,0,0,0,0,0,0,0,0,0
196,rush,7,thunder_ruins,雷鳴遺跡,21,31,5,0,0,0,0,0,0,0,0,0,0,0,0,0,0,0,0,0,0,0,0,0,0,0,0,0,0,0,0,0
196,rush,8,prism_sanctuary,虹晶聖域,28,42,6,0,0,0,0,0,0,0,0,0,0,0,0,0,0,0,0,0,0,0,0,0,0,0,0,0,0,0,0,0
196,rush,9,poison_bog,毒霧の沼地,34,48,5,0,0,0,0,0,0,0,0,0,0,0,0,0,0,0,0,0,0,0,0,0,0,0,0,0,0,0,0,0
196,rush,10,machine_city,古代機械都市,39,57,6,0,0,0,0,0,0,0,0,0,0,0,0,0,0,0,0,0,0,0,0,0,0,0,0,0,0,0,0,0
196,rush,11,deep_sea_temple,深海神殿,46,66,6,0,0,0,0,0,0,0,0,0,0,0,0,0,0,0,0,0,0,0,0,0,0,0,0,0,0,0,0,0
196,rush,12,demon_gate,魔界門,54,76,7,0,0,0,0,0,0,0,0,0,0,0,0,0,0,0,0,0,0,0,0,0,0,0,0,0,0,0,0,0
196,rush,13,sky_ruins,天空遺跡,68,86,7,0,0,0,0,0,0,0,0,0,0,0,0,0,0,0,0,0,0,0,0,0,0,0,0,0,0,0,0,0
197,balanced,1,meadow,はじまり草原,1,4,2,1,1,1,3,7,7,5,1,1,3,3,2,30,1,0,11,56,5,1,13,0,0,0,7,5,0,0,230,914
197,balanced,2,cave,こだま洞くつ,3,7,2,1,1,7,7,12,8,7,1,0,3,4,3,42,2,1,14,82,4,1,13,0,0,0,17,29,0,0,992,1616
197,balanced,3,brook,しずく湖畔,5,10,3,1,1,11,12,14,7,6,1,0,3,3,2,18,2,2,12,43,2,1,8,0,0,0,14,23,0,0,1557,1182
197,balanced,4,volcano,ほむら火山,8,14,4,1,1,14,14,17,6,5,1,0,5,2,1,28,2,2,10,54,1,1,23,0,0,0,11,25,0,0,917,1343
197,balanced,5,tower,星晶の塔,12,20,5,1,1,17,17,21,13,12,1,0,6,5,4,25,2,2,20,91,7,1,24,0,0,0,25,46,0,0,1041,3023
197,balanced,6,snowfield,霜降り雪原,16,25,4,1,1,21,24,25,5,3,1,1,5,1,0,25,2,2,8,66,2,1,25,0,0,0,12,0,0,0,2342,7069
197,balanced,7,thunder_ruins,雷鳴遺跡,21,31,5,1,1,25,26,30,13,12,1,0,6,5,4,55,2,2,20,120,4,1,16,0,0,0,21,112,0,0,5475,3063
197,balanced,8,prism_sanctuary,虹晶聖域,28,42,6,1,1,30,30,47,70,70,0,0,8,33,32,201,2,2,105,564,16,1,29,0,0,0,116,433,0,0,2373,7078
197,balanced,9,poison_bog,毒霧の沼地,34,48,5,1,1,47,47,48,5,4,1,0,5,1,0,6,2,2,8,44,0,0,9,0,0,0,8,0,0,0,5482,12553
197,balanced,10,machine_city,古代機械都市,39,57,6,1,1,48,50,56,26,25,1,0,3,11,10,108,2,2,39,178,9,1,22,0,0,0,42,383,0,0,9722,12669
197,balanced,11,deep_sea_temple,深海神殿,46,66,6,1,1,56,58,86,133,126,0,7,15,61,60,525,2,2,196,1158,57,1,43,0,0,0,224,1512,0,0,9812,16901
197,balanced,12,demon_gate,魔界門,54,76,7,1,1,86,87,100,80,76,1,3,10,36,35,355,2,2,118,601,24,1,19,0,0,0,140,984,0,0,13089,26549
197,balanced,13,sky_ruins,天空遺跡,68,86,7,1,1,100,100,100,103,102,1,0,5,49,48,8121,2,2,154,8466,1,1,191,47,0,0,155,0,0,0,20561,37864
198,collector,1,meadow,はじまり草原,1,4,2,1,1,1,3,6,8,7,1,0,2,3,2,28,1,0,12,55,6,1,12,0,0,0,6,1,0,0,230,1132
198,collector,2,cave,こだま洞くつ,3,7,2,1,1,6,4,10,11,9,2,0,3,4,3,59,1,0,16,114,5,1,20,0,0,0,7,8,0,0,1210,2414
198,collector,3,brook,しずく湖畔,5,10,3,1,1,10,11,15,18,16,2,0,7,6,5,42,5,5,29,105,2,1,9,0,0,0,33,27,0,0,3048,2239
198,collector,4,volcano,ほむら火山,8,14,4,1,1,15,13,18,29,25,3,1,9,9,8,99,5,5,43,210,3,1,21,0,0,0,46,26,1,0,1183,1586
198,collector,5,tower,星晶の塔,12,20,5,1,1,18,18,25,54,48,2,4,12,16,15,216,5,5,75,511,8,1,60,1,0,0,84,47,0,0,839,4865
198,collector,6,snowfield,霜降り雪原,16,25,4,1,1,25,26,32,28,25,3,0,8,9,8,811,5,5,42,889,10,1,97,9,0,0,43,96,0,0,2569,2979
198,collector,7,thunder_ruins,雷鳴遺跡,21,31,5,1,1,32,32,38,36,33,2,1,8,11,10,850,5,5,52,1010,4,1,116,8,0,0,51,102,0,0,1575,3624
198,collector,8,prism_sanctuary,虹晶聖域,28,42,6,1,1,38,37,48,60,54,3,3,11,18,17,137,5,5,83,1584,11,1,77,19,0,0,95,271,0,0,1915,7747
198,collector,9,poison_bog,毒霧の沼地,34,48,5,1,1,48,49,51,11,9,2,0,9,3,2,18,5,5,19,84,2,1,9,0,0,0,27,117,0,0,4090,7881
198,collector,10,machine_city,古代機械都市,39,57,6,1,1,51,49,62,65,61,2,2,12,20,19,127,5,5,90,1640,34,1,97,15,0,0,145,525,1,0,4161,12985
198,collector,11,deep_sea_temple,深海神殿,46,66,6,1,1,62,60,79,113,86,1,26,27,28,27,942,5,5,146,4105,39,1,192,29,0,0,245,873,1,0,6854,18335
198,collector,12,demon_gate,魔界門,54,76,7,1,1,79,80,85,29,21,1,7,15,6,5,1252,5,5,40,1824,14,1,217,12,0,0,58,309,0,0,9678,16622
198,collector,13,sky_ruins,天空遺跡,68,86,7,1,0,85,86,0,40,34,3,3,7,11,10,4225,0,0,51,4678,8,1,400,13,0,1,46,637,0,0,8774,0
199,rush,1,meadow,はじまり草原,1,4,2,1,1,1,2,6,4,2,2,0,2,3,2,34,0,0,7,45,0,0,13,0,0,0,8,8,0,0,230,705
199,rush,2,cave,こだま洞くつ,3,7,2,1,1,6,7,13,14,14,0,0,0,13,12,95,0,0,27,126,0,0,10,0,0,0,38,36,0,0,705,509
199,rush,3,brook,しずく湖畔,5,10,3,1,1,13,13,14,4,4,0,0,0,2,1,12,0,0,6,21,0,0,6,0,0,0,6,8,0,0,509,1333
199,rush,4,volcano,ほむら火山,8,14,4,1,1,14,15,23,55,55,0,0,0,52,51,264,0,0,107,426,0,0,6,0,0,0,166,88,0,0,1333,1312
199,rush,5,tower,星晶の塔,12,20,5,1,0,23,24,0,87,85,0,2,0,80,80,341,0,0,167,570,0,0,7,0,0,0,265,187,0,0,1312,0
199,rush,6,snowfield,霜降り雪原,16,25,4,0,0,0,0,0,0,0,0,0,0,0,0,0,0,0,0,0,0,0,0,0,0,0,0,0,0,0,0,0
199,rush,7,thunder_ruins,雷鳴遺跡,21,31,5,0,0,0,0,0,0,0,0,0,0,0,0,0,0,0,0,0,0,0,0,0,0,0,0,0,0,0,0,0
199,rush,8,prism_sanctuary,虹晶聖域,28,42,6,0,0,0,0,0,0,0,0,0,0,0,0,0,0,0,0,0,0,0,0,0,0,0,0,0,0,0,0,0
199,rush,9,poison_bog,毒霧の沼地,34,48,5,0,0,0,0,0,0,0,0,0,0,0,0,0,0,0,0,0,0,0,0,0,0,0,0,0,0,0,0,0
199,rush,10,machine_city,古代機械都市,39,57,6,0,0,0,0,0,0,0,0,0,0,0,0,0,0,0,0,0,0,0,0,0,0,0,0,0,0,0,0,0
199,rush,11,deep_sea_temple,深海神殿,46,66,6,0,0,0,0,0,0,0,0,0,0,0,0,0,0,0,0,0,0,0,0,0,0,0,0,0,0,0,0,0
199,rush,12,demon_gate,魔界門,54,76,7,0,0,0,0,0,0,0,0,0,0,0,0,0,0,0,0,0,0,0,0,0,0,0,0,0,0,0,0,0
199,rush,13,sky_ruins,天空遺跡,68,86,7,0,0,0,0,0,0,0,0,0,0,0,0,0,0,0,0,0,0,0,0,0,0,0,0,0,0,0,0,0
200,balanced,1,meadow,はじまり草原,1,4,2,1,1,1,2,6,6,4,2,0,4,3,2,35,2,0,11,71,7,1,15,0,0,0,9,5,0,0,230,914
200,balanced,2,cave,こだま洞くつ,3,7,2,1,1,8,8,11,6,5,1,0,3,3,2,46,2,2,11,79,4,1,20,0,0,0,15,18,0,0,2570,2139
200,balanced,3,brook,しずく湖畔,5,10,3,1,1,11,12,15,13,12,1,0,3,6,5,40,2,2,21,79,3,1,9,0,0,0,23,34,0,0,1658,1007
200,balanced,4,volcano,ほむら火山,8,14,4,1,1,15,14,16,10,9,1,0,3,4,3,46,2,2,16,85,3,1,22,0,0,0,17,13,0,0,781,2434
200,balanced,5,tower,星晶の塔,12,20,5,1,1,16,17,23,23,22,1,0,4,10,9,72,2,2,35,126,3,1,15,0,0,0,37,65,0,0,1885,3070
200,balanced,6,snowfield,霜降り雪原,16,25,4,1,1,23,23,32,32,31,1,0,6,15,14,99,2,2,49,184,11,1,12,0,0,0,52,149,0,0,2378,2467
200,balanced,7,thunder_ruins,雷鳴遺跡,21,31,5,1,1,32,32,37,25,24,1,0,3,11,10,71,2,2,38,114,8,1,12,0,0,0,38,111,0,0,1911,3067
200,balanced,8,prism_sanctuary,虹晶聖域,28,42,6,1,1,37,38,61,148,144,0,4,7,70,69,314,2,2,220,681,38,1,9,0,0,0,242,841,0,0,2376,7129
200,balanced,9,poison_bog,毒霧の沼地,34,48,5,1,1,61,62,62,5,4,1,0,3,1,0,6,2,2,8,27,0,0,6,0,0,0,8,0,0,0,5522,12699
200,balanced,10,machine_city,古代機械都市,39,57,6,1,1,62,61,72,62,61,1,0,3,29,28,166,2,2,93,281,15,1,8,0,0,0,92,727,0,0,9835,12065
200,balanced,11,deep_sea_temple,深海神殿,46,66,6,1,1,72,72,89,89,85,1,3,7,41,40,309,2,2,132,606,28,1,21,0,0,0,143,1105,0,0,9344,16845
200,balanced,12,demon_gate,魔界門,54,76,7,1,0,89,90,0,168,166,1,1,2,80,80,10079,0,0,248,10602,9,1,287,57,0,0,257,843,0,0,13046,0
200,balanced,13,sky_ruins,天空遺跡,68,86,7,0,0,0,0,0,0,0,0,0,0,0,0,0,0,0,0,0,0,0,0,0,0,0,0,0,0,0,0,0
201,collector,1,meadow,はじまり草原,1,4,2,1,1,1,3,6,8,6,2,0,4,3,2,39,2,1,13,89,3,1,16,0,0,0,13,1,0,0,230,1162
201,collector,2,cave,こだま洞くつ,3,7,2,1,1,7,5,10,8,7,1,0,2,3,2,46,1,0,12,88,4,1,20,0,0,0,6,8,0,0,1281,2620
201,collector,3,brook,しずく湖畔,5,10,3,1,1,10,10,15,18,15,3,0,4,6,5,53,1,0,25,85,5,1,11,0,0,0,18,24,0,0,3014,1307
201,collector,4,volcano,ほむら火山,8,14,4,1,1,13,15,18,7,4,3,0,8,2,1,17,5,5,14,75,1,1,13,0,0,0,21,13,0,0,2414,5029
201,collector,5,tower,星晶の塔,12,20,5,1,1,18,17,21,20,17,3,0,8,6,5,54,5,5,31,135,3,1,21,0,0,0,37,46,0,0,2655,2659
201,collector,6,snowfield,霜降り雪原,16,25,4,1,1,21,23,27,19,17,2,0,8,6,5,201,5,5,30,275,5,1,46,0,0,0,34,72,0,0,1405,2951
201,collector,7,thunder_ruins,雷鳴遺跡,21,31,5,1,1,27,29,31,11,10,1,0,7,3,2,32,5,5,19,94,3,1,15,0,0,0,25,33,0,0,1559,6265
201,collector,8,prism_sanctuary,虹晶聖域,28,42,6,1,1,31,32,51,97,95,1,1,7,31,30,178,5,5,133,2251,20,1,73,30,0,0,145,496,0,0,3308,5620
201,collector,9,poison_bog,毒霧の沼地,34,48,5,1,1,51,52,53,5,2,3,0,10,1,0,7,5,5,11,68,1,1,9,0,0,0,21,0,0,0,2968,16752
201,collector,10,machine_city,古代機械都市,39,57,6,1,1,53,54,59,25,21,3,1,10,7,6,60,5,5,37,163,3,1,16,0,0,0,43,240,0,0,8842,15032
201,collector,11,deep_sea_temple,深海神殿,46,66,6,1,1,59,58,76,73,70,2,1,9,23,22,143,5,5,101,2977,30,1,99,29,0,0,123,837,0,0,7935,10944
201,collector,12,demon_gate,魔界門,54,76,7,1,1,76,78,92,55,51,1,3,15,16,15,97,5,5,76,1371,6,1,104,9,0,0,125,789,0,0,5777,15381
201,collector,13,sky_ruins,天空遺跡,68,86,7,1,1,92,87,100,100,96,4,0,9,32,31,4639,5,5,137,6190,46,1,204,32,0,0,123,944,0,0,8119,43983
202,rush,1,meadow,はじまり草原,1,4,2,1,1,1,2,7,14,5,1,8,7,5,4,39,0,0,19,79,0,0,8,0,0,0,17,8,0,0,230,561
202,rush,2,cave,こだま洞くつ,3,7,2,1,1,7,7,10,6,5,1,0,1,5,4,41,0,0,11,52,0,0,9,0,0,0,13,10,0,0,561,701
202,rush,3,brook,しずく湖畔,5,10,3,1,1,10,11,14,6,6,0,0,0,4,3,23,0,0,10,31,0,0,7,0,0,0,11,29,0,0,701,1141
202,rush,4,volcano,ほむら火山,8,14,4,1,1,14,15,17,15,15,0,0,0,12,11,70,0,0,27,97,0,0,7,0,0,0,35,31,0,0,1141,976
202,rush,5,tower,星晶の塔,12,20,5,1,1,17,19,29,58,58,0,0,0,54,53,248,0,0,112,385,0,0,7,0,0,0,168,156,0,0,976,1552
202,rush,6,snowfield,霜降り雪原,16,25,4,1,1,29,30,38,54,54,0,0,0,51,50,292,0,0,105,407,0,0,8,0,0,0,152,200,0,0,1552,2038
202,rush,7,thunder_ruins,雷鳴遺跡,21,31,5,1,1,38,39,45,48,48,0,0,0,44,43,241,0,0,92,318,0,0,7,0,0,0,131,204,0,0,2038,3882
202,rush,8,prism_sanctuary,虹晶聖域,28,42,6,1,0,45,46,0,90,86,0,4,0,80,80,328,0,0,170,612,0,0,7,0,0,0,287,568,0,0,3882,0
202,rush,9,poison_bog,毒霧の沼地,34,48,5,0,0,0,0,0,0,0,0,0,0,0,0,0,0,0,0,0,0,0,0,0,0,0,0,0,0,0,0,0
202,rush,10,machine_city,古代機械都市,39,57,6,0,0,0,0,0,0,0,0,0,0,0,0,0,0,0,0,0,0,0,0,0,0,0,0,0,0,0,0,0
202,rush,11,deep_sea_temple,深海神殿,46,66,6,0,0,0,0,0,0,0,0,0,0,0,0,0,0,0,0,0,0,0,0,0,0,0,0,0,0,0,0,0
202,rush,12,demon_gate,魔界門,54,76,7,0,0,0,0,0,0,0,0,0,0,0,0,0,0,0,0,0,0,0,0,0,0,0,0,0,0,0,0,0
202,rush,13,sky_ruins,天空遺跡,68,86,7,0,0,0,0,0,0,0,0,0,0,0,0,0,0,0,0,0,0,0,0,0,0,0,0,0,0,0,0,0
203,balanced,1,meadow,はじまり草原,1,4,2,1,1,1,2,6,8,4,2,2,6,3,2,24,2,0,13,59,2,1,14,0,0,0,9,5,0,0,230,870
203,balanced,2,cave,こだま洞くつ,3,7,2,1,1,8,8,9,2,1,1,0,3,1,0,21,2,2,5,43,1,1,21,0,0,0,8,0,0,0,2526,3298
203,balanced,3,brook,しずく湖畔,5,10,3,1,1,9,10,14,9,9,0,0,2,4,3,22,2,2,15,48,0,0,7,0,0,0,17,38,0,0,2555,1177
203,balanced,4,volcano,ほむら火山,8,14,4,1,1,14,14,15,4,3,1,0,3,1,0,4,1,0,6,23,0,0,7,0,0,0,5,0,0,0,912,2408
203,balanced,5,tower,星晶の塔,12,20,5,1,1,14,17,22,16,14,1,1,5,6,5,28,2,2,24,87,5,1,8,0,0,0,25,88,0,0,3865,1798
203,balanced,6,snowfield,霜降り雪原,16,25,4,1,1,22,22,27,14,13,1,0,3,6,5,67,2,2,22,118,2,1,23,0,0,0,22,85,0,0,1394,2779
203,balanced,7,thunder_ruins,雷鳴遺跡,21,31,5,1,1,27,28,33,23,22,1,0,6,10,9,55,2,2,35,123,4,1,8,0,0,0,37,101,0,0,2153,5326
203,balanced,8,prism_sanctuary,虹晶聖域,28,42,6,1,1,33,33,51,96,88,0,8,12,42,41,230,2,2,140,704,19,1,32,0,0,0,175,496,0,0,4125,4922
203,balanced,9,poison_bog,毒霧の沼地,34,48,5,1,1,51,51,53,9,8,1,0,6,3,2,18,2,2,14,64,3,1,8,0,0,0,16,111,0,0,3813,14268
203,balanced,10,machine_city,古代機械都市,39,57,6,1,1,53,54,60,26,25,1,0,3,11,10,75,2,2,39,133,3,1,11,0,0,0,38,357,0,0,11050,14285
203,balanced,11,deep_sea_temple,深海神殿,46,66,6,1,1,60,61,82,94,93,1,0,3,45,44,1435,2,2,141,1713,31,1,112,20,0,0,148,1265,0,0,11063,9826
203,balanced,12,demon_gate,魔界門,54,76,7,1,1,82,84,96,59,48,1,10,17,22,21,2547,2,2,83,3662,43,1,126,36,0,0,129,736,0,0,7610,14187
203,balanced,13,sky_ruins,天空遺跡,68,86,7,1,0,96,97,0,167,166,1,0,2,80,80,11279,0,0,247,11713,59,1,143,80,0,0,245,391,0,0,10987,0
204,collector,1,meadow,はじまり草原,1,4,2,1,1,1,2,7,18,16,1,1,4,6,5,69,2,0,26,136,11,1,17,0,0,0,15,0,0,0,230,1172
204,collector,2,cave,こだま洞くつ,3,7,2,1,1,9,9,11,8,7,1,0,3,3,2,33,2,1,13,85,4,1,15,0,0,0,7,9,0,0,2798,2434
204,collector,3,brook,しずく湖畔,5,10,3,1,1,12,8,13,12,9,3,0,8,4,3,23,5,3,21,82,4,1,11,0,0,0,15,17,0,0,2516,2425
204,collector,4,volcano,ほむら火山,8,14,4,1,1,14,15,17,10,7,3,0,9,3,2,51,5,5,18,119,5,1,17,0,0,0,27,22,1,0,3059,3098
204,collector,5,tower,星晶の塔,12,20,5,1,1,17,18,22,23,22,1,0,6,7,6,31,5,5,35,193,3,1,18,0,0,0,41,36,0,0,1636,4480
204,collector,6,snowfield,霜降り雪原,16,25,4,1,1,22,23,29,31,29,2,0,8,10,9,329,5,5,46,464,13,1,44,0,0,0,48,117,0,0,2366,2955
204,collector,7,thunder_ruins,雷鳴遺跡,21,31,5,1,1,29,30,36,29,27,2,0,8,9,8,173,5,5,43,259,4,1,30,0,0,0,41,77,0,0,1562,8389
204,collector,8,prism_sanctuary,虹晶聖域,28,42,6,1,1,36,37,64,175,173,1,1,8,57,56,333,5,5,237,2021,32,1,41,0,0,0,223,926,0,0,4430,12553
204,collector,9,poison_bog,毒霧の沼地,34,48,5,1,1,64,64,65,5,3,2,0,8,1,0,6,5,5,11,53,1,1,8,0,0,0,18,0,0,0,6627,12319
204,collector,10,machine_city,古代機械都市,39,57,6,1,1,65,65,71,36,34,2,0,10,11,10,168,5,5,52,367,10,1,54,1,0,0,50,384,0,0,6504,8222
204,collector,11,deep_sea_temple,深海神殿,46,66,6,1,1,71,68,94,149,139,2,8,15,46,45,4355,5,5,200,5402,16,1,272,35,0,0,192,1551,0,0,4341,11295
204,collector,12,demon_gate,魔界門,54,76,7,1,1,94,88,100,169,155,2,12,18,51,50,11489,5,5,225,16316,98,1,246,76,0,0,336,824,1,0,5963,37639
204,collector,13,sky_ruins,天空遺跡,68,86,7,1,0,100,100,0,58,47,3,8,11,15,15,3669,0,0,73,4635,13,1,245,24,0,0,82,0,0,0,19866,0
205,rush,1,meadow,はじまり草原,1,4,2,1,1,1,2,6,7,3,1,3,4,3,2,26,0,0,10,50,0,0,10,0,0,0,8,7,0,0,230,710
205,rush,2,cave,こだま洞くつ,3,7,2,1,1,6,7,10,5,4,1,0,2,4,3,34,0,0,9,49,0,0,9,0,0,0,11,15,0,0,710,1409
205,rush,3,brook,しずく湖畔,5,10,3,1,1,10,11,13,4,4,0,0,0,2,1,12,0,0,6,20,0,0,6,0,0,0,5,21,0,0,1409,1468
205,rush,4,volcano,ほむら火山,8,14,4,1,1,13,14,17,12,12,0,0,0,9,8,50,0,0,21,77,0,0,8,0,0,0,26,33,0,0,1468,957
205,rush,5,tower,星晶の塔,12,20,5,1,0,17,18,0,85,85,0,0,0,80,80,388,0,0,165,619,0,0,7,0,0,0,254,205,0,0,957,0
205,rush,6,snowfield,霜降り雪原,16,25,4,0,0,0,0,0,0,0,0,0,0,0,0,0,0,0,0,0,0,0,0,0,0,0,0,0,0,0,0,0
205,rush,7,thunder_ruins,雷鳴遺跡,21,31,5,0,0,0,0,0,0,0,0,0,0,0,0,0,0,0,0,0,0,0,0,0,0,0,0,0,0,0,0,0
205,rush,8,prism_sanctuary,虹晶聖域,28,42,6,0,0,0,0,0,0,0,0,0,0,0,0,0,0,0,0,0,0,0,0,0,0,0,0,0,0,0,0,0
205,rush,9,poison_bog,毒霧の沼地,34,48,5,0,0,0,0,0,0,0,0,0,0,0,0,0,0,0,0,0,0,0,0,0,0,0,0,0,0,0,0,0
205,rush,10,machine_city,古代機械都市,39,57,6,0,0,0,0,0,0,0,0,0,0,0,0,0,0,0,0,0,0,0,0,0,0,0,0,0,0,0,0,0
205,rush,11,deep_sea_temple,深海神殿,46,66,6,0,0,0,0,0,0,0,0,0,0,0,0,0,0,0,0,0,0,0,0,0,0,0,0,0,0,0,0,0
205,rush,12,demon_gate,魔界門,54,76,7,0,0,0,0,0,0,0,0,0,0,0,0,0,0,0,0,0,0,0,0,0,0,0,0,0,0,0,0,0
205,rush,13,sky_ruins,天空遺跡,68,86,7,0,0,0,0,0,0,0,0,0,0,0,0,0,0,0,0,0,0,0,0,0,0,0,0,0,0,0,0,0
206,balanced,1,meadow,はじまり草原,1,4,2,1,1,1,3,7,7,5,1,1,3,3,2,28,1,0,11,52,3,1,12,0,0,0,7,5,0,0,230,914
206,balanced,2,cave,こだま洞くつ,3,7,2,1,1,7,7,11,6,5,1,0,3,3,2,32,2,1,11,61,2,1,16,0,0,0,7,15,0,0,992,2543
206,balanced,3,brook,しずく湖畔,5,10,3,1,1,11,10,12,5,4,1,0,3,2,1,17,2,2,9,37,0,0,10,0,0,0,7,9,0,0,2372,2491
206,balanced,4,volcano,ほむら火山,8,14,4,1,1,12,12,20,34,31,1,2,6,15,14,89,2,2,51,195,10,1,10,0,0,0,58,75,0,0,1930,1256
206,balanced,5,tower,星晶の塔,12,20,5,1,1,20,19,28,52,50,1,1,4,24,23,154,2,2,78,327,5,1,17,0,0,0,78,108,0,0,974,3038
206,balanced,6,snowfield,霜降り雪原,16,25,4,1,1,28,29,32,12,12,0,0,4,5,4,48,2,2,19,85,2,1,14,0,0,0,20,88,0,0,2354,2381
206,balanced,7,thunder_ruins,雷鳴遺跡,21,31,5,1,1,32,32,37,27,26,1,0,5,12,11,264,2,2,41,337,4,1,31,0,0,0,42,112,0,0,1845,3593
206,balanced,8,prism_sanctuary,虹晶聖域,28,42,6,1,1,37,38,59,129,127,1,1,5,62,61,425,2,2,193,910,9,1,29,0,0,0,208,758,0,0,2783,7231
206,balanced,9,poison_bog,毒霧の沼地,34,48,5,1,1,59,59,63,23,22,1,0,4,10,9,79,2,2,35,138,1,1,12,0,0,0,35,275,0,0,5601,5904
206,balanced,10,machine_city,古代機械都市,39,57,6,1,1,63,62,74,78,77,1,0,4,37,36,299,2,2,117,524,17,1,27,0,0,0,117,749,0,0,4573,11856
206,balanced,11,deep_sea_temple,深海神殿,46,66,6,1,1,74,74,87,68,67,1,0,3,32,31,2349,2,2,102,2526,40,1,117,30,0,0,105,927,0,0,9182,17198
206,balanced,12,demon_gate,魔界門,54,76,7,1,1,87,88,100,52,50,1,1,4,23,22,2979,2,2,77,3146,33,1,137,23,0,0,83,931,0,0,13319,15794
206,balanced,13,sky_ruins,天空遺跡,68,86,7,1,0,100,100,0,169,166,1,2,5,80,80,11514,0,0,249,11983,0,0,145,80,0,0,254,0,0,0,12232,0
207,collector,1,meadow,はじまり草原,1,4,2,1,1,1,2,5,6,3,2,1,6,2,1,21,3,1,11,86,3,1,20,0,0,0,11,0,0,0,230,1245
207,collector,2,cave,こだま洞くつ,3,7,2,1,1,7,7,11,8,7,1,0,6,3,2,42,5,5,16,103,2,1,16,0,0,0,22,9,0,0,2792,2704
207,collector,3,brook,しずく湖畔,5,10,3,1,1,11,9,14,24,21,3,0,8,8,7,65,5,5,37,160,6,1,16,0,0,0,40,11,0,0,1429,2232
207,collector,4,volcano,ほむら火山,8,14,4,1,1,14,15,18,19,17,2,0,9,6,5,140,5,5,30,240,6,1,30,0,0,0,34,22,0,0,1181,1633
207,collector,5,tower,星晶の塔,12,20,5,1,1,18,17,24,39,36,2,1,9,12,11,128,5,5,56,273,6,1,23,0,0,0,58,43,0,0,865,3433
207,collector,6,snowfield,霜降り雪原,16,25,4,1,1,24,25,34,49,48,1,0,6,16,15,477,5,5,70,656,16,1,55,1,0,0,63,141,0,0,1814,2878
207,collector,7,thunder_ruins,雷鳴遺跡,21,31,5,1,1,34,33,37,26,24,2,0,9,8,7,219,5,5,39,303,9,1,31,0,0,0,38,93,0,0,1521,3673
207,collector,8,prism_sanctuary,虹晶聖域,28,42,6,1,1,37,37,57,128,119,1,8,8,39,38,465,5,5,172,1996,19,1,55,3,0,0,156,595,1,0,1941,7669
207,collector,9,poison_bog,毒霧の沼地,34,48,5,1,1,57,57,63,44,40,4,0,10,14,13,162,5,5,63,728,9,1,50,1,0,0,81,323,1,0,4049,6540
207,collector,10,machine_city,古代機械都市,39,57,6,1,1,63,63,72,65,60,3,2,13,20,19,406,5,5,90,966,19,1,66,4,0,0,97,517,0,0,3454,12944
207,collector,11,deep_sea_temple,深海神殿,46,66,6,1,1,72,73,86,75,70,2,3,12,23,22,2999,5,5,103,3248,20,1,186,22,0,0,94,803,0,0,6833,18047
207,collector,12,demon_gate,魔界門,54,76,7,1,1,86,88,100,64,59,2,3,14,19,18,4052,5,5,88,4306,27,1,229,19,0,0,83,852,0,0,9526,22187
207,collector,13,sky_ruins,天空遺跡,68,86,7,1,1,100,90,93,16,13,3,0,10,4,3,694,5,5,25,787,1,1,176,4,0,0,26,338,0,0,11711,20903
208,rush,1,meadow,はじまり草原,1,4,2,1,1,1,3,7,7,6,0,1,3,5,4,26,0,0,12,43,0,0,7,0,0,0,5,9,0,0,230,577
208,rush,2,cave,こだま洞くつ,3,7,2,1,1,7,7,13,22,19,1,2,3,19,18,124,0,0,41,172,0,0,9,0,0,0,39,34,0,0,577,559
208,rush,3,brook,しずく湖畔,5,10,3,1,1,13,14,16,11,10,1,0,3,9,8,56,0,0,20,79,0,0,9,0,0,0,26,15,0,0,559,2033
208,rush,4,volcano,ほむら火山,8,14,4,1,1,16,17,19,6,6,0,0,0,3,2,18,0,0,9,31,0,0,7,0,0,0,8,44,0,0,2033,1278
208,rush,5,tower,星晶の塔,12,20,5,1,0,19,20,0,86,85,0,1,0,80,80,416,0,0,166,642,0,0,8,0,0,0,253,187,0,0,1278,0
208,rush,6,snowfield,霜降り雪原,16,25,4,0,0,0,0,0,0,0,0,0,0,0,0,0,0,0,0,0,0,0,0,0,0,0,0,0,0,0,0,0
208,rush,7,thunder_ruins,雷鳴遺跡,21,31,5,0,0,0,0,0,0,0,0,0,0,0,0,0,0,0,0,0,0,0,0,0,0,0,0,0,0,0,0,0
208,rush,8,prism_sanctuary,虹晶聖域,28,42,6,0,0,0,0,0,0,0,0,0,0,0,0,0,0,0,0,0,0,0,0,0,0,0,0,0,0,0,0,0
208,rush,9,poison_bog,毒霧の沼地,34,48,5,0,0,0,0,0,0,0,0,0,0,0,0,0,0,0,0,0,0,0,0,0,0,0,0,0,0,0,0,0
208,rush,10,machine_city,古代機械都市,39,57,6,0,0,0,0,0,0,0,0,0,0,0,0,0,0,0,0,0,0,0,0,0,0,0,0,0,0,0,0,0
208,rush,11,deep_sea_temple,深海神殿,46,66,6,0,0,0,0,0,0,0,0,0,0,0,0,0,0,0,0,0,0,0,0,0,0,0,0,0,0,0,0,0
208,rush,12,demon_gate,魔界門,54,76,7,0,0,0,0,0,0,0,0,0,0,0,0,0,0,0,0,0,0,0,0,0,0,0,0,0,0,0,0,0
208,rush,13,sky_ruins,天空遺跡,68,86,7,0,0,0,0,0,0,0,0,0,0,0,0,0,0,0,0,0,0,0,0,0,0,0,0,0,0,0,0,0
209,balanced,1,meadow,はじまり草原,1,4,2,1,1,1,2,6,6,5,1,0,4,3,2,22,2,2,11,57,5,1,11,0,0,0,9,6,0,0,230,871
209,balanced,2,cave,こだま洞くつ,3,7,2,1,1,6,7,12,12,11,1,0,3,6,5,48,2,2,20,92,4,1,10,0,0,0,22,20,0,0,675,1465
209,balanced,3,brook,しずく湖畔,5,10,3,1,1,12,12,15,7,6,1,0,3,3,2,19,2,2,12,45,4,1,8,0,0,0,14,20,0,0,1136,1599
209,balanced,4,volcano,ほむら火山,8,14,4,1,1,15,14,17,8,7,1,0,4,3,2,19,2,2,13,50,4,1,8,0,0,0,15,29,0,0,1240,1209
209,balanced,5,tower,星晶の塔,12,20,5,1,1,17,18,23,24,22,1,1,4,10,9,58,2,2,36,119,6,1,11,0,0,0,38,62,0,0,937,1843
209,balanced,6,snowfield,霜降り雪原,16,25,4,1,1,23,23,27,10,9,1,0,3,4,3,50,2,2,16,102,0,0,17,0,0,0,17,83,0,0,1428,2405
209,balanced,7,thunder_ruins,雷鳴遺跡,21,31,5,1,1,27,28,35,31,30,1,0,6,14,13,201,2,2,47,269,5,1,47,0,0,0,47,133,0,0,1863,4267
209,balanced,8,prism_sanctuary,虹晶聖域,28,42,6,1,1,35,34,50,81,77,1,3,10,37,36,221,2,2,120,542,27,1,34,0,0,0,141,456,0,0,3305,5033
209,balanced,9,poison_bog,毒霧の沼地,34,48,5,1,1,50,50,51,5,4,1,0,5,1,0,5,2,2,8,33,0,0,6,0,0,0,8,0,0,0,3899,11121
209,balanced,10,machine_city,古代機械都市,39,57,6,1,1,51,52,59,30,30,0,0,8,13,12,92,2,2,45,181,12,1,12,0,0,0,53,415,0,0,8613,9304
209,balanced,11,deep_sea_temple,深海神殿,46,66,6,1,1,59,59,85,118,116,0,2,10,56,55,1640,2,2,176,2089,54,1,69,22,0,0,200,1439,0,0,7206,10093
209,balanced,12,demon_gate,魔界門,54,76,7,1,1,85,86,100,57,56,1,0,3,26,25,1912,2,2,85,2533,37,1,77,32,0,0,106,919,0,0,7817,18887
209,balanced,13,sky_ruins,天空遺跡,68,86,7,1,0,100,99,0,167,166,1,0,1,80,80,19824,0,0,247,20316,0,0,284,80,0,0,241,27,0,0,14627,0
210,collector,1,meadow,はじまり草原,1,4,2,1,1,1,3,6,9,7,1,1,2,3,2,26,1,0,13,60,4,1,12,0,0,0,7,0,0,0,230,1165
210,collector,2,cave,こだま洞くつ,3,7,2,1,1,6,6,9,6,4,1,1,5,2,1,24,3,2,11,79,1,1,13,0,0,0,9,4,0,0,1243,3329
210,collector,3,brook,しずく湖畔,5,10,3,1,1,10,10,13,12,9,3,0,8,4,3,28,5,5,21,85,1,1,9,0,0,0,25,21,0,0,2713,1567
210,collector,4,volcano,ほむら火山,8,14,4,1,1,13,14,18,16,14,2,0,8,5,4,44,5,5,26,154,4,1,21,0,0,0,33,25,0,0,829,1949
210,collector,5,tower,星晶の塔,12,20,5,1,1,18,17,24,35,33,2,0,9,11,10,92,5,5,51,211,3,1,20,0,0,0,50,48,0,0,1031,3465
210,collector,6,snowfield,霜降り雪原,16,25,4,1,1,24,22,29,31,28,3,0,9,10,9,456,5,5,46,620,10,1,52,3,0,0,46,108,0,0,1830,2924
210,collector,7,thunder_ruins,雷鳴遺跡,21,31,5,1,1,29,30,34,23,20,3,0,9,7,6,136,5,5,35,361,2,1,34,0,0,0,46,64,1,0,1546,3645
210,collector,8,prism_sanctuary,虹晶聖域,28,42,6,1,1,34,35,58,132,131,1,0,6,43,42,426,5,5,180,3242,28,1,113,17,0,0,225,684,0,0,1926,7824
210,collector,9,poison_bog,毒霧の沼地,34,48,5,1,1,58,58,59,5,4,1,0,10,1,0,10,5,5,11,88,0,0,10,0,0,0,22,0,0,0,4131,10615
210,collector,10,machine_city,古代機械都市,39,57,6,1,1,59,59,68,54,50,4,0,11,17,16,67,5,5,76,262,20,1,10,0,0,0,59,492,1,0,5603,14015
210,collector,11,deep_sea_temple,深海神殿,46,66,6,1,1,68,52,92,137,130,2,5,10,43,42,2176,5,5,185,3034,28,1,201,27,0,0,169,1464,0,0,7398,18053
210,collector,12,demon_gate,魔界門,54,76,7,1,1,92,93,98,27,20,2,5,17,6,5,1249,5,5,38,3592,22,1,211,21,0,0,73,365,0,0,9529,15645
210,collector,13,sky_ruins,天空遺跡,68,86,7,1,1,98,87,97,40,36,4,0,10,12,11,2536,5,5,57,2676,15,1,233,12,0,0,55,698,0,0,8258,20449
211,rush,1,meadow,はじまり草原,1,4,2,1,1,1,3,7,5,3,1,1,2,3,2,22,0,0,8,35,0,0,8,0,0,0,6,8,0,0,230,716
211,rush,2,cave,こだま洞くつ,3,7,2,1,1,7,7,10,6,5,1,0,1,5,4,41,0,0,11,59,0,0,10,0,0,0,15,16,0,0,716,1389
211,rush,3,brook,しずく湖畔,5,10,3,1,1,10,11,14,8,8,0,0,0,6,5,30,0,0,14,46,0,0,6,0,0,0,17,27,0,0,1389,1191
211,rush,4,volcano,ほむら火山,8,14,4,1,1,14,15,19,13,13,0,0,0,10,9,62,0,0,23,85,0,0,7,0,0,0,29,41,0,0,1191,976
211,rush,5,tower,星晶の塔,12,20,5,1,1,19,20,31,69,69,0,0,0,65,64,322,0,0,134,483,0,0,7,0,0,0,198,169,0,0,976,1534
211,rush,6,snowfield,霜降り雪原,16,25,4,1,1,31,31,38,45,45,0,0,0,42,41,251,0,0,87,350,0,0,8,0,0,0,125,176,0,0,1534,2056
211,rush,7,thunder_ruins,雷鳴遺跡,21,31,5,1,0,38,39,0,85,85,0,0,0,80,80,465,0,0,165,616,0,0,8,0,0,0,240,361,0,0,2056,0
211,rush,8,prism_sanctuary,虹晶聖域,28,42,6,0,0,0,0,0,0,0,0,0,0,0,0,0,0,0,0,0,0,0,0,0,0,0,0,0,0,0,0,0
211,rush,9,poison_bog,毒霧の沼地,34,48,5,0,0,0,0,0,0,0,0,0,0,0,0,0,0,0,0,0,0,0,0,0,0,0,0,0,0,0,0,0
211,rush,10,machine_city,古代機械都市,39,57,6,0,0,0,0,0,0,0,0,0,0,0,0,0,0,0,0,0,0,0,0,0,0,0,0,0,0,0,0,0
211,rush,11,deep_sea_temple,深海神殿,46,66,6,0,0,0,0,0,0,0,0,0,0,0,0,0,0,0,0,0,0,0,0,0,0,0,0,0,0,0,0,0
211,rush,12,demon_gate,魔界門,54,76,7,0,0,0,0,0,0,0,0,0,0,0,0,0,0,0,0,0,0,0,0,0,0,0,0,0,0,0,0,0
211,rush,13,sky_ruins,天空遺跡,68,86,7,0,0,0,0,0,0,0,0,0,0,0,0,0,0,0,0,0,0,0,0,0,0,0,0,0,0,0,0,0
212,balanced,1,meadow,はじまり草原,1,4,2,1,1,1,2,6,8,4,2,2,4,3,2,34,1,0,12,68,6,1,16,0,0,0,12,5,0,0,230,872
212,balanced,2,cave,こだま洞くつ,3,7,2,1,1,6,4,10,8,7,1,0,2,4,3,53,1,0,13,97,4,1,17,0,0,0,8,15,0,0,1130,2507
212,balanced,3,brook,しずく湖畔,5,10,3,1,1,11,11,15,9,9,0,0,4,4,3,25,2,2,15,49,8,1,8,0,0,0,11,37,0,0,2901,1201
212,balanced,4,volcano,ほむら火山,8,14,4,1,1,15,13,14,6,5,1,0,3,2,1,10,2,2,10,32,2,1,6,0,0,0,7,12,0,0,931,1241
212,balanced,5,tower,星晶の塔,12,20,5,1,1,14,16,24,31,30,1,0,3,14,13,95,2,2,47,248,4,1,17,0,0,0,49,83,0,0,962,3399
212,balanced,6,snowfield,霜降り雪原,16,25,4,1,1,24,23,28,12,11,1,0,4,5,4,137,2,2,19,200,5,1,39,0,0,0,21,95,0,0,2633,2446
212,balanced,7,thunder_ruins,雷鳴遺跡,21,31,5,1,1,28,29,34,25,25,0,0,7,11,10,261,2,2,38,346,8,1,56,1,0,0,39,116,0,0,1895,3081
212,balanced,8,prism_sanctuary,虹晶聖域,28,42,6,1,1,34,35,52,84,83,1,0,3,40,39,296,2,2,126,702,6,1,37,0,0,0,133,495,0,0,2387,7640
212,balanced,9,poison_bog,毒霧の沼地,34,48,5,1,1,52,52,54,9,8,1,0,3,3,2,30,2,2,14,62,0,0,16,0,0,0,14,132,0,0,5918,5865
212,balanced,10,machine_city,古代機械都市,39,57,6,1,1,54,56,64,44,43,1,0,5,20,19,311,2,2,66,448,5,1,31,0,0,0,66,485,0,0,4543,12826
212,balanced,11,deep_sea_temple,深海神殿,46,66,6,1,1,64,63,81,82,81,1,0,4,39,38,1535,2,2,123,1869,12,1,68,23,0,0,132,1095,0,0,9933,16929
212,balanced,12,demon_gate,魔界門,54,76,7,1,1,81,83,100,70,68,1,1,7,32,31,2761,2,2,104,3176,18,1,235,34,0,0,115,1164,0,0,13111,14229
212,balanced,13,sky_ruins,天空遺跡,68,86,7,1,0,100,100,0,167,166,1,0,1,80,80,16949,0,0,247,17461,0,0,227,80,0,0,245,0,0,0,11020,0
213,collector,1,meadow,はじまり草原,1,4,2,1,1,1,3,5,5,3,2,0,4,2,1,22,2,1,9,60,3,1,13,0,0,0,10,0,0,0,230,1265
213,collector,2,cave,こだま洞くつ,3,7,2,1,1,6,5,10,8,7,1,0,3,3,2,45,1,0,12,84,3,1,17,0,0,0,4,4,0,0,1372,3139
213,collector,3,brook,しずく湖畔,5,10,3,1,1,10,10,14,15,13,2,0,7,5,4,27,5,5,25,84,2,1,8,0,0,0,28,31,0,0,3533,1344
213,collector,4,volcano,ほむら火山,8,14,4,1,1,14,12,16,17,14,2,1,9,5,4,50,5,5,27,180,8,1,14,0,0,0,39,19,0,0,711,2263
213,collector,5,tower,星晶の塔,12,20,5,1,1,16,17,21,17,16,1,0,7,5,4,23,5,5,27,102,4,1,14,0,0,0,32,29,0,0,1196,3886
213,collector,6,snowfield,霜降り雪原,16,25,4,1,1,21,21,28,25,24,1,0,8,8,7,173,5,5,38,294,8,1,29,0,0,0,39,98,0,0,2053,2871
213,collector,7,thunder_ruins,雷鳴遺跡,21,31,5,1,1,28,29,31,11,9,2,0,7,3,2,66,5,5,19,114,4,1,30,0,0,0,23,34,0,0,1518,3637
213,collector,8,prism_sanctuary,虹晶聖域,28,42,6,1,1,31,40,46,50,34,2,14,23,11,10,57,5,5,66,312,8,1,30,0,0,0,97,160,0,0,1921,7693
213,collector,9,poison_bog,毒霧の沼地,34,48,5,1,1,46,47,48,5,4,1,0,8,1,0,6,5,5,11,56,0,0,7,0,0,0,18,0,0,0,4062,10451
213,collector,10,machine_city,古代機械都市,39,57,6,1,1,48,49,53,18,16,2,0,11,5,4,29,5,5,28,121,8,1,8,0,0,0,36,211,0,0,5517,12912
213,collector,11,deep_sea_temple,深海神殿,46,66,6,1,1,53,60,81,106,96,3,7,18,32,31,1911,5,5,143,2373,16,1,123,28,0,0,141,1097,0,0,6815,18248
213,collector,12,demon_gate,魔界門,54,76,7,1,1,81,81,100,121,111,1,9,16,36,35,7016,5,5,162,13159,72,1,256,70,0,0,239,1148,1,0,9632,30779
213,collector,13,sky_ruins,天空遺跡,68,86,7,1,1,100,100,100,28,25,3,0,10,8,7,1861,5,5,41,1999,4,1,255,8,0,0,44,0,0,0,16244,47314
214,rush,1,meadow,はじまり草原,1,4,2,1,1,1,2,5,3,1,2,0,2,2,1,22,0,0,5,31,0,0,12,0,0,0,5,3,0,0,230,921
214,rush,2,cave,こだま洞くつ,3,7,2,1,1,5,6,11,9,9,0,0,0,8,7,74,0,0,17,93,0,0,11,0,0,0,24,21,0,0,921,1413
214,rush,3,brook,しずく湖畔,5,10,3,1,1,11,12,14,5,5,0,0,0,3,2,16,0,0,8,26,0,0,7,0,0,0,7,26,0,0,1413,1134
214,rush,4,volcano,ほむら火山,8,14,4,1,1,14,15,21,40,40,0,0,0,37,36,188,0,0,77,304,0,0,7,0,0,0,123,73,0,0,1134,968
214,rush,5,tower,星晶の塔,12,20,5,1,0,21,22,0,85,85,0,0,0,80,80,357,0,0,165,558,0,0,7,0,0,0,254,194,0,0,968,0
214,rush,6,snowfield,霜降り雪原,16,25,4,0,0,0,0,0,0,0,0,0,0,0,0,0,0,0,0,0,0,0,0,0,0,0,0,0,0,0,0,0
214,rush,7,thunder_ruins,雷鳴遺跡,21,31,5,0,0,0,0,0,0,0,0,0,0,0,0,0,0,0,0,0,0,0,0,0,0,0,0,0,0,0,0,0
214,rush,8,prism_sanctuary,虹晶聖域,28,42,6,0,0,0,0,0,0,0,0,0,0,0,0,0,0,0,0,0,0,0,0,0,0,0,0,0,0,0,0,0
214,rush,9,poison_bog,毒霧の沼地,34,48,5,0,0,0,0,0,0,0,0,0,0,0,0,0,0,0,0,0,0,0,0,0,0,0,0,0,0,0,0,0
214,rush,10,machine_city,古代機械都市,39,57,6,0,0,0,0,0,0,0,0,0,0,0,0,0,0,0,0,0,0,0,0,0,0,0,0,0,0,0,0,0
214,rush,11,deep_sea_temple,深海神殿,46,66,6,0,0,0,0,0,0,0,0,0,0,0,0,0,0,0,0,0,0,0,0,0,0,0,0,0,0,0,0,0
214,rush,12,demon_gate,魔界門,54,76,7,0,0,0,0,0,0,0,0,0,0,0,0,0,0,0,0,0,0,0,0,0,0,0,0,0,0,0,0,0
214,rush,13,sky_ruins,天空遺跡,68,86,7,0,0,0,0,0,0,0,0,0,0,0,0,0,0,0,0,0,0,0,0,0,0,0,0,0,0,0,0,0
215,balanced,1,meadow,はじまり草原,1,4,2,1,1,1,3,7,6,5,1,0,3,3,2,29,2,0,11,67,4,1,14,0,0,0,6,6,0,0,230,876
215,balanced,2,cave,こだま洞くつ,3,7,2,1,1,8,8,10,4,3,1,0,3,2,1,36,2,2,8,59,1,1,21,0,0,0,11,7,0,0,1652,2584
215,balanced,3,brook,しずく湖畔,5,10,3,1,1,10,10,14,15,14,1,0,4,7,6,44,2,1,24,94,2,1,11,0,0,0,25,37,0,0,2002,985
215,balanced,4,volcano,ほむら火山,8,14,4,1,1,14,10,12,4,3,1,0,5,1,0,5,2,2,7,26,0,0,8,0,0,0,6,0,0,0,1074,4254
215,balanced,5,tower,星晶の塔,12,20,5,1,1,12,14,21,19,18,1,0,3,8,7,41,2,2,29,84,0,0,16,0,0,0,18,78,0,0,3295,1887
215,balanced,6,snowfield,霜降り雪原,16,25,4,1,1,21,21,28,24,23,1,0,3,11,10,89,2,2,37,162,0,0,17,0,0,0,38,117,0,0,1462,2451
215,balanced,7,thunder_ruins,雷鳴遺跡,21,31,5,1,1,28,29,36,38,36,1,1,6,17,16,256,2,2,57,361,8,1,34,0,0,0,62,150,0,0,1899,5336
215,balanced,8,prism_sanctuary,虹晶聖域,28,42,6,1,1,36,37,55,107,98,0,9,13,47,46,285,2,2,156,769,18,1,32,0,0,0,178,573,0,0,4133,4860
215,balanced,9,poison_bog,毒霧の沼地,34,48,5,1,1,55,55,59,19,18,1,0,4,8,7,70,2,2,29,118,0,0,18,0,0,0,29,217,0,0,3764,10605
215,balanced,10,machine_city,古代機械都市,39,57,6,1,1,59,60,75,94,93,1,0,3,45,44,375,2,2,141,661,8,1,21,0,0,0,140,958,0,0,8214,14310
215,balanced,11,deep_sea_temple,深海神殿,46,66,6,1,1,75,76,91,94,91,1,2,6,44,43,1927,2,2,140,2366,24,1,69,28,0,0,148,1201,0,0,11082,10019
215,balanced,12,demon_gate,魔界門,54,76,7,1,1,91,91,97,34,32,1,1,6,14,13,1019,2,2,50,1297,28,1,76,16,0,0,63,635,0,0,7759,14068
215,balanced,13,sky_ruins,天空遺跡,68,86,7,1,1,97,98,100,63,62,1,0,5,29,28,6003,2,2,94,6213,13,1,241,28,0,0,91,351,0,0,10895,38302
216,collector,1,meadow,はじまり草原,1,4,2,1,1,1,3,7,14,13,1,0,2,5,4,49,1,0,20,94,6,1,14,0,0,0,9,1,0,0,230,1318
216,collector,2,cave,こだま洞くつ,3,7,2,1,1,8,8,12,11,10,1,0,7,4,3,48,5,5,20,128,4,1,15,0,0,0,28,14,0,0,1596,2011
216,collector,3,brook,しずく湖畔,5,10,3,1,1,12,11,14,12,9,3,0,8,4,3,38,5,5,21,97,0,0,17,0,0,0,26,7,0,0,1064,2221
216,collector,4,volcano,ほむら火山,8,14,4,1,1,14,13,20,49,48,1,0,8,16,15,173,5,5,70,463,11,1,30,0,0,0,68,35,0,0,1174,1610
216,collector,5,tower,星晶の塔,12,20,5,1,1,20,20,26,41,39,2,0,7,13,12,168,5,5,59,297,2,1,48,0,0,0,53,57,0,0,851,2273
216,collector,6,snowfield,霜降り雪原,16,25,4,1,1,26,27,33,31,29,2,0,8,10,9,898,5,5,46,995,13,1,115,8,0,0,46,90,0,0,1201,4661
216,collector,7,thunder_ruins,雷鳴遺跡,21,31,5,1,1,33,33,42,56,53,3,0,8,18,17,1670,5,5,79,1771,11,1,142,11,0,0,67,180,0,0,2461,4280
216,collector,8,prism_sanctuary,虹晶聖域,28,42,6,1,1,42,40,62,358,151,2,205,213,50,49,1157,5,5,413,3631,17,1,199,13,0,0,594,738,1,0,2260,5519
216,collector,9,poison_bog,毒霧の沼地,34,48,5,1,1,62,62,72,83,80,3,0,8,27,26,516,5,5,115,634,0,0,109,1,0,0,94,582,0,0,2914,8689
216,collector,10,machine_city,古代機械都市,39,57,6,1,1,72,73,83,93,89,4,0,9,30,29,2943,5,5,128,3490,54,1,182,25,0,0,169,785,1,0,4588,8308
216,collector,11,deep_sea_temple,深海神殿,46,66,6,1,0,83,84,0,24,19,2,3,8,5,5,1007,0,0,29,1539,5,1,231,9,0,0,32,206,0,0,4386,0
216,collector,12,demon_gate,魔界門,54,76,7,0,0,0,0,0,0,0,0,0,0,0,0,0,0,0,0,0,0,0,0,0,0,0,0,0,0,0,0,0
216,collector,13,sky_ruins,天空遺跡,68,86,7,0,0,0,0,0,0,0,0,0,0,0,0,0,0,0,0,0,0,0,0,0,0,0,0,0,0,0,0,0
217,rush,1,meadow,はじまり草原,1,4,2,1,1,1,3,9,15,15,0,0,0,14,13,73,0,0,29,107,0,0,7,0,0,0,13,11,0,0,230,960
217,rush,2,cave,こだま洞くつ,3,7,2,1,1,9,9,12,5,4,1,0,2,4,3,21,0,0,9,32,0,0,7,0,0,0,7,28,0,0,960,570
217,rush,3,brook,しずく湖畔,5,10,3,1,1,12,13,18,24,24,0,0,3,22,21,82,0,0,46,130,0,0,6,0,0,0,43,36,0,0,570,1182
217,rush,4,volcano,ほむら火山,8,14,4,1,1,18,18,19,4,3,1,0,1,1,0,5,0,0,5,12,0,0,5,0,0,0,1,0,0,0,1182,3163
217,rush,5,tower,星晶の塔,12,20,5,1,1,19,20,25,23,23,0,0,0,19,18,104,0,0,42,148,0,0,8,0,0,0,56,83,0,0,3163,2761
217,rush,6,snowfield,霜降り雪原,16,25,4,1,1,25,26,36,59,59,0,0,0,56,55,305,0,0,115,404,0,0,7,0,0,0,166,232,0,0,2761,2041
217,rush,7,thunder_ruins,雷鳴遺跡,21,31,5,1,1,36,37,38,5,5,0,0,0,1,0,4,0,0,6,10,0,0,4,0,0,0,1,0,0,0,2041,6864
217,rush,8,prism_sanctuary,虹晶聖域,28,42,6,1,0,38,39,0,89,86,0,3,0,80,80,369,0,0,169,594,0,0,6,0,0,0,258,588,0,0,6864,0
217,rush,9,poison_bog,毒霧の沼地,34,48,5,0,0,0,0,0,0,0,0,0,0,0,0,0,0,0,0,0,0,0,0,0,0,0,0,0,0,0,0,0
217,rush,10,machine_city,古代機械都市,39,57,6,0,0,0,0,0,0,0,0,0,0,0,0,0,0,0,0,0,0,0,0,0,0,0,0,0,0,0,0,0
217,rush,11,deep_sea_temple,深海神殿,46,66,6,0,0,0,0,0,0,0,0,0,0,0,0,0,0,0,0,0,0,0,0,0,0,0,0,0,0,0,0,0
217,rush,12,demon_gate,魔界門,54,76,7,0,0,0,0,0,0,0,0,0,0,0,0,0,0,0,0,0,0,0,0,0,0,0,0,0,0,0,0,0
217,rush,13,sky_ruins,天空遺跡,68,86,7,0,0,0,0,0,0,0,0,0,0,0,0,0,0,0,0,0,0,0,0,0,0,0,0,0,0,0,0,0
218,balanced,1,meadow,はじまり草原,1,4,2,1,1,1,2,6,9,5,1,3,6,3,2,23,2,2,14,62,3,1,10,0,0,0,12,5,0,0,230,873
218,balanced,2,cave,こだま洞くつ,3,7,2,1,1,6,7,10,8,7,1,0,3,4,3,69,2,2,14,103,1,1,21,0,0,0,17,12,0,0,677,1935
218,balanced,3,brook,しずく湖畔,5,10,3,1,1,10,11,15,15,14,1,0,4,7,6,38,2,2,24,81,2,1,8,0,0,0,25,26,0,0,1499,1589
218,balanced,4,volcano,ほむら火山,8,14,4,1,1,15,15,21,32,31,1,0,3,15,14,118,2,2,49,189,10,1,21,0,0,0,52,72,0,0,1232,1228
218,balanced,5,tower,星晶の塔,12,20,5,1,1,21,22,28,33,32,1,0,3,15,14,124,2,2,50,221,3,1,24,0,0,0,49,83,0,0,952,1817
218,balanced,6,snowfield,霜降り雪原,16,25,4,1,1,28,27,30,14,13,1,0,3,6,5,60,2,2,22,102,2,1,16,0,0,0,23,72,0,0,1408,2880
218,balanced,7,thunder_ruins,雷鳴遺跡,21,31,5,1,1,30,30,39,47,46,1,0,4,22,21,317,2,2,71,422,14,1,30,0,0,0,71,200,0,0,2231,4376
218,balanced,8,prism_sanctuary,虹晶聖域,28,42,6,1,1,39,40,57,104,103,1,0,4,50,49,360,2,2,156,788,2,1,58,1,0,0,161,611,0,0,3389,5765
218,balanced,9,poison_bog,毒霧の沼地,34,48,5,1,1,57,58,60,13,12,1,0,3,5,4,42,2,2,20,82,1,1,10,0,0,0,20,194,0,0,4466,5764
218,balanced,10,machine_city,古代機械都市,39,57,6,1,1,60,59,66,45,43,1,1,4,20,19,165,2,2,67,304,7,1,19,0,0,0,70,417,0,0,4465,9331
218,balanced,11,deep_sea_temple,深海神殿,46,66,6,1,1,66,67,86,102,101,1,0,3,49,48,1683,2,2,153,2113,52,1,60,27,0,0,162,1286,0,0,7227,10940
218,balanced,12,demon_gate,魔界門,54,76,7,1,1,86,87,98,57,54,1,2,9,25,24,1621,2,2,84,2035,39,1,69,28,0,0,105,937,0,0,8473,19349
218,balanced,13,sky_ruins,天空遺跡,68,86,7,1,1,98,98,100,91,90,1,0,3,43,42,8594,2,2,136,8887,15,1,251,42,0,0,135,259,0,0,14985,45061
219,collector,1,meadow,はじまり草原,1,4,2,1,1,1,3,6,9,6,2,1,4,3,2,33,2,0,14,76,5,1,14,0,0,0,12,0,0,0,230,1150
219,collector,2,cave,こだま洞くつ,3,7,2,1,1,7,7,11,8,7,1,0,6,3,2,39,5,5,16,96,2,1,15,0,0,0,22,9,0,0,2606,2508
219,collector,3,brook,しずく湖畔,5,10,3,1,1,11,9,10,3,1,2,0,7,1,0,7,5,5,9,36,1,1,7,0,0,0,17,0,0,0,1326,2452
219,collector,4,volcano,ほむら火山,8,14,4,1,1,10,9,16,28,23,2,3,10,8,7,61,5,5,41,204,5,1,13,0,0,0,51,21,0,0,1296,1587
219,collector,5,tower,星晶の塔,12,20,5,1,1,16,16,19,14,12,2,0,8,4,3,21,5,5,23,119,1,1,14,0,0,0,33,27,0,0,840,3470
219,collector,6,snowfield,霜降り雪原,16,25,4,1,1,19,20,28,31,30,1,0,8,10,9,62,5,5,46,173,8,1,10,0,0,0,46,108,0,0,1834,2945
219,collector,7,thunder_ruins,雷鳴遺跡,21,31,5,1,1,28,27,31,17,14,3,0,4,5,4,27,0,0,22,73,6,1,8,0,0,0,11,59,1,0,1556,3671
219,collector,8,prism_sanctuary,虹晶聖域,28,42,6,1,1,31,33,50,104,93,0,11,14,30,29,140,5,5,139,498,30,1,9,0,0,0,134,457,0,0,3671,7824
219,collector,9,poison_bog,毒霧の沼地,34,48,5,1,1,50,51,51,5,2,3,0,9,1,0,7,5,5,11,56,2,1,7,0,0,0,17,0,0,0,4131,9347
219,collector,10,machine_city,古代機械都市,39,57,6,1,1,51,52,57,24,22,2,0,7,7,6,49,5,5,36,127,7,1,9,0,0,0,35,263,0,0,4935,13054
219,collector,11,deep_sea_temple,深海神殿,46,66,6,1,1,57,58,76,79,73,2,4,12,24,23,178,5,5,108,1025,20,1,111,5,0,0,107,847,0,0,6891,19014
219,collector,12,demon_gate,魔界門,54,76,7,1,1,76,77,80,19,10,3,6,16,3,2,19,5,5,27,155,3,1,10,0,0,0,51,145,0,0,10036,15645
219,collector,13,sky_ruins,天空遺跡,68,86,7,1,1,80,74,100,202,191,2,9,17,63,62,17293,5,5,270,17968,55,1,342,58,0,0,241,1665,0,0,8258,47898
220,rush,1,meadow,はじまり草原,1,4,2,1,1,1,2,5,3,1,2,0,2,2,1,16,0,0,5,25,0,0,8,0,0,0,5,3,0,0,230,921
220,rush,2,cave,こだま洞くつ,3,7,2,1,1,5,6,10,9,9,0,0,0,8,7,54,0,0,17,74,0,0,9,0,0,0,24,18,0,0,921,1603
220,rush,3,brook,しずく湖畔,5,10,3,1,1,10,11,14,4,4,0,0,0,2,1,12,0,0,6,19,0,0,7,0,0,0,5,23,0,0,1603,1468
220,rush,4,volcano,ほむら火山,8,14,4,1,1,14,14,22,44,44,0,0,0,41,40,200,0,0,85,314,0,0,6,0,0,0,130,81,0,0,1468,964
220,rush,5,tower,星晶の塔,12,20,5,1,1,22,23,33,78,78,0,0,0,74,73,330,0,0,152,512,0,0,6,0,0,0,231,180,0,0,964,1533
220,rush,6,snowfield,霜降り雪原,16,25,4,1,1,33,33,37,22,22,0,0,0,19,18,103,0,0,41,146,0,0,7,0,0,0,56,110,0,0,1533,2573
220,rush,7,thunder_ruins,雷鳴遺跡,21,31,5,1,0,37,37,0,85,85,0,0,0,80,80,368,0,0,165,569,0,0,6,0,0,0,246,354,0,0,2573,0
220,rush,8,prism_sanctuary,虹晶聖域,28,42,6,0,0,0,0,0,0,0,0,0,0,0,0,0,0,0,0,0,0,0,0,0,0,0,0,0,0,0,0,0
220,rush,9,poison_bog,毒霧の沼地,34,48,5,0,0,0,0,0,0,0,0,0,0,0,0,0,0,0,0,0,0,0,0,0,0,0,0,0,0,0,0,0
220,rush,10,machine_city,古代機械都市,39,57,6,0,0,0,0,0,0,0,0,0,0,0,0,0,0,0,0,0,0,0,0,0,0,0,0,0,0,0,0,0
220,rush,11,deep_sea_temple,深海神殿,46,66,6,0,0,0,0,0,0,0,0,0,0,0,0,0,0,0,0,0,0,0,0,0,0,0,0,0,0,0,0,0
220,rush,12,demon_gate,魔界門,54,76,7,0,0,0,0,0,0,0,0,0,0,0,0,0,0,0,0,0,0,0,0,0,0,0,0,0,0,0,0,0
220,rush,13,sky_ruins,天空遺跡,68,86,7,0,0,0,0,0,0,0,0,0,0,0,0,0,0,0,0,0,0,0,0,0,0,0,0,0,0,0,0,0
221,balanced,1,meadow,はじまり草原,1,4,2,1,1,1,2,6,6,4,2,0,3,3,2,26,1,0,10,52,4,1,11,0,0,0,9,5,0,0,230,915
221,balanced,2,cave,こだま洞くつ,3,7,2,1,1,7,5,10,6,5,1,0,3,3,2,37,2,0,11,81,1,1,19,0,0,0,4,13,0,0,1173,2683
221,balanced,3,brook,しずく湖畔,5,10,3,1,1,11,11,12,3,2,1,0,3,1,0,9,1,0,5,18,0,0,9,0,0,0,1,0,0,0,2951,4078
221,balanced,4,volcano,ほむら火山,8,14,4,1,1,13,14,15,4,3,1,0,4,1,0,6,2,2,7,24,0,0,6,0,0,0,4,0,0,0,5485,6450
221,balanced,5,tower,星晶の塔,12,20,5,1,1,15,17,23,23,20,1,2,7,9,8,60,2,2,34,133,0,0,14,0,0,0,25,103,0,0,4995,1873
221,balanced,6,snowfield,霜降り雪原,16,25,4,1,1,23,24,26,4,3,1,0,3,1,0,8,2,2,7,26,0,0,8,0,0,0,4,0,0,0,1452,7166
221,balanced,7,thunder_ruins,雷鳴遺跡,21,31,5,1,1,26,27,36,39,38,1,0,6,18,17,350,2,2,59,444,5,1,33,0,0,0,59,235,0,0,5551,3142
221,balanced,8,prism_sanctuary,虹晶聖域,28,42,6,1,1,36,37,54,105,93,1,11,13,45,44,282,2,2,152,759,4,1,37,0,0,0,182,527,0,0,2434,9708
221,balanced,9,poison_bog,毒霧の沼地,34,48,5,1,1,54,54,57,11,10,1,0,6,4,3,25,2,2,17,71,1,1,9,0,0,0,19,165,0,0,7519,12703
221,balanced,10,machine_city,古代機械都市,39,57,6,1,1,57,58,71,76,73,1,2,5,35,34,365,2,2,113,584,3,1,22,0,0,0,119,796,0,0,9838,7221
221,balanced,11,deep_sea_temple,深海神殿,46,66,6,1,1,71,70,85,79,77,1,1,4,37,36,1659,2,2,118,1949,10,1,78,23,0,0,122,990,0,0,5593,10055
221,balanced,12,demon_gate,魔界門,54,76,7,1,0,85,87,0,167,166,1,0,2,80,80,20851,0,0,247,21400,38,1,307,80,0,0,246,942,0,0,7788,0
221,balanced,13,sky_ruins,天空遺跡,68,86,7,0,0,0,0,0,0,0,0,0,0,0,0,0,0,0,0,0,0,0,0,0,0,0,0,0,0,0,0,0
222,collector,1,meadow,はじまり草原,1,4,2,1,1,1,2,6,14,9,2,3,4,4,3,42,1,0,19,85,8,1,13,0,0,0,14,0,0,0,230,1727
222,collector,2,cave,こだま洞くつ,3,7,2,1,1,7,7,10,8,6,2,0,7,3,2,38,5,5,16,102,3,1,14,0,0,0,23,7,0,0,1985,2736
222,collector,3,brook,しずく湖畔,5,10,3,1,1,10,9,14,21,18,3,0,6,7,6,79,3,2,31,142,4,1,27,0,0,0,28,20,0,0,1446,1578
222,collector,4,volcano,ほむら火山,8,14,4,1,1,15,14,18,22,20,2,0,9,7,6,105,5,5,34,199,6,1,19,0,0,0,37,31,0,0,1430,1630
222,collector,5,tower,星晶の塔,12,20,5,1,1,18,18,22,27,23,3,1,9,8,7,83,5,5,40,236,4,1,26,0,0,0,47,37,0,0,862,3484
222,collector,6,snowfield,霜降り雪原,16,25,4,1,1,22,24,31,37,36,1,0,8,12,11,882,5,5,54,995,14,1,92,11,0,0,50,119,0,0,1841,2897
222,collector,7,thunder_ruins,雷鳴遺跡,21,31,5,1,1,31,31,36,26,22,4,0,4,8,7,429,0,0,34,490,7,1,57,7,0,0,17,74,1,0,1530,3682
222,collector,8,prism_sanctuary,虹晶聖域,28,42,6,1,1,36,37,58,147,141,0,6,9,46,45,721,5,5,198,2253,11,1,159,16,0,0,182,700,0,0,3682,7729
222,collector,9,poison_bog,毒霧の沼地,34,48,5,1,1,58,58,66,53,50,3,0,8,17,16,584,5,5,75,684,1,1,92,5,0,0,65,410,0,0,4080,7584
222,collector,10,machine_city,古代機械都市,39,57,6,1,1,66,66,79,99,97,2,0,10,32,31,2364,5,5,136,2715,40,1,210,14,0,0,167,828,1,0,4004,13065
222,collector,11,deep_sea_temple,深海神殿,46,66,6,1,1,79,80,100,195,192,3,0,9,64,63,18573,5,5,264,19067,82,1,369,64,0,0,208,1532,0,0,6897,33303
222,collector,12,demon_gate,魔界門,54,76,7,1,0,100,100,0,76,72,2,2,7,23,23,8560,0,0,99,13836,9,1,373,50,0,0,97,0,0,0,17578,0
222,collector,13,sky_ruins,天空遺跡,68,86,7,0,0,0,0,0,0,0,0,0,0,0,0,0,0,0,0,0,0,0,0,0,0,0,0,0,0,0,0,0
223,rush,1,meadow,はじまり草原,1,4,2,1,1,1,2,7,8,5,1,2,3,5,4,41,0,0,13,58,0,0,12,0,0,0,10,9,0,0,230,583
223,rush,2,cave,こだま洞くつ,3,7,2,1,1,7,7,12,11,10,0,1,3,9,8,55,0,0,20,86,0,0,7,0,0,0,20,31,0,0,583,556
223,rush,3,brook,しずく湖畔,5,10,3,1,1,12,13,14,4,3,1,0,1,2,1,12,0,0,6,23,0,0,6,0,0,0,4,7,0,0,556,1181
223,rush,4,volcano,ほむら火山,8,14,4,1,1,14,15,21,32,32,0,0,0,29,28,154,0,0,61,218,0,0,6,0,0,0,90,66,0,0,1181,955
223,rush,5,tower,星晶の塔,12,20,5,1,1,21,22,30,54,54,0,0,0,50,49,213,0,0,104,339,0,0,8,0,0,0,155,131,0,0,955,1587
223,rush,6,snowfield,霜降り雪原,16,25,4,1,1,30,31,35,23,23,0,0,0,20,19,107,0,0,43,144,0,0,7,0,0,0,59,113,0,0,1587,2051
223,rush,7,thunder_ruins,雷鳴遺跡,21,31,5,1,0,35,36,0,85,85,0,0,0,80,80,409,0,0,165,586,0,0,6,0,0,0,243,346,0,0,2051,0
223,rush,8,prism_sanctuary,虹晶聖域,28,42,6,0,0,0,0,0,0,0,0,0,0,0,0,0,0,0,0,0,0,0,0,0,0,0,0,0,0,0,0,0
223,rush,9,poison_bog,毒霧の沼地,34,48,5,0,0,0,0,0,0,0,0,0,0,0,0,0,0,0,0,0,0,0,0,0,0,0,0,0,0,0,0,0
223,rush,10,machine_city,古代機械都市,39,57,6,0,0,0,0,0,0,0,0,0,0,0,0,0,0,0,0,0,0,0,0,0,0,0,0,0,0,0,0,0
223,rush,11,deep_sea_temple,深海神殿,46,66,6,0,0,0,0,0,0,0,0,0,0,0,0,0,0,0,0,0,0,0,0,0,0,0,0,0,0,0,0,0
223,rush,12,demon_gate,魔界門,54,76,7,0,0,0,0,0,0,0,0,0,0,0,0,0,0,0,0,0,0,0,0,0,0,0,0,0,0,0,0,0
223,rush,13,sky_ruins,天空遺跡,68,86,7,0,0,0,0,0,0,0,0,0,0,0,0,0,0,0,0,0,0,0,0,0,0,0,0,0,0,0,0,0
224,balanced,1,meadow,はじまり草原,1,4,2,1,1,1,2,7,6,5,1,0,3,3,2,24,2,0,11,60,3,1,13,0,0,0,8,6,0,0,230,869
224,balanced,2,cave,こだま洞くつ,3,7,2,1,1,8,8,13,8,7,1,0,2,4,3,38,1,0,13,67,6,1,16,0,0,0,11,36,0,0,1645,947
224,balanced,3,brook,しずく湖畔,5,10,3,1,1,11,12,13,5,4,1,0,5,2,1,11,2,2,9,30,1,1,7,0,0,0,7,15,0,0,1261,1168
224,balanced,4,volcano,ほむら火山,8,14,4,1,1,13,14,20,18,17,1,0,4,8,7,52,2,2,28,99,4,1,9,0,0,0,29,53,0,0,905,2733
224,balanced,5,tower,星晶の塔,12,20,5,1,1,20,20,23,11,10,1,0,3,4,3,21,2,2,17,51,3,1,7,0,0,0,17,39,0,0,2118,1803
224,balanced,6,snowfield,霜降り雪原,16,25,4,1,1,23,24,28,12,11,1,0,4,5,4,60,2,2,19,106,3,1,25,0,0,0,21,85,0,0,1397,2407
224,balanced,7,thunder_ruins,雷鳴遺跡,21,31,5,1,1,28,27,32,19,18,1,0,3,8,7,117,2,2,29,169,1,1,58,1,0,0,30,86,0,0,1865,5775
224,balanced,8,prism_sanctuary,虹晶聖域,28,42,6,1,1,32,35,47,60,59,1,0,3,28,27,164,2,2,90,425,11,1,68,2,0,0,93,393,0,0,4473,4939
224,balanced,9,poison_bog,毒霧の沼地,34,48,5,1,1,47,48,48,5,4,1,0,5,1,0,7,2,2,8,32,1,1,7,0,0,0,8,0,0,0,3826,15808
224,balanced,10,machine_city,古代機械都市,39,57,6,1,1,48,49,59,44,41,1,2,9,19,18,156,2,2,65,279,14,1,16,0,0,0,74,516,0,0,12243,14123
224,balanced,11,deep_sea_temple,深海神殿,46,66,6,1,1,59,59,76,70,67,1,2,10,32,31,232,2,2,104,500,7,1,17,0,0,0,121,901,0,0,10938,9884
224,balanced,12,demon_gate,魔界門,54,76,7,1,1,76,74,78,19,18,1,0,3,7,6,59,2,2,28,311,2,1,102,1,0,0,38,425,0,0,7655,14333
224,balanced,13,sky_ruins,天空遺跡,68,86,7,1,1,78,79,90,38,36,1,1,7,16,15,1882,2,2,56,2017,30,1,144,13,0,0,64,805,0,0,11101,19079
225,collector,1,meadow,はじまり草原,1,4,2,1,1,1,3,6,8,7,1,0,5,3,2,29,4,2,15,83,5,1,12,0,0,0,11,1,0,0,230,1129
225,collector,2,cave,こだま洞くつ,3,7,2,1,1,8,8,10,5,3,2,0,7,2,1,33,5,5,12,90,3,1,18,0,0,0,20,6,0,0,1651,2972
225,collector,3,brook,しずく湖畔,5,10,3,1,1,10,10,13,15,14,1,0,8,5,4,36,5,5,25,107,4,1,12,0,0,0,31,14,0,0,1570,1352
225,collector,4,volcano,ほむら火山,8,14,4,1,1,13,12,15,7,4,3,0,8,2,1,9,5,5,14,64,2,1,8,0,0,0,22,6,0,0,716,2740
225,collector,5,tower,星晶の塔,12,20,5,1,1,15,15,20,20,18,2,0,9,6,5,38,5,5,31,154,3,1,33,0,0,0,36,34,0,0,1448,3440
225,collector,6,snowfield,霜降り雪原,16,25,4,1,1,20,21,27,25,24,1,0,8,8,7,323,5,5,38,398,8,1,49,0,0,0,40,94,0,0,1818,2916
225,collector,7,thunder_ruins,雷鳴遺跡,21,31,5,1,1,27,28,29,8,6,2,0,9,2,1,15,5,5,15,75,1,1,11,0,0,0,22,19,0,0,1540,4026
225,collector,8,prism_sanctuary,虹晶聖域,28,42,6,1,1,29,31,47,82,72,0,10,15,23,22,110,5,5,110,2404,24,1,65,33,0,0,154,340,0,0,2126,7751
225,collector,9,poison_bog,毒霧の沼地,34,48,5,1,1,47,46,52,26,24,2,0,9,8,7,48,5,5,39,162,8,1,12,0,0,0,49,256,1,0,4092,6467
225,collector,10,machine_city,古代機械都市,39,57,6,1,1,52,48,61,68,64,2,2,12,21,20,119,5,5,94,563,18,1,96,2,0,0,113,528,1,0,3415,13012
225,collector,11,deep_sea_temple,深海神殿,46,66,6,1,1,61,62,83,137,121,2,14,23,40,39,2804,5,5,182,7252,32,1,309,57,0,0,216,1327,0,0,6868,18197
225,collector,12,demon_gate,魔界門,54,76,7,1,1,83,84,100,108,98,2,8,18,32,31,9720,5,5,145,22027,68,1,368,115,0,0,196,1005,0,0,9605,30609
225,collector,13,sky_ruins,天空遺跡,68,86,7,1,1,100,100,100,82,78,4,0,9,26,25,5848,5,5,113,6075,16,1,232,26,0,0,99,0,0,0,16155,46826
226,rush,1,meadow,はじまり草原,1,4,2,1,1,1,2,7,4,3,1,0,1,3,2,24,0,0,7,34,0,0,9,0,0,0,5,8,0,0,230,720
226,rush,2,cave,こだま洞くつ,3,7,2,1,1,7,7,10,4,3,1,0,1,3,2,24,0,0,7,39,0,0,11,0,0,0,9,16,0,0,720,532
226,rush,3,brook,しずく湖畔,5,10,3,1,1,10,11,14,9,9,0,0,0,7,6,40,0,0,16,59,0,0,7,0,0,0,20,28,0,0,532,1170
226,rush,4,volcano,ほむら火山,8,14,4,1,1,14,15,18,11,11,0,0,0,8,7,49,0,0,19,68,0,0,7,0,0,0,23,38,0,0,1170,1002
226,rush,5,tower,星晶の塔,12,20,5,1,1,18,19,30,64,64,0,0,0,60,59,306,0,0,124,452,0,0,7,0,0,0,184,161,0,0,1002,1493
226,rush,6,snowfield,霜降り雪原,16,25,4,1,1,30,30,37,40,40,0,0,0,37,36,207,0,0,77,290,0,0,8,0,0,0,110,162,0,0,1493,2020
226,rush,7,thunder_ruins,雷鳴遺跡,21,31,5,1,1,37,37,48,75,75,0,0,0,71,70,394,0,0,146,519,0,0,8,0,0,0,212,312,0,0,2020,4410
226,rush,8,prism_sanctuary,虹晶聖域,28,42,6,1,0,48,48,0,87,86,0,1,0,80,80,331,0,0,167,613,0,0,6,0,0,0,270,545,0,0,4410,0
226,rush,9,poison_bog,毒霧の沼地,34,48,5,0,0,0,0,0,0,0,0,0,0,0,0,0,0,0,0,0,0,0,0,0,0,0,0,0,0,0,0,0
226,rush,10,machine_city,古代機械都市,39,57,6,0,0,0,0,0,0,0,0,0,0,0,0,0,0,0,0,0,0,0,0,0,0,0,0,0,0,0,0,0
226,rush,11,deep_sea_temple,深海神殿,46,66,6,0,0,0,0,0,0,0,0,0,0,0,0,0,0,0,0,0,0,0,0,0,0,0,0,0,0,0,0,0
226,rush,12,demon_gate,魔界門,54,76,7,0,0,0,0,0,0,0,0,0,0,0,0,0,0,0,0,0,0,0,0,0,0,0,0,0,0,0,0,0
226,rush,13,sky_ruins,天空遺跡,68,86,7,0,0,0,0,0,0,0,0,0,0,0,0,0,0,0,0,0,0,0,0,0,0,0,0,0,0,0,0,0
227,balanced,1,meadow,はじまり草原,1,4,2,1,1,1,2,6,4,3,1,0,2,2,1,16,1,0,7,36,1,1,11,0,0,0,4,2,0,0,230,1142
227,balanced,2,cave,こだま洞くつ,3,7,2,1,1,6,6,11,7,5,1,1,4,3,2,42,2,1,12,92,3,1,23,0,0,0,15,16,0,0,1220,2438
227,balanced,3,brook,しずく湖畔,5,10,3,1,1,11,11,15,9,8,1,0,3,4,3,29,2,2,15,56,2,1,9,0,0,0,16,34,0,0,2264,1177
227,balanced,4,volcano,ほむら火山,8,14,4,1,1,15,15,18,8,7,1,0,5,3,2,18,2,2,13,55,1,1,7,0,0,0,15,27,0,0,912,1285
227,balanced,5,tower,星晶の塔,12,20,5,1,1,18,17,27,49,48,1,0,5,23,22,154,2,2,74,343,10,1,26,0,0,0,76,127,0,0,996,3070
227,balanced,6,snowfield,霜降り雪原,16,25,4,1,1,27,28,31,12,11,1,0,5,5,4,45,2,2,19,95,2,1,11,0,0,0,22,77,0,0,2378,2435
227,balanced,7,thunder_ruins,雷鳴遺跡,21,31,5,1,1,31,30,34,17,16,1,0,3,7,6,92,2,2,26,132,8,1,29,0,0,0,27,82,0,0,1886,3052
227,balanced,8,prism_sanctuary,虹晶聖域,28,42,6,1,1,34,33,48,82,75,1,6,6,36,35,176,2,2,120,641,15,1,29,0,0,0,161,431,0,0,2364,7715
227,balanced,9,poison_bog,毒霧の沼地,34,48,5,1,1,48,49,52,13,12,1,0,4,5,4,33,2,2,20,86,5,1,10,0,0,0,21,218,0,0,5976,5841
227,balanced,10,machine_city,古代機械都市,39,57,6,1,1,52,53,65,64,62,0,2,10,29,28,218,2,2,95,383,15,1,20,0,0,0,106,590,0,0,4525,12008
227,balanced,11,deep_sea_temple,深海神殿,46,66,6,1,1,65,64,84,94,91,1,2,9,44,43,2542,2,2,140,2810,50,1,114,27,0,0,151,1176,0,0,9300,16859
227,balanced,12,demon_gate,魔界門,54,76,7,1,1,84,86,99,51,50,1,0,3,23,22,2841,2,2,76,2997,29,1,133,23,0,0,82,986,0,0,13056,15449
227,balanced,13,sky_ruins,天空遺跡,68,86,7,1,0,99,100,0,167,166,1,0,2,80,80,11233,0,0,247,11659,1,1,141,80,0,0,244,0,0,0,11965,0
228,collector,1,meadow,はじまり草原,1,4,2,1,1,1,3,6,10,7,1,2,5,3,2,25,2,1,15,78,2,1,19,0,0,0,10,0,0,0,230,1149
228,collector,2,cave,こだま洞くつ,3,7,2,1,1,6,7,11,8,7,1,0,4,3,2,52,2,1,13,103,2,1,26,0,0,0,6,10,0,0,1090,2448
228,collector,3,brook,しずく湖畔,5,10,3,1,1,11,11,16,24,22,2,0,4,8,7,68,2,1,34,121,1,1,22,0,0,0,28,31,0,0,2289,1568
228,collector,4,volcano,ほむら火山,8,14,4,1,1,17,14,17,8,6,1,1,9,2,1,25,5,5,15,92,1,1,17,0,0,0,14,9,0,0,1587,3724
228,collector,5,tower,星晶の塔,12,20,5,1,1,17,17,25,50,49,1,0,7,16,15,82,5,5,71,354,9,1,19,0,0,0,70,69,0,0,1967,3213
228,collector,6,snowfield,霜降り雪原,16,25,4,1,1,25,26,33,40,38,2,0,8,13,12,164,5,5,58,344,9,1,26,0,0,0,57,122,1,0,1698,2924
228,collector,7,thunder_ruins,雷鳴遺跡,21,31,5,1,1,33,33,36,18,14,3,1,6,5,4,20,0,0,23,73,2,1,7,0,0,0,13,57,1,0,1546,5827
228,collector,8,prism_sanctuary,虹晶聖域,28,42,6,1,1,36,37,61,165,162,0,3,8,53,52,420,5,5,223,1747,41,1,40,0,0,0,197,836,0,0,5827,5596
228,collector,9,poison_bog,毒霧の沼地,34,48,5,1,1,61,61,64,20,18,2,0,8,6,5,66,5,5,31,141,2,1,13,0,0,0,33,173,0,0,2955,12413
228,collector,10,machine_city,古代機械都市,39,57,6,1,1,64,64,73,57,55,2,0,11,18,17,215,5,5,80,407,7,1,50,1,0,0,73,513,0,0,6553,15042
228,collector,11,deep_sea_temple,深海神殿,46,66,6,1,1,73,73,95,130,126,3,1,10,42,41,3801,5,5,177,4545,45,1,127,43,0,0,155,1473,0,0,7940,11233
228,collector,12,demon_gate,魔界門,54,76,7,1,1,95,93,97,22,16,3,3,13,5,4,596,5,5,32,1371,17,1,133,12,0,0,52,286,0,0,5930,15415
228,collector,13,sky_ruins,天空遺跡,68,86,7,1,1,97,98,100,106,98,2,6,16,32,31,4525,5,5,143,4847,24,1,145,32,0,0,135,168,0,0,8138,46054
229,rush,1,meadow,はじまり草原,1,4,2,1,1,1,2,7,6,4,1,1,2,4,3,26,0,0,10,41,0,0,8,0,0,0,8,8,0,0,230,686
229,rush,2,cave,こだま洞くつ,3,7,2,1,1,7,7,12,13,13,0,0,0,12,11,57,0,0,25,84,0,0,6,0,0,0,23,24,0,0,686,1259
229,rush,3,brook,しずく湖畔,5,10,3,1,1,12,12,14,5,4,1,0,2,3,2,16,0,0,8,29,0,0,6,0,0,0,8,18,0,0,1259,1373
229,rush,4,volcano,ほむら火山,8,14,4,1,1,14,15,19,19,19,0,0,0,16,15,74,0,0,35,107,0,0,6,0,0,0,48,48,0,0,1373,1262
229,rush,5,tower,星晶の塔,12,20,5,1,1,19,20,28,50,49,0,1,0,45,44,188,0,0,95,302,0,0,6,0,0,0,143,126,0,0,1262,1552
229,rush,6,snowfield,霜降り雪原,16,25,4,1,1,28,29,38,56,56,0,0,0,53,52,253,0,0,109,347,0,0,6,0,0,0,160,204,0,0,1552,2073
229,rush,7,thunder_ruins,雷鳴遺跡,21,31,5,1,0,38,38,0,85,85,0,0,0,80,80,367,0,0,165,519,0,0,6,0,0,0,240,352,0,0,2073,0
229,rush,8,prism_sanctuary,虹晶聖域,28,42,6,0,0,0,0,0,0,0,0,0,0,0,0,0,0,0,0,0,0,0,0,0,0,0,0,0,0,0,0,0
229,rush,9,poison_bog,毒霧の沼地,34,48,5,0,0,0,0,0,0,0,0,0,0,0,0,0,0,0,0,0,0,0,0,0,0,0,0,0,0,0,0,0
229,rush,10,machine_city,古代機械都市,39,57,6,0,0,0,0,0,0,0,0,0,0,0,0,0,0,0,0,0,0,0,0,0,0,0,0,0,0,0,0,0
229,rush,11,deep_sea_temple,深海神殿,46,66,6,0,0,0,0,0,0,0,0,0,0,0,0,0,0,0,0,0,0,0,0,0,0,0,0,0,0,0,0,0
229,rush,12,demon_gate,魔界門,54,76,7,0,0,0,0,0,0,0,0,0,0,0,0,0,0,0,0,0,0,0,0,0,0,0,0,0,0,0,0,0
229,rush,13,sky_ruins,天空遺跡,68,86,7,0,0,0,0,0,0,0,0,0,0,0,0,0,0,0,0,0,0,0,0,0,0,0,0,0,0,0,0,0
230,balanced,1,meadow,はじまり草原,1,4,2,1,1,1,3,7,6,5,1,0,2,3,2,26,1,0,10,46,2,1,11,0,0,0,5,6,0,0,230,878
230,balanced,2,cave,こだま洞くつ,3,7,2,1,1,7,7,13,10,9,1,0,3,5,4,60,2,2,17,101,4,1,16,0,0,0,19,33,0,0,956,1195
230,balanced,3,brook,しずく湖畔,5,10,3,1,1,13,13,15,11,10,1,0,3,5,4,38,2,2,18,76,4,1,10,0,0,0,18,16,0,0,926,957
230,balanced,4,volcano,ほむら火山,8,14,4,1,1,15,16,17,6,5,1,0,3,2,1,12,2,2,10,38,1,1,7,0,0,0,12,26,0,0,742,1277
230,balanced,5,tower,星晶の塔,12,20,5,1,1,17,16,20,15,14,1,0,5,6,5,33,2,2,23,88,3,1,7,0,0,0,26,47,0,0,990,1836
230,balanced,6,snowfield,霜降り雪原,16,25,4,1,1,20,20,27,18,17,1,0,5,8,7,64,2,2,28,121,6,1,12,0,0,0,28,99,0,0,1423,3666
230,balanced,7,thunder_ruins,雷鳴遺跡,21,31,5,1,1,27,28,34,25,24,1,0,6,11,10,77,2,2,38,133,6,1,13,0,0,0,37,117,0,0,2840,3489
230,balanced,8,prism_sanctuary,虹晶聖域,28,42,6,1,1,34,34,52,94,91,1,2,6,44,43,259,2,2,140,538,32,1,15,0,0,0,151,541,0,0,2703,4885
230,balanced,9,poison_bog,毒霧の沼地,34,48,5,1,1,52,52,53,5,4,1,0,4,1,0,7,2,2,8,32,1,1,7,0,0,0,8,0,0,0,3784,13165
230,balanced,10,machine_city,古代機械都市,39,57,6,1,1,53,54,58,14,13,1,0,8,5,4,37,2,2,21,95,5,1,10,0,0,0,20,284,0,0,10196,7155
230,balanced,11,deep_sea_temple,深海神殿,46,66,6,1,1,58,59,81,101,97,1,3,8,47,46,288,2,2,150,612,42,1,11,0,0,0,166,1180,0,0,5542,14893
230,balanced,12,demon_gate,魔界門,54,76,7,1,1,81,83,100,70,65,0,5,14,30,29,877,2,2,102,1136,43,1,77,10,0,0,123,1088,0,0,11534,21104
230,balanced,13,sky_ruins,天空遺跡,68,86,7,1,1,100,96,100,117,116,1,0,4,56,55,6152,2,2,175,6508,54,1,163,42,0,0,175,531,0,0,16344,37368
231,collector,1,meadow,はじまり草原,1,4,2,1,1,1,3,6,12,9,2,1,4,4,3,61,1,0,17,94,11,1,16,0,0,0,13,0,0,0,230,1058
231,collector,2,cave,こだま洞くつ,3,7,2,1,1,6,7,10,5,5,0,0,4,2,1,28,3,2,10,93,1,1,20,0,0,0,7,4,0,0,1316,3086
231,collector,3,brook,しずく湖畔,5,10,3,1,1,11,8,13,15,13,2,0,7,5,4,34,5,5,25,85,0,0,15,0,0,0,19,24,0,0,2765,1321
231,collector,4,volcano,ほむら火山,8,14,4,1,1,13,14,17,10,9,1,0,8,3,2,15,5,5,18,67,2,1,7,0,0,0,14,22,0,0,699,1939
231,collector,5,tower,星晶の塔,12,20,5,1,1,17,17,25,49,44,3,2,11,15,14,274,5,5,69,446,6,1,77,2,0,0,66,53,0,0,1026,4374
231,collector,6,snowfield,霜降り雪原,16,25,4,1,1,25,27,29,11,10,0,1,9,3,2,205,5,5,19,288,3,1,88,2,0,0,29,53,0,0,2310,3421
231,collector,7,thunder_ruins,雷鳴遺跡,21,31,5,1,1,29,28,31,17,15,2,0,9,5,4,175,5,5,27,268,1,1,77,1,0,0,34,48,0,0,1807,3693
231,collector,8,prism_sanctuary,虹晶聖域,28,42,6,1,1,31,32,54,151,113,1,37,45,37,36,300,5,5,193,3532,23,1,99,43,0,0,279,540,0,0,1950,7693
231,collector,9,poison_bog,毒霧の沼地,34,48,5,1,1,54,53,61,47,43,4,0,9,15,14,163,5,5,67,324,8,1,23,0,0,0,65,384,1,0,4062,6709
231,collector,10,machine_city,古代機械都市,39,57,6,1,1,61,62,74,84,83,1,0,10,27,26,352,5,5,116,1432,12,1,103,9,0,0,105,715,0,0,3542,12838
231,collector,11,deep_sea_temple,深海神殿,46,66,6,1,1,74,75,88,78,70,2,6,14,23,22,4300,5,5,106,6561,21,1,256,39,0,0,117,799,0,0,6776,18158
231,collector,12,demon_gate,魔界門,54,76,7,1,1,88,89,100,121,111,1,9,17,36,35,10304,5,5,162,24869,103,1,301,135,0,0,217,684,0,0,9585,36079
231,collector,13,sky_ruins,天空遺跡,68,86,7,1,1,100,100,100,11,7,3,1,11,2,1,448,5,5,18,544,0,0,224,2,0,0,30,0,0,0,19042,38799
232,rush,1,meadow,はじまり草原,1,4,2,1,1,1,2,7,4,3,1,0,1,3,2,18,0,0,7,28,0,0,7,0,0,0,5,8,0,0,230,717
232,rush,2,cave,こだま洞くつ,3,7,2,1,1,7,7,10,6,4,1,1,2,4,3,29,0,0,10,49,0,0,8,0,0,0,14,14,0,0,717,1410
232,rush,3,brook,しずく湖畔,5,10,3,1,1,10,11,14,5,5,0,0,0,3,2,16,0,0,8,26,0,0,6,0,0,0,7,26,0,0,1410,1158
232,rush,4,volcano,ほむら火山,8,14,4,1,1,14,15,19,19,19,0,0,0,16,15,84,0,0,35,124,0,0,7,0,0,0,47,37,0,0,1158,971
232,rush,5,tower,星晶の塔,12,20,5,1,1,19,20,29,54,54,0,0,0,50,49,236,0,0,104,357,0,0,7,0,0,0,151,148,0,0,971,1517
232,rush,6,snowfield,霜降り雪原,16,25,4,1,1,29,30,37,42,42,0,0,0,39,38,219,0,0,81,308,0,0,7,0,0,0,116,165,0,0,1517,2069
232,rush,7,thunder_ruins,雷鳴遺跡,21,31,5,1,0,37,37,0,85,85,0,0,0,80,80,410,0,0,165,550,0,0,7,0,0,0,240,357,0,0,2069,0
232,rush,8,prism_sanctuary,虹晶聖域,28,42,6,0,0,0,0,0,0,0,0,0,0,0,0,0,0,0,0,0,0,0,0,0,0,0,0,0,0,0,0,0
232,rush,9,poison_bog,毒霧の沼地,34,48,5,0,0,0,0,0,0,0,0,0,0,0,0,0,0,0,0,0,0,0,0,0,0,0,0,0,0,0,0,0
232,rush,10,machine_city,古代機械都市,39,57,6,0,0,0,0,0,0,0,0,0,0,0,0,0,0,0,0,0,0,0,0,0,0,0,0,0,0,0,0,0
232,rush,11,deep_sea_temple,深海神殿,46,66,6,0,0,0,0,0,0,0,0,0,0,0,0,0,0,0,0,0,0,0,0,0,0,0,0,0,0,0,0,0
232,rush,12,demon_gate,魔界門,54,76,7,0,0,0,0,0,0,0,0,0,0,0,0,0,0,0,0,0,0,0,0,0,0,0,0,0,0,0,0,0
232,rush,13,sky_ruins,天空遺跡,68,86,7,0,0,0,0,0,0,0,0,0,0,0,0,0,0,0,0,0,0,0,0,0,0,0,0,0,0,0,0,0
233,balanced,1,meadow,はじまり草原,1,4,2,1,1,1,3,7,6,5,1,0,3,3,2,27,2,0,11,58,3,1,11,0,0,0,7,6,0,0,230,877
233,balanced,2,cave,こだま洞くつ,3,7,2,1,1,8,8,12,6,5,1,0,4,3,2,37,2,1,11,76,2,1,18,0,0,0,8,21,0,0,1653,2144
233,balanced,3,brook,しずく湖畔,5,10,3,1,1,12,10,14,9,8,1,0,3,4,3,27,2,2,15,54,0,0,9,0,0,0,10,29,0,0,2021,989
233,balanced,4,volcano,ほむら火山,8,14,4,1,1,14,12,16,8,7,1,0,4,3,2,26,2,2,13,58,0,0,16,0,0,0,14,15,0,0,767,3156
233,balanced,5,tower,星晶の塔,12,20,5,1,1,16,17,21,15,14,1,0,4,6,5,33,2,2,23,75,2,1,7,0,0,0,23,66,0,0,2445,1853
233,balanced,6,snowfield,霜降り雪原,16,25,4,1,1,21,22,23,6,5,1,0,4,2,1,13,2,2,10,53,4,1,8,0,0,0,14,40,1,0,1436,3556
233,balanced,7,thunder_ruins,雷鳴遺跡,21,31,5,1,1,23,24,31,21,20,1,0,3,9,8,158,2,2,32,238,2,1,58,1,0,0,32,111,0,0,2755,5310
233,balanced,8,prism_sanctuary,虹晶聖域,28,42,6,1,1,31,32,49,83,79,1,3,8,38,37,287,2,2,123,572,13,1,21,0,0,0,141,487,0,0,4113,4852
233,balanced,9,poison_bog,毒霧の沼地,34,48,5,1,1,49,49,51,7,6,1,0,5,2,1,16,2,2,11,54,1,1,8,0,0,0,12,88,0,0,3758,10644
233,balanced,10,machine_city,古代機械都市,39,57,6,1,1,51,53,58,24,23,1,0,3,10,9,94,2,2,36,166,1,1,18,0,0,0,37,362,0,0,8243,14255
233,balanced,11,deep_sea_temple,深海神殿,46,66,6,1,1,58,58,80,94,93,1,0,3,45,44,498,2,2,141,787,0,0,34,0,0,0,144,1263,0,0,11040,10183
233,balanced,12,demon_gate,魔界門,54,76,7,1,1,80,81,83,11,10,1,0,4,3,2,167,2,2,16,214,2,1,79,2,0,0,19,324,0,0,7887,15028
233,balanced,13,sky_ruins,天空遺跡,68,86,7,1,1,83,85,95,40,38,1,1,6,17,16,4007,2,2,59,4119,21,1,286,17,0,0,60,833,0,0,11638,18949
234,collector,1,meadow,はじまり草原,1,4,2,1,1,1,2,6,8,6,2,0,7,3,2,29,5,2,16,113,7,1,15,0,0,0,19,0,0,0,230,1119
234,collector,2,cave,こだま洞くつ,3,7,2,1,1,7,7,11,8,7,1,0,3,3,2,56,1,0,12,91,4,1,25,0,0,0,10,9,0,0,1851,2421
234,collector,3,brook,しずく湖畔,5,10,3,1,1,11,11,16,15,13,2,0,4,5,4,45,2,1,22,91,3,1,13,0,0,0,18,25,0,0,2815,2521
234,collector,4,volcano,ほむら火山,8,14,4,1,1,13,14,14,5,1,3,1,9,1,0,6,5,5,11,52,0,0,7,0,0,0,19,0,0,0,2426,4500
234,collector,5,tower,星晶の塔,12,20,5,1,1,14,15,20,18,14,3,1,11,5,4,46,5,5,28,165,2,1,36,0,0,0,36,44,0,0,2376,4468
234,collector,6,snowfield,霜降り雪原,16,25,4,1,1,20,20,27,22,20,2,0,7,7,6,293,5,5,34,371,9,1,54,3,0,0,35,93,0,0,2360,2913
234,collector,7,thunder_ruins,雷鳴遺跡,21,31,5,1,1,27,28,31,11,9,2,0,8,3,2,25,5,5,19,88,2,1,10,0,0,0,25,28,0,0,1540,8937
234,collector,8,prism_sanctuary,虹晶聖域,28,42,6,1,1,31,31,45,59,53,1,5,12,17,16,83,5,5,81,999,10,1,72,11,0,0,96,266,0,0,4718,12632
234,collector,9,poison_bog,毒霧の沼地,34,48,5,1,1,45,45,46,5,3,2,0,8,1,0,5,5,5,11,57,0,0,8,0,0,0,19,0,0,0,6668,12476
234,collector,10,machine_city,古代機械都市,39,57,6,1,1,46,54,58,25,22,2,1,11,7,6,45,5,5,37,695,9,1,83,7,0,0,50,269,0,0,6586,8122
234,collector,11,deep_sea_temple,深海神殿,46,66,6,1,1,58,59,78,89,82,2,5,16,27,26,166,5,5,121,2932,31,1,106,25,0,0,150,899,0,0,4289,10950
234,collector,12,demon_gate,魔界門,54,76,7,1,1,78,78,83,27,17,2,8,18,5,4,25,5,5,37,231,2,1,55,1,0,0,62,200,0,0,5780,15715
234,collector,13,sky_ruins,天空遺跡,68,86,7,1,1,83,84,100,88,86,2,0,11,28,27,2992,5,5,121,3282,42,1,155,20,0,0,108,1202,0,0,8295,39091
235,rush,1,meadow,はじまり草原,1,4,2,1,1,1,3,7,8,5,1,2,3,5,4,39,0,0,13,61,0,0,11,0,0,0,11,10,0,0,230,542
235,rush,2,cave,こだま洞くつ,3,7,2,1,1,7,7,10,4,3,1,0,1,3,2,18,0,0,7,32,0,0,7,0,0,0,9,13,0,0,542,672
235,rush,3,brook,しずく湖畔,5,10,3,1,1,10,11,14,6,6,0,0,0,4,3,24,0,0,10,35,0,0,8,0,0,0,11,25,0,0,672,1160
235,rush,4,volcano,ほむら火山,8,14,4,1,1,14,14,19,16,16,0,0,0,13,12,70,0,0,29,96,0,0,6,0,0,0,37,45,0,0,1160,940
235,rush,5,tower,星晶の塔,12,20,5,1,1,19,20,28,45,44,0,1,0,40,39,193,0,0,85,303,0,0,7,0,0,0,122,124,0,0,940,1518
235,rush,6,snowfield,霜降り雪原,16,25,4,1,1,28,29,39,73,73,0,0,0,70,69,373,0,0,143,526,0,0,7,0,0,0,209,247,0,0,1518,2569
235,rush,7,thunder_ruins,雷鳴遺跡,21,31,5,1,1,39,40,44,31,31,0,0,0,27,26,133,0,0,58,181,0,0,6,0,0,0,79,149,0,0,2569,3850
235,rush,8,prism_sanctuary,虹晶聖域,28,42,6,1,0,44,45,0,97,86,0,11,0,80,80,303,0,0,177,627,0,0,6,0,0,0,292,541,0,0,3850,0
235,rush,9,poison_bog,毒霧の沼地,34,48,5,0,0,0,0,0,0,0,0,0,0,0,0,0,0,0,0,0,0,0,0,0,0,0,0,0,0,0,0,0
235,rush,10,machine_city,古代機械都市,39,57,6,0,0,0,0,0,0,0,0,0,0,0,0,0,0,0,0,0,0,0,0,0,0,0,0,0,0,0,0,0
235,rush,11,deep_sea_temple,深海神殿,46,66,6,0,0,0,0,0,0,0,0,0,0,0,0,0,0,0,0,0,0,0,0,0,0,0,0,0,0,0,0,0
235,rush,12,demon_gate,魔界門,54,76,7,0,0,0,0,0,0,0,0,0,0,0,0,0,0,0,0,0,0,0,0,0,0,0,0,0,0,0,0,0
235,rush,13,sky_ruins,天空遺跡,68,86,7,0,0,0,0,0,0,0,0,0,0,0,0,0,0,0,0,0,0,0,0,0,0,0,0,0,0,0,0,0
236,balanced,1,meadow,はじまり草原,1,4,2,1,1,1,2,6,7,5,1,1,2,3,2,27,1,0,11,51,3,1,12,0,0,0,7,5,0,0,230,904
236,balanced,2,cave,こだま洞くつ,3,7,2,1,1,7,4,10,8,7,1,0,4,4,3,56,2,0,14,101,5,1,19,0,0,0,6,17,0,0,982,2187
236,balanced,3,brook,しずく湖畔,5,10,3,1,1,11,11,13,5,4,1,0,3,2,1,11,2,2,9,30,0,0,6,0,0,0,10,9,0,0,2455,3015
236,balanced,4,volcano,ほむら火山,8,14,4,1,1,13,14,17,8,7,1,0,3,3,2,17,2,2,13,52,0,0,9,0,0,0,16,33,0,0,2336,2458
236,balanced,5,tower,星晶の塔,12,20,5,1,1,17,16,22,21,18,1,2,5,8,7,34,2,2,31,113,2,1,8,0,0,0,37,69,0,0,1905,1906
236,balanced,6,snowfield,霜降り雪原,16,25,4,1,1,22,22,31,38,37,1,0,3,18,17,118,2,2,58,197,13,1,9,0,0,0,60,154,0,0,1477,2424
236,balanced,7,thunder_ruins,雷鳴遺跡,21,31,5,1,1,31,32,37,23,22,1,0,3,10,9,55,2,2,35,107,4,1,7,0,0,0,35,101,0,0,1878,5296
236,balanced,8,prism_sanctuary,虹晶聖域,28,42,6,1,1,37,37,52,82,81,1,0,3,39,38,186,2,2,123,387,20,1,8,0,0,0,127,540,0,0,4102,4902
236,balanced,9,poison_bog,毒霧の沼地,34,48,5,1,1,52,53,54,5,5,0,0,7,1,0,8,2,2,8,33,0,0,8,0,0,0,8,0,0,0,3797,15659
236,balanced,10,machine_city,古代機械都市,39,57,6,1,1,54,55,64,44,43,1,0,3,20,19,125,2,2,66,224,20,1,9,0,0,0,65,602,0,0,12127,14292
236,balanced,11,deep_sea_temple,深海神殿,46,66,6,1,1,64,65,88,115,113,1,1,6,55,54,314,2,2,172,562,45,1,10,0,0,0,183,1466,0,0,11068,9856
236,balanced,12,demon_gate,魔界門,54,76,7,1,1,88,89,93,16,14,1,1,5,5,4,40,2,2,23,110,6,1,9,0,0,0,27,363,0,0,7634,14379
236,balanced,13,sky_ruins,天空遺跡,68,86,7,1,1,93,91,100,33,32,1,0,3,14,13,105,2,2,49,198,21,1,9,0,0,0,47,764,0,0,11136,19213
237,collector,1,meadow,はじまり草原,1,4,2,1,1,1,3,7,14,14,0,0,4,5,4,39,4,3,23,95,3,1,12,0,0,0,7,0,0,0,230,1305
237,collector,2,cave,こだま洞くつ,3,7,2,1,1,8,6,9,8,7,1,0,6,3,2,34,5,4,16,102,1,1,15,0,0,0,13,7,0,0,1989,2100
237,collector,3,brook,しずく湖畔,5,10,3,1,1,9,10,15,21,20,1,0,7,7,6,47,4,3,32,117,6,1,9,0,0,0,31,24,0,0,1379,1341
237,collector,4,volcano,ほむら火山,8,14,4,1,1,14,14,17,13,10,3,0,9,4,3,47,5,5,22,113,3,1,16,0,0,0,29,19,0,0,1423,2778
237,collector,5,tower,星晶の塔,12,20,5,1,1,17,18,20,11,9,2,0,7,3,2,15,5,5,19,69,2,1,9,0,0,0,24,14,0,0,1467,2691
237,collector,6,snowfield,霜降り雪原,16,25,4,1,1,20,24,29,22,21,1,0,9,7,6,147,5,5,34,247,7,1,24,0,0,0,37,85,0,0,1422,2920
237,collector,7,thunder_ruins,雷鳴遺跡,21,31,5,1,1,29,29,32,11,9,2,0,7,3,2,26,5,5,19,82,5,1,11,0,0,0,22,35,0,0,1543,5786
237,collector,8,prism_sanctuary,虹晶聖域,28,42,6,1,1,32,36,44,43,41,1,1,9,13,12,61,5,5,61,209,10,1,9,0,0,0,64,219,0,0,3055,5594
237,collector,9,poison_bog,毒霧の沼地,34,48,5,1,1,44,44,48,14,13,1,0,10,4,3,26,5,5,23,91,7,1,8,0,0,0,26,105,0,0,2955,14957
237,collector,10,machine_city,古代機械都市,39,57,6,1,1,48,49,54,21,20,1,0,10,6,5,36,5,5,32,124,4,1,8,0,0,0,35,244,0,0,7895,15291
237,collector,11,deep_sea_temple,深海神殿,46,66,6,1,1,54,54,73,89,80,1,8,19,26,25,637,5,5,120,1293,36,1,62,12,0,0,143,889,0,0,8072,11338
237,collector,12,demon_gate,魔界門,54,76,7,1,1,73,69,89,73,62,2,9,18,20,19,1282,5,5,98,1762,38,1,75,21,0,0,168,923,1,0,5985,15579
237,collector,13,sky_ruins,天空遺跡,68,86,7,1,1,89,90,100,92,89,2,1,11,29,28,3217,5,5,126,3500,37,1,231,29,0,0,125,757,0,0,8223,44949
238,rush,1,meadow,はじまり草原,1,4,2,1,1,1,2,7,11,3,1,7,7,3,2,23,0,0,14,54,0,0,9,0,0,0,12,7,0,0,230,686
238,rush,2,cave,こだま洞くつ,3,7,2,1,1,7,7,14,27,27,0,0,1,26,25,136,0,0,53,194,0,0,7,0,0,0,51,38,0,0,686,775
238,rush,3,brook,しずく湖畔,5,10,3,1,1,14,14,17,9,8,1,0,1,7,6,38,0,0,16,55,0,0,8,0,0,0,20,26,0,0,775,1173
238,rush,4,volcano,ほむら火山,8,14,4,1,1,17,17,21,21,21,0,0,0,18,17,101,0,0,39,137,0,0,7,0,0,0,55,50,0,0,1173,964
238,rush,5,tower,星晶の塔,12,20,5,1,0,21,22,0,86,85,0,1,0,80,80,348,0,0,166,541,0,0,7,0,0,0,249,186,0,0,964,0
238,rush,6,snowfield,霜降り雪原,16,25,4,0,0,0,0,0,0,0,0,0,0,0,0,0,0,0,0,0,0,0,0,0,0,0,0,0,0,0,0,0
238,rush,7,thunder_ruins,雷鳴遺跡,21,31,5,0,0,0,0,0,0,0,0,0,0,0,0,0,0,0,0,0,0,0,0,0,0,0,0,0,0,0,0,0
238,rush,8,prism_sanctuary,虹晶聖域,28,42,6,0,0,0,0,0,0,0,0,0,0,0,0,0,0,0,0,0,0,0,0,0,0,0,0,0,0,0,0,0
238,rush,9,poison_bog,毒霧の沼地,34,48,5,0,0,0,0,0,0,0,0,0,0,0,0,0,0,0,0,0,0,0,0,0,0,0,0,0,0,0,0,0
238,rush,10,machine_city,古代機械都市,39,57,6,0,0,0,0,0,0,0,0,0,0,0,0,0,0,0,0,0,0,0,0,0,0,0,0,0,0,0,0,0
238,rush,11,deep_sea_temple,深海神殿,46,66,6,0,0,0,0,0,0,0,0,0,0,0,0,0,0,0,0,0,0,0,0,0,0,0,0,0,0,0,0,0
238,rush,12,demon_gate,魔界門,54,76,7,0,0,0,0,0,0,0,0,0,0,0,0,0,0,0,0,0,0,0,0,0,0,0,0,0,0,0,0,0
238,rush,13,sky_ruins,天空遺跡,68,86,7,0,0,0,0,0,0,0,0,0,0,0,0,0,0,0,0,0,0,0,0,0,0,0,0,0,0,0,0,0
239,balanced,1,meadow,はじまり草原,1,4,2,1,1,1,2,6,10,5,1,4,7,3,2,24,2,0,15,70,2,1,11,0,0,0,11,4,0,0,230,909
239,balanced,2,cave,こだま洞くつ,3,7,2,1,1,7,8,11,6,5,1,0,3,3,2,24,2,2,11,57,2,1,10,0,0,0,14,16,0,0,1485,2446
239,balanced,3,brook,しずく湖畔,5,10,3,1,1,11,12,14,5,4,1,0,3,2,1,14,2,2,9,34,2,1,9,0,0,0,11,18,0,0,1895,1556
239,balanced,4,volcano,ほむら火山,8,14,4,1,1,14,12,16,14,13,1,0,6,6,5,40,2,2,22,90,2,1,13,0,0,0,26,36,0,0,1206,1251
239,balanced,5,tower,星晶の塔,12,20,5,1,1,16,17,21,9,8,1,0,3,3,2,15,2,2,14,45,0,0,7,0,0,0,18,35,0,0,969,3090
239,balanced,6,snowfield,霜降り雪原,16,25,4,1,1,21,21,28,23,21,1,1,4,10,9,92,2,2,35,142,4,1,43,0,0,0,36,123,0,0,2394,2462
239,balanced,7,thunder_ruins,雷鳴遺跡,21,31,5,1,1,28,29,35,29,28,1,0,4,13,12,391,2,2,44,447,0,0,71,5,0,0,46,125,0,0,1907,3146
239,balanced,8,prism_sanctuary,虹晶聖域,28,42,6,1,1,35,35,50,90,69,1,20,23,33,32,173,2,2,125,441,3,1,11,0,0,0,167,391,0,0,2437,7120
239,balanced,9,poison_bog,毒霧の沼地,34,48,5,1,1,50,50,52,7,6,1,0,3,2,1,9,2,2,11,32,1,1,6,0,0,0,10,108,0,0,5515,6600
239,balanced,10,machine_city,古代機械都市,39,57,6,1,1,52,53,66,68,68,0,0,8,32,31,225,2,2,102,363,13,1,15,0,0,0,107,715,0,0,5112,12169
239,balanced,11,deep_sea_temple,深海神殿,46,66,6,1,1,66,67,80,64,61,1,2,7,29,28,900,2,2,95,1090,26,1,184,6,0,0,103,817,0,0,9424,17999
239,balanced,12,demon_gate,魔界門,54,76,7,1,1,80,82,99,72,64,1,7,15,30,29,6118,2,2,104,7946,41,1,220,42,0,0,139,999,0,0,13940,13983
239,balanced,13,sky_ruins,天空遺跡,68,86,7,1,1,99,94,100,29,28,1,0,3,12,11,2783,2,2,43,2869,7,1,239,12,0,0,44,737,0,0,10830,18723
240,collector,1,meadow,はじまり草原,1,4,2,1,1,1,3,7,12,10,1,1,4,4,3,46,2,1,18,88,6,1,16,0,0,0,11,1,0,0,230,1043
240,collector,2,cave,こだま洞くつ,3,7,2,1,1,6,7,11,8,6,2,0,3,3,2,64,1,0,12,94,4,1,28,0,0,0,6,10,0,0,996,2244
240,collector,3,brook,しずく湖畔,5,10,3,1,1,11,7,11,12,11,1,0,6,4,3,22,5,5,21,78,2,1,9,0,0,0,17,11,0,0,2878,2141
240,collector,4,volcano,ほむら火山,8,14,4,1,1,11,13,18,29,26,2,1,8,9,8,98,5,5,43,194,2,1,23,0,0,0,47,32,1,0,1131,1612
240,collector,5,tower,星晶の塔,12,20,5,1,1,18,17,19,12,8,3,1,10,3,2,20,5,5,20,121,2,1,15,0,0,0,32,9,0,0,852,3864
240,collector,6,snowfield,霜降り雪原,16,25,4,1,1,19,19,29,34,33,1,0,6,11,10,205,5,5,50,353,8,1,29,0,0,0,47,115,0,0,2040,2899
240,collector,7,thunder_ruins,雷鳴遺跡,21,31,5,1,1,29,29,33,17,15,2,0,8,5,4,80,5,5,27,143,2,1,32,0,0,0,29,55,0,0,1532,3659
240,collector,8,prism_sanctuary,虹晶聖域,28,42,6,1,1,33,34,49,74,71,1,2,13,23,22,145,5,5,102,426,18,1,27,0,0,0,99,361,0,0,1932,7892
240,collector,9,poison_bog,毒霧の沼地,34,48,5,1,1,49,47,53,23,20,3,0,10,7,6,47,5,5,35,431,6,1,34,0,0,0,51,207,1,0,4166,6708
240,collector,10,machine_city,古代機械都市,39,57,6,1,1,53,54,63,45,45,0,0,11,14,13,108,5,5,64,831,8,1,45,0,0,0,96,395,0,0,3542,13069
240,collector,11,deep_sea_temple,深海神殿,46,66,6,1,1,63,62,83,101,94,2,5,14,31,30,995,5,5,137,2246,19,1,107,18,0,0,139,1096,0,0,6899,18242
240,collector,12,demon_gate,魔界門,54,76,7,1,1,83,84,90,33,29,2,2,10,9,8,716,5,5,47,3746,22,1,198,29,0,0,71,506,0,0,9629,15492
240,collector,13,sky_ruins,天空遺跡,68,86,7,1,0,90,91,0,247,245,2,0,4,80,80,18089,0,0,327,18768,49,1,230,81,0,0,241,718,0,0,8177,0
241,rush,1,meadow,はじまり草原,1,4,2,1,1,1,2,7,6,4,1,1,2,4,3,30,0,0,10,46,0,0,9,0,0,0,9,8,0,0,230,693
241,rush,2,cave,こだま洞くつ,3,7,2,1,1,7,7,11,5,4,1,0,1,4,3,28,0,0,9,41,0,0,8,0,0,0,12,25,0,0,693,717
241,rush,3,brook,しずく湖畔,5,10,3,1,1,11,11,13,4,4,0,0,0,2,1,11,0,0,6,22,0,0,6,0,0,0,5,15,0,0,717,1179
241,rush,4,volcano,ほむら火山,8,14,4,1,1,13,14,23,49,48,0,1,0,45,44,226,0,0,94,392,0,0,6,0,0,0,160,92,0,0,1179,1009
241,rush,5,tower,星晶の塔,12,20,5,1,1,23,23,33,81,81,0,0,0,77,76,341,0,0,158,545,0,0,7,0,0,0,248,181,0,0,1009,1569
241,rush,6,snowfield,霜降り雪原,16,25,4,1,1,33,34,42,63,63,0,0,0,60,59,314,0,0,123,446,0,0,7,0,0,0,181,222,0,0,1569,2034
241,rush,7,thunder_ruins,雷鳴遺跡,21,31,5,1,0,42,42,0,85,85,0,0,0,80,80,384,0,0,165,604,0,0,6,0,0,0,246,348,0,0,2034,0
241,rush,8,prism_sanctuary,虹晶聖域,28,42,6,0,0,0,0,0,0,0,0,0,0,0,0,0,0,0,0,0,0,0,0,0,0,0,0,0,0,0,0,0
241,rush,9,poison_bog,毒霧の沼地,34,48,5,0,0,0,0,0,0,0,0,0,0,0,0,0,0,0,0,0,0,0,0,0,0,0,0,0,0,0,0,0
241,rush,10,machine_city,古代機械都市,39,57,6,0,0,0,0,0,0,0,0,0,0,0,0,0,0,0,0,0,0,0,0,0,0,0,0,0,0,0,0,0
241,rush,11,deep_sea_temple,深海神殿,46,66,6,0,0,0,0,0,0,0,0,0,0,0,0,0,0,0,0,0,0,0,0,0,0,0,0,0,0,0,0,0
241,rush,12,demon_gate,魔界門,54,76,7,0,0,0,0,0,0,0,0,0,0,0,0,0,0,0,0,0,0,0,0,0,0,0,0,0,0,0,0,0
241,rush,13,sky_ruins,天空遺跡,68,86,7,0,0,0,0,0,0,0,0,0,0,0,0,0,0,0,0,0,0,0,0,0,0,0,0,0,0,0,0,0
242,balanced,1,meadow,はじまり草原,1,4,2,1,1,1,2,6,4,3,1,0,3,2,1,18,2,2,8,47,3,1,10,0,0,0,7,2,0,0,230,1147
242,balanced,2,cave,こだま洞くつ,3,7,2,1,1,6,6,9,7,5,1,1,4,3,2,25,2,2,12,60,2,1,11,0,0,0,16,10,0,0,889,1828
242,balanced,3,brook,しずく湖畔,5,10,3,1,1,9,10,14,9,8,1,0,3,4,3,23,2,2,15,52,2,1,7,0,0,0,16,25,0,0,1416,1428
242,balanced,4,volcano,ほむら火山,8,14,4,1,1,14,14,17,8,7,1,0,6,3,2,18,2,2,13,59,5,1,7,0,0,0,15,32,0,0,1107,1247
242,balanced,5,tower,星晶の塔,12,20,5,1,1,17,17,22,17,16,1,0,3,7,6,32,2,2,26,81,6,1,7,0,0,0,27,57,0,0,967,1859
242,balanced,6,snowfield,霜降り雪原,16,25,4,1,1,22,21,29,32,31,1,0,6,15,14,91,2,2,49,164,8,1,11,0,0,0,50,140,0,0,1440,2395
242,balanced,7,thunder_ruins,雷鳴遺跡,21,31,5,1,1,29,30,32,9,8,1,0,3,3,2,17,2,2,14,43,2,1,7,0,0,0,14,44,0,0,1856,4724
242,balanced,8,prism_sanctuary,虹晶聖域,28,42,6,1,1,32,33,54,113,110,0,3,8,53,52,274,2,2,168,610,43,1,11,0,0,0,201,664,0,0,3660,4902
242,balanced,9,poison_bog,毒霧の沼地,34,48,5,1,1,54,55,56,5,4,1,0,3,1,0,5,2,2,8,29,0,0,6,0,0,0,8,0,0,0,3797,10532
242,balanced,10,machine_city,古代機械都市,39,57,6,1,1,56,57,64,34,34,0,0,8,15,14,79,2,2,51,186,11,1,7,0,0,0,58,448,0,0,8157,10327
242,balanced,11,deep_sea_temple,深海神殿,46,66,6,1,1,64,62,82,94,91,1,2,9,44,43,268,2,2,140,550,79,1,8,0,0,0,160,1149,0,0,7998,10197
242,balanced,12,demon_gate,魔界門,54,76,7,1,1,82,83,86,11,10,1,0,5,3,2,18,2,2,16,67,1,1,7,0,0,0,20,241,0,0,7898,19082
242,balanced,13,sky_ruins,天空遺跡,68,86,7,1,1,86,80,100,85,84,1,0,5,40,39,5737,2,2,127,5942,10,1,175,36,0,0,131,1626,0,0,14778,35364
243,collector,1,meadow,はじまり草原,1,4,2,1,1,1,2,6,14,10,1,3,3,4,3,43,1,0,19,94,2,1,14,0,0,0,11,0,0,0,230,1036
243,collector,2,cave,こだま洞くつ,3,7,2,1,1,6,7,11,8,6,2,0,7,3,2,41,5,5,16,112,2,1,22,0,0,0,22,10,0,0,1114,2534
243,collector,3,brook,しずく湖畔,5,10,3,1,1,11,11,13,6,4,2,0,8,2,1,17,5,5,13,68,1,1,10,0,0,0,21,7,0,0,1339,1693
243,collector,4,volcano,ほむら火山,8,14,4,1,1,13,12,17,20,17,2,1,9,6,5,27,5,5,31,107,2,1,8,0,0,0,37,25,0,0,895,1940
243,collector,5,tower,星晶の塔,12,20,5,1,1,17,17,21,26,25,1,0,8,8,7,39,5,5,39,148,4,1,19,0,0,0,45,27,0,0,1027,2712
243,collector,6,snowfield,霜降り雪原,16,25,4,1,1,21,21,31,46,44,2,0,9,15,14,369,5,5,66,730,13,1,32,0,0,0,80,131,1,0,1433,4201
243,collector,7,thunder_ruins,雷鳴遺跡,21,31,5,1,1,31,31,35,23,20,3,0,9,7,6,197,5,5,35,259,3,1,33,0,0,0,35,81,0,0,2219,4168
243,collector,8,prism_sanctuary,虹晶聖域,28,42,6,1,1,35,36,50,79,71,1,7,17,23,22,172,5,5,107,691,23,1,36,0,0,0,123,346,0,0,2201,5578
243,collector,9,poison_bog,毒霧の沼地,34,48,5,1,1,50,50,52,8,6,2,0,7,2,1,14,5,5,15,68,1,1,9,0,0,0,20,47,0,0,2945,8913
243,collector,10,machine_city,古代機械都市,39,57,6,1,1,52,53,62,54,52,2,0,11,17,16,131,5,5,76,308,14,1,45,0,0,0,70,517,0,0,4705,8243
243,collector,11,deep_sea_temple,深海神殿,46,66,6,1,1,62,63,86,121,118,2,1,8,39,38,3041,5,5,165,3998,31,1,137,36,0,0,147,1340,0,0,4351,15937
243,collector,12,demon_gate,魔界門,54,76,7,1,1,86,87,91,18,12,1,5,14,3,2,359,5,5,26,917,6,1,141,9,0,0,48,239,0,0,8412,23747
243,collector,13,sky_ruins,天空遺跡,68,86,7,1,1,91,88,100,107,98,2,7,14,32,31,8125,5,5,144,8438,19,1,280,32,0,0,135,876,0,0,12534,44649
244,rush,1,meadow,はじまり草原,1,4,2,1,1,1,2,6,6,3,1,2,2,3,2,21,0,0,9,39,0,0,8,0,0,0,7,7,0,0,230,715
244,rush,2,cave,こだま洞くつ,3,7,2,1,1,6,6,11,10,9,1,0,1,9,8,67,0,0,19,96,0,0,9,0,0,0,27,17,0,0,715,1703
244,rush,3,brook,しずく湖畔,5,10,3,1,1,11,12,14,5,5,0,0,0,3,2,17,0,0,8,26,0,0,6,0,0,0,8,26,0,0,1703,1127
244,rush,4,volcano,ほむら火山,8,14,4,1,1,14,15,18,12,12,0,0,0,9,8,51,0,0,21,79,0,0,7,0,0,0,26,39,0,0,1127,983
244,rush,5,tower,星晶の塔,12,20,5,1,1,18,19,31,77,77,0,0,0,73,72,360,0,0,150,554,0,0,7,0,0,0,223,180,0,0,983,1488
244,rush,6,snowfield,霜降り雪原,16,25,4,1,1,31,32,39,48,48,0,0,0,45,44,251,0,0,93,360,0,0,7,0,0,0,134,184,0,0,1488,2549
244,rush,7,thunder_ruins,雷鳴遺跡,21,31,5,1,0,39,39,0,85,85,0,0,0,80,80,385,0,0,165,549,0,0,7,0,0,0,241,354,0,0,2549,0
244,rush,8,prism_sanctuary,虹晶聖域,28,42,6,0,0,0,0,0,0,0,0,0,0,0,0,0,0,0,0,0,0,0,0,0,0,0,0,0,0,0,0,0
244,rush,9,poison_bog,毒霧の沼地,34,48,5,0,0,0,0,0,0,0,0,0,0,0,0,0,0,0,0,0,0,0,0,0,0,0,0,0,0,0,0,0
244,rush,10,machine_city,古代機械都市,39,57,6,0,0,0,0,0,0,0,0,0,0,0,0,0,0,0,0,0,0,0,0,0,0,0,0,0,0,0,0,0
244,rush,11,deep_sea_temple,深海神殿,46,66,6,0,0,0,0,0,0,0,0,0,0,0,0,0,0,0,0,0,0,0,0,0,0,0,0,0,0,0,0,0
244,rush,12,demon_gate,魔界門,54,76,7,0,0,0,0,0,0,0,0,0,0,0,0,0,0,0,0,0,0,0,0,0,0,0,0,0,0,0,0,0
244,rush,13,sky_ruins,天空遺跡,68,86,7,0,0,0,0,0,0,0,0,0,0,0,0,0,0,0,0,0,0,0,0,0,0,0,0,0,0,0,0,0
245,balanced,1,meadow,はじまり草原,1,4,2,1,1,1,3,7,6,5,1,0,2,3,2,24,1,0,10,44,2,1,11,0,0,0,6,6,0,0,230,881
245,balanced,2,cave,こだま洞くつ,3,7,2,1,1,7,7,10,4,3,1,0,4,2,1,18,2,2,8,50,1,1,12,0,0,0,11,8,0,0,959,2689
245,balanced,3,brook,しずく湖畔,5,10,3,1,1,10,11,12,3,2,1,0,3,1,0,6,2,2,6,23,0,0,6,0,0,0,7,0,0,0,2083,3280
245,balanced,4,volcano,ほむら火山,8,14,4,1,1,12,12,20,29,27,1,1,3,13,12,70,2,2,44,148,8,1,7,0,0,0,49,76,0,0,2541,1507
245,balanced,5,tower,星晶の塔,12,20,5,1,1,20,19,22,17,16,1,0,4,7,6,42,2,2,26,84,1,1,9,0,0,0,26,36,0,0,1168,1818
245,balanced,6,snowfield,霜降り雪原,16,25,4,1,1,22,23,27,9,7,1,1,5,3,2,46,2,2,14,92,1,1,29,0,0,0,18,56,0,0,1408,4564
245,balanced,7,thunder_ruins,雷鳴遺跡,21,31,5,1,1,27,25,33,33,32,1,0,4,15,14,469,2,2,50,541,9,1,83,5,0,0,50,165,0,0,3535,3132
245,balanced,8,prism_sanctuary,虹晶聖域,28,42,6,1,1,33,34,44,44,43,1,0,4,20,19,115,2,2,66,273,3,1,20,0,0,0,72,263,0,0,2427,4944
245,balanced,9,poison_bog,毒霧の沼地,34,48,5,1,1,44,45,49,13,12,1,0,4,5,4,29,2,2,20,71,3,1,8,0,0,0,21,187,0,0,3829,8088
245,balanced,10,machine_city,古代機械都市,39,57,6,1,1,49,50,64,68,67,1,0,3,32,31,299,2,2,102,435,10,1,26,0,0,0,103,682,0,0,6264,7271
245,balanced,11,deep_sea_temple,深海神殿,46,66,6,1,1,64,63,79,68,67,1,0,3,32,31,1450,2,2,102,1634,11,1,74,22,0,0,104,875,0,0,5632,14884
245,balanced,12,demon_gate,魔界門,54,76,7,1,0,79,81,0,168,166,1,1,3,80,80,28070,0,0,248,29196,34,1,386,85,0,0,260,1329,0,0,11527,0
245,balanced,13,sky_ruins,天空遺跡,68,86,7,0,0,0,0,0,0,0,0,0,0,0,0,0,0,0,0,0,0,0,0,0,0,0,0,0,0,0,0,0
246,collector,1,meadow,はじまり草原,1,4,2,1,1,1,3,6,10,6,2,2,4,3,2,33,1,0,14,70,5,1,12,0,0,0,11,0,0,0,230,1133
246,collector,2,cave,こだま洞くつ,3,7,2,1,1,6,6,11,9,7,1,1,7,3,2,43,5,5,17,131,6,1,23,0,0,0,26,10,0,0,2091,2456
246,collector,3,brook,しずく湖畔,5,10,3,1,1,11,9,13,15,13,2,0,7,5,4,31,5,5,25,85,1,1,9,0,0,0,29,10,0,0,1298,1304
246,collector,4,volcano,ほむら火山,8,14,4,1,1,13,12,15,10,7,3,0,8,3,2,36,5,5,18,95,2,1,14,0,0,0,26,12,0,0,690,2534
246,collector,5,tower,星晶の塔,12,20,5,1,1,15,16,20,25,22,1,2,9,7,6,78,5,5,37,168,2,1,41,0,0,0,43,30,0,0,1339,2277
246,collector,6,snowfield,霜降り雪原,16,25,4,1,1,20,21,23,7,5,2,0,8,2,1,94,5,5,14,158,3,1,65,1,0,0,24,15,0,0,1203,5508
246,collector,7,thunder_ruins,雷鳴遺跡,21,31,5,1,1,23,24,30,20,19,1,0,9,6,5,114,5,5,31,215,5,1,55,1,0,0,35,85,0,0,2909,4035
246,collector,8,prism_sanctuary,虹晶聖域,28,42,6,1,1,30,34,51,95,89,1,5,16,29,28,218,5,5,129,2186,19,1,72,29,0,0,152,448,0,0,2130,6389
246,collector,9,poison_bog,毒霧の沼地,34,48,5,1,1,51,51,53,8,5,3,0,10,2,1,10,5,5,15,70,0,0,9,0,0,0,26,51,1,0,3374,12404
246,collector,10,machine_city,古代機械都市,39,57,6,1,1,53,54,64,59,55,2,2,10,18,17,156,5,5,82,1288,25,1,110,3,0,0,106,502,0,0,6549,7975
246,collector,11,deep_sea_temple,深海神殿,46,66,6,1,1,64,65,77,55,52,2,1,11,17,16,1180,5,5,77,1389,9,1,80,17,0,0,73,602,0,0,4210,16130
246,collector,12,demon_gate,魔界門,54,76,7,1,1,77,79,88,35,31,0,4,16,9,8,1486,5,5,49,2140,13,1,209,15,0,0,64,509,0,0,8514,22560
246,collector,13,sky_ruins,天空遺跡,68,86,7,1,1,88,84,96,46,42,4,0,9,14,13,3035,5,5,65,3293,22,1,238,15,0,0,62,850,0,0,11907,20128
247,rush,1,meadow,はじまり草原,1,4,2,1,1,1,2,7,5,4,1,0,2,4,3,32,0,0,9,48,0,0,9,0,0,0,7,8,0,0,230,715
247,rush,2,cave,こだま洞くつ,3,7,2,1,1,7,7,10,4,3,1,0,1,3,2,22,0,0,7,35,0,0,9,0,0,0,9,15,0,0,715,691
247,rush,3,brook,しずく湖畔,5,10,3,1,1,10,11,14,8,8,0,0,0,6,5,30,0,0,14,46,0,0,6,0,0,0,16,27,0,0,691,1156
247,rush,4,volcano,ほむら火山,8,14,4,1,1,14,15,20,20,20,0,0,0,17,16,97,0,0,37,141,0,0,7,0,0,0,51,47,0,0,1156,2182
247,rush,5,tower,星晶の塔,12,20,5,1,1,20,20,29,55,55,0,0,0,51,50,245,0,0,106,365,0,0,7,0,0,0,154,147,0,0,2182,1541
247,rush,6,snowfield,霜降り雪原,16,25,4,1,0,29,30,0,84,84,0,0,0,80,80,432,0,0,164,619,0,0,8,0,0,0,243,286,0,0,1541,0
247,rush,7,thunder_ruins,雷鳴遺跡,21,31,5,0,0,0,0,0,0,0,0,0,0,0,0,0,0,0,0,0,0,0,0,0,0,0,0,0,0,0,0,0
247,rush,8,prism_sanctuary,虹晶聖域,28,42,6,0,0,0,0,0,0,0,0,0,0,0,0,0,0,0,0,0,0,0,0,0,0,0,0,0,0,0,0,0
247,rush,9,poison_bog,毒霧の沼地,34,48,5,0,0,0,0,0,0,0,0,0,0,0,0,0,0,0,0,0,0,0,0,0,0,0,0,0,0,0,0,0
247,rush,10,machine_city,古代機械都市,39,57,6,0,0,0,0,0,0,0,0,0,0,0,0,0,0,0,0,0,0,0,0,0,0,0,0,0,0,0,0,0
247,rush,11,deep_sea_temple,深海神殿,46,66,6,0,0,0,0,0,0,0,0,0,0,0,0,0,0,0,0,0,0,0,0,0,0,0,0,0,0,0,0,0
247,rush,12,demon_gate,魔界門,54,76,7,0,0,0,0,0,0,0,0,0,0,0,0,0,0,0,0,0,0,0,0,0,0,0,0,0,0,0,0,0
247,rush,13,sky_ruins,天空遺跡,68,86,7,0,0,0,0,0,0,0,0,0,0,0,0,0,0,0,0,0,0,0,0,0,0,0,0,0,0,0,0,0
248,balanced,1,meadow,はじまり草原,1,4,2,1,1,1,2,6,7,4,2,1,5,3,2,27,2,0,12,65,5,1,15,0,0,0,10,5,0,0,230,897
248,balanced,2,cave,こだま洞くつ,3,7,2,1,1,8,8,11,4,3,1,0,3,2,1,42,2,2,8,72,3,1,25,0,0,0,11,12,0,0,1853,2656
248,balanced,3,brook,しずく湖畔,5,10,3,1,1,11,11,14,7,6,1,0,4,3,2,19,2,2,12,41,2,1,9,0,0,0,14,30,0,0,2058,1398
248,balanced,4,volcano,ほむら火山,8,14,4,1,1,14,12,18,19,17,1,1,6,8,7,45,2,2,29,110,2,1,13,0,0,0,33,33,0,0,1084,2476
248,balanced,5,tower,星晶の塔,12,20,5,1,1,18,18,24,29,26,1,2,7,12,11,76,2,2,43,202,2,1,20,0,0,0,51,56,0,0,1918,3364
248,balanced,6,snowfield,霜降り雪原,16,25,4,1,1,24,26,30,20,20,0,0,5,9,8,82,2,2,31,165,2,1,13,0,0,0,35,121,0,0,2606,2409
248,balanced,7,thunder_ruins,雷鳴遺跡,21,31,5,1,1,30,31,38,39,38,1,0,3,18,17,314,2,2,59,414,9,1,34,0,0,0,60,165,0,0,1866,3103
248,balanced,8,prism_sanctuary,虹晶聖域,28,42,6,1,1,38,39,61,139,135,1,3,5,66,65,444,2,2,207,987,17,1,34,0,0,0,223,803,0,0,2404,7094
248,balanced,9,poison_bog,毒霧の沼地,34,48,5,1,1,61,61,64,13,12,1,0,3,5,4,39,2,2,20,79,0,0,12,0,0,0,20,212,0,0,5494,6027
248,balanced,10,machine_city,古代機械都市,39,57,6,1,1,64,63,74,66,65,1,0,3,31,30,271,2,2,99,475,14,1,26,0,0,0,99,658,0,0,4668,11884
248,balanced,11,deep_sea_temple,深海神殿,46,66,6,1,1,74,73,84,63,61,1,1,6,29,28,1690,2,2,94,1912,23,1,77,25,0,0,110,819,0,0,9204,16899
248,balanced,12,demon_gate,魔界門,54,76,7,1,1,84,86,98,54,52,1,1,4,24,23,3221,2,2,80,3786,38,1,145,30,0,0,92,1024,0,0,13088,14172
248,balanced,13,sky_ruins,天空遺跡,68,86,7,1,1,98,99,100,149,148,1,0,3,72,71,22434,2,2,223,22844,11,1,339,72,0,0,225,90,0,0,10976,38286
249,collector,1,meadow,はじまり草原,1,4,2,1,1,1,3,6,12,10,1,1,3,4,3,42,1,0,17,81,8,1,14,0,0,0,9,0,0,0,230,1040
249,collector,2,cave,こだま洞くつ,3,7,2,1,1,7,8,11,5,4,1,0,4,2,1,33,3,2,10,87,2,1,24,0,0,0,6,4,0,0,1118,3326
249,collector,3,brook,しずく湖畔,5,10,3,1,1,11,7,12,15,12,3,0,8,5,4,27,5,5,25,83,1,1,8,0,0,0,19,18,0,0,2710,1583
249,collector,4,volcano,ほむら火山,8,14,4,1,1,12,13,16,10,8,2,0,8,3,2,14,5,5,18,67,1,1,7,0,0,0,22,18,0,0,837,2124
249,collector,5,tower,星晶の塔,12,20,5,1,1,16,17,23,39,36,2,1,10,12,11,103,5,5,56,255,6,1,24,0,0,0,57,48,0,0,1123,3472
249,collector,6,snowfield,霜降り雪原,16,25,4,1,1,23,24,32,40,38,2,0,8,13,12,457,5,5,58,660,13,1,48,0,0,0,58,133,1,0,1834,2949
249,collector,7,thunder_ruins,雷鳴遺跡,21,31,5,1,1,32,32,32,5,3,2,0,9,1,0,8,5,5,11,50,1,1,8,0,0,0,17,0,0,0,1558,4341
249,collector,8,prism_sanctuary,虹晶聖域,28,42,6,1,1,32,33,54,138,129,2,7,15,38,37,251,5,5,181,2012,47,1,42,0,0,0,204,549,0,14,2293,7794
249,collector,9,poison_bog,毒霧の沼地,34,48,5,1,1,54,54,60,53,50,3,0,9,10,9,78,5,5,68,299,6,1,44,0,0,0,52,273,1,21,4114,6631
249,collector,10,machine_city,古代機械都市,39,57,6,1,1,60,39,67,39,35,4,0,10,12,11,57,5,5,56,201,17,1,9,0,0,0,45,460,1,0,3501,13091
249,collector,11,deep_sea_temple,深海神殿,46,66,6,1,1,67,67,87,100,96,3,1,9,32,31,887,5,5,137,1925,26,1,61,19,0,0,131,1148,0,0,6911,18226
249,collector,12,demon_gate,魔界門,54,76,7,1,1,87,79,81,17,8,2,7,16,2,1,126,5,5,24,254,1,1,64,2,0,0,46,82,0,0,9621,17570
249,collector,13,sky_ruins,天空遺跡,68,86,7,1,1,81,83,100,90,68,2,20,31,22,21,1557,5,5,117,1976,14,1,78,22,0,0,154,1150,0,0,9274,20643
250,rush,1,meadow,はじまり草原,1,4,2,1,1,1,2,7,8,4,1,3,4,4,3,33,0,0,12,55,0,0,11,0,0,0,10,8,0,0,230,675
250,rush,2,cave,こだま洞くつ,3,7,2,1,1,7,7,10,5,4,1,0,1,4,3,43,0,0,9,57,0,0,12,0,0,0,11,15,0,0,675,1393
250,rush,3,brook,しずく湖畔,5,10,3,1,1,10,11,13,5,5,0,0,0,3,2,18,0,0,8,27,0,0,7,0,0,0,8,25,0,0,1393,1167
250,rush,4,volcano,ほむら火山,8,14,4,1,1,13,14,20,24,24,0,0,0,21,20,118,0,0,45,171,0,0,7,0,0,0,62,55,0,0,1167,1986
250,rush,5,tower,星晶の塔,12,20,5,1,1,20,20,31,69,68,0,1,0,64,63,316,0,0,133,519,0,0,8,0,0,0,201,167,0,0,1986,1555
250,rush,6,snowfield,霜降り雪原,16,25,4,1,1,31,31,40,60,60,0,0,0,57,56,360,0,0,117,502,0,0,9,0,0,0,170,224,0,0,1555,2073
250,rush,7,thunder_ruins,雷鳴遺跡,21,31,5,1,0,40,40,0,85,85,0,0,0,80,80,462,0,0,165,628,0,0,8,0,0,0,240,346,0,0,2073,0
250,rush,8,prism_sanctuary,虹晶聖域,28,42,6,0,0,0,0,0,0,0,0,0,0,0,0,0,0,0,0,0,0,0,0,0,0,0,0,0,0,0,0,0
250,rush,9,poison_bog,毒霧の沼地,34,48,5,0,0,0,0,0,0,0,0,0,0,0,0,0,0,0,0,0,0,0,0,0,0,0,0,0,0,0,0,0
250,rush,10,machine_city,古代機械都市,39,57,6,0,0,0,0,0,0,0,0,0,0,0,0,0,0,0,0,0,0,0,0,0,0,0,0,0,0,0,0,0
250,rush,11,deep_sea_temple,深海神殿,46,66,6,0,0,0,0,0,0,0,0,0,0,0,0,0,0,0,0,0,0,0,0,0,0,0,0,0,0,0,0,0
250,rush,12,demon_gate,魔界門,54,76,7,0,0,0,0,0,0,0,0,0,0,0,0,0,0,0,0,0,0,0,0,0,0,0,0,0,0,0,0,0
250,rush,13,sky_ruins,天空遺跡,68,86,7,0,0,0,0,0,0,0,0,0,0,0,0,0,0,0,0,0,0,0,0,0,0,0,0,0,0,0,0,0
251,balanced,1,meadow,はじまり草原,1,4,2,1,1,1,2,6,6,5,1,0,3,3,2,26,2,1,11,57,4,1,12,0,0,0,8,6,0,0,230,882
251,balanced,2,cave,こだま洞くつ,3,7,2,1,1,7,8,10,4,3,1,0,3,2,1,32,2,2,8,73,2,1,24,0,0,0,6,8,0,0,855,2783
251,balanced,3,brook,しずく湖畔,5,10,3,1,1,10,11,14,7,6,1,0,3,3,2,20,2,2,12,41,0,0,11,0,0,0,8,25,0,0,2156,1333
251,balanced,4,volcano,ほむら火山,8,14,4,1,1,14,13,19,22,21,1,0,3,10,9,91,2,2,34,139,4,1,17,0,0,0,23,57,0,0,1034,1532
251,balanced,5,tower,星晶の塔,12,20,5,1,1,19,18,26,44,42,1,1,5,20,19,99,2,2,66,236,5,1,12,0,0,0,71,97,0,0,1188,1827
251,balanced,6,snowfield,霜降り雪原,16,25,4,1,1,26,27,34,36,35,1,0,3,17,16,230,2,2,55,305,13,1,26,0,0,0,55,139,0,0,1416,3677
251,balanced,7,thunder_ruins,雷鳴遺跡,21,31,5,1,1,34,34,35,5,4,1,0,3,1,0,14,2,2,8,35,0,0,14,0,0,0,8,0,0,0,2848,6149
251,balanced,8,prism_sanctuary,虹晶聖域,28,42,6,1,0,35,33,0,216,165,1,50,52,80,80,417,0,0,296,1433,31,1,32,0,0,0,426,936,0,0,4763,0
251,balanced,9,poison_bog,毒霧の沼地,34,48,5,0,0,0,0,0,0,0,0,0,0,0,0,0,0,0,0,0,0,0,0,0,0,0,0,0,0,0,0,0
251,balanced,10,machine_city,古代機械都市,39,57,6,0,0,0,0,0,0,0,0,0,0,0,0,0,0,0,0,0,0,0,0,0,0,0,0,0,0,0,0,0
251,balanced,11,deep_sea_temple,深海神殿,46,66,6,0,0,0,0,0,0,0,0,0,0,0,0,0,0,0,0,0,0,0,0,0,0,0,0,0,0,0,0,0
251,balanced,12,demon_gate,魔界門,54,76,7,0,0,0,0,0,0,0,0,0,0,0,0,0,0,0,0,0,0,0,0,0,0,0,0,0,0,0,0,0
251,balanced,13,sky_ruins,天空遺跡,68,86,7,0,0,0,0,0,0,0,0,0,0,0,0,0,0,0,0,0,0,0,0,0,0,0,0,0,0,0,0,0
252,collector,1,meadow,はじまり草原,1,4,2,1,1,1,3,6,8,7,1,0,3,3,2,28,2,1,13,63,3,1,12,0,0,0,8,1,0,0,230,1120
252,collector,2,cave,こだま洞くつ,3,7,2,1,1,7,7,11,8,8,0,0,5,3,2,35,5,5,16,126,2,1,16,0,0,0,14,9,0,0,1064,2360
252,collector,3,brook,しずく湖畔,5,10,3,1,1,11,10,12,12,11,1,0,7,4,3,49,4,3,20,100,1,1,16,0,0,0,14,7,0,0,1247,1550
252,collector,4,volcano,ほむら火山,8,14,4,1,1,11,11,14,7,5,2,0,8,2,1,30,5,5,14,83,2,1,15,0,0,0,14,7,0,0,1264,3169
252,collector,5,tower,星晶の塔,12,20,5,1,1,14,17,20,11,8,3,0,9,3,2,22,5,5,19,110,3,1,33,0,0,0,25,24,0,0,1674,3493
252,collector,6,snowfield,霜降り雪原,16,25,4,1,1,20,23,29,25,23,2,0,9,8,7,374,5,5,38,467,5,1,67,4,0,0,43,99,0,0,1846,3020
252,collector,7,thunder_ruins,雷鳴遺跡,21,31,5,1,1,29,30,34,20,19,1,0,7,6,5,215,5,5,31,299,4,1,54,1,0,0,33,62,0,0,1596,4137
252,collector,8,prism_sanctuary,虹晶聖域,28,42,6,1,1,34,35,50,80,74,1,5,11,24,23,137,5,5,109,1917,13,1,69,26,0,0,127,363,0,0,2186,7771
252,collector,9,poison_bog,毒霧の沼地,34,48,5,1,1,50,50,52,11,9,2,0,9,3,2,19,5,5,19,150,0,0,70,1,0,0,25,104,0,0,4103,6678
252,collector,10,machine_city,古代機械都市,39,57,6,1,1,52,53,64,57,55,2,0,10,18,17,224,5,5,80,1612,12,1,90,16,0,0,85,513,0,0,3526,13769
252,collector,11,deep_sea_temple,深海神殿,46,66,6,1,1,64,65,90,124,122,1,1,10,40,39,1358,5,5,169,6114,43,1,183,60,0,0,180,1432,0,0,7268,18187
252,collector,12,demon_gate,魔界門,54,76,7,1,1,90,89,90,11,5,2,4,11,1,0,125,5,5,17,803,4,1,125,6,0,0,32,0,0,0,9600,25381
252,collector,13,sky_ruins,天空遺跡,68,86,7,1,1,90,83,100,88,81,1,6,16,26,25,7983,5,5,119,8263,14,1,334,26,0,0,121,1232,0,0,13397,32795
253,rush,1,meadow,はじまり草原,1,4,2,1,1,1,2,6,7,3,1,3,2,3,2,18,0,0,10,35,0,0,7,0,0,0,8,7,0,0,230,720
253,rush,2,cave,こだま洞くつ,3,7,2,1,1,6,7,11,10,10,0,0,2,9,8,45,0,0,19,73,0,0,7,0,0,0,18,14,0,0,720,1934
253,rush,3,brook,しずく湖畔,5,10,3,1,1,11,11,14,5,4,1,0,1,3,2,16,0,0,8,29,0,0,6,0,0,0,8,28,0,0,1934,1137
253,rush,4,volcano,ほむら火山,8,14,4,1,1,14,14,21,33,33,0,0,0,30,29,153,0,0,63,220,0,0,6,0,0,0,90,76,0,0,1137,972
253,rush,5,tower,星晶の塔,12,20,5,1,0,21,22,0,85,85,0,0,0,80,80,361,0,0,165,573,0,0,6,0,0,0,251,183,0,0,972,0
253,rush,6,snowfield,霜降り雪原,16,25,4,0,0,0,0,0,0,0,0,0,0,0,0,0,0,0,0,0,0,0,0,0,0,0,0,0,0,0,0,0
253,rush,7,thunder_ruins,雷鳴遺跡,21,31,5,0,0,0,0,0,0,0,0,0,0,0,0,0,0,0,0,0,0,0,0,0,0,0,0,0,0,0,0,0
253,rush,8,prism_sanctuary,虹晶聖域,28,42,6,0,0,0,0,0,0,0,0,0,0,0,0,0,0,0,0,0,0,0,0,0,0,0,0,0,0,0,0,0
253,rush,9,poison_bog,毒霧の沼地,34,48,5,0,0,0,0,0,0,0,0,0,0,0,0,0,0,0,0,0,0,0,0,0,0,0,0,0,0,0,0,0
253,rush,10,machine_city,古代機械都市,39,57,6,0,0,0,0,0,0,0,0,0,0,0,0,0,0,0,0,0,0,0,0,0,0,0,0,0,0,0,0,0
253,rush,11,deep_sea_temple,深海神殿,46,66,6,0,0,0,0,0,0,0,0,0,0,0,0,0,0,0,0,0,0,0,0,0,0,0,0,0,0,0,0,0
253,rush,12,demon_gate,魔界門,54,76,7,0,0,0,0,0,0,0,0,0,0,0,0,0,0,0,0,0,0,0,0,0,0,0,0,0,0,0,0,0
253,rush,13,sky_ruins,天空遺跡,68,86,7,0,0,0,0,0,0,0,0,0,0,0,0,0,0,0,0,0,0,0,0,0,0,0,0,0,0,0,0,0
254,balanced,1,meadow,はじまり草原,1,4,2,1,1,1,2,6,7,4,2,1,4,3,2,36,1,0,11,63,3,1,15,0,0,0,10,5,0,0,230,892
254,balanced,2,cave,こだま洞くつ,3,7,2,1,1,7,7,11,8,7,1,0,3,4,3,54,2,2,14,96,5,1,18,0,0,0,17,15,0,0,1150,2338
254,balanced,3,brook,しずく湖畔,5,10,3,1,1,11,11,15,11,10,1,0,3,5,4,43,2,2,18,74,4,1,15,0,0,0,20,31,0,0,1812,1159
254,balanced,4,volcano,ほむら火山,8,14,4,1,1,15,14,16,10,9,1,0,4,4,3,63,2,2,16,94,3,1,21,0,0,0,17,18,0,0,898,2124
254,balanced,5,tower,星晶の塔,12,20,5,1,1,16,18,23,21,20,1,0,3,9,8,49,2,2,32,107,7,1,8,0,0,0,33,63,0,0,1646,1857
254,balanced,6,snowfield,霜降り雪原,16,25,4,1,1,23,22,26,8,7,1,0,3,3,2,48,2,2,13,89,3,1,32,0,0,0,14,51,0,0,1439,5179
254,balanced,7,thunder_ruins,雷鳴遺跡,21,31,5,1,1,26,27,33,23,23,0,0,7,10,9,86,2,2,35,157,10,1,11,0,0,0,35,131,0,0,4012,3522
254,balanced,8,prism_sanctuary,虹晶聖域,28,42,6,1,1,33,34,52,94,93,1,0,3,45,44,282,2,2,141,567,30,1,25,0,0,0,146,555,0,0,2728,5544
254,balanced,9,poison_bog,毒霧の沼地,34,48,5,1,1,52,53,56,11,10,1,0,4,4,3,34,2,2,17,74,1,1,10,0,0,0,17,178,0,0,4294,8096
254,balanced,10,machine_city,古代機械都市,39,57,6,1,1,56,57,61,20,19,1,0,4,8,7,76,2,2,30,132,5,1,14,0,0,0,29,237,0,0,6270,7323
254,balanced,11,deep_sea_temple,深海神殿,46,66,6,1,1,61,62,94,161,160,0,1,9,78,77,603,2,2,241,1081,80,1,15,0,0,0,256,1983,0,0,5672,14786
254,balanced,12,demon_gate,魔界門,54,76,7,1,1,94,94,99,23,22,1,0,3,9,8,79,2,2,34,160,15,1,12,0,0,0,35,540,0,0,11451,22409
254,balanced,13,sky_ruins,天空遺跡,68,86,7,1,0,99,100,0,167,166,1,0,4,80,80,711,0,0,247,1078,104,1,11,0,0,0,243,0,0,0,17354,0
255,collector,1,meadow,はじまり草原,1,4,2,1,1,1,3,6,13,10,1,2,7,4,3,44,5,2,22,141,8,1,15,0,0,0,17,0,0,0,230,1030
255,collector,2,cave,こだま洞くつ,3,7,2,1,1,8,9,11,5,3,2,0,7,2,1,45,5,5,12,108,4,1,23,0,0,0,20,5,0,0,2785,2991
255,collector,3,brook,しずく湖畔,5,10,3,1,1,11,10,15,21,19,2,0,6,7,6,60,3,2,31,144,4,1,14,0,0,0,30,13,0,0,1581,2194
255,collector,4,volcano,ほむら火山,8,14,4,1,1,14,11,13,7,3,4,0,9,2,1,19,5,5,14,66,2,1,15,0,0,0,12,8,0,0,3107,4319
255,collector,5,tower,星晶の塔,12,20,5,1,1,13,14,22,36,32,3,1,9,11,10,240,5,5,52,377,7,1,77,2,0,0,49,56,0,0,2281,2281
255,collector,6,snowfield,霜降り雪原,16,25,4,1,1,22,23,31,37,36,1,0,9,12,11,1048,5,5,54,1156,10,1,100,12,0,0,52,112,0,0,1206,5078
255,collector,7,thunder_ruins,雷鳴遺跡,21,31,5,1,1,31,32,34,14,13,1,0,8,4,3,301,5,5,23,364,2,1,106,3,0,0,28,54,0,0,2682,3692
255,collector,8,prism_sanctuary,虹晶聖域,28,42,6,1,1,34,35,52,99,89,1,9,15,29,28,242,5,5,133,1782,14,1,114,16,0,0,143,430,0,0,1950,10495
255,collector,9,poison_bog,毒霧の沼地,34,48,5,1,1,52,52,59,35,32,3,0,9,11,10,121,5,5,51,252,3,1,23,0,0,0,54,305,1,0,5540,13727
255,collector,10,machine_city,古代機械都市,39,57,6,1,1,59,57,71,87,82,2,3,12,27,26,380,5,5,119,914,23,1,118,3,0,0,144,720,1,0,7246,8211
255,collector,11,deep_sea_temple,深海神殿,46,66,6,1,1,71,71,91,114,106,2,6,15,35,34,7497,5,5,154,10177,38,1,270,53,0,0,152,1272,0,0,4334,10929
255,collector,12,demon_gate,魔界門,54,76,7,1,1,91,92,100,62,52,3,7,15,17,16,4865,5,5,84,11799,36,1,298,58,0,0,113,525,0,0,5770,24199
255,collector,13,sky_ruins,天空遺跡,68,86,7,1,1,100,98,100,168,160,3,5,13,53,52,12659,5,5,226,14711,34,1,243,62,0,0,201,282,0,0,12773,47804
256,rush,1,meadow,はじまり草原,1,4,2,1,1,1,2,7,4,3,1,0,1,3,2,20,0,0,7,29,0,0,8,0,0,0,5,8,0,0,230,712
256,rush,2,cave,こだま洞くつ,3,7,2,1,1,7,7,10,4,2,1,1,3,2,1,14,0,0,6,32,0,0,7,0,0,0,6,11,0,0,712,757
256,rush,3,brook,しずく湖畔,5,10,3,1,1,10,10,13,5,5,0,0,0,3,2,16,0,0,8,26,0,0,6,0,0,0,8,24,0,0,757,1434
256,rush,4,volcano,ほむら火山,8,14,4,1,1,13,14,17,10,10,0,0,0,7,6,41,0,0,17,57,0,0,7,0,0,0,20,32,0,0,1434,960
256,rush,5,tower,星晶の塔,12,20,5,1,1,17,18,28,53,53,0,0,0,49,48,238,0,0,102,341,0,0,7,0,0,0,146,150,0,0,960,1527
256,rush,6,snowfield,霜降り雪原,16,25,4,1,1,28,29,37,47,47,0,0,0,44,43,250,0,0,91,335,0,0,8,0,0,0,131,178,0,0,1527,2071
256,rush,7,thunder_ruins,雷鳴遺跡,21,31,5,1,1,37,37,44,42,42,0,0,0,38,37,205,0,0,80,266,0,0,7,0,0,0,113,188,0,0,2071,3841
256,rush,8,prism_sanctuary,虹晶聖域,28,42,6,1,0,44,45,0,86,86,0,0,0,80,80,319,0,0,166,581,0,0,6,0,0,0,278,557,0,0,3841,0
256,rush,9,poison_bog,毒霧の沼地,34,48,5,0,0,0,0,0,0,0,0,0,0,0,0,0,0,0,0,0,0,0,0,0,0,0,0,0,0,0,0,0
256,rush,10,machine_city,古代機械都市,39,57,6,0,0,0,0,0,0,0,0,0,0,0,0,0,0,0,0,0,0,0,0,0,0,0,0,0,0,0,0,0
256,rush,11,deep_sea_temple,深海神殿,46,66,6,0,0,0,0,0,0,0,0,0,0,0,0,0,0,0,0,0,0,0,0,0,0,0,0,0,0,0,0,0
256,rush,12,demon_gate,魔界門,54,76,7,0,0,0,0,0,0,0,0,0,0,0,0,0,0,0,0,0,0,0,0,0,0,0,0,0,0,0,0,0
256,rush,13,sky_ruins,天空遺跡,68,86,7,0,0,0,0,0,0,0,0,0,0,0,0,0,0,0,0,0,0,0,0,0,0,0,0,0,0,0,0,0
257,balanced,1,meadow,はじまり草原,1,4,2,1,1,1,2,7,9,7,1,1,3,4,3,39,1,0,14,69,7,1,12,0,0,0,7,7,0,0,230,770
257,balanced,2,cave,こだま洞くつ,3,7,2,1,1,7,8,12,6,5,1,0,2,3,2,45,1,0,10,72,3,1,25,0,0,0,4,16,0,0,848,2390
257,balanced,3,brook,しずく湖畔,5,10,3,1,1,12,12,15,7,6,1,0,4,3,2,11,2,2,12,32,0,0,7,0,0,0,9,27,0,0,2524,1660
257,balanced,4,volcano,ほむら火山,8,14,4,1,1,15,12,14,6,5,1,0,5,2,1,9,2,2,10,36,1,1,7,0,0,0,7,17,0,0,1286,1917
257,balanced,5,tower,星晶の塔,12,20,5,1,1,14,15,24,33,32,1,0,6,15,14,72,2,2,50,145,3,1,7,0,0,0,50,86,0,0,1485,3375
257,balanced,6,snowfield,霜降り雪原,16,25,4,1,1,24,24,27,10,9,1,0,4,4,3,66,2,2,16,97,1,1,31,0,0,0,17,92,0,0,2614,2407
257,balanced,7,thunder_ruins,雷鳴遺跡,21,31,5,1,1,27,28,33,19,18,1,0,6,8,7,79,2,2,29,117,3,1,15,0,0,0,28,82,0,0,1865,3540
257,balanced,8,prism_sanctuary,虹晶聖域,28,42,6,1,1,33,34,56,117,116,0,1,9,56,55,354,2,2,175,788,22,1,29,0,0,0,188,693,0,0,2743,7230
257,balanced,9,poison_bog,毒霧の沼地,34,48,5,1,1,56,56,57,5,4,1,0,4,1,0,12,2,2,8,39,1,1,12,0,0,0,7,0,0,0,5600,12863
257,balanced,10,machine_city,古代機械都市,39,57,6,1,1,57,58,66,38,37,1,0,5,17,16,189,2,2,57,265,6,1,27,0,0,0,57,517,0,0,9962,12003
257,balanced,11,deep_sea_temple,深海神殿,46,66,6,1,1,66,64,84,93,91,1,1,7,44,43,857,2,2,139,1137,22,1,70,8,0,0,153,1199,0,0,9296,17059
257,balanced,12,demon_gate,魔界門,54,76,7,1,1,84,84,88,17,14,1,2,9,5,4,357,2,2,24,475,5,1,74,5,0,0,36,318,0,0,13211,19477
257,balanced,13,sky_ruins,天空遺跡,68,86,7,1,1,88,90,100,55,53,0,2,11,24,23,1914,2,2,81,2115,29,1,87,24,0,0,95,929,0,0,15084,28082
258,collector,1,meadow,はじまり草原,1,4,2,1,1,1,2,6,8,6,2,0,4,3,2,35,2,0,13,78,5,1,14,0,0,0,11,1,0,0,230,1157
258,collector,2,cave,こだま洞くつ,3,7,2,1,1,7,8,12,11,10,1,0,6,4,3,100,5,5,20,165,7,1,28,0,0,0,26,20,0,0,2853,1750
258,collector,3,brook,しずく湖畔,5,10,3,1,1,12,11,16,21,18,3,0,4,7,6,80,1,0,29,113,0,0,18,0,0,0,21,13,0,0,925,1642
258,collector,4,volcano,ほむら火山,8,14,4,1,1,13,13,17,10,8,2,0,9,3,2,26,5,5,18,92,1,1,14,0,0,0,23,25,0,0,1849,3474
258,collector,5,tower,星晶の塔,12,20,5,1,1,17,17,20,21,18,2,1,11,6,5,43,5,5,32,164,8,1,35,0,0,0,39,24,0,0,1835,2597
258,collector,6,snowfield,霜降り雪原,16,25,4,1,1,20,23,28,22,18,4,0,9,7,6,368,5,5,34,464,10,1,74,4,0,0,37,80,0,0,1372,2907
258,collector,7,thunder_ruins,雷鳴遺跡,21,31,5,1,1,28,26,35,44,42,2,0,7,14,13,576,5,5,63,724,12,1,91,7,0,0,61,130,1,0,1536,6437
258,collector,8,prism_sanctuary,虹晶聖域,28,42,6,1,1,35,36,54,113,111,0,2,10,36,35,344,5,5,154,1385,12,1,114,9,0,0,142,567,0,0,3399,5535
258,collector,9,poison_bog,毒霧の沼地,34,48,5,1,1,54,54,57,14,12,2,0,9,4,3,20,5,5,23,88,0,0,8,0,0,0,30,101,0,0,2923,15250
258,collector,10,machine_city,古代機械都市,39,57,6,1,1,57,57,74,122,111,3,8,17,37,36,636,5,5,164,1697,33,1,184,8,0,0,219,921,1,0,8049,15099
258,collector,11,deep_sea_temple,深海神殿,46,66,6,1,1,74,74,83,48,43,2,3,12,14,13,1857,5,5,67,2716,9,1,243,19,0,0,74,523,0,0,7971,11299
258,collector,12,demon_gate,魔界門,54,76,7,1,1,83,84,92,36,31,3,2,10,10,9,2026,5,5,51,6095,32,1,214,37,0,0,69,498,0,0,5964,15542
258,collector,13,sky_ruins,天空遺跡,68,86,7,1,1,92,88,100,145,137,2,6,14,45,44,15021,5,5,195,15407,37,1,378,45,0,0,172,824,0,0,8203,46428
259,rush,1,meadow,はじまり草原,1,4,2,1,1,1,2,7,4,3,1,0,1,3,2,23,0,0,7,34,0,0,9,0,0,0,5,8,0,0,230,718
259,rush,2,cave,こだま洞くつ,3,7,2,1,1,7,7,12,11,11,0,0,2,10,9,60,0,0,21,87,0,0,8,0,0,0,20,22,0,0,718,1388
259,rush,3,brook,しずく湖畔,5,10,3,1,1,12,12,14,4,3,1,0,1,2,1,9,0,0,6,17,0,0,5,0,0,0,4,20,0,0,1388,1141
259,rush,4,volcano,ほむら火山,8,14,4,1,1,14,15,19,17,17,0,0,0,14,13,71,0,0,31,104,0,0,6,0,0,0,43,34,0,0,1141,1903
259,rush,5,tower,星晶の塔,12,20,5,1,1,19,20,25,26,26,0,0,0,22,21,85,0,0,48,131,0,0,5,0,0,0,66,87,0,0,1903,2406
259,rush,6,snowfield,霜降り雪原,16,25,4,1,1,25,26,34,42,42,0,0,0,39,38,217,0,0,81,275,0,0,7,0,0,0,115,186,0,0,2406,2094
259,rush,7,thunder_ruins,雷鳴遺跡,21,31,5,1,1,34,35,47,82,82,0,0,0,78,77,371,0,0,160,482,0,0,6,0,0,0,233,341,0,0,2094,3912
259,rush,8,prism_sanctuary,虹晶聖域,28,42,6,1,0,47,48,0,86,86,0,0,0,80,80,331,0,0,166,530,0,0,6,0,0,0,257,564,0,0,3912,0
259,rush,9,poison_bog,毒霧の沼地,34,48,5,0,0,0,0,0,0,0,0,0,0,0,0,0,0,0,0,0,0,0,0,0,0,0,0,0,0,0,0,0
259,rush,10,machine_city,古代機械都市,39,57,6,0,0,0,0,0,0,0,0,0,0,0,0,0,0,0,0,0,0,0,0,0,0,0,0,0,0,0,0,0
259,rush,11,deep_sea_temple,深海神殿,46,66,6,0,0,0,0,0,0,0,0,0,0,0,0,0,0,0,0,0,0,0,0,0,0,0,0,0,0,0,0,0
259,rush,12,demon_gate,魔界門,54,76,7,0,0,0,0,0,0,0,0,0,0,0,0,0,0,0,0,0,0,0,0,0,0,0,0,0,0,0,0,0
259,rush,13,sky_ruins,天空遺跡,68,86,7,0,0,0,0,0,0,0,0,0,0,0,0,0,0,0,0,0,0,0,0,0,0,0,0,0,0,0,0,0
260,balanced,1,meadow,はじまり草原,1,4,2,1,1,1,2,6,6,4,2,0,3,3,2,34,1,0,10,58,3,1,14,0,0,0,8,5,0,0,230,909
260,balanced,2,cave,こだま洞くつ,3,7,2,1,1,7,7,11,6,5,1,0,3,3,2,53,2,0,11,87,3,1,23,0,0,0,12,16,0,0,2107,2477
260,balanced,3,brook,しずく湖畔,5,10,3,1,1,12,12,14,5,4,1,0,4,2,1,15,2,2,9,40,3,1,9,0,0,0,11,14,0,0,3005,2758
260,balanced,4,volcano,ほむら火山,8,14,4,1,1,14,12,18,20,17,1,2,8,8,7,53,2,2,30,133,2,1,11,0,0,0,40,43,0,0,2137,3656
260,balanced,5,tower,星晶の塔,12,20,5,1,1,18,19,26,37,36,1,0,3,17,16,88,2,2,56,160,0,0,8,0,0,0,57,110,0,0,2832,1843
260,balanced,6,snowfield,霜降り雪原,16,25,4,1,1,26,26,31,24,21,1,2,8,10,9,86,2,2,36,165,0,0,23,0,0,0,44,88,0,0,1428,2897
260,balanced,7,thunder_ruins,雷鳴遺跡,21,31,5,1,1,31,31,44,75,74,1,0,3,36,35,322,2,2,113,451,0,0,36,0,0,0,113,313,0,0,2244,5242
260,balanced,8,prism_sanctuary,虹晶聖域,28,42,6,1,1,44,44,62,134,133,1,0,4,65,64,346,2,2,201,768,22,1,13,0,0,0,217,819,0,0,4060,4923
260,balanced,9,poison_bog,毒霧の沼地,34,48,5,1,1,62,62,64,7,6,1,0,3,2,1,28,2,2,11,54,0,0,19,0,0,0,11,78,0,0,3814,10671
260,balanced,10,machine_city,古代機械都市,39,57,6,1,1,64,65,72,38,37,1,0,3,17,16,114,2,2,57,197,11,1,12,0,0,0,57,500,0,0,8265,14296
260,balanced,11,deep_sea_temple,深海神殿,46,66,6,1,1,72,71,89,98,97,1,0,3,47,46,359,2,2,147,690,28,1,17,0,0,0,153,1315,0,0,11072,9945
260,balanced,12,demon_gate,魔界門,54,76,7,1,0,89,91,0,167,166,1,0,1,80,80,12229,0,0,247,12684,20,1,197,69,0,0,245,769,0,0,7702,0
260,balanced,13,sky_ruins,天空遺跡,68,86,7,0,0,0,0,0,0,0,0,0,0,0,0,0,0,0,0,0,0,0,0,0,0,0,0,0,0,0,0,0
261,collector,1,meadow,はじまり草原,1,4,2,1,1,1,3,7,21,16,1,4,6,6,5,73,1,0,28,137,11,1,16,0,0,0,18,0,0,0,230,1180
261,collector,2,cave,こだま洞くつ,3,7,2,1,1,7,4,10,11,10,1,0,2,4,3,53,1,0,16,83,4,1,19,0,0,0,6,9,0,0,2108,2288
261,collector,3,brook,しずく湖畔,5,10,3,1,1,10,10,12,6,4,2,0,7,2,1,15,5,5,13,55,1,1,10,0,0,0,20,5,0,0,2422,2538
261,collector,4,volcano,ほむら火山,8,14,4,1,1,12,12,13,7,5,2,0,8,2,1,18,5,5,14,82,2,1,16,0,0,0,23,9,0,0,1342,2769
261,collector,5,tower,星晶の塔,12,20,5,1,1,13,14,23,38,37,1,0,8,12,11,96,5,5,55,339,10,1,20,0,0,0,62,57,0,0,1463,3575
261,collector,6,snowfield,霜降り雪原,16,25,4,1,1,23,23,33,49,48,1,0,6,16,15,446,5,5,70,618,14,1,39,0,0,0,61,155,0,0,1888,2977
261,collector,7,thunder_ruins,雷鳴遺跡,21,31,5,1,1,33,34,38,29,26,3,0,8,9,8,288,5,5,43,520,11,1,37,0,0,0,47,98,1,0,1573,3713
261,collector,8,prism_sanctuary,虹晶聖域,28,42,6,1,1,38,39,58,130,121,2,7,14,40,39,792,5,5,175,2725,29,1,105,18,0,0,185,607,0,0,1961,7760
261,collector,9,poison_bog,毒霧の沼地,34,48,5,1,1,58,59,59,5,2,3,0,9,1,0,18,5,5,11,77,0,0,18,0,0,0,19,0,0,0,4097,9279
261,collector,10,machine_city,古代機械都市,39,57,6,1,1,59,60,66,36,33,3,0,8,11,10,150,5,5,52,523,8,1,91,3,0,0,53,355,0,0,4899,12979
261,collector,11,deep_sea_temple,深海神殿,46,66,6,1,1,66,58,82,119,112,2,5,12,37,36,3817,5,5,161,5254,30,1,317,34,0,0,154,1284,0,0,6851,18168
261,collector,12,demon_gate,魔界門,54,76,7,1,1,82,83,100,144,141,1,2,12,46,45,13345,5,5,195,19121,55,1,379,80,0,0,252,1105,1,0,9590,36366
261,collector,13,sky_ruins,天空遺跡,68,86,7,1,0,100,100,0,128,121,3,4,8,39,39,15060,0,0,167,18801,26,1,389,69,0,0,163,0,0,0,19193,0
262,rush,1,meadow,はじまり草原,1,4,2,1,1,1,3,7,4,3,1,0,1,3,2,25,0,0,7,37,0,0,10,0,0,0,5,9,0,0,230,677
262,rush,2,cave,こだま洞くつ,3,7,2,1,1,7,7,12,11,10,1,0,1,10,9,80,0,0,21,110,0,0,10,0,0,0,30,21,0,0,677,1401
262,rush,3,brook,しずく湖畔,5,10,3,1,1,12,12,15,7,7,0,0,0,5,4,33,0,0,12,44,0,0,7,0,0,0,13,22,0,0,1401,1378
262,rush,4,volcano,ほむら火山,8,14,4,1,1,15,15,21,27,27,0,0,0,24,23,132,0,0,51,191,0,0,7,0,0,0,71,70,0,0,1378,979
262,rush,5,tower,星晶の塔,12,20,5,1,1,21,22,31,65,64,0,1,0,60,59,285,0,0,125,460,0,0,7,0,0,0,189,139,0,0,979,1996
262,rush,6,snowfield,霜降り雪原,16,25,4,1,1,31,31,42,81,81,0,0,0,78,77,441,0,0,159,605,0,0,8,0,0,0,233,284,0,0,1996,1994
262,rush,7,thunder_ruins,雷鳴遺跡,21,31,5,1,0,42,42,0,85,85,0,0,0,80,80,433,0,0,165,592,0,0,7,0,0,0,240,347,0,0,1994,0
262,rush,8,prism_sanctuary,虹晶聖域,28,42,6,0,0,0,0,0,0,0,0,0,0,0,0,0,0,0,0,0,0,0,0,0,0,0,0,0,0,0,0,0
262,rush,9,poison_bog,毒霧の沼地,34,48,5,0,0,0,0,0,0,0,0,0,0,0,0,0,0,0,0,0,0,0,0,0,0,0,0,0,0,0,0,0
262,rush,10,machine_city,古代機械都市,39,57,6,0,0,0,0,0,0,0,0,0,0,0,0,0,0,0,0,0,0,0,0,0,0,0,0,0,0,0,0,0
262,rush,11,deep_sea_temple,深海神殿,46,66,6,0,0,0,0,0,0,0,0,0,0,0,0,0,0,0,0,0,0,0,0,0,0,0,0,0,0,0,0,0
262,rush,12,demon_gate,魔界門,54,76,7,0,0,0,0,0,0,0,0,0,0,0,0,0,0,0,0,0,0,0,0,0,0,0,0,0,0,0,0,0
262,rush,13,sky_ruins,天空遺跡,68,86,7,0,0,0,0,0,0,0,0,0,0,0,0,0,0,0,0,0,0,0,0,0,0,0,0,0,0,0,0,0
263,balanced,1,meadow,はじまり草原,1,4,2,1,1,1,2,6,8,5,1,2,4,3,2,27,1,0,12,60,3,1,10,0,0,0,9,5,0,0,230,886
263,balanced,2,cave,こだま洞くつ,3,7,2,1,1,6,5,10,6,5,1,0,2,3,2,44,1,0,10,83,3,1,21,0,0,0,4,14,0,0,964,2578
263,balanced,3,brook,しずく湖畔,5,10,3,1,1,10,11,15,9,8,1,0,3,4,3,23,2,2,15,51,6,1,8,0,0,0,11,40,0,0,2712,1203
263,balanced,4,volcano,ほむら火山,8,14,4,1,1,15,15,16,4,4,0,0,6,1,0,6,2,2,7,30,2,1,6,0,0,0,5,0,0,0,932,1952
263,balanced,5,tower,星晶の塔,12,20,5,1,1,16,16,24,33,32,1,0,4,15,14,61,2,2,50,154,9,1,11,0,0,0,34,100,0,0,1512,2997
263,balanced,6,snowfield,霜降り雪原,16,25,4,1,1,24,24,31,29,27,1,1,6,13,12,114,2,2,44,180,11,1,21,0,0,0,44,133,0,0,2322,2408
263,balanced,7,thunder_ruins,雷鳴遺跡,21,31,5,1,1,31,32,41,59,58,1,0,3,28,27,155,2,2,89,265,22,1,8,0,0,0,91,244,0,0,1866,3074
263,balanced,8,prism_sanctuary,虹晶聖域,28,42,6,1,1,41,42,56,101,95,1,5,7,46,45,216,2,2,149,601,12,1,26,0,0,0,173,556,0,0,2382,7223
263,balanced,9,poison_bog,毒霧の沼地,34,48,5,1,1,56,57,58,11,10,1,0,3,4,3,56,2,2,17,86,1,1,33,0,0,0,17,155,0,0,5595,5726
263,balanced,10,machine_city,古代機械都市,39,57,6,1,1,58,59,65,30,29,1,0,3,13,12,78,2,2,45,152,9,1,9,0,0,0,44,342,0,0,4435,12018
263,balanced,11,deep_sea_temple,深海神殿,46,66,6,1,1,65,66,90,124,123,1,0,3,60,59,349,2,2,186,734,75,1,22,0,0,0,207,1591,0,0,9307,17969
263,balanced,12,demon_gate,魔界門,54,76,7,1,1,90,89,93,18,14,1,3,11,5,4,35,2,2,25,134,8,1,9,0,0,0,39,394,0,0,13916,14384
263,balanced,13,sky_ruins,天空遺跡,68,86,7,1,1,93,90,100,85,84,1,0,7,40,39,5477,2,2,127,5739,33,1,168,35,0,0,127,928,0,0,11140,37790
264,collector,1,meadow,はじまり草原,1,4,2,1,1,1,2,6,10,7,1,2,3,3,2,31,2,1,15,85,8,1,18,0,0,0,10,0,0,0,230,1153
264,collector,2,cave,こだま洞くつ,3,7,2,1,1,6,7,11,8,7,1,0,5,3,2,54,4,3,15,115,2,1,23,0,0,0,11,10,0,0,1093,2570
264,collector,3,brook,しずく湖畔,5,10,3,1,1,11,8,15,27,24,3,0,6,9,8,45,3,2,39,112,3,1,13,0,0,0,21,28,0,0,1887,1318
264,collector,4,volcano,ほむら火山,8,14,4,1,1,15,16,20,19,18,1,0,9,6,5,118,5,5,30,195,4,1,30,0,0,0,26,24,1,0,1528,2843
264,collector,5,tower,星晶の塔,12,20,5,1,1,20,20,23,25,21,2,2,10,7,6,121,5,5,37,442,6,1,59,1,0,0,51,33,0,0,1502,2216
264,collector,6,snowfield,霜降り雪原,16,25,4,1,1,23,24,30,29,26,2,1,10,9,8,639,5,5,43,750,11,1,94,7,0,0,46,100,0,0,1171,2998
264,collector,7,thunder_ruins,雷鳴遺跡,21,31,5,1,1,30,31,38,39,36,2,1,8,12,11,916,5,5,56,1041,10,1,113,8,0,0,53,112,0,0,1584,5895
264,collector,8,prism_sanctuary,虹晶聖域,28,42,6,1,1,38,39,62,157,152,1,4,10,50,49,1784,5,5,212,3500,18,1,177,30,0,0,195,759,0,0,3113,5601
264,collector,9,poison_bog,毒霧の沼地,34,48,5,1,1,62,62,68,38,37,1,0,7,12,11,369,5,5,55,448,2,1,155,2,0,0,50,327,0,0,2957,11505
264,collector,10,machine_city,古代機械都市,39,57,6,1,1,68,68,75,46,42,3,1,9,14,13,487,5,5,65,1110,6,1,214,7,0,0,63,389,0,0,6073,15128
264,collector,11,deep_sea_temple,深海神殿,46,66,6,1,1,75,74,87,80,70,2,8,16,23,22,3376,5,5,108,4038,12,1,253,26,0,0,112,796,0,0,7986,11019
264,collector,12,demon_gate,魔界門,54,76,7,1,1,87,88,100,72,63,1,8,14,20,19,5468,5,5,97,12463,40,1,292,65,0,0,127,788,0,0,5816,21610
264,collector,13,sky_ruins,天空遺跡,68,86,7,1,0,100,100,0,174,165,3,6,9,54,54,16330,0,0,228,21431,37,1,304,103,0,0,237,0,0,0,11405,0
265,rush,1,meadow,はじまり草原,1,4,2,1,1,1,2,7,4,3,1,0,1,3,2,21,0,0,7,33,0,0,9,0,0,0,4,8,0,0,230,708
265,rush,2,cave,こだま洞くつ,3,7,2,1,1,7,7,10,5,4,1,0,1,4,3,40,0,0,9,53,0,0,11,0,0,0,11,15,0,0,708,1410
265,rush,3,brook,しずく湖畔,5,10,3,1,1,10,11,14,6,6,0,0,0,4,3,24,0,0,10,34,0,0,7,0,0,0,10,26,0,0,1410,1174
265,rush,4,volcano,ほむら火山,8,14,4,1,1,14,15,20,22,22,0,0,0,19,18,123,0,0,41,167,0,0,8,0,0,0,56,50,0,0,1174,2205
265,rush,5,tower,星晶の塔,12,20,5,1,1,20,21,31,73,73,0,0,0,69,68,361,0,0,142,551,0,0,9,0,0,0,209,176,0,0,2205,2007
265,rush,6,snowfield,霜降り雪原,16,25,4,1,1,31,32,39,51,51,0,0,0,48,47,318,0,0,99,425,0,0,9,0,0,0,145,199,0,0,2007,2004
265,rush,7,thunder_ruins,雷鳴遺跡,21,31,5,1,0,39,40,0,85,85,0,0,0,80,80,488,0,0,165,657,0,0,8,0,0,0,240,345,0,0,2004,0
265,rush,8,prism_sanctuary,虹晶聖域,28,42,6,0,0,0,0,0,0,0,0,0,0,0,0,0,0,0,0,0,0,0,0,0,0,0,0,0,0,0,0,0
265,rush,9,poison_bog,毒霧の沼地,34,48,5,0,0,0,0,0,0,0,0,0,0,0,0,0,0,0,0,0,0,0,0,0,0,0,0,0,0,0,0,0
265,rush,10,machine_city,古代機械都市,39,57,6,0,0,0,0,0,0,0,0,0,0,0,0,0,0,0,0,0,0,0,0,0,0,0,0,0,0,0,0,0
265,rush,11,deep_sea_temple,深海神殿,46,66,6,0,0,0,0,0,0,0,0,0,0,0,0,0,0,0,0,0,0,0,0,0,0,0,0,0,0,0,0,0
265,rush,12,demon_gate,魔界門,54,76,7,0,0,0,0,0,0,0,0,0,0,0,0,0,0,0,0,0,0,0,0,0,0,0,0,0,0,0,0,0
265,rush,13,sky_ruins,天空遺跡,68,86,7,0,0,0,0,0,0,0,0,0,0,0,0,0,0,0,0,0,0,0,0,0,0,0,0,0,0,0,0,0
266,balanced,1,meadow,はじまり草原,1,4,2,1,1,1,2,6,6,5,1,0,3,3,2,21,2,2,11,56,3,1,11,0,0,0,10,6,0,0,230,873
266,balanced,2,cave,こだま洞くつ,3,7,2,1,1,6,7,12,14,13,1,0,3,7,6,66,2,2,23,128,5,1,13,0,0,0,28,20,0,0,677,1463
266,balanced,3,brook,しずく湖畔,5,10,3,1,1,12,12,15,11,10,1,0,3,5,4,37,2,2,18,68,5,1,8,0,0,0,19,22,0,0,1134,1402
266,balanced,4,volcano,ほむら火山,8,14,4,1,1,15,15,21,26,25,1,0,3,12,11,80,2,2,40,143,10,1,10,0,0,0,42,60,0,0,1086,1253
266,balanced,5,tower,星晶の塔,12,20,5,1,1,21,21,25,23,22,1,0,3,10,9,49,2,2,35,112,7,1,8,0,0,0,38,56,0,0,971,2759
266,balanced,6,snowfield,霜降り雪原,16,25,4,1,1,25,27,34,38,38,0,0,6,18,17,122,2,2,58,221,20,1,9,0,0,0,61,156,0,0,2137,2442
266,balanced,7,thunder_ruins,雷鳴遺跡,21,31,5,1,1,34,32,35,13,12,1,0,3,5,4,30,2,2,20,67,6,1,8,0,0,0,20,59,0,0,1892,4367
266,balanced,8,prism_sanctuary,虹晶聖域,28,42,6,1,1,35,34,52,97,93,1,3,10,45,44,209,2,2,144,482,24,1,8,0,0,0,164,561,0,0,3382,4938
266,balanced,9,poison_bog,毒霧の沼地,34,48,5,1,1,52,52,53,5,4,1,0,5,1,0,6,2,2,8,31,1,1,6,0,0,0,8,0,0,0,3825,13788
266,balanced,10,machine_city,古代機械都市,39,57,6,1,1,53,54,58,18,17,1,0,3,7,6,43,2,2,27,97,9,1,8,0,0,0,26,286,0,0,10678,10114
266,balanced,11,deep_sea_temple,深海神殿,46,66,6,1,1,58,59,83,111,109,1,1,6,53,52,344,2,2,166,778,55,1,11,0,0,0,182,1403,0,0,7833,10145
266,balanced,12,demon_gate,魔界門,54,76,7,1,1,83,84,90,22,20,1,1,4,8,7,70,2,2,32,189,6,1,12,0,0,0,37,444,0,0,7857,19230
266,balanced,13,sky_ruins,天空遺跡,68,86,7,1,1,90,85,100,61,60,1,0,3,28,27,5496,2,2,91,5641,17,1,322,27,0,0,89,1284,0,0,14893,27684
267,collector,1,meadow,はじまり草原,1,4,2,1,1,1,3,6,9,7,1,1,7,3,2,26,5,5,17,93,4,1,12,0,0,0,18,0,0,0,230,1131
267,collector,2,cave,こだま洞くつ,3,7,2,1,1,6,6,10,11,10,1,0,6,4,3,63,5,5,20,132,8,1,25,0,0,0,25,6,0,0,599,1877
267,collector,3,brook,しずく湖畔,5,10,3,1,1,10,11,14,15,13,2,0,7,5,4,42,5,5,25,99,5,1,11,0,0,0,29,9,0,0,992,1755
267,collector,4,volcano,ほむら火山,8,14,4,1,1,14,12,17,19,16,3,0,9,6,5,44,5,5,30,146,6,1,21,0,0,0,36,31,0,0,928,1628
267,collector,5,tower,星晶の塔,12,20,5,1,1,17,17,26,50,48,2,0,8,16,15,129,5,5,71,502,8,1,30,0,0,0,81,47,0,0,861,3196
267,collector,6,snowfield,霜降り雪原,16,25,4,1,1,26,26,33,40,39,1,0,7,13,12,377,5,5,58,523,14,1,47,0,0,0,54,123,0,0,1688,2880
267,collector,7,thunder_ruins,雷鳴遺跡,21,31,5,1,1,33,32,39,44,42,2,0,7,14,13,382,5,5,63,504,8,1,35,0,0,0,58,134,0,0,1522,4764
267,collector,8,prism_sanctuary,虹晶聖域,28,42,6,1,1,39,40,53,77,73,2,2,11,24,23,178,5,5,106,1189,17,1,39,0,0,0,118,387,0,0,2516,5668
267,collector,9,poison_bog,毒霧の沼地,34,48,5,1,1,53,51,56,26,23,3,0,9,8,7,47,5,5,39,385,8,1,27,0,0,0,49,219,1,0,2993,6712
267,collector,10,machine_city,古代機械都市,39,57,6,1,1,56,56,68,67,64,2,1,10,21,20,434,5,5,93,1011,20,1,51,1,0,0,95,553,0,0,3544,10580
267,collector,11,deep_sea_temple,深海神殿,46,66,6,1,1,68,68,83,84,80,1,3,11,26,25,1630,5,5,115,2473,24,1,117,25,0,0,121,906,0,0,5585,12053
267,collector,12,demon_gate,魔界門,54,76,7,1,1,83,84,89,25,19,3,3,11,6,5,672,5,5,36,1556,14,1,124,16,0,0,58,310,0,0,6363,20335
267,collector,13,sky_ruins,天空遺跡,68,86,7,1,1,89,75,99,90,82,3,5,16,27,26,4866,5,5,122,5140,18,1,260,27,0,0,115,1518,0,0,10733,27885
268,rush,1,meadow,はじまり草原,1,4,2,1,1,1,3,7,5,2,2,1,3,3,2,33,0,0,8,48,0,0,15,0,0,0,9,8,0,0,230,695
268,rush,2,cave,こだま洞くつ,3,7,2,1,1,7,7,10,6,6,0,0,0,5,4,38,0,0,11,53,0,0,9,0,0,0,14,16,0,0,695,1381
268,rush,3,brook,しずく湖畔,5,10,3,1,1,10,11,12,3,3,0,0,0,1,0,6,0,0,4,11,0,0,6,0,0,0,1,0,0,0,1381,2823
268,rush,4,volcano,ほむら火山,8,14,4,1,1,12,13,22,50,49,0,1,0,46,45,246,0,0,96,407,0,0,7,0,0,0,153,109,0,0,2823,970
268,rush,5,tower,星晶の塔,12,20,5,1,0,22,23,0,86,85,0,1,0,80,80,362,0,0,166,601,0,0,7,0,0,0,254,184,0,0,970,0
268,rush,6,snowfield,霜降り雪原,16,25,4,0,0,0,0,0,0,0,0,0,0,0,0,0,0,0,0,0,0,0,0,0,0,0,0,0,0,0,0,0
268,rush,7,thunder_ruins,雷鳴遺跡,21,31,5,0,0,0,0,0,0,0,0,0,0,0,0,0,0,0,0,0,0,0,0,0,0,0,0,0,0,0,0,0
268,rush,8,prism_sanctuary,虹晶聖域,28,42,6,0,0,0,0,0,0,0,0,0,0,0,0,0,0,0,0,0,0,0,0,0,0,0,0,0,0,0,0,0
268,rush,9,poison_bog,毒霧の沼地,34,48,5,0,0,0,0,0,0,0,0,0,0,0,0,0,0,0,0,0,0,0,0,0,0,0,0,0,0,0,0,0
268,rush,10,machine_city,古代機械都市,39,57,6,0,0,0,0,0,0,0,0,0,0,0,0,0,0,0,0,0,0,0,0,0,0,0,0,0,0,0,0,0
268,rush,11,deep_sea_temple,深海神殿,46,66,6,0,0,0,0,0,0,0,0,0,0,0,0,0,0,0,0,0,0,0,0,0,0,0,0,0,0,0,0,0
268,rush,12,demon_gate,魔界門,54,76,7,0,0,0,0,0,0,0,0,0,0,0,0,0,0,0,0,0,0,0,0,0,0,0,0,0,0,0,0,0
268,rush,13,sky_ruins,天空遺跡,68,86,7,0,0,0,0,0,0,0,0,0,0,0,0,0,0,0,0,0,0,0,0,0,0,0,0,0,0,0,0,0
269,balanced,1,meadow,はじまり草原,1,4,2,1,1,1,2,6,6,5,1,0,3,3,2,24,2,1,11,59,2,1,11,0,0,0,8,6,0,0,230,868
269,balanced,2,cave,こだま洞くつ,3,7,2,1,1,7,6,10,6,5,1,0,2,3,2,34,1,0,10,98,1,1,15,0,0,0,6,10,0,0,842,2777
269,balanced,3,brook,しずく湖畔,5,10,3,1,1,11,11,12,5,4,1,0,3,2,1,11,2,2,9,31,1,1,7,0,0,0,11,13,0,0,3151,3184
269,balanced,4,volcano,ほむら火山,8,14,4,1,1,12,13,17,10,9,1,0,3,4,3,39,2,2,16,71,3,1,17,0,0,0,17,46,0,0,2466,1270
269,balanced,5,tower,星晶の塔,12,20,5,1,1,17,17,24,25,24,1,0,3,11,10,67,2,2,38,140,5,1,12,0,0,0,40,65,0,0,984,3081
269,balanced,6,snowfield,霜降り雪原,16,25,4,1,1,24,23,27,12,11,1,0,5,5,4,86,2,2,19,141,0,0,29,0,0,0,23,97,0,0,2387,2420
269,balanced,7,thunder_ruins,雷鳴遺跡,21,31,5,1,1,27,28,33,21,20,1,0,4,9,8,207,2,2,32,273,2,1,36,0,0,0,32,86,0,0,1875,3507
269,balanced,8,prism_sanctuary,虹晶聖域,28,42,6,1,1,33,34,53,125,99,1,25,30,48,47,386,2,2,175,1124,11,1,42,0,0,0,245,558,0,0,2717,7092
269,balanced,9,poison_bog,毒霧の沼地,34,48,5,1,1,53,54,55,7,6,1,0,3,2,1,32,2,2,11,64,0,0,23,0,0,0,11,103,0,0,5493,5814
269,balanced,10,machine_city,古代機械都市,39,57,6,1,1,55,56,63,36,35,1,0,6,16,15,169,2,2,54,261,8,1,19,0,0,0,55,409,0,0,4503,12963
269,balanced,11,deep_sea_temple,深海神殿,46,66,6,1,1,63,63,84,112,99,1,12,18,48,47,3265,2,2,162,3619,29,1,181,29,0,0,190,1184,0,0,10040,17090
269,balanced,12,demon_gate,魔界門,54,76,7,1,1,84,86,100,98,94,1,3,7,45,44,8138,2,2,145,8730,36,1,220,47,0,0,163,1082,0,0,13236,27614
269,balanced,13,sky_ruins,天空遺跡,68,86,7,1,0,100,100,0,167,166,1,0,2,80,80,17600,0,0,247,18046,80,1,220,80,0,0,243,0,0,0,21385,0
270,collector,1,meadow,はじまり草原,1,4,2,1,1,1,2,7,16,15,1,0,5,5,4,57,4,2,25,130,10,1,14,0,0,0,15,1,0,2,230,1324
270,collector,2,cave,こだま洞くつ,3,7,2,1,1,9,9,11,12,11,1,0,3,3,2,32,2,0,17,82,3,1,13,0,0,0,6,11,0,4,2653,2017
270,collector,3,brook,しずく湖畔,5,10,3,1,1,12,12,16,19,16,3,0,8,4,3,26,5,5,28,93,0,0,9,0,0,0,26,24,0,7,2485,3414
270,collector,4,volcano,ほむら火山,8,14,4,1,1,16,13,19,55,52,2,1,9,13,12,285,5,4,73,456,14,1,45,0,0,0,57,30,0,14,1804,1918
270,collector,5,tower,星晶の塔,12,20,5,1,1,19,20,27,55,52,1,2,10,12,11,72,5,5,72,345,8,1,16,0,0,0,64,62,0,15,2009,4584
270,collector,6,snowfield,霜降り雪原,16,25,4,1,1,27,27,35,69,65,3,1,10,16,15,292,5,5,90,503,13,1,42,0,0,0,71,145,1,19,2420,2937
270,collector,7,thunder_ruins,雷鳴遺跡,21,31,5,1,1,35,35,40,52,50,2,0,8,7,6,57,5,5,64,158,4,1,14,0,0,0,36,64,0,29,1551,8427
270,collector,8,prism_sanctuary,虹晶聖域,28,42,6,1,1,40,1,49,45,40,2,3,10,13,12,400,5,5,63,558,10,1,40,0,0,0,68,338,2,0,4449,12645
270,collector,9,poison_bog,毒霧の沼地,34,48,5,1,1,49,47,48,8,5,3,0,10,2,1,82,5,5,15,169,1,1,42,0,0,0,23,66,1,0,6674,11596
270,collector,10,machine_city,古代機械都市,39,57,6,1,1,48,49,51,9,8,1,0,11,2,1,62,5,5,16,208,3,1,43,0,0,0,29,44,0,0,6122,12533
270,collector,11,deep_sea_temple,深海神殿,46,66,6,1,1,51,51,75,97,94,2,1,8,31,30,1749,5,5,133,3015,25,1,97,21,0,0,164,1088,0,0,6616,11084
270,collector,12,demon_gate,魔界門,54,76,7,1,1,75,77,85,31,30,1,0,11,9,8,942,5,5,45,1117,11,1,140,9,0,0,47,540,0,0,5851,15421
270,collector,13,sky_ruins,天空遺跡,68,86,7,1,1,85,84,100,67,65,2,0,10,21,20,6610,5,5,93,6836,27,1,341,21,0,0,77,1153,0,0,8140,23973
271,rush,1,meadow,はじまり草原,1,4,2,1,1,1,2,7,10,5,1,4,3,5,4,38,0,0,15,66,0,0,9,0,0,0,12,9,0,0,230,562
271,rush,2,cave,こだま洞くつ,3,7,2,1,1,7,7,10,5,4,1,0,1,4,3,33,0,0,9,43,0,0,10,0,0,0,10,13,0,0,562,1421
271,rush,3,brook,しずく湖畔,5,10,3,1,1,10,11,12,3,3,0,0,0,1,0,6,0,0,4,11,0,0,6,0,0,0,1,0,0,0,1421,2862
271,rush,4,volcano,ほむら火山,8,14,4,1,1,12,13,18,13,13,0,0,0,10,9,56,0,0,23,80,0,0,7,0,0,0,29,63,0,0,2862,991
271,rush,5,tower,星晶の塔,12,20,5,1,1,18,19,28,49,49,0,0,0,45,44,214,0,0,94,326,0,0,7,0,0,0,134,134,0,0,991,1560
271,rush,6,snowfield,霜降り雪原,16,25,4,1,1,28,28,37,52,52,0,0,0,49,48,291,0,0,101,407,0,0,7,0,0,0,146,198,0,0,1560,2029
271,rush,7,thunder_ruins,雷鳴遺跡,21,31,5,1,1,37,38,46,62,62,0,0,0,58,57,309,0,0,120,396,0,0,7,0,0,0,173,262,0,0,2029,3840
271,rush,8,prism_sanctuary,虹晶聖域,28,42,6,1,0,46,47,0,87,86,0,1,0,80,80,334,0,0,167,586,0,0,6,0,0,0,260,552,0,0,3840,0
271,rush,9,poison_bog,毒霧の沼地,34,48,5,0,0,0,0,0,0,0,0,0,0,0,0,0,0,0,0,0,0,0,0,0,0,0,0,0,0,0,0,0
271,rush,10,machine_city,古代機械都市,39,57,6,0,0,0,0,0,0,0,0,0,0,0,0,0,0,0,0,0,0,0,0,0,0,0,0,0,0,0,0,0
271,rush,11,deep_sea_temple,深海神殿,46,66,6,0,0,0,0,0,0,0,0,0,0,0,0,0,0,0,0,0,0,0,0,0,0,0,0,0,0,0,0,0
271,rush,12,demon_gate,魔界門,54,76,7,0,0,0,0,0,0,0,0,0,0,0,0,0,0,0,0,0,0,0,0,0,0,0,0,0,0,0,0,0
271,rush,13,sky_ruins,天空遺跡,68,86,7,0,0,0,0,0,0,0,0,0,0,0,0,0,0,0,0,0,0,0,0,0,0,0,0,0,0,0,0,0
272,balanced,1,meadow,はじまり草原,1,4,2,1,1,1,3,7,6,5,1,0,3,3,2,23,2,0,11,56,2,1,12,0,0,0,7,6,0,0,230,878
272,balanced,2,cave,こだま洞くつ,3,7,2,1,1,8,9,12,6,5,1,0,3,3,2,25,2,1,11,67,2,1,15,0,0,0,12,23,0,0,1654,2059
272,balanced,3,brook,しずく湖畔,5,10,3,1,1,12,12,14,5,4,1,0,4,2,1,12,2,2,9,32,0,0,9,0,0,0,10,12,0,0,1930,1940
272,balanced,4,volcano,ほむら火山,8,14,4,1,1,14,14,21,24,23,1,0,5,11,10,78,2,2,37,139,7,1,15,0,0,0,39,68,0,0,1504,2457
272,balanced,5,tower,星晶の塔,12,20,5,1,1,21,20,26,31,30,1,0,3,14,13,72,2,2,47,151,4,1,8,0,0,0,46,77,0,0,1904,2702
272,balanced,6,snowfield,霜降り雪原,16,25,4,1,1,26,27,27,4,3,1,0,4,1,0,8,2,2,7,33,0,0,8,0,0,0,9,0,0,0,2093,6247
272,balanced,7,thunder_ruins,雷鳴遺跡,21,31,5,1,1,27,28,36,40,36,1,3,6,17,16,191,2,2,59,276,5,1,57,1,0,0,63,170,0,0,4839,5323
272,balanced,8,prism_sanctuary,虹晶聖域,28,42,6,1,1,36,34,47,75,61,1,13,19,29,28,176,2,2,106,445,7,1,18,0,0,0,141,355,0,0,4123,4942
272,balanced,9,poison_bog,毒霧の沼地,34,48,5,1,1,47,48,52,15,14,1,0,3,6,5,35,2,2,23,68,3,1,8,0,0,0,22,210,0,0,3828,10735
272,balanced,10,machine_city,古代機械都市,39,57,6,1,1,52,52,66,68,67,1,0,5,32,31,253,2,2,102,383,18,1,25,0,0,0,103,708,0,0,8314,14320
272,balanced,11,deep_sea_temple,深海神殿,46,66,6,1,1,66,66,75,41,39,1,1,6,18,17,134,2,2,61,271,3,1,17,0,0,0,67,578,0,0,11090,9982
272,balanced,12,demon_gate,魔界門,54,76,7,1,1,75,78,94,74,62,1,11,16,29,28,3871,2,2,105,5428,29,1,285,28,0,0,154,961,0,0,7731,14293
272,balanced,13,sky_ruins,天空遺跡,68,86,7,1,0,94,96,0,167,166,1,0,1,80,80,23644,0,0,247,24154,12,1,318,80,0,0,243,500,0,0,11069,0
273,collector,1,meadow,はじまり草原,1,4,2,1,1,1,2,6,14,9,2,3,8,4,3,61,3,0,21,147,11,1,17,0,0,0,17,0,0,0,230,1030
273,collector,2,cave,こだま洞くつ,3,7,2,1,1,9,9,11,8,8,0,0,7,3,2,70,5,5,16,148,5,1,26,0,0,0,23,10,0,0,3214,2372
273,collector,3,brook,しずく湖畔,5,10,3,1,1,11,11,14,9,6,3,0,8,3,2,43,5,5,17,99,2,1,29,0,0,0,24,13,0,0,1254,1308
273,collector,4,volcano,ほむら火山,8,14,4,1,1,14,11,16,16,14,2,0,8,5,4,42,5,5,26,130,0,0,23,0,0,0,31,27,0,0,692,2818
273,collector,5,tower,星晶の塔,12,20,5,1,1,16,17,22,26,24,2,0,8,8,7,178,5,5,39,274,4,1,59,2,0,0,40,42,0,0,1489,2237
273,collector,6,snowfield,霜降り雪原,16,25,4,1,1,22,23,28,16,15,1,0,7,5,4,266,5,5,26,334,4,1,70,3,0,0,30,62,0,0,1182,2914
273,collector,7,thunder_ruins,雷鳴遺跡,21,31,5,1,1,28,28,34,29,27,2,0,7,9,8,454,5,5,43,538,12,1,86,4,0,0,41,89,0,0,1540,5842
273,collector,8,prism_sanctuary,虹晶聖域,28,42,6,1,1,34,35,52,100,88,2,10,17,29,28,253,5,5,134,1964,15,1,105,19,0,0,151,429,0,0,3085,5694
273,collector,9,poison_bog,毒霧の沼地,34,48,5,1,1,52,52,53,5,1,4,0,9,1,0,6,5,5,11,53,0,0,7,0,0,0,18,0,0,0,3007,16149
273,collector,10,machine_city,古代機械都市,39,57,6,1,1,53,52,72,114,109,2,3,10,36,35,639,5,5,155,2239,42,1,161,14,0,0,200,958,1,0,8525,16091
273,collector,11,deep_sea_temple,深海神殿,46,66,6,1,1,72,72,88,90,87,3,0,9,29,28,3471,5,5,124,5108,28,1,252,36,0,0,118,1060,0,0,8493,12289
273,collector,12,demon_gate,魔界門,54,76,7,1,1,88,89,89,23,4,3,16,27,1,0,195,5,5,29,624,2,1,195,4,0,0,75,0,0,0,6487,14482
273,collector,13,sky_ruins,天空遺跡,68,86,7,1,1,89,87,100,129,124,3,2,11,41,40,9175,5,5,175,9515,43,1,239,41,0,0,149,974,0,0,7645,46071
274,rush,1,meadow,はじまり草原,1,4,2,1,1,1,3,7,4,3,1,0,1,3,2,27,0,0,7,39,0,0,11,0,0,0,5,9,0,0,230,676
274,rush,2,cave,こだま洞くつ,3,7,2,1,1,7,7,11,8,7,1,0,2,7,6,62,0,0,15,82,0,0,11,0,0,0,20,16,0,0,676,1366
274,rush,3,brook,しずく湖畔,5,10,3,1,1,11,12,14,6,6,0,0,0,4,3,26,0,0,10,38,0,0,8,0,0,0,11,26,0,0,1366,1160
274,rush,4,volcano,ほむら火山,8,14,4,1,1,14,15,21,25,25,0,0,0,22,21,130,0,0,47,177,0,0,8,0,0,0,65,64,0,0,1160,1265
274,rush,5,tower,星晶の塔,12,20,5,1,1,21,21,32,72,72,0,0,0,68,67,333,0,0,140,490,0,0,8,0,0,0,206,164,0,0,1265,1934
274,rush,6,snowfield,霜降り雪原,16,25,4,1,1,32,32,39,51,51,0,0,0,48,47,287,0,0,99,409,0,0,8,0,0,0,143,196,0,0,1934,2061
274,rush,7,thunder_ruins,雷鳴遺跡,21,31,5,1,1,39,40,50,83,83,0,0,0,79,78,467,0,0,162,612,0,0,8,0,0,0,236,339,0,0,2061,3855
274,rush,8,prism_sanctuary,虹晶聖域,28,42,6,1,0,50,51,0,91,86,0,5,0,80,80,338,0,0,171,655,0,0,7,0,0,0,279,514,0,0,3855,0
274,rush,9,poison_bog,毒霧の沼地,34,48,5,0,0,0,0,0,0,0,0,0,0,0,0,0,0,0,0,0,0,0,0,0,0,0,0,0,0,0,0,0
274,rush,10,machine_city,古代機械都市,39,57,6,0,0,0,0,0,0,0,0,0,0,0,0,0,0,0,0,0,0,0,0,0,0,0,0,0,0,0,0,0
274,rush,11,deep_sea_temple,深海神殿,46,66,6,0,0,0,0,0,0,0,0,0,0,0,0,0,0,0,0,0,0,0,0,0,0,0,0,0,0,0,0,0
274,rush,12,demon_gate,魔界門,54,76,7,0,0,0,0,0,0,0,0,0,0,0,0,0,0,0,0,0,0,0,0,0,0,0,0,0,0,0,0,0
274,rush,13,sky_ruins,天空遺跡,68,86,7,0,0,0,0,0,0,0,0,0,0,0,0,0,0,0,0,0,0,0,0,0,0,0,0,0,0,0,0,0
275,balanced,1,meadow,はじまり草原,1,4,2,1,1,1,3,7,9,8,0,1,3,4,3,24,2,1,15,59,1,1,9,0,0,0,5,6,0,0,230,788
275,balanced,2,cave,こだま洞くつ,3,7,2,1,1,7,6,10,6,5,1,0,2,3,2,31,1,0,10,62,1,1,15,0,0,0,4,11,0,0,842,2535
275,balanced,3,brook,しずく湖畔,5,10,3,1,1,11,11,14,7,6,1,0,3,3,2,17,2,2,12,45,3,1,8,0,0,0,9,22,0,0,2849,2194
275,balanced,4,volcano,ほむら火山,8,14,4,1,1,14,14,19,18,17,1,0,4,8,7,86,2,2,28,138,1,1,19,0,0,0,30,60,0,0,1700,1525
275,balanced,5,tower,星晶の塔,12,20,5,1,1,19,20,29,57,56,1,0,4,27,26,160,2,2,86,289,19,1,11,0,0,0,89,124,0,0,1181,3054
275,balanced,6,snowfield,霜降り雪原,16,25,4,1,1,29,30,33,18,18,0,0,6,8,7,83,2,2,28,135,6,1,16,0,0,0,29,101,0,0,2366,2417
275,balanced,7,thunder_ruins,雷鳴遺跡,21,31,5,1,1,33,33,38,27,26,1,0,5,12,11,88,2,2,41,144,7,1,11,0,0,0,41,112,0,0,1872,3647
275,balanced,8,prism_sanctuary,虹晶聖域,28,42,6,1,1,38,39,56,97,96,0,1,9,46,45,246,2,2,145,562,26,1,13,0,0,0,167,578,0,0,2825,7120
275,balanced,9,poison_bog,毒霧の沼地,34,48,5,1,1,56,56,59,15,14,1,0,4,6,5,35,2,2,23,80,4,1,8,0,0,0,22,215,0,0,5515,6665
275,balanced,10,machine_city,古代機械都市,39,57,6,1,1,59,60,67,40,40,0,0,8,18,17,127,2,2,60,253,22,1,13,0,0,0,66,408,0,0,5163,12059
275,balanced,11,deep_sea_temple,深海神殿,46,66,6,1,1,67,66,84,88,87,1,0,3,42,41,266,2,2,132,522,66,1,8,0,0,0,142,1164,0,0,9339,17040
275,balanced,12,demon_gate,魔界門,54,76,7,1,1,84,86,100,82,80,1,1,5,38,37,243,2,2,122,504,26,1,8,0,0,0,151,1164,0,0,13197,25028
275,balanced,13,sky_ruins,天空遺跡,68,86,7,1,0,100,100,0,167,166,1,0,2,80,80,493,0,0,247,886,15,1,8,0,0,0,245,0,0,0,19382,0
276,collector,1,meadow,はじまり草原,1,4,2,1,1,1,3,6,12,10,1,1,3,4,3,28,1,0,17,61,0,0,12,0,0,0,9,0,0,0,230,1035
276,collector,2,cave,こだま洞くつ,3,7,2,1,1,7,7,11,8,7,1,0,3,3,2,39,2,1,13,91,2,1,16,0,0,0,6,8,0,0,1113,2580
276,collector,3,brook,しずく湖畔,5,10,3,1,1,11,11,16,21,18,3,0,8,7,6,43,5,5,33,106,1,1,10,0,0,0,34,32,0,0,2645,1532
276,collector,4,volcano,ほむら火山,8,14,4,1,1,16,14,14,4,1,3,0,8,1,0,7,5,5,10,56,0,0,8,0,0,0,19,0,0,0,811,2373
276,collector,5,tower,星晶の塔,12,20,5,1,1,14,17,21,22,17,3,2,10,6,5,61,5,5,33,148,0,0,22,0,0,0,42,24,0,0,1254,3814
276,collector,6,snowfield,霜降り雪原,16,25,4,1,1,21,22,27,16,16,0,0,8,5,4,166,5,5,26,231,4,1,52,2,0,0,31,72,0,0,2015,3366
276,collector,7,thunder_ruins,雷鳴遺跡,21,31,5,1,1,27,27,30,14,11,3,0,8,4,3,74,5,5,23,145,3,1,55,1,0,0,27,48,0,0,1779,4163
276,collector,8,prism_sanctuary,虹晶聖域,28,42,6,1,1,30,31,48,89,80,1,8,15,26,25,135,5,5,120,2474,23,1,76,34,0,0,144,377,0,0,2199,7708
276,collector,9,poison_bog,毒霧の沼地,34,48,5,1,1,48,48,54,29,26,3,0,9,9,8,58,5,5,43,196,15,1,10,0,0,0,61,260,1,0,4070,6475
276,collector,10,machine_city,古代機械都市,39,57,6,1,1,54,54,65,56,51,3,2,11,17,16,119,5,5,78,531,19,1,106,2,0,0,84,430,0,0,3419,12929
276,collector,11,deep_sea_temple,深海神殿,46,66,6,1,1,65,62,75,69,64,2,3,12,21,20,467,5,5,95,3275,18,1,125,29,0,0,110,739,0,0,6825,18294
276,collector,12,demon_gate,魔界門,54,76,7,1,1,75,76,100,114,99,1,14,20,32,31,7713,5,5,151,15970,83,1,316,84,0,0,250,1329,1,0,9656,20726
276,collector,13,sky_ruins,天空遺跡,68,86,7,1,0,100,100,0,251,245,2,4,6,80,80,28929,0,0,331,32624,58,1,379,105,0,0,272,0,0,0,10939,0
277,rush,1,meadow,はじまり草原,1,4,2,1,1,1,2,7,6,3,1,2,1,3,2,22,0,0,9,37,0,0,8,0,0,0,7,8,0,0,230,678
277,rush,2,cave,こだま洞くつ,3,7,2,1,1,7,7,10,10,8,1,1,3,8,7,66,0,0,18,99,0,0,10,0,0,0,27,11,0,0,678,1703
277,rush,3,brook,しずく湖畔,5,10,3,1,1,10,11,14,5,5,0,0,0,3,2,17,0,0,8,27,0,0,7,0,0,0,7,29,0,0,1703,1136
277,rush,4,volcano,ほむら火山,8,14,4,1,1,14,15,20,24,24,0,0,0,21,20,113,0,0,45,173,0,0,7,0,0,0,64,55,0,0,1136,1285
277,rush,5,tower,星晶の塔,12,20,5,1,1,20,21,32,82,82,0,0,0,78,77,385,0,0,160,605,0,0,8,0,0,0,246,191,0,0,1285,1537
277,rush,6,snowfield,霜降り雪原,16,25,4,1,1,32,33,38,33,33,0,0,0,30,29,179,0,0,63,257,0,0,8,0,0,0,89,135,0,0,1537,2624
277,rush,7,thunder_ruins,雷鳴遺跡,21,31,5,1,0,38,39,0,85,85,0,0,0,80,80,424,0,0,165,591,0,0,7,0,0,0,240,352,0,0,2624,0
277,rush,8,prism_sanctuary,虹晶聖域,28,42,6,0,0,0,0,0,0,0,0,0,0,0,0,0,0,0,0,0,0,0,0,0,0,0,0,0,0,0,0,0
277,rush,9,poison_bog,毒霧の沼地,34,48,5,0,0,0,0,0,0,0,0,0,0,0,0,0,0,0,0,0,0,0,0,0,0,0,0,0,0,0,0,0
277,rush,10,machine_city,古代機械都市,39,57,6,0,0,0,0,0,0,0,0,0,0,0,0,0,0,0,0,0,0,0,0,0,0,0,0,0,0,0,0,0
277,rush,11,deep_sea_temple,深海神殿,46,66,6,0,0,0,0,0,0,0,0,0,0,0,0,0,0,0,0,0,0,0,0,0,0,0,0,0,0,0,0,0
277,rush,12,demon_gate,魔界門,54,76,7,0,0,0,0,0,0,0,0,0,0,0,0,0,0,0,0,0,0,0,0,0,0,0,0,0,0,0,0,0
277,rush,13,sky_ruins,天空遺跡,68,86,7,0,0,0,0,0,0,0,0,0,0,0,0,0,0,0,0,0,0,0,0,0,0,0,0,0,0,0,0,0
278,balanced,1,meadow,はじまり草原,1,4,2,1,1,1,2,6,10,5,1,4,5,3,2,21,2,1,15,69,7,1,12,0,0,0,13,4,0,0,230,887
278,balanced,2,cave,こだま洞くつ,3,7,2,1,1,7,7,10,4,3,1,0,3,2,1,26,2,2,8,51,3,1,15,0,0,0,12,7,0,0,1559,2190
278,balanced,3,brook,しずく湖畔,5,10,3,1,1,10,11,14,7,6,1,0,3,3,2,27,2,2,12,56,0,0,13,0,0,0,15,26,0,0,1697,1458
278,balanced,4,volcano,ほむら火山,8,14,4,1,1,14,14,18,17,15,1,1,4,7,6,53,2,2,26,114,3,1,13,0,0,0,33,35,0,0,1130,1257
278,balanced,5,tower,星晶の塔,12,20,5,1,1,18,17,23,25,24,1,0,4,11,10,51,2,2,38,130,1,1,8,0,0,0,42,67,0,0,975,1852
278,balanced,6,snowfield,霜降り雪原,16,25,4,1,1,23,24,31,33,31,1,1,6,15,14,152,2,2,50,269,1,1,22,0,0,0,58,133,0,0,1435,3620
278,balanced,7,thunder_ruins,雷鳴遺跡,21,31,5,1,1,31,32,36,19,18,1,0,3,8,7,68,2,2,29,117,0,0,15,0,0,0,28,101,0,0,2804,3080
278,balanced,8,prism_sanctuary,虹晶聖域,28,42,6,1,0,36,36,0,310,165,1,144,146,80,80,427,0,0,390,1941,21,1,18,0,0,0,690,937,0,0,2386,0
278,balanced,9,poison_bog,毒霧の沼地,34,48,5,0,0,0,0,0,0,0,0,0,0,0,0,0,0,0,0,0,0,0,0,0,0,0,0,0,0,0,0,0
278,balanced,10,machine_city,古代機械都市,39,57,6,0,0,0,0,0,0,0,0,0,0,0,0,0,0,0,0,0,0,0,0,0,0,0,0,0,0,0,0,0
278,balanced,11,deep_sea_temple,深海神殿,46,66,6,0,0,0,0,0,0,0,0,0,0,0,0,0,0,0,0,0,0,0,0,0,0,0,0,0,0,0,0,0
278,balanced,12,demon_gate,魔界門,54,76,7,0,0,0,0,0,0,0,0,0,0,0,0,0,0,0,0,0,0,0,0,0,0,0,0,0,0,0,0,0
278,balanced,13,sky_ruins,天空遺跡,68,86,7,0,0,0,0,0,0,0,0,0,0,0,0,0,0,0,0,0,0,0,0,0,0,0,0,0,0,0,0,0
279,collector,1,meadow,はじまり草原,1,4,2,1,1,1,3,6,8,7,1,0,2,3,2,32,1,0,12,56,4,1,11,0,0,0,6,1,0,0,230,1132
279,collector,2,cave,こだま洞くつ,3,7,2,1,1,7,7,12,11,9,2,0,6,4,3,42,4,2,19,123,3,1,23,0,0,0,20,14,0,0,1210,2210
279,collector,3,brook,しずく湖畔,5,10,3,1,1,11,12,13,6,4,2,0,7,2,1,14,5,5,13,54,0,0,9,0,0,0,19,8,0,0,2410,2137
279,collector,4,volcano,ほむら火山,8,14,4,1,1,13,13,17,13,11,2,0,8,4,3,24,5,5,22,87,2,1,8,0,0,0,28,16,0,0,1130,3214
279,collector,5,tower,星晶の塔,12,20,5,1,1,17,17,21,23,20,3,0,9,7,6,79,5,5,35,181,6,1,23,0,0,0,39,46,0,0,1698,2668
279,collector,6,snowfield,霜降り雪原,16,25,4,1,1,21,22,30,31,29,2,0,9,10,9,457,5,5,46,600,13,1,53,2,0,0,47,104,0,0,1409,3370
279,collector,7,thunder_ruins,雷鳴遺跡,21,31,5,1,1,30,30,32,11,9,2,0,8,3,2,29,5,5,19,81,1,1,11,0,0,0,23,31,0,0,1781,5801
279,collector,8,prism_sanctuary,虹晶聖域,28,42,6,1,1,32,33,46,65,59,1,5,13,19,18,120,5,5,89,720,17,1,37,0,0,0,104,289,0,0,3063,5600
279,collector,9,poison_bog,毒霧の沼地,34,48,5,1,1,46,47,50,14,12,2,0,10,4,3,24,5,5,23,91,2,1,8,0,0,0,27,92,0,0,2956,12097
279,collector,10,machine_city,古代機械都市,39,57,6,1,1,50,51,56,18,16,2,0,9,5,4,33,5,5,28,113,4,1,8,0,0,0,29,219,0,0,6386,15142
279,collector,11,deep_sea_temple,深海神殿,46,66,6,1,1,56,54,78,105,97,2,6,15,32,31,845,5,5,142,2644,19,1,197,16,0,0,157,1104,0,0,7992,11329
279,collector,12,demon_gate,魔界門,54,76,7,1,1,78,77,79,17,11,2,4,11,3,2,504,5,5,25,1640,1,1,205,10,0,0,39,240,0,0,5981,15578
279,collector,13,sky_ruins,天空遺跡,68,86,7,1,1,79,80,100,83,77,2,4,13,25,24,5688,5,5,113,5938,20,1,254,25,0,0,110,1359,0,0,8222,24587
280,rush,1,meadow,はじまり草原,1,4,2,1,1,1,2,7,12,4,1,7,8,4,3,28,0,0,16,58,0,0,8,0,0,0,14,7,0,0,230,673
280,rush,2,cave,こだま洞くつ,3,7,2,1,1,7,7,10,4,3,1,0,1,3,2,24,0,0,7,34,0,0,9,0,0,0,8,14,0,0,673,718
280,rush,3,brook,しずく湖畔,5,10,3,1,1,10,10,13,5,5,0,0,0,3,2,18,0,0,8,28,0,0,6,0,0,0,8,26,0,0,718,1162
280,rush,4,volcano,ほむら火山,8,14,4,1,1,13,14,20,27,27,0,0,0,24,23,126,0,0,51,193,0,0,7,0,0,0,71,56,0,0,1162,1306
280,rush,5,tower,星晶の塔,12,20,5,1,1,20,21,31,67,67,0,0,0,63,62,306,0,0,130,462,0,0,7,0,0,0,188,165,0,0,1306,1982
280,rush,6,snowfield,霜降り雪原,16,25,4,1,1,31,31,37,33,33,0,0,0,30,29,180,0,0,63,248,0,0,8,0,0,0,89,146,0,0,1982,2041
280,rush,7,thunder_ruins,雷鳴遺跡,21,31,5,1,0,37,37,0,85,85,0,0,0,80,80,426,0,0,165,586,0,0,7,0,0,0,240,354,0,0,2041,0
280,rush,8,prism_sanctuary,虹晶聖域,28,42,6,0,0,0,0,0,0,0,0,0,0,0,0,0,0,0,0,0,0,0,0,0,0,0,0,0,0,0,0,0
280,rush,9,poison_bog,毒霧の沼地,34,48,5,0,0,0,0,0,0,0,0,0,0,0,0,0,0,0,0,0,0,0,0,0,0,0,0,0,0,0,0,0
280,rush,10,machine_city,古代機械都市,39,57,6,0,0,0,0,0,0,0,0,0,0,0,0,0,0,0,0,0,0,0,0,0,0,0,0,0,0,0,0,0
280,rush,11,deep_sea_temple,深海神殿,46,66,6,0,0,0,0,0,0,0,0,0,0,0,0,0,0,0,0,0,0,0,0,0,0,0,0,0,0,0,0,0
280,rush,12,demon_gate,魔界門,54,76,7,0,0,0,0,0,0,0,0,0,0,0,0,0,0,0,0,0,0,0,0,0,0,0,0,0,0,0,0,0
280,rush,13,sky_ruins,天空遺跡,68,86,7,0,0,0,0,0,0,0,0,0,0,0,0,0,0,0,0,0,0,0,0,0,0,0,0,0,0,0,0,0
281,balanced,1,meadow,はじまり草原,1,4,2,1,1,1,3,6,7,4,2,1,4,3,2,36,2,0,12,75,7,1,12,0,0,0,11,5,0,0,230,908
281,balanced,2,cave,こだま洞くつ,3,7,2,1,1,8,8,12,6,6,0,0,2,3,2,59,2,2,11,90,4,1,25,0,0,0,14,22,0,0,1684,1967
281,balanced,3,brook,しずく湖畔,5,10,3,1,1,12,12,14,5,4,1,0,4,2,1,10,2,2,9,32,0,0,7,0,0,0,11,14,0,0,1524,1609
281,balanced,4,volcano,ほむら火山,8,14,4,1,1,14,14,23,52,51,1,0,4,25,24,145,2,2,79,299,20,1,13,0,0,0,92,87,0,0,1247,1615
281,balanced,5,tower,星晶の塔,12,20,5,1,1,23,23,26,9,8,1,0,5,3,2,14,2,2,14,43,0,0,6,0,0,0,16,27,0,0,1252,4006
281,balanced,6,snowfield,霜降り雪原,16,25,4,1,1,26,24,26,6,5,1,0,3,2,1,11,2,2,10,32,0,0,6,0,0,0,9,34,0,0,3103,5151
281,balanced,7,thunder_ruins,雷鳴遺跡,21,31,5,1,1,26,28,36,39,38,1,0,3,18,17,348,2,2,59,405,12,1,61,4,0,0,59,191,0,0,3990,3068
281,balanced,8,prism_sanctuary,虹晶聖域,28,42,6,1,1,36,37,49,86,59,1,26,31,28,27,134,2,2,116,429,15,1,15,0,0,0,172,318,0,0,2376,7778
281,balanced,9,poison_bog,毒霧の沼地,34,48,5,1,1,49,47,49,9,8,1,0,6,3,2,15,2,2,14,56,0,0,8,0,0,0,17,180,0,0,6024,5949
281,balanced,10,machine_city,古代機械都市,39,57,6,1,1,49,50,60,46,45,1,0,6,21,20,132,2,2,69,236,10,1,13,0,0,0,72,453,0,0,4608,12912
281,balanced,11,deep_sea_temple,深海神殿,46,66,6,1,1,60,60,80,84,83,1,0,5,40,39,724,2,2,126,939,33,1,131,4,0,0,130,1122,0,0,10000,16997
281,balanced,12,demon_gate,魔界門,54,76,7,1,1,80,82,99,70,66,1,3,8,31,30,4433,2,2,103,6135,45,1,154,42,0,0,132,1157,0,0,13164,14552
281,balanced,13,sky_ruins,天空遺跡,68,86,7,1,0,99,100,0,167,166,1,0,5,80,80,12973,0,0,247,13741,128,1,164,82,0,0,257,0,0,0,11270,0
282,collector,1,meadow,はじまり草原,1,4,2,1,1,1,2,6,8,6,2,0,3,3,2,32,1,0,12,65,5,1,13,0,0,0,8,1,0,0,230,1155
282,collector,2,cave,こだま洞くつ,3,7,2,1,1,7,7,12,11,9,2,0,7,4,3,65,5,3,20,164,6,1,23,0,0,0,21,18,0,0,1413,2118
282,collector,3,brook,しずく湖畔,5,10,3,1,1,12,11,15,18,15,3,0,8,6,5,46,5,5,29,101,4,1,12,0,0,0,32,12,0,0,1896,2225
282,collector,4,volcano,ほむら火山,8,14,4,1,1,15,12,14,7,4,3,0,8,2,1,17,5,5,14,76,3,1,11,0,0,0,22,7,0,0,1176,3337
282,collector,5,tower,星晶の塔,12,20,5,1,1,14,15,18,14,12,2,0,7,4,3,19,5,5,23,139,4,1,15,0,0,0,33,30,0,0,1762,2259
282,collector,6,snowfield,霜降り雪原,16,25,4,1,1,18,19,26,25,24,1,0,6,8,7,132,5,5,38,263,6,1,33,0,0,0,45,97,1,0,1194,2931
282,collector,7,thunder_ruins,雷鳴遺跡,21,31,5,1,1,26,27,34,32,31,1,0,6,10,9,219,5,5,47,311,9,1,38,0,0,0,43,104,0,0,1549,5820
282,collector,8,prism_sanctuary,虹晶聖域,28,42,6,1,1,34,35,53,107,99,0,8,16,32,31,275,5,5,144,917,25,1,24,0,0,0,139,485,0,0,3073,5636
282,collector,9,poison_bog,毒霧の沼地,34,48,5,1,1,53,53,56,11,9,2,0,9,3,2,52,5,5,19,168,3,1,23,0,0,0,27,121,1,0,2976,11665
282,collector,10,machine_city,古代機械都市,39,57,6,1,1,56,57,62,27,26,1,0,9,8,7,193,5,5,40,626,6,1,60,1,0,0,50,278,0,0,6158,15029
282,collector,11,deep_sea_temple,深海神殿,46,66,6,1,1,62,62,92,160,152,1,7,14,50,49,3131,5,5,215,4790,17,1,238,38,0,0,209,1723,0,0,7933,12414
282,collector,12,demon_gate,魔界門,54,76,7,1,0,92,86,0,259,245,2,12,15,80,80,21705,0,0,339,27496,122,1,351,113,0,0,392,845,1,0,6553,0
282,collector,13,sky_ruins,天空遺跡,68,86,7,0,0,0,0,0,0,0,0,0,0,0,0,0,0,0,0,0,0,0,0,0,0,0,0,0,0,0,0,0
283,rush,1,meadow,はじまり草原,1,4,2,1,1,1,3,7,4,3,1,0,1,3,2,19,0,0,7,30,0,0,7,0,0,0,4,7,0,0,230,780
283,rush,2,cave,こだま洞くつ,3,7,2,1,1,7,7,14,27,27,0,0,0,26,25,134,0,0,53,187,0,0,7,0,0,0,51,39,0,0,780,753
283,rush,3,brook,しずく湖畔,5,10,3,1,1,14,14,15,3,2,1,0,1,1,0,6,0,0,4,12,0,0,6,0,0,0,2,0,0,0,753,1837
283,rush,4,volcano,ほむら火山,8,14,4,1,1,15,16,21,21,21,0,0,0,18,17,87,0,0,39,130,0,0,6,0,0,0,56,71,0,0,1837,979
283,rush,5,tower,星晶の塔,12,20,5,1,1,21,22,30,58,58,0,0,0,54,53,245,0,0,112,368,0,0,6,0,0,0,162,134,0,0,979,1974
283,rush,6,snowfield,霜降り雪原,16,25,4,1,1,30,31,37,39,39,0,0,0,36,35,178,0,0,75,241,0,0,7,0,0,0,107,160,0,0,1974,2033
283,rush,7,thunder_ruins,雷鳴遺跡,21,31,5,1,0,37,38,0,85,85,0,0,0,80,80,372,0,0,165,524,0,0,6,0,0,0,240,354,0,0,2033,0
283,rush,8,prism_sanctuary,虹晶聖域,28,42,6,0,0,0,0,0,0,0,0,0,0,0,0,0,0,0,0,0,0,0,0,0,0,0,0,0,0,0,0,0
283,rush,9,poison_bog,毒霧の沼地,34,48,5,0,0,0,0,0,0,0,0,0,0,0,0,0,0,0,0,0,0,0,0,0,0,0,0,0,0,0,0,0
283,rush,10,machine_city,古代機械都市,39,57,6,0,0,0,0,0,0,0,0,0,0,0,0,0,0,0,0,0,0,0,0,0,0,0,0,0,0,0,0,0
283,rush,11,deep_sea_temple,深海神殿,46,66,6,0,0,0,0,0,0,0,0,0,0,0,0,0,0,0,0,0,0,0,0,0,0,0,0,0,0,0,0,0
283,rush,12,demon_gate,魔界門,54,76,7,0,0,0,0,0,0,0,0,0,0,0,0,0,0,0,0,0,0,0,0,0,0,0,0,0,0,0,0,0
283,rush,13,sky_ruins,天空遺跡,68,86,7,0,0,0,0,0,0,0,0,0,0,0,0,0,0,0,0,0,0,0,0,0,0,0,0,0,0,0,0,0
284,balanced,1,meadow,はじまり草原,1,4,2,1,1,1,3,6,8,5,1,2,5,3,2,29,2,1,13,76,5,1,13,0,0,0,11,5,0,0,230,892
284,balanced,2,cave,こだま洞くつ,3,7,2,1,1,6,7,11,9,7,1,1,5,4,3,59,2,1,15,109,5,1,19,0,0,0,19,14,0,0,863,2299
284,balanced,3,brook,しずく湖畔,5,10,3,1,1,9,10,13,7,7,0,0,4,3,2,12,2,2,12,40,2,1,9,0,0,0,8,24,0,0,2338,1548
284,balanced,4,volcano,ほむら火山,8,14,4,1,1,13,14,16,8,7,1,0,5,3,2,14,2,2,13,43,1,1,6,0,0,0,8,28,0,0,1200,1262
284,balanced,5,tower,星晶の塔,12,20,5,1,1,16,18,27,44,42,1,1,8,20,19,139,2,2,66,284,3,1,26,0,0,0,69,117,0,0,978,3032
284,balanced,6,snowfield,霜降り雪原,16,25,4,1,1,27,27,28,4,3,1,0,5,1,0,35,2,2,7,72,2,1,35,0,0,0,11,0,0,0,2349,6407
284,balanced,7,thunder_ruins,雷鳴遺跡,21,31,5,1,1,28,29,36,33,32,1,0,5,15,14,300,2,2,50,401,6,1,37,0,0,0,51,186,0,0,4963,2985
284,balanced,8,prism_sanctuary,虹晶聖域,28,42,6,1,1,36,37,57,116,111,1,4,10,54,53,432,2,2,172,935,13,1,23,0,0,0,189,646,0,0,2312,7100
284,balanced,9,poison_bog,毒霧の沼地,34,48,5,1,1,57,57,58,5,4,1,0,6,1,0,8,2,2,8,39,0,0,8,0,0,0,8,0,0,0,5499,12147
284,balanced,10,machine_city,古代機械都市,39,57,6,1,1,58,56,63,32,31,1,0,4,14,13,173,2,2,48,299,0,0,27,0,0,0,49,454,0,0,9408,11947
284,balanced,11,deep_sea_temple,深海神殿,46,66,6,1,1,63,64,86,111,107,1,3,7,52,51,1664,2,2,165,2074,6,1,82,19,0,0,181,1339,0,0,9253,16992
284,balanced,12,demon_gate,魔界門,54,76,7,1,1,86,87,97,47,42,1,4,11,19,18,1715,2,2,68,1904,24,1,140,19,0,0,86,795,0,0,13159,14291
284,balanced,13,sky_ruins,天空遺跡,68,86,7,1,1,97,99,100,93,92,1,0,5,44,43,9343,2,2,139,9568,43,1,231,43,0,0,142,218,0,0,11068,38951
285,collector,1,meadow,はじまり草原,1,4,2,1,1,1,3,6,8,7,1,0,2,3,2,35,1,0,12,60,5,1,15,0,0,0,6,1,0,0,230,1144
285,collector,2,cave,こだま洞くつ,3,7,2,1,1,7,7,11,8,6,2,0,7,3,2,19,5,5,16,89,0,0,12,0,0,0,22,10,0,0,1222,2338
285,collector,3,brook,しずく湖畔,5,10,3,1,1,11,11,14,18,16,2,0,7,6,5,45,5,5,29,106,2,1,12,0,0,0,32,15,0,0,1236,1343
285,collector,4,volcano,ほむら火山,8,14,4,1,1,14,14,17,13,11,2,0,9,4,3,30,5,5,22,119,6,1,12,0,0,0,30,12,0,0,711,2611
285,collector,5,tower,星晶の塔,12,20,5,1,1,17,16,22,33,30,2,1,8,10,9,103,5,5,48,298,5,1,55,1,0,0,52,44,0,0,1380,2298
285,collector,6,snowfield,霜降り雪原,16,25,4,1,1,22,22,29,25,23,2,0,7,8,7,317,5,5,38,393,2,1,50,1,0,0,39,83,0,0,1215,4544
285,collector,7,thunder_ruins,雷鳴遺跡,21,31,5,1,1,29,30,33,17,15,2,0,8,5,4,99,5,5,27,164,1,1,56,1,0,0,32,67,0,0,2400,3726
285,collector,8,prism_sanctuary,虹晶聖域,28,42,6,1,1,33,34,55,122,113,1,8,15,37,36,189,5,5,164,3022,20,1,77,40,0,0,188,550,0,0,1968,5655
285,collector,9,poison_bog,毒霧の沼地,34,48,5,1,1,55,54,58,20,17,3,0,8,6,5,33,5,5,31,247,2,1,29,0,0,0,44,177,1,0,2986,9669
285,collector,10,machine_city,古代機械都市,39,57,6,1,1,58,55,67,87,74,1,12,18,24,23,326,5,5,116,1514,18,1,106,5,0,0,150,573,1,0,5104,9017
285,collector,11,deep_sea_temple,深海神殿,46,66,6,1,1,67,68,84,100,83,1,16,22,27,26,4101,5,5,132,5081,13,1,319,20,0,0,151,875,0,0,4760,17139
285,collector,12,demon_gate,魔界門,54,76,7,1,1,84,84,95,74,62,2,10,19,20,19,5306,5,5,99,14141,40,1,371,79,0,0,161,877,0,0,9048,22574
285,collector,13,sky_ruins,天空遺跡,68,86,7,1,0,95,96,0,46,31,3,12,15,10,9,3913,0,0,56,4883,9,1,400,17,0,1,70,337,0,0,11916,0
286,rush,1,meadow,はじまり草原,1,4,2,1,1,1,2,6,7,4,1,2,4,4,3,31,0,0,11,53,0,0,10,0,0,0,10,8,0,0,230,666
286,rush,2,cave,こだま洞くつ,3,7,2,1,1,6,7,12,14,14,0,0,2,13,12,76,0,0,27,105,0,0,7,0,0,0,25,24,0,0,666,1265
286,rush,3,brook,しずく湖畔,5,10,3,1,1,12,12,15,9,8,1,0,1,7,6,36,0,0,16,50,0,0,8,0,0,0,20,21,0,0,1265,1374
286,rush,4,volcano,ほむら火山,8,14,4,1,1,15,15,21,27,27,0,0,0,24,23,135,0,0,51,193,0,0,7,0,0,0,72,70,0,0,1374,955
286,rush,5,tower,星晶の塔,12,20,5,1,0,21,22,0,86,85,0,1,0,80,80,366,0,0,166,590,0,0,8,0,0,0,258,187,0,0,955,0
286,rush,6,snowfield,霜降り雪原,16,25,4,0,0,0,0,0,0,0,0,0,0,0,0,0,0,0,0,0,0,0,0,0,0,0,0,0,0,0,0,0
286,rush,7,thunder_ruins,雷鳴遺跡,21,31,5,0,0,0,0,0,0,0,0,0,0,0,0,0,0,0,0,0,0,0,0,0,0,0,0,0,0,0,0,0
286,rush,8,prism_sanctuary,虹晶聖域,28,42,6,0,0,0,0,0,0,0,0,0,0,0,0,0,0,0,0,0,0,0,0,0,0,0,0,0,0,0,0,0
286,rush,9,poison_bog,毒霧の沼地,34,48,5,0,0,0,0,0,0,0,0,0,0,0,0,0,0,0,0,0,0,0,0,0,0,0,0,0,0,0,0,0
286,rush,10,machine_city,古代機械都市,39,57,6,0,0,0,0,0,0,0,0,0,0,0,0,0,0,0,0,0,0,0,0,0,0,0,0,0,0,0,0,0
286,rush,11,deep_sea_temple,深海神殿,46,66,6,0,0,0,0,0,0,0,0,0,0,0,0,0,0,0,0,0,0,0,0,0,0,0,0,0,0,0,0,0
286,rush,12,demon_gate,魔界門,54,76,7,0,0,0,0,0,0,0,0,0,0,0,0,0,0,0,0,0,0,0,0,0,0,0,0,0,0,0,0,0
286,rush,13,sky_ruins,天空遺跡,68,86,7,0,0,0,0,0,0,0,0,0,0,0,0,0,0,0,0,0,0,0,0,0,0,0,0,0,0,0,0,0
287,balanced,1,meadow,はじまり草原,1,4,2,1,1,1,3,7,12,12,0,0,2,6,5,47,2,1,20,84,5,1,11,0,0,0,6,7,0,0,230,675
287,balanced,2,cave,こだま洞くつ,3,7,2,1,1,8,6,10,6,5,1,0,2,3,2,42,1,0,10,69,4,1,18,0,0,0,4,10,0,0,992,2269
287,balanced,3,brook,しずく湖畔,5,10,3,1,1,10,10,11,3,2,1,0,3,1,0,8,2,2,6,22,1,1,8,0,0,0,5,0,0,0,2823,3689
287,balanced,4,volcano,ほむら火山,8,14,4,1,1,11,12,19,26,25,1,0,4,12,11,68,2,2,40,139,7,1,7,0,0,0,42,75,0,0,2858,1228
287,balanced,5,tower,星晶の塔,12,20,5,1,1,19,20,27,39,38,1,0,4,18,17,79,2,2,59,184,3,1,10,0,0,0,60,100,0,0,952,3078
287,balanced,6,snowfield,霜降り雪原,16,25,4,1,1,27,27,32,24,23,1,0,3,11,10,133,2,2,37,208,5,1,25,0,0,0,39,120,0,0,2384,2395
287,balanced,7,thunder_ruins,雷鳴遺跡,21,31,5,1,1,32,33,39,35,34,1,0,3,16,15,274,2,2,53,363,5,1,28,0,0,0,51,139,0,0,1856,3669
287,balanced,8,prism_sanctuary,虹晶聖域,28,42,6,1,1,39,39,53,80,79,1,0,3,38,37,241,2,2,120,588,1,1,28,0,0,0,134,477,0,0,2842,7142
287,balanced,9,poison_bog,毒霧の沼地,34,48,5,1,1,53,54,56,11,10,1,0,3,4,3,28,2,2,17,62,2,1,9,0,0,0,17,141,0,0,5531,9522
287,balanced,10,machine_city,古代機械都市,39,57,6,1,1,56,57,69,66,65,1,0,8,31,30,237,2,2,99,402,6,1,21,0,0,0,103,670,0,0,7375,11929
287,balanced,11,deep_sea_temple,深海神殿,46,66,6,1,1,69,67,82,71,69,1,1,7,33,32,1601,2,2,106,2012,49,1,57,26,0,0,118,930,0,0,9239,16837
287,balanced,12,demon_gate,魔界門,54,76,7,1,1,82,81,93,51,50,1,0,5,23,22,1421,2,2,76,1765,34,1,65,26,0,0,86,1009,0,0,13039,14257
287,balanced,13,sky_ruins,天空遺跡,68,86,7,1,1,93,94,100,85,84,1,0,4,40,39,2698,2,2,127,2907,57,1,70,39,0,0,126,618,0,0,11042,37075
288,collector,1,meadow,はじまり草原,1,4,2,1,1,1,2,6,10,7,1,2,7,3,2,25,5,5,18,116,7,1,14,0,0,0,18,0,0,0,230,1148
288,collector,2,cave,こだま洞くつ,3,7,2,1,1,6,7,11,12,9,2,1,8,4,3,70,5,5,21,156,6,1,26,0,0,0,28,11,0,0,608,1708
288,collector,3,brook,しずく湖畔,5,10,3,1,1,11,10,13,15,12,3,0,8,5,4,46,5,5,25,105,3,1,16,0,0,0,30,6,0,0,904,1736
288,collector,4,volcano,ほむら火山,8,14,4,1,1,13,13,17,20,17,2,1,9,6,5,88,5,5,31,177,4,1,18,0,0,0,38,26,0,0,917,1644
288,collector,5,tower,星晶の塔,12,20,5,1,1,17,17,23,38,36,2,0,9,12,11,133,5,5,55,302,12,1,27,0,0,0,58,48,0,0,870,2252
288,collector,6,snowfield,霜降り雪原,16,25,4,1,1,23,24,28,13,11,2,0,8,4,3,134,5,5,22,215,5,1,46,0,0,0,28,56,0,0,1190,3417
288,collector,7,thunder_ruins,雷鳴遺跡,21,31,5,1,1,28,28,38,53,51,2,0,9,17,16,444,5,5,75,987,18,1,45,0,0,0,81,171,1,0,1805,4944
288,collector,8,prism_sanctuary,虹晶聖域,28,42,6,1,1,38,38,56,115,108,3,4,12,36,35,401,5,5,156,2719,25,1,103,30,0,0,169,538,0,0,2611,6470
288,collector,9,poison_bog,毒霧の沼地,34,48,5,1,1,56,49,57,38,36,2,0,4,12,11,78,0,0,50,168,2,1,11,0,0,0,29,299,1,0,3416,6571
288,collector,10,machine_city,古代機械都市,39,57,6,1,1,57,57,63,37,33,3,1,11,11,10,139,5,5,53,649,5,1,102,4,0,0,55,316,0,0,6571,10367
288,collector,11,deep_sea_temple,深海神殿,46,66,6,1,1,63,64,88,121,118,2,1,9,39,38,5571,5,5,165,8038,20,1,273,40,0,0,143,1363,0,0,5473,11213
288,collector,12,demon_gate,魔界門,54,76,7,1,1,88,86,87,18,9,1,8,19,2,1,356,5,5,25,1125,6,1,212,7,0,0,53,128,0,0,5918,20510
288,collector,13,sky_ruins,天空遺跡,68,86,7,1,1,87,88,90,9,5,2,2,12,1,0,5,5,5,15,85,0,0,10,0,0,0,28,0,0,0,10825,37777
289,rush,1,meadow,はじまり草原,1,4,2,1,1,1,3,8,14,13,0,1,1,12,11,63,0,0,26,94,0,0,8,0,0,0,12,10,0,0,230,679
289,rush,2,cave,こだま洞くつ,3,7,2,1,1,8,9,12,6,5,1,0,2,5,4,28,0,0,11,41,0,0,6,0,0,0,9,17,0,0,679,1467
289,rush,3,brook,しずく湖畔,5,10,3,1,1,12,12,15,10,9,1,0,1,8,7,43,0,0,18,57,0,0,7,0,0,0,23,24,0,0,1467,1349
289,rush,4,volcano,ほむら火山,8,14,4,1,1,15,15,16,4,4,0,0,0,1,0,6,0,0,5,12,0,0,6,0,0,0,2,0,0,0,1349,3116
289,rush,5,tower,星晶の塔,12,20,5,1,1,16,18,29,57,57,0,0,0,53,52,240,0,0,110,354,0,0,6,0,0,0,158,172,0,0,3116,1531
289,rush,6,snowfield,霜降り雪原,16,25,4,1,1,29,29,39,66,66,0,0,0,63,62,355,0,0,129,490,0,0,8,0,0,0,188,228,0,0,1531,2566
289,rush,7,thunder_ruins,雷鳴遺跡,21,31,5,1,1,39,40,43,19,19,0,0,0,15,14,83,0,0,34,112,0,0,7,0,0,0,44,101,0,0,2566,3888
289,rush,8,prism_sanctuary,虹晶聖域,28,42,6,1,0,43,44,0,94,86,0,8,0,80,80,313,0,0,174,619,0,0,7,0,0,0,296,524,0,0,3888,0
289,rush,9,poison_bog,毒霧の沼地,34,48,5,0,0,0,0,0,0,0,0,0,0,0,0,0,0,0,0,0,0,0,0,0,0,0,0,0,0,0,0,0
289,rush,10,machine_city,古代機械都市,39,57,6,0,0,0,0,0,0,0,0,0,0,0,0,0,0,0,0,0,0,0,0,0,0,0,0,0,0,0,0,0
289,rush,11,deep_sea_temple,深海神殿,46,66,6,0,0,0,0,0,0,0,0,0,0,0,0,0,0,0,0,0,0,0,0,0,0,0,0,0,0,0,0,0
289,rush,12,demon_gate,魔界門,54,76,7,0,0,0,0,0,0,0,0,0,0,0,0,0,0,0,0,0,0,0,0,0,0,0,0,0,0,0,0,0
289,rush,13,sky_ruins,天空遺跡,68,86,7,0,0,0,0,0,0,0,0,0,0,0,0,0,0,0,0,0,0,0,0,0,0,0,0,0,0,0,0,0
290,balanced,1,meadow,はじまり草原,1,4,2,1,1,1,3,6,10,5,1,4,5,3,2,28,2,1,15,79,5,1,13,0,0,0,12,4,0,0,230,906
290,balanced,2,cave,こだま洞くつ,3,7,2,1,1,6,7,11,6,5,1,0,3,3,2,28,2,2,11,66,3,1,13,0,0,0,13,15,0,0,876,2326
290,balanced,3,brook,しずく湖畔,5,10,3,1,1,11,12,14,5,4,1,0,3,2,1,12,2,2,9,36,1,1,9,0,0,0,10,18,0,0,1802,1613
290,balanced,4,volcano,ほむら火山,8,14,4,1,1,14,13,16,8,7,1,0,3,3,2,26,2,2,13,57,2,1,11,0,0,0,15,31,0,0,1250,1237
290,balanced,5,tower,星晶の塔,12,20,5,1,1,16,16,24,35,34,1,0,3,16,15,86,2,2,53,201,5,1,10,0,0,0,59,87,0,0,959,1841
290,balanced,6,snowfield,霜降り雪原,16,25,4,1,1,24,23,27,8,7,1,0,3,3,2,73,2,2,13,113,1,1,32,0,0,0,16,73,0,0,1427,3841
290,balanced,7,thunder_ruins,雷鳴遺跡,21,31,5,1,1,27,28,35,31,30,1,0,3,14,13,273,2,2,47,362,0,0,54,1,0,0,46,150,0,0,2976,3084
290,balanced,8,prism_sanctuary,虹晶聖域,28,42,6,1,1,35,36,56,114,113,1,0,3,55,54,387,2,2,171,863,0,0,18,0,0,0,179,676,0,0,2389,4990
290,balanced,9,poison_bog,毒霧の沼地,34,48,5,1,1,56,57,58,5,4,1,0,3,1,0,19,2,2,8,46,0,0,19,0,0,0,8,0,0,0,3865,12554
290,balanced,10,machine_city,古代機械都市,39,57,6,1,1,58,57,67,52,51,1,0,5,24,23,294,2,2,78,506,13,1,34,0,0,0,112,650,1,0,9723,7313
290,balanced,11,deep_sea_temple,深海神殿,46,66,6,1,0,67,68,0,171,166,0,5,11,80,80,3021,0,0,251,3782,23,1,84,37,0,0,289,2023,0,0,5664,0
290,balanced,12,demon_gate,魔界門,54,76,7,0,0,0,0,0,0,0,0,0,0,0,0,0,0,0,0,0,0,0,0,0,0,0,0,0,0,0,0,0
290,balanced,13,sky_ruins,天空遺跡,68,86,7,0,0,0,0,0,0,0,0,0,0,0,0,0,0,0,0,0,0,0,0,0,0,0,0,0,0,0,0,0
291,collector,1,meadow,はじまり草原,1,4,2,1,1,1,3,5,5,3,2,0,4,2,1,29,2,1,9,67,4,1,17,0,0,0,10,0,0,0,230,1263
291,collector,2,cave,こだま洞くつ,3,7,2,1,1,6,4,9,8,6,2,0,7,3,2,42,5,3,16,111,4,1,15,0,0,0,13,6,0,0,1370,3128
291,collector,3,brook,しずく湖畔,5,10,3,1,1,10,10,14,15,13,2,0,7,5,4,32,5,5,25,89,2,1,11,0,0,0,27,18,0,0,2369,1342
291,collector,4,volcano,ほむら火山,8,14,4,1,1,14,14,19,13,11,2,0,8,4,3,24,5,5,22,95,5,1,8,0,0,0,29,27,0,0,711,2799
291,collector,5,tower,星晶の塔,12,20,5,1,1,19,18,26,51,45,2,4,10,15,14,201,5,5,71,633,8,1,61,2,0,0,80,54,0,0,1479,3205
291,collector,6,snowfield,霜降り雪原,16,25,4,1,1,26,27,35,52,50,2,0,7,17,16,932,5,5,74,1048,17,1,97,10,0,0,65,142,0,0,1694,2967
291,collector,7,thunder_ruins,雷鳴遺跡,21,31,5,1,1,35,34,38,23,20,3,0,8,7,6,274,5,5,35,355,5,1,59,1,0,0,36,76,0,0,1568,5813
291,collector,8,prism_sanctuary,虹晶聖域,28,42,6,1,1,38,39,54,92,87,3,2,11,29,28,194,5,5,126,1550,21,1,42,0,0,0,135,443,0,0,3070,6559
291,collector,9,poison_bog,毒霧の沼地,34,48,5,1,1,54,54,55,5,2,3,0,10,1,0,9,5,5,11,65,0,0,9,0,0,0,20,0,0,0,3463,17161
291,collector,10,machine_city,古代機械都市,39,57,6,1,1,55,52,70,123,101,4,18,19,34,33,291,5,5,162,1078,28,1,56,1,0,0,151,804,1,0,9058,15073
291,collector,11,deep_sea_temple,深海神殿,46,66,6,1,1,70,70,87,94,91,2,1,10,30,29,1816,5,5,129,3028,29,1,131,36,0,0,131,1099,0,0,7957,11212
291,collector,12,demon_gate,魔界門,54,76,7,1,1,87,88,89,17,13,3,1,10,4,3,537,5,5,26,1682,11,1,135,16,0,0,47,264,0,0,5918,15539
291,collector,13,sky_ruins,天空遺跡,68,86,7,1,1,89,90,100,63,56,2,5,14,18,17,2685,5,5,86,2895,31,1,157,18,0,0,87,716,0,0,8202,34003
292,rush,1,meadow,はじまり草原,1,4,2,1,1,1,2,6,7,3,1,3,3,3,2,21,0,0,10,44,0,0,10,0,0,0,8,7,0,0,230,683
292,rush,2,cave,こだま洞くつ,3,7,2,1,1,6,6,11,11,10,1,0,1,10,9,78,0,0,21,117,0,0,10,0,0,0,32,21,0,0,683,1382
292,rush,3,brook,しずく湖畔,5,10,3,1,1,11,12,15,8,8,0,0,0,6,5,34,0,0,14,50,0,0,7,0,0,0,17,23,0,0,1382,1359
292,rush,4,volcano,ほむら火山,8,14,4,1,1,15,15,20,20,20,0,0,0,17,16,92,0,0,37,141,0,0,7,0,0,0,52,61,0,0,1359,1251
292,rush,5,tower,星晶の塔,12,20,5,1,0,20,21,0,85,85,0,0,0,80,80,373,0,0,165,606,0,0,7,0,0,0,250,186,0,0,1251,0
292,rush,6,snowfield,霜降り雪原,16,25,4,0,0,0,0,0,0,0,0,0,0,0,0,0,0,0,0,0,0,0,0,0,0,0,0,0,0,0,0,0
292,rush,7,thunder_ruins,雷鳴遺跡,21,31,5,0,0,0,0,0,0,0,0,0,0,0,0,0,0,0,0,0,0,0,0,0,0,0,0,0,0,0,0,0
292,rush,8,prism_sanctuary,虹晶聖域,28,42,6,0,0,0,0,0,0,0,0,0,0,0,0,0,0,0,0,0,0,0,0,0,0,0,0,0,0,0,0,0
292,rush,9,poison_bog,毒霧の沼地,34,48,5,0,0,0,0,0,0,0,0,0,0,0,0,0,0,0,0,0,0,0,0,0,0,0,0,0,0,0,0,0
292,rush,10,machine_city,古代機械都市,39,57,6,0,0,0,0,0,0,0,0,0,0,0,0,0,0,0,0,0,0,0,0,0,0,0,0,0,0,0,0,0
292,rush,11,deep_sea_temple,深海神殿,46,66,6,0,0,0,0,0,0,0,0,0,0,0,0,0,0,0,0,0,0,0,0,0,0,0,0,0,0,0,0,0
292,rush,12,demon_gate,魔界門,54,76,7,0,0,0,0,0,0,0,0,0,0,0,0,0,0,0,0,0,0,0,0,0,0,0,0,0,0,0,0,0
292,rush,13,sky_ruins,天空遺跡,68,86,7,0,0,0,0,0,0,0,0,0,0,0,0,0,0,0,0,0,0,0,0,0,0,0,0,0,0,0,0,0
293,balanced,1,meadow,はじまり草原,1,4,2,1,1,1,2,6,9,4,2,3,5,3,2,34,2,1,14,86,5,1,15,0,0,0,15,4,0,0,230,914
293,balanced,2,cave,こだま洞くつ,3,7,2,1,1,6,7,11,6,5,1,0,3,3,2,34,2,2,11,65,3,1,14,0,0,0,14,19,0,0,873,2273
293,balanced,3,brook,しずく湖畔,5,10,3,1,1,11,12,14,5,4,1,0,4,2,1,11,2,2,9,32,0,0,8,0,0,0,11,18,0,0,1761,1231
293,balanced,4,volcano,ほむら火山,8,14,4,1,1,14,13,15,8,7,1,0,3,3,2,38,2,2,13,73,4,1,17,0,0,0,15,31,0,0,954,1216
293,balanced,5,tower,星晶の塔,12,20,5,1,1,15,16,26,47,46,1,0,3,22,21,164,2,2,71,271,15,1,19,0,0,0,72,119,0,0,943,1857
293,balanced,6,snowfield,霜降り雪原,16,25,4,1,1,26,26,31,22,21,1,0,4,10,9,96,2,2,34,158,1,1,18,0,0,0,35,97,0,0,1439,4026
293,balanced,7,thunder_ruins,雷鳴遺跡,21,31,5,1,1,31,31,32,7,6,1,0,3,2,1,51,2,2,11,79,1,1,30,0,0,0,12,57,0,0,3118,3067
293,balanced,8,prism_sanctuary,虹晶聖域,28,42,6,1,1,32,32,54,119,112,0,7,13,54,53,288,2,2,175,816,16,1,30,0,0,0,216,636,0,0,2376,4933
293,balanced,9,poison_bog,毒霧の沼地,34,48,5,1,1,54,54,56,7,6,1,0,3,2,1,12,2,2,11,42,2,1,7,0,0,0,12,81,0,0,3821,11689
293,balanced,10,machine_city,古代機械都市,39,57,6,1,1,56,57,66,48,47,1,0,7,22,21,173,2,2,72,329,12,1,20,0,0,0,78,549,0,0,9053,7318
293,balanced,11,deep_sea_temple,深海神殿,46,66,6,1,1,66,66,88,106,106,0,0,8,51,50,1712,2,2,159,2211,82,1,67,24,0,0,181,1332,0,0,5668,14822
293,balanced,12,demon_gate,魔界門,54,76,7,1,1,88,89,98,40,38,1,1,5,17,16,1223,2,2,59,1713,28,1,75,22,0,0,74,779,0,0,11479,21099
293,balanced,13,sky_ruins,天空遺跡,68,86,7,1,1,98,94,100,53,52,1,0,6,24,23,1840,2,2,79,1975,43,1,82,23,0,0,78,726,0,0,16340,33639
294,collector,1,meadow,はじまり草原,1,4,2,1,1,1,2,5,6,3,2,1,5,2,1,20,2,1,10,58,4,1,12,0,0,0,12,0,0,0,230,1249
294,collector,2,cave,こだま洞くつ,3,7,2,1,1,6,6,10,8,8,0,0,6,3,2,49,5,3,16,144,3,1,24,0,0,0,12,6,0,0,1598,3152
294,collector,3,brook,しずく湖畔,5,10,3,1,1,11,11,14,12,10,2,0,8,4,3,31,5,5,21,88,1,1,10,0,0,0,26,22,0,0,2417,1363
294,collector,4,volcano,ほむら火山,8,14,4,1,1,14,12,17,16,14,2,0,8,5,4,33,5,5,26,185,1,1,21,0,0,0,33,27,0,0,721,2788
294,collector,5,tower,星晶の塔,12,20,5,1,1,17,17,26,57,54,2,1,9,18,17,261,5,5,80,543,9,1,35,0,0,0,79,80,0,0,1473,2291
294,collector,6,snowfield,霜降り雪原,16,25,4,1,1,26,27,33,34,31,3,0,8,11,10,515,5,5,50,630,10,1,90,3,0,0,47,100,0,0,1210,2912
294,collector,7,thunder_ruins,雷鳴遺跡,21,31,5,1,1,33,31,35,20,16,4,0,9,6,5,167,5,5,31,341,5,1,35,0,0,0,39,69,1,0,1539,5875
294,collector,8,prism_sanctuary,虹晶聖域,28,42,6,1,1,35,35,55,135,119,1,15,21,39,38,293,5,5,179,3763,40,1,118,26,0,0,244,587,0,0,3102,5622
294,collector,9,poison_bog,毒霧の沼地,34,48,5,1,1,55,55,56,5,1,4,0,10,1,0,6,5,5,11,59,0,0,8,0,0,0,20,0,0,0,2970,16201
294,collector,10,machine_city,古代機械都市,39,57,6,1,1,56,45,66,101,95,4,2,11,32,31,198,5,5,138,862,25,1,97,4,0,0,107,861,1,0,8551,15163
294,collector,11,deep_sea_temple,深海神殿,46,66,6,1,1,66,66,79,83,73,2,8,18,24,23,3761,5,5,112,6223,13,1,315,29,0,0,125,810,0,0,8003,11087
294,collector,12,demon_gate,魔界門,54,76,7,1,0,79,80,0,99,89,2,8,11,29,28,8771,0,0,128,20820,55,1,400,100,0,1,156,1286,0,0,5853,0
294,collector,13,sky_ruins,天空遺跡,68,86,7,0,0,0,0,0,0,0,0,0,0,0,0,0,0,0,0,0,0,0,0,0,0,0,0,0,0,0,0,0
295,rush,1,meadow,はじまり草原,1,4,2,1,1,1,2,5,4,2,1,1,2,2,1,16,0,0,6,28,0,0,8,0,0,0,4,3,0,0,230,917
295,rush,2,cave,こだま洞くつ,3,7,2,1,1,5,6,10,7,5,1,1,2,5,4,38,0,0,12,61,0,0,10,0,0,0,16,18,0,0,917,1413
295,rush,3,brook,しずく湖畔,5,10,3,1,1,10,11,14,5,5,0,0,0,3,2,17,0,0,8,27,0,0,7,0,0,0,7,26,0,0,1413,1151
295,rush,4,volcano,ほむら火山,8,14,4,1,1,14,14,19,18,18,0,0,0,15,14,83,0,0,33,118,0,0,7,0,0,0,44,45,0,0,1151,967
295,rush,5,tower,星晶の塔,12,20,5,1,1,19,20,30,63,63,0,0,0,59,58,294,0,0,122,432,0,0,8,0,0,0,177,155,0,0,967,1538
295,rush,6,snowfield,霜降り雪原,16,25,4,1,1,30,31,38,50,50,0,0,0,47,46,288,0,0,97,397,0,0,8,0,0,0,141,186,0,0,1538,2050
295,rush,7,thunder_ruins,雷鳴遺跡,21,31,5,1,1,38,39,49,82,82,0,0,0,78,77,451,0,0,160,574,0,0,7,0,0,0,233,349,0,0,2050,3826
295,rush,8,prism_sanctuary,虹晶聖域,28,42,6,1,0,49,50,0,86,86,0,0,0,80,80,363,0,0,166,618,0,0,7,0,0,0,261,547,0,0,3826,0
295,rush,9,poison_bog,毒霧の沼地,34,48,5,0,0,0,0,0,0,0,0,0,0,0,0,0,0,0,0,0,0,0,0,0,0,0,0,0,0,0,0,0
295,rush,10,machine_city,古代機械都市,39,57,6,0,0,0,0,0,0,0,0,0,0,0,0,0,0,0,0,0,0,0,0,0,0,0,0,0,0,0,0,0
295,rush,11,deep_sea_temple,深海神殿,46,66,6,0,0,0,0,0,0,0,0,0,0,0,0,0,0,0,0,0,0,0,0,0,0,0,0,0,0,0,0,0
295,rush,12,demon_gate,魔界門,54,76,7,0,0,0,0,0,0,0,0,0,0,0,0,0,0,0,0,0,0,0,0,0,0,0,0,0,0,0,0,0
295,rush,13,sky_ruins,天空遺跡,68,86,7,0,0,0,0,0,0,0,0,0,0,0,0,0,0,0,0,0,0,0,0,0,0,0,0,0,0,0,0,0
296,balanced,1,meadow,はじまり草原,1,4,2,1,1,1,3,6,4,3,1,0,2,2,1,16,1,0,7,35,1,1,11,0,0,0,4,3,0,0,230,1083
296,balanced,2,cave,こだま洞くつ,3,7,2,1,1,6,7,10,4,3,1,0,2,2,1,26,1,0,7,54,1,1,17,0,0,0,3,8,0,0,1161,3087
296,balanced,3,brook,しずく湖畔,5,10,3,1,1,10,8,13,11,10,1,0,3,5,4,24,2,2,18,57,2,1,8,0,0,0,14,38,1,0,3221,1659
296,balanced,4,volcano,ほむら火山,8,14,4,1,1,13,13,15,6,5,1,0,3,2,1,11,2,2,10,33,3,1,6,0,0,0,7,11,0,0,1285,1599
296,balanced,5,tower,星晶の塔,12,20,5,1,1,15,15,21,19,18,1,0,5,8,7,36,2,2,29,86,3,1,6,0,0,0,29,69,0,0,1240,3040
296,balanced,6,snowfield,霜降り雪原,16,25,4,1,1,21,22,32,36,36,0,0,6,17,16,107,2,2,55,200,14,1,9,0,0,0,58,165,0,0,2355,2480
296,balanced,7,thunder_ruins,雷鳴遺跡,21,31,5,1,1,32,32,34,11,10,1,0,7,4,3,23,2,2,17,69,4,1,7,0,0,0,19,61,0,0,1922,3166
296,balanced,8,prism_sanctuary,虹晶聖域,28,42,6,1,1,34,36,50,76,72,0,4,10,34,33,159,2,2,112,414,36,1,8,0,0,0,144,427,0,0,2453,7066
296,balanced,9,poison_bog,毒霧の沼地,34,48,5,1,1,50,51,51,5,4,1,0,3,1,0,6,2,2,8,27,0,0,6,0,0,0,8,0,0,0,5473,12693
296,balanced,10,machine_city,古代機械都市,39,57,6,1,1,51,53,59,30,27,1,2,8,12,11,65,2,2,44,159,11,1,7,0,0,0,48,377,0,0,9830,11958
296,balanced,11,deep_sea_temple,深海神殿,46,66,6,1,1,59,57,75,68,67,1,0,3,32,31,269,2,2,102,516,34,1,26,0,0,0,105,914,0,0,9262,17033
296,balanced,12,demon_gate,魔界門,54,76,7,1,1,75,76,95,69,66,1,2,6,31,30,3293,2,2,102,3544,7,1,149,23,0,0,116,1200,0,0,13192,14141
296,balanced,13,sky_ruins,天空遺跡,68,86,7,1,1,95,97,100,52,50,1,1,5,23,22,3526,2,2,77,3700,0,0,166,22,0,0,80,414,0,0,10952,36840
297,collector,1,meadow,はじまり草原,1,4,2,1,1,1,2,7,16,13,1,2,3,5,4,56,1,0,22,111,6,1,14,0,0,0,12,0,0,0,230,1332
297,collector,2,cave,こだま洞くつ,3,7,2,1,1,7,7,12,14,12,2,0,4,5,4,73,2,0,21,127,6,1,23,0,0,0,15,20,0,0,1410,1759
297,collector,3,brook,しずく湖畔,5,10,3,1,1,13,11,14,9,6,3,0,8,3,2,18,5,5,17,66,3,1,9,0,0,0,23,17,0,0,2287,2232
297,collector,4,volcano,ほむら火山,8,14,4,1,1,14,12,16,17,14,2,1,8,5,4,38,5,5,27,146,3,1,13,0,0,0,33,24,0,0,1181,2811
297,collector,5,tower,星晶の塔,12,20,5,1,1,16,16,21,35,30,2,3,13,10,9,51,5,5,50,294,5,1,29,0,0,0,62,35,0,0,1485,2266
297,collector,6,snowfield,霜降り雪原,16,25,4,1,1,21,23,28,23,20,2,1,8,7,6,179,5,5,35,287,5,1,33,0,0,0,39,90,0,0,1198,3008
297,collector,7,thunder_ruins,雷鳴遺跡,21,31,5,1,1,28,28,36,41,39,2,0,7,13,12,339,5,5,59,719,6,1,41,0,0,0,65,122,1,0,1590,5827
297,collector,8,prism_sanctuary,虹晶聖域,28,42,6,1,1,36,36,52,96,89,1,6,12,29,28,192,5,5,130,2727,22,1,105,30,0,0,155,435,0,0,3077,5643
297,collector,9,poison_bog,毒霧の沼地,34,48,5,1,1,52,52,59,41,37,4,0,10,13,12,100,5,5,59,266,8,1,14,0,0,0,63,314,1,0,2980,11571
297,collector,10,machine_city,古代機械都市,39,57,6,1,1,59,59,71,70,66,3,1,10,22,21,222,5,5,97,830,13,1,114,4,0,0,90,599,0,0,6109,15132
297,collector,11,deep_sea_temple,深海神殿,46,66,6,1,1,71,71,84,70,67,2,1,10,22,21,2976,5,5,97,5461,16,1,202,35,0,0,99,815,0,0,7987,12195
297,collector,12,demon_gate,魔界門,54,76,7,1,1,84,84,85,11,4,3,4,15,1,0,205,5,5,17,365,2,1,205,2,0,0,39,0,0,0,6438,21434
297,collector,13,sky_ruins,天空遺跡,68,86,7,1,1,85,80,100,80,73,3,4,13,24,23,6801,5,5,109,7052,26,1,349,24,0,0,105,1344,0,0,11314,21360
298,rush,1,meadow,はじまり草原,1,4,2,1,1,1,2,6,6,2,2,2,4,3,2,30,0,0,9,47,0,0,12,0,0,0,10,8,0,0,230,659
298,rush,2,cave,こだま洞くつ,3,7,2,1,1,6,7,11,10,10,0,0,0,9,8,66,0,0,19,88,0,0,9,0,0,0,27,17,0,0,659,1676
298,rush,3,brook,しずく湖畔,5,10,3,1,1,11,12,14,5,5,0,0,0,3,2,13,0,0,8,22,0,0,5,0,0,0,6,25,0,0,1676,1192
298,rush,4,volcano,ほむら火山,8,14,4,1,1,14,15,23,51,51,0,0,0,48,47,224,0,0,99,362,0,0,6,0,0,0,154,96,0,0,1192,1287
298,rush,5,tower,星晶の塔,12,20,5,1,0,23,24,0,85,85,0,0,0,80,80,333,0,0,165,547,0,0,6,0,0,0,256,181,0,0,1287,0
298,rush,6,snowfield,霜降り雪原,16,25,4,0,0,0,0,0,0,0,0,0,0,0,0,0,0,0,0,0,0,0,0,0,0,0,0,0,0,0,0,0
298,rush,7,thunder_ruins,雷鳴遺跡,21,31,5,0,0,0,0,0,0,0,0,0,0,0,0,0,0,0,0,0,0,0,0,0,0,0,0,0,0,0,0,0
298,rush,8,prism_sanctuary,虹晶聖域,28,42,6,0,0,0,0,0,0,0,0,0,0,0,0,0,0,0,0,0,0,0,0,0,0,0,0,0,0,0,0,0
298,rush,9,poison_bog,毒霧の沼地,34,48,5,0,0,0,0,0,0,0,0,0,0,0,0,0,0,0,0,0,0,0,0,0,0,0,0,0,0,0,0,0
298,rush,10,machine_city,古代機械都市,39,57,6,0,0,0,0,0,0,0,0,0,0,0,0,0,0,0,0,0,0,0,0,0,0,0,0,0,0,0,0,0
298,rush,11,deep_sea_temple,深海神殿,46,66,6,0,0,0,0,0,0,0,0,0,0,0,0,0,0,0,0,0,0,0,0,0,0,0,0,0,0,0,0,0
298,rush,12,demon_gate,魔界門,54,76,7,0,0,0,0,0,0,0,0,0,0,0,0,0,0,0,0,0,0,0,0,0,0,0,0,0,0,0,0,0
298,rush,13,sky_ruins,天空遺跡,68,86,7,0,0,0,0,0,0,0,0,0,0,0,0,0,0,0,0,0,0,0,0,0,0,0,0,0,0,0,0,0
299,balanced,1,meadow,はじまり草原,1,4,2,1,1,1,3,7,8,7,1,0,2,4,3,42,1,0,13,71,8,1,15,0,0,0,8,8,0,0,230,748
299,balanced,2,cave,こだま洞くつ,3,7,2,1,1,8,9,13,8,7,1,0,3,4,3,39,2,2,14,75,5,1,12,0,0,0,16,35,0,0,1026,1180
299,balanced,3,brook,しずく湖畔,5,10,3,1,1,13,13,15,9,8,1,0,4,4,3,21,2,2,15,49,1,1,10,0,0,0,16,12,0,0,915,1183
299,balanced,4,volcano,ほむら火山,8,14,4,1,1,15,14,17,12,9,1,2,6,4,3,42,2,2,18,90,4,1,15,0,0,0,25,26,0,0,917,2106
299,balanced,5,tower,星晶の塔,12,20,5,1,1,17,18,26,44,41,0,3,6,19,18,91,2,2,65,207,4,1,10,0,0,0,73,101,0,0,1632,1836
299,balanced,6,snowfield,霜降り雪原,16,25,4,1,1,26,27,31,17,15,1,1,6,7,6,111,2,2,26,166,0,0,35,0,0,0,34,74,0,0,1423,3607
299,balanced,7,thunder_ruins,雷鳴遺跡,21,31,5,1,1,31,30,37,39,38,1,0,3,18,17,127,2,2,59,208,2,1,17,0,0,0,60,172,0,0,2794,3085
299,balanced,8,prism_sanctuary,虹晶聖域,28,42,6,1,1,37,38,56,134,117,1,16,19,57,56,298,2,2,193,853,15,1,36,0,0,0,248,681,0,0,2390,4950
299,balanced,9,poison_bog,毒霧の沼地,34,48,5,1,1,56,56,59,9,8,1,0,3,3,2,31,2,2,14,64,0,0,18,0,0,0,14,168,0,0,3834,8061
299,balanced,10,machine_city,古代機械都市,39,57,6,1,1,59,59,65,32,31,1,0,3,14,13,148,2,2,48,219,3,1,26,0,0,0,47,357,0,0,6243,7390
299,balanced,11,deep_sea_temple,深海神殿,46,66,6,1,1,65,66,95,154,153,1,0,3,75,74,3112,2,2,231,3502,15,1,96,39,0,0,233,1925,0,0,5724,14804
299,balanced,12,demon_gate,魔界門,54,76,7,1,1,95,96,100,37,32,1,4,8,14,13,2003,2,2,53,2138,11,1,164,13,0,0,60,416,0,0,11465,29941
299,balanced,13,sky_ruins,天空遺跡,68,86,7,1,0,100,100,0,170,166,1,3,4,80,80,7186,0,0,250,7628,1,1,91,80,0,0,254,0,0,0,23188,0
300,collector,1,meadow,はじまり草原,1,4,2,1,1,1,2,7,14,12,2,0,5,5,4,72,3,0,22,134,10,1,21,0,0,0,14,0,0,0,230,1308
300,collector,2,cave,こだま洞くつ,3,7,2,1,1,9,9,11,5,3,2,0,7,2,1,39,5,5,12,98,3,1,24,0,0,0,20,7,0,0,3432,3282
300,collector,3,brook,しずく湖畔,5,10,3,1,1,11,11,15,18,17,1,0,7,6,5,57,5,5,29,129,2,1,13,0,0,0,32,14,0,0,1734,2223
300,collector,4,volcano,ほむら火山,8,14,4,1,1,15,13,19,31,30,1,0,7,10,9,214,5,5,46,321,10,1,25,0,0,0,46,25,0,0,1175,2836
300,collector,5,tower,星晶の塔,12,20,5,1,1,19,20,26,41,39,2,0,9,13,12,170,5,5,59,379,4,1,65,1,0,0,59,61,0,0,1498,2678
300,collector,6,snowfield,霜降り雪原,16,25,4,1,1,26,24,31,40,38,2,0,9,13,12,1039,5,5,58,1151,18,1,101,12,0,0,55,108,0,0,1415,3048
300,collector,7,thunder_ruins,雷鳴遺跡,21,31,5,1,1,31,31,38,40,35,3,2,12,12,11,872,5,5,57,1023,9,1,114,12,0,0,55,110,1,0,1611,5844
300,collector,8,prism_sanctuary,虹晶聖域,28,42,6,1,1,38,38,50,81,73,2,6,15,24,23,210,5,5,110,1778,10,1,81,19,0,0,121,361,0,0,3086,5497
300,collector,9,poison_bog,毒霧の沼地,34,48,5,1,1,50,50,52,11,8,3,0,9,3,2,20,5,5,19,160,0,0,81,1,0,0,25,113,0,0,2904,11778
300,collector,10,machine_city,古代機械都市,39,57,6,1,1,52,53,69,88,84,3,1,9,28,27,288,5,5,121,2554,17,1,106,22,0,0,108,740,0,0,6218,15215
300,collector,11,deep_sea_temple,深海神殿,46,66,6,1,1,69,69,84,78,76,2,0,10,25,24,1538,5,5,108,2642,15,1,200,21,0,0,110,931,1,0,8031,11028
300,collector,12,demon_gate,魔界門,54,76,7,1,1,84,86,90,17,15,1,1,11,4,3,839,5,5,26,1288,6,1,214,7,0,0,40,292,0,0,5822,15611
300,collector,13,sky_ruins,天空遺跡,68,86,7,1,0,90,88,0,34,28,3,3,8,9,8,3245,0,0,43,3881,14,1,400,12,0,1,39,515,0,0,8241,0
